"Interaction_name","Signal","Ligand","Receptor","Complex1","Complex2","Agonist","Antagonist","CoAreceptor","CoIreceptor","Evidence","Interaction_type"
"ABA_AT5G46790","ABA","ABA","AT5G46790","","","","","","","PMID:19407142","Signaling molecule"
"ABA_AT5G46790&AT4G18620","ABA","ABA","AT5G46790","","","","","","AT4G18620","PMID:24189045","Signaling molecule"
"ABA_AT5G46790_AT1G72770","ABA","ABA","AT5G46790","AT1G72770","","","","","","PMID:19407142","Signaling molecule"
"ABA_AT5G46790_AT3G11410","ABA","ABA","AT5G46790","AT3G11410","","","","","","PMID:19407142","Signaling molecule"
"ABA_AT5G46790_AT4G26080","ABA","ABA","AT5G46790","AT4G26080","","","","","","PMID:20729862","Signaling molecule"
"ABA_AT5G46790_AT5G57050","ABA","ABA","AT5G46790","AT5G57050","","","","","","PMID:20729862","Signaling molecule"
"ABA_AT2G38310","ABA","ABA","AT2G38310","","","","","","","PMID:20729862","Signaling molecule"
"ABA_AT2G38310_AT4G26080","ABA","ABA","AT2G38310","AT4G26080","","","","","","PMID:20729862","Signaling molecule"
"ABA_AT2G38310_AT5G57050","ABA","ABA","AT2G38310","AT5G57050","","","","","","PMID:20729862","Signaling molecule"
"ABA_AT2G38310_AT1G72770","ABA","ABA","AT2G38310","AT1G72770","","","","","","PMID:20729862","Signaling molecule"
"ABA_AT2G38310_AT3G11410","ABA","ABA","AT2G38310","AT3G11410","","","","","","PMID:32612234","Signaling molecule"
"ABA_AT2G38310_AT5G59220","ABA","ABA","AT2G38310","AT5G59220","","","","","","PMID:24823379","Signaling molecule"
"ABA_AT2G38310_AT1G07430","ABA","ABA","AT2G38310","AT1G07430","","","","","","PMID:32612234","Signaling molecule"
"ABA_AT2G38310_AT2G29380","ABA","ABA","AT2G38310","AT2G29380","","","","","","PMID:32612234","Signaling molecule"
"ABA_AT5G05440","ABA","ABA","AT5G05440","","","","","","","PMID:20729862","Signaling molecule"
"ABA_AT5G05440_AT4G26080","ABA","ABA","AT5G05440","AT4G26080","","","","","","PMID:20729862","Signaling molecule"
"ABA_AT5G05440_AT5G57050","ABA","ABA","AT5G05440","AT5G57050","","","","","","PMID:20729862","Signaling molecule"
"ABA_AT5G05440_AT1G72770","ABA","ABA","AT5G05440","AT1G72770","","","","","","PMID:20729862","Signaling molecule"
"ABA_AT5G05440_AT3G11410","ABA","ABA","AT5G05440","AT3G11410","","","","","","PMID:19407142","Signaling molecule"
"ABA_AT5G05440_AT1G07430","ABA","ABA","AT5G05440","AT1G07430","","","","","","PMID:22829320","Signaling molecule"
"ABA_AT5G05440_AT2G29380","ABA","ABA","AT5G05440","AT2G29380","","","","","","PMID:22829320","Signaling molecule"
"ABA_AT5G05440_AT5G59220","ABA","ABA","AT5G05440","AT5G59220","","","","","","PMID:22829320","Signaling molecule"
"ABA_AT5G05440_AT1G17550","ABA","ABA","AT5G05440","AT1G17550","","","","","","PMID:32612234","Signaling molecule"
"ABA_AT2G40330","ABA","ABA","AT2G40330","","","","","","","PMID:20729862","Signaling molecule"
"ABA_AT2G40330_AT4G26080","ABA","ABA","AT2G40330","AT4G26080","","","","","","PMID:20729862","Signaling molecule"
"ABA_AT2G40330_AT5G57050","ABA","ABA","AT2G40330","AT5G57050","","","","","","PMID:20729862","Signaling molecule"
"ABA_AT2G40330_AT1G72770","ABA","ABA","AT2G40330","AT1G72770","","","","","","PMID:20729862","Signaling molecule"
"ABA_AT2G40330_AT3G11410","ABA","ABA","AT2G40330","AT3G11410","","","","","","PMID:19407142","Signaling molecule"
"ABA_AT2G40330_AT1G17550","ABA","ABA","AT2G40330","AT1G17550","","","","","","PMID:32612234","Signaling molecule"
"ABA_AT2G40330_AT1G07430","ABA","ABA","AT2G40330","AT1G07430","","","","","","PMID:32612234","Signaling molecule"
"ABA_AT2G40330_AT2G29380","ABA","ABA","AT2G40330","AT2G29380","","","","","","PMID:32612234","Signaling molecule"
"ABA_AT4G01026","ABA","ABA","AT4G01026","","","","","","","PMID:32612234","Signaling molecule"
"ABA_AT4G01026_AT4G26080","ABA","ABA","AT4G01026","AT4G26080","","","","","","PMID:32612234","Signaling molecule"
"ABA_AT4G01026_AT1G72770","ABA","ABA","AT4G01026","AT1G72770","","","","","","PMID:19407142","Signaling molecule"
"ABA_AT4G01026_AT3G11410","ABA","ABA","AT4G01026","AT3G11410","","","","","","PMID:22935148","Signaling molecule"
"ABA_AT4G01026_AT1G07430","ABA","ABA","AT4G01026","AT1G07430","","","","","","PMID:22829320","Signaling molecule"
"ABA_AT4G01026_AT2G29380","ABA","ABA","AT4G01026","AT2G29380","","","","","","PMID:22829320","Signaling molecule"
"ABA_AT4G01026_AT1G17550","ABA","ABA","AT4G01026","AT1G17550","","","","","","PMID:32612234","Signaling molecule"
"ABA_AT5G53160","ABA","ABA","AT5G53160","","","","","","","PMID:23370718","Signaling molecule"
"ABA_AT5G53160_AT4G26080","ABA","ABA","AT5G53160","AT4G26080","","","","","","PMID:23370718","Signaling molecule"
"ABA_AT5G53160_AT5G57050","ABA","ABA","AT5G53160","AT5G57050","","","","","","PMID:23370718","Signaling molecule"
"ABA_AT5G53160_AT1G72770","ABA","ABA","AT5G53160","AT1G72770","","","","","","PMID:23370718","Signaling molecule"
"ABA_AT5G53160_AT1G17550","ABA","ABA","AT5G53160","AT1G17550","","","","","","PMID:23370718","Signaling molecule"
"ABA_AT5G53160_AT3G11410","ABA","ABA","AT5G53160","AT3G11410","","","","","","PMID:23370718","Signaling molecule"
"ABA_AT5G53160_AT5G59220","ABA","ABA","AT5G53160","AT5G59220","","","","","","PMID:32612234","Signaling molecule"
"ABA_AT5G53160_AT1G07430","ABA","ABA","AT5G53160","AT1G07430","","","","","","PMID:22829320","Signaling molecule"
"ABA_AT5G53160_AT2G29380","ABA","ABA","AT5G53160","AT2G29380","","","","","","PMID:22829320","Signaling molecule"
"ABA_AT4G17870","ABA","ABA","AT4G17870","","","","","","","PMID:23864556","Signaling molecule"
"ABA_AT4G17870_AT1G07430","ABA","ABA","AT4G17870","AT1G07430","","","","","","PMID:23864556","Signaling molecule"
"ABA_AT4G17870_AT5G59220","ABA","ABA","AT4G17870","AT5G59220","","","","","","PMID:24189045","Signaling molecule"
"BR_AT4G39400","BR","BR","AT4G39400","","","","","","","PMID:12150929","Signaling molecule"
"BR_AT4G39400_AT4G33430#AT4G18710","BR","BR","AT4G39400","AT4G33430","","","AT4G18710","","","PMID:12150929","Signaling molecule"
"BR_AT4G39400_AT4G33430#AT5G42750","BR","BR","AT4G39400","AT4G33430","","","AT5G42750","","","PMID:16857903","Signaling molecule"
"BR_AT4G39400_AT4G33430#AT2G39660","BR","BR","AT4G39400","AT4G33430","","AT2G39660","","","","PMID:23818580","Signaling molecule"
"BR_AT4G39400_AT4G33430#AT5G19280","BR","BR","AT4G39400","AT4G33430","","","AT5G19280","","","PMID:17302430","Signaling molecule"
"BR_AT4G39400_AT4G33430#AT1G71030","BR","BR","AT4G39400","AT4G33430","","","AT1G71030","","","PMID:23169658","Signaling molecule"
"BR_AT4G39400_AT4G33430#AT3G09070","BR","BR","AT4G39400","AT4G33430","","AT3G09070","","","","PMID:26387715","Signaling molecule"
"Ca2+_AT3G51800","Ca2+","Ca2+","AT3G51800","","","","","","","PMID:27684709","Signaling molecule"
"Ca2+_AT3G51800_AT5G17330","Ca2+","Ca2+","AT3G51800","AT5G17330","","","","","","PMID:19580813","Signaling molecule"
"Ca2+_AT3G51800_AT1G66410","Ca2+","Ca2+","AT3G51800","AT1G66410","","","","","","PMID:27684709","Signaling molecule"
"Ca2+_AT2G41110","Ca2+","Ca2+","AT2G41110","","","","","","","PMID:21798944","Signaling molecule"
"Ca2+_AT3G56800","Ca2+","Ca2+","AT3G56800","","","","","","","PMID:22737156","Signaling molecule"
"Ca2+_AT1G66410","Ca2+","Ca2+","AT1G66410","","","","","","","PMID:22737156","Signaling molecule"
"Ca2+_AT5G21274","Ca2+","Ca2+","AT5G21274","","","","","","","PMID:17360592","Signaling molecule"
"Ca2+_AT3G43810","Ca2+","Ca2+","AT3G43810","","","","","","","PMID:17360592","Signaling molecule"
"Ca2+_AT3G43810_AT5G57110","Ca2+","Ca2+","AT3G43810","AT5G57110","","","","","","PMID:23086147","Signaling molecule"
"Ca2+_AT4G14640","Ca2+","Ca2+","AT4G14640","","","","","","","PMID:17360592","Signaling molecule"
"Ca2+_AT3G10660","Ca2+","Ca2+","AT3G10660","","","","","","","PMID:24280384","Signaling molecule"
"Ca2+_AT4G23650","Ca2+","Ca2+","AT4G23650","","","","","","","PMID:22789293","Signaling molecule"
"Ca2+_AT4G09570","Ca2+","Ca2+","AT4G09570","","","","","","","PMID:17921317","Signaling molecule"
"Ca2+_AT4G35310","Ca2+","Ca2+","AT4G35310","","","","","","","PMID:23609608","Signaling molecule"
"Ca2+_AT2G17290","Ca2+","Ca2+","AT2G17290","","","","","","","PMID:20385816","Signaling molecule"
"Ca2+_AT5G12480","Ca2+","Ca2+","AT5G12480","","","","","","","PMID:24833385","Signaling molecule"
"Ca2+_AT5G19450","Ca2+","Ca2+","AT5G19450","","","","","","","PMID:25966761","Signaling molecule"
"Ca2+_AT1G18890","Ca2+","Ca2+","AT1G18890","","","","","","","PMID:20805328","Signaling molecule"
"Ca2+_AT3G51850","Ca2+","Ca2+","AT3G51850","","","","","","","PMID:25037208","Signaling molecule"
"Ca2+_AT4G21940","Ca2+","Ca2+","AT4G21940","","","","","","","PMID:24833385","Signaling molecule"
"Ca2+_AT2G17890","Ca2+","Ca2+","AT2G17890","","","","","","","PMID:23943848","Signaling molecule"
"Ca2+_AT1G61950","Ca2+","Ca2+","AT1G61950","","","","","","","KEGG:ath04626","Signaling molecule"
"Ca2+_AT4G04720","Ca2+","Ca2+","AT4G04720","","","","","","","PMID:23630285","Signaling molecule"
"Ca2+_AT4G04740","Ca2+","Ca2+","AT4G04740","","","","","","","PMID:20385816","Signaling molecule"
"Ca2+_AT2G35890","Ca2+","Ca2+","AT2G35890","","","","","","","KEGG:ath04626","Signaling molecule"
"Ca2+_AT4G38230","Ca2+","Ca2+","AT4G38230","","","","","","","PMID:21798944","Signaling molecule"
"Ca2+_AT5G66210","Ca2+","Ca2+","AT5G66210","","","","","","","PMID:25525792","Signaling molecule"
"Ca2+_AT1G76040","Ca2+","Ca2+","AT1G76040","","","","","","","KEGG:ath04626","Signaling molecule"
"Ca2+_AT3G57530","Ca2+","Ca2+","AT3G57530","","","","","","","PMID:16299177","Signaling molecule"
"Ca2+_AT1G50700","Ca2+","Ca2+","AT1G50700","","","","","","","PMID:25661797","Signaling molecule"
"Ca2+_AT3G07490","Ca2+","Ca2+","AT3G07490","","","","","","","KEGG:ath04626","Signaling molecule"
"Ca2+_AT2G43290","Ca2+","Ca2+","AT2G43290","","","","","","","KEGG:ath04626","Signaling molecule"
"Ca2+_AT1G05990","Ca2+","Ca2+","AT1G05990","","","","","","","KEGG:ath04626","Signaling molecule"
"Ca2+_AT2G41090","Ca2+","Ca2+","AT2G41090","","","","","","","PMID:26315131","Signaling molecule"
"Ca2+_AT3G22930","Ca2+","Ca2+","AT3G22930","","","","","","","PMID:19095804","Signaling molecule"
"Ca2+_AT2G41100","Ca2+","Ca2+","AT2G41100","","","","","","","PMID:21798944","Signaling molecule"
"Ca2+_AT1G12310","Ca2+","Ca2+","AT1G12310","","","","","","","PMID:36660928","Signaling molecule"
"Ca2+_AT1G62820","Ca2+","Ca2+","AT1G62820","","","","","","","KEGG:ath04626","Signaling molecule"
"Ca2+_AT3G25600","Ca2+","Ca2+","AT3G25600","","","","","","","KEGG:ath04626","Signaling molecule"
"Ca2+_AT4G37010","Ca2+","Ca2+","AT4G37010","","","","","","","KEGG:ath04626","Signaling molecule"
"Ca2+_AT3G50360","Ca2+","Ca2+","AT3G50360","","","","","","","PMID:19843313","Signaling molecule"
"Ca2+_AT4G26470","Ca2+","Ca2+","AT4G26470","","","","","","","KEGG:ath04626","Signaling molecule"
"Ca2+_AT3G24110","Ca2+","Ca2+","AT3G24110","","","","","","","KEGG:ath04626","Signaling molecule"
"Ca2+_AT5G37770","Ca2+","Ca2+","AT5G37770","","","","","","","PMID:23039100","Signaling molecule"
"Ca2+_AT1G24620","Ca2+","Ca2+","AT1G24620","","","","","","","KEGG:ath04626","Signaling molecule"
"Ca2+_AT1G73630","Ca2+","Ca2+","AT1G73630","","","","","","","KEGG:ath04626","Signaling molecule"
"Ca2+_AT1G18210","Ca2+","Ca2+","AT1G18210","","","","","","","PMID:23435172","Signaling molecule"
"Ca2+_AT2G15680","Ca2+","Ca2+","AT2G15680","","","","","","","KEGG:ath04626","Signaling molecule"
"Ca2+_AT2G41410","Ca2+","Ca2+","AT2G41410","","","","","","","PMID:19000166","Signaling molecule"
"Ca2+_AT3G10190","Ca2+","Ca2+","AT3G10190","","","","","","","KEGG:ath04626","Signaling molecule"
"Ca2+_AT5G42380","Ca2+","Ca2+","AT5G42380","","","","","","","PMID:19095804","Signaling molecule"
"Ca2+_AT1G76650","Ca2+","Ca2+","AT1G76650","","","","","","","PMID:26315018","Signaling molecule"
"Ca2+_AT3G50770","Ca2+","Ca2+","AT3G50770","","","","","","","PMID:21798944","Signaling molecule"
"Ca2+_AT1G21550","Ca2+","Ca2+","AT1G21550","","","","","","","KEGG:ath04626","Signaling molecule"
"Ca2+_AT3G47480","Ca2+","Ca2+","AT3G47480","","","","","","","KEGG:ath04626","Signaling molecule"
"Ca2+_AT2G27480","Ca2+","Ca2+","AT2G27480","","","","","","","KEGG:ath04626","Signaling molecule"
"Ca2+_AT3G10300","Ca2+","Ca2+","AT3G10300","","","","","","","KEGG:ath04626","Signaling molecule"
"Ca2+_AT3G57050_AT3G17510#AT3G03950","Ca2+","Ca2+","AT3G57050","AT3G17510","","AT3G03950","","","","PMID:16113215","Signaling molecule"
"Ca2+_AT3G57050_AT3G17510#AT3G13460","Ca2+","Ca2+","AT3G57050","AT3G17510","","AT3G13460","","","","PMID:16113215","Signaling molecule"
"Ca2+_AT4G17615_AT3G17510","Ca2+","Ca2+","AT4G17615","AT3G17510","","","","","","PMID:17092313","Signaling molecule"
"Ca2+_AT4G17615_AT3G23000","Ca2+","Ca2+","AT4G17615","AT3G23000","","","","","","PMID:21600398","Signaling molecule"
"Ca2+_AT4G17615_AT1G30270","Ca2+","Ca2+","AT4G17615","AT1G30270","","","","","","PMID:21685179","Signaling molecule"
"Ca2+_AT4G17615_AT4G30960","Ca2+","Ca2+","AT4G17615","AT4G30960","","","","","","PMID:11230129","Signaling molecule"
"Ca2+_AT5G55990_AT2G30360","Ca2+","Ca2+","AT5G55990","AT2G30360","","","","","","PMID:23109687","Signaling molecule"
"Ca2+_AT5G55990_AT3G17510","Ca2+","Ca2+","AT5G55990","AT3G17510","","","","","","PMID:11230129","Signaling molecule"
"Ca2+_AT5G55990_AT4G14580","Ca2+","Ca2+","AT5G55990","AT4G14580","","","","","","PMID:11230129","Signaling molecule"
"Ca2+_AT5G55990_AT3G23000","Ca2+","Ca2+","AT5G55990","AT3G23000","","","","","","PMID:11230129","Signaling molecule"
"Ca2+_AT5G55990_AT4G18700","Ca2+","Ca2+","AT5G55990","AT4G18700","","","","","","PMID:11230129","Signaling molecule"
"Ca2+_AT5G55990_AT2G34180","Ca2+","Ca2+","AT5G55990","AT2G34180","","","","","","PMID:11230129","Signaling molecule"
"Ca2+_AT5G55990_AT4G30960","Ca2+","Ca2+","AT5G55990","AT4G30960","","","","","","PMID:11230129","Signaling molecule"
"Ca2+_AT5G55990_AT1G01140","Ca2+","Ca2+","AT5G55990","AT1G01140","","","","","","PMID:11230129","Signaling molecule"
"Ca2+_AT5G24270_AT5G35410","Ca2+","Ca2+","AT5G24270","AT5G35410","","","","","","PMID:11115898","Signaling molecule"
"Ca2+_AT4G26560","Ca2+","Ca2+","AT4G26560","","","","","","","PMID:21596690","Signaling molecule"
"Ca2+_AT1G64480","Ca2+","Ca2+","AT1G64480","","","","","","","PMID:23109687","Signaling molecule"
"Ca2+_AT5G53130","Ca2+","Ca2+","AT5G53130","","","","","","","PMID:22737156","Signaling molecule"
"Ca2+_AT5G15410","Ca2+","Ca2+","AT5G15410","","","","","","","KEGG:ath04626","Signaling molecule"
"Ca2+_AT2G46430","Ca2+","Ca2+","AT2G46430","","","","","","","KEGG:ath04626","Signaling molecule"
"Ca2+_AT5G54250","Ca2+","Ca2+","AT5G54250","","","","","","","KEGG:ath04626","Signaling molecule"
"Ca2+_AT5G57940","Ca2+","Ca2+","AT5G57940","","","","","","","KEGG:ath04626","Signaling molecule"
"Ca2+_AT2G23980","Ca2+","Ca2+","AT2G23980","","","","","","","KEGG:ath04626","Signaling molecule"
"Ca2+_AT4G30560","Ca2+","Ca2+","AT4G30560","","","","","","","KEGG:ath04626","Signaling molecule"
"Ca2+_AT1G01340","Ca2+","Ca2+","AT1G01340","","","","","","","KEGG:ath04626","Signaling molecule"
"Ca2+_AT2G46440","Ca2+","Ca2+","AT2G46440","","","","","","","KEGG:ath04626","Signaling molecule"
"Ca2+_AT2G46450","Ca2+","Ca2+","AT2G46450","","","","","","","KEGG:ath04626","Signaling molecule"
"Ca2+_AT4G01010","Ca2+","Ca2+","AT4G01010","","","","","","","KEGG:ath04626","Signaling molecule"
"Ca2+_AT2G24610","Ca2+","Ca2+","AT2G24610","","","","","","","KEGG:ath04626","Signaling molecule"
"Ca2+_AT3G48010","Ca2+","Ca2+","AT3G48010","","","","","","","KEGG:ath04626","Signaling molecule"
"Ca2+_AT4G30360","Ca2+","Ca2+","AT4G30360","","","","","","","KEGG:ath04626","Signaling molecule"
"Ca2+_AT3G17700","Ca2+","Ca2+","AT3G17700","","","","","","","KEGG:ath04626","Signaling molecule"
"chitin_AT3G21630","chitin","chitin","AT3G21630","","","","","","","KEGG:ath04016","Signaling molecule"
"chitin_AT3G21630&AT2G33580","chitin","chitin","AT3G21630","","","","","AT2G33580","","PMID:25340959","Signaling molecule"
"chitin_AT3G21630&AT2G23770","chitin","chitin","AT3G21630","","","","","AT2G23770","","PMID:25036661/PMID:35143519","Signaling molecule"
"chitin_AT3G21630_AT3G14840","chitin","chitin","AT3G21630","AT3G14840","","","","","","PMID:25036661","Signaling molecule"
"chitin_AT2G23770","chitin","chitin","AT2G23770","","","","","","","PMID:25036661","Signaling molecule"
"chitin_AT2G23770&AT3G21630","chitin","chitin","AT2G23770","","","","","AT3G21630","","PMID:25036661/PMID:35143519","Signaling molecule"
"chitin_AT2G33580","chitin","chitin","AT2G33580","","","","","","","PMID:25340959","Signaling molecule"
"chitin_AT2G33580#AT3G46510","chitin","chitin","AT2G33580","","","AT3G46510","","","","PMID:35143519/PMID:28195333","Signaling molecule"
"chitin_AT2G33580&AT3G21630","chitin","chitin","AT2G33580","","","","","AT3G21630","","PMID:25340959","Signaling molecule"
"chitin_AT2G33580#AT2G17290","chitin","chitin","AT2G33580","","","AT2G17290","","","","PMID:32595659","Signaling molecule"
"CTK_AT5G35750","CTK","CTK","AT5G35750","","","","","","","KEGG:ath04075","Signaling molecule"
"CTK_AT5G35750_AT1G27320","CTK","CTK","AT5G35750","AT1G27320","","","","","","PMID:16361392","Signaling molecule"
"CTK_AT5G35750_AT2G01830","CTK","CTK","AT5G35750","AT2G01830","","","","","","PMID:16361392","Signaling molecule"
"CTK_AT5G35750_AT3G21510","CTK","CTK","AT5G35750","AT3G21510","","","","","","PMID:16965536","Signaling molecule"
"CTK_AT1G27320","CTK","CTK","AT1G27320","","","","","","","KEGG:ath04075","Signaling molecule"
"CTK_AT1G27320_AT5G35750","CTK","CTK","AT1G27320","AT5G35750","","","","","","PMID:16361392","Signaling molecule"
"CTK_AT1G27320_AT2G01830","CTK","CTK","AT1G27320","AT2G01830","","","","","","PMID:16361392","Signaling molecule"
"CTK_AT2G01830","CTK","CTK","AT2G01830","","","","","","","KEGG:ath04075","Signaling molecule"
"CTK_AT2G01830_AT5G35750","CTK","CTK","AT2G01830","AT5G35750","","","","","","PMID:16361392","Signaling molecule"
"AT4G20360_AT5G20480","elf18","AT4G20360","AT5G20480","","","","","","","KEGG:ath04626","Signaling molecule"
"AT4G20360_AT5G20480_AT4G33430","elf18","AT4G20360","AT5G20480","AT4G33430","","","","","","KEGG:ath04626","Signaling molecule"
"AT4G20360_AT5G20480_AT5G47910","elf18","AT4G20360","AT5G20480","AT5G47910","","","","","","PMID:24630626","Signaling molecule"
"ET_AT1G04310","ET","ET","AT1G04310","","","","","","","KEGG:ath04075","Signaling molecule"
"ET_AT1G04310&AT1G66340","ET","ET","AT1G04310","","","","","AT1G66340","","PMID:18577522","Signaling molecule"
"ET_AT1G04310#AT5G03730","ET","ET","AT1G04310","","","","AT5G03730","","","PMID:25814663","Signaling molecule"
"ET_AT3G04580","ET","ET","AT3G04580","","","","","","","KEGG:ath04075","Signaling molecule"
"ET_AT3G04580#AT5G03730","ET","ET","AT3G04580","","","","AT5G03730","","","PMID:25814663","Signaling molecule"
"ET_AT3G04580&AT1G66340","ET","ET","AT3G04580","","","","","AT1G66340","","PMID:18577522","Signaling molecule"
"flg22_AT5G46330","flg22","flg22","AT5G46330","","","","","","","KEGG:ath04626","Signaling molecule"
"flg22_AT5G46330_AT2G13790","flg22","flg22","AT5G46330","AT2G13790","","","","","","KEGG:ath04626","Signaling molecule"
"flg22_AT5G46330_AT4G33430#AT2G39660","flg22","flg22","AT5G46330","AT4G33430","","AT2G39660","","","","KEGG:ath04626/PMID:32595659","Signaling molecule"
"flg22_AT5G46330#AT5G42080","flg22","flg22","AT5G46330","","","AT5G42080","","","","PMID:36200597","Signaling molecule"
"flg22_AT5G46330#AT1G59610","flg22","flg22","AT5G46330","","","AT1G59610","","","","PMID:36200597","Signaling molecule"
"flg22_AT5G46330#AT5G19280","flg22","flg22","AT5G46330","","","","AT5G19280","","","PMID:11340188","Signaling molecule"
"flg22_AT5G46330#AT2G28830","flg22","flg22","AT5G46330","","","","AT2G28830","","","PMID:21680842","Signaling molecule"
"flg22_AT5G46330#AT3G46510","flg22","flg22","AT5G46330","","","","AT3G46510","","","PMID:21680842","Signaling molecule"
"flg22_AT5G46330_AT5G47910","flg22","flg22","AT5G46330","AT5G47910","","","","","","PMID:24630626","Signaling molecule"
"flg22_AT5G46330_AT5G57110","flg22","flg22","AT5G46330","AT5G57110","","","","","","PMID:22535420","Signaling molecule"
"flg22_AT5G46330_AT4G35230","flg22","flg22","AT5G46330","AT4G35230","","","","","","PMID:23532072","Signaling molecule"
"flg22_AT5G46330_AT5G01540","flg22","flg22","AT5G46330","AT5G01540","","","","","","PMID:24844677","Signaling molecule"
"flg22_AT5G46330_AT4G23630","flg22","flg22","AT5G46330","AT4G23630","","","","","","PMID:21949153","Signaling molecule"
"flg22_AT5G46330_AT4G11220","flg22","flg22","AT5G46330","AT4G11220","","","","","","PMID:21949153","Signaling molecule"
"flg22_AT5G46330#AT3G45860","flg22","flg22","AT5G46330","","","AT3G45860","","","","PMID:26029224","Signaling molecule"
"flg22_AT5G46330#AT4G23140","flg22","flg22","AT5G46330","","","AT4G23140","","","","PMID:26029224","Signaling molecule"
"flg22_AT5G46330#AT4G04490","flg22","flg22","AT5G46330","","","AT4G04490","","","","PMID:26029224","Signaling molecule"
"GA_AT3G05120","GA","GA","AT3G05120","","","","","","","KEGG:ath04075","Signaling molecule"
"GA_AT3G05120_AT2G01570#AT4G26840","GA","GA","AT3G05120","AT2G01570","","","AT4G26840","","","PMID:25761145","Signaling molecule"
"GA_AT3G05120_AT1G66350","GA","GA","AT3G05120","AT1G66350","","","","","","PMID:32612234","Signaling molecule"
"GA_AT3G05120_AT1G66350#AT4G24210","GA","GA","AT3G05120","AT1G66350","","","AT4G24210","","","PMID:21323638","Signaling molecule"
"GA_AT3G63010","GA","GA","AT3G63010","","","","","","","KEGG:ath04075","Signaling molecule"
"GA_AT3G63010_AT3G03450#AT4G24210","GA","GA","AT3G63010","AT3G03450","","","AT4G24210","","","PMID:21163960","Signaling molecule"
"GA_AT3G63010_AT2G01570#AT5G48170","GA","GA","AT3G63010","AT2G01570","","","AT5G48170","","","PMID:21163960","Signaling molecule"
"GA_AT3G63010_AT2G01570#AT4G26840","GA","GA","AT3G63010","AT2G01570","","","AT4G26840","","","PMID:25761145","Signaling molecule"
"IAA_AT3G62980","IAA","IAA","AT3G62980","","","","","","","KEGG:ath04075","Signaling molecule"
"IAA_AT3G62980_AT1G10940_AT4G02570","IAA","IAA","AT3G62980","AT1G10940","AT4G02570","","","","","PMID:10398681","Signaling molecule"
"IAA_AT3G62980_AT5G08590_AT4G02570","IAA","IAA","AT3G62980","AT5G08590","AT4G02570","","","","","PMID:10398681","Signaling molecule"
"IAA_AT3G62980_AT3G23050","IAA","IAA","AT3G62980","AT3G23050","","","","","","PMID:22466420","Signaling molecule"
"IAA_AT3G62980_AT4G14550","IAA","IAA","AT3G62980","AT4G14550","","","","","","PMID:22466420","Signaling molecule"
"IAA_AT3G62980_AT1G04240","IAA","IAA","AT3G62980","AT1G04240","","","","","","PMID:22466420","Signaling molecule"
"IAA_AT3G62980_AT1G04250","IAA","IAA","AT3G62980","AT1G04250","","","","","","PMID:22466420","Signaling molecule"
"IAA_AT3G62980_AT4G14560","IAA","IAA","AT3G62980","AT4G14560","","","","","","PMID:22466420","Signaling molecule"
"IAA_AT3G62980_AT5G25890","IAA","IAA","AT3G62980","AT5G25890","","","","","","PMID:22466420","Signaling molecule"
"IAA_AT3G62980_AT1G04550","IAA","IAA","AT3G62980","AT1G04550","","","","","","PMID:22466420","Signaling molecule"
"IAA_AT3G62980_AT3G17600","IAA","IAA","AT3G62980","AT3G17600","","","","","","PMID:22466420","Signaling molecule"
"IAA_AT3G62980_AT5G49980","IAA","IAA","AT3G62980","AT5G49980","","","","","","PMID:24313839","Signaling molecule"
"IAA_AT3G26810","IAA","IAA","AT3G26810","","","","","","","PMID:22171938","Signaling molecule"
"IAA_AT3G26810_AT1G10940_AT4G02570","IAA","IAA","AT3G26810","AT1G10940","AT4G02570","","","","","PMID:15992545","Signaling molecule"
"IAA_AT1G12820","IAA","IAA","AT1G12820","","","","","","","PMID:22171938","Signaling molecule"
"IAA_AT1G12820_AT1G10940_AT4G02570","IAA","IAA","AT1G12820","AT1G10940","AT4G02570","","","","","PMID:15992545","Signaling molecule"
"IAA_AT5G49980","IAA","IAA","AT5G49980","","","","","","","PMID:22171938","Signaling molecule"
"IAA_AT5G49980_AT3G62980","IAA","IAA","AT5G49980","AT3G62980","","","","","","PMID:24313839","Signaling molecule"
"IAA_AT5G49980_AT3G23050","IAA","IAA","AT5G49980","AT3G23050","","","","","","PMID:22466420","Signaling molecule"
"IAA_AT5G49980_AT1G10940_AT4G02570","IAA","IAA","AT5G49980","AT1G10940","AT4G02570","","","","","PMID:15992545","Signaling molecule"
"K+_AT2G26650","K+","K+","AT2G26650","","","","","","","PMID:17898163","Signaling molecule"
"K+_AT2G26650#AT1G30270","K+","K+","AT2G26650","","","AT1G30270","","","","PMID:17898163","Signaling molecule"
"K+_AT2G26650#AT1G01140","K+","K+","AT2G26650","","","AT1G01140","","","","PMID:23109687","Signaling molecule"
"K+_AT2G26650#AT5G51760","K+","K+","AT2G26650","","","","AT5G51760","","","PMID:21596690","Signaling molecule"
"K+_AT2G26650#AT3G11410","K+","K+","AT2G26650","","","","AT3G11410","","","PMID:21596690","Signaling molecule"
"K+_AT2G26650#AT1G07430","K+","K+","AT2G26650","","","","AT1G07430","","","PMID:21596690","Signaling molecule"
"K+_AT2G26650#AT4G30960","K+","K+","AT2G26650","","","AT4G30960","","","","PMID:21596690","Signaling molecule"
"K+_AT5G46240","K+","K+","AT5G46240","","","","","","","PMID:27002025","Signaling molecule"
"K+_AT4G18290","K+","K+","AT4G18290","","","","","","","PMID:27002025","Signaling molecule"
"K+_AT5G37500","K+","K+","AT5G37500","","","","","","","PMID:15298894","Signaling molecule"
"Mg2+_AT5G55990_AT2G26980","Mg2+","Mg2+","AT5G55990","AT2G26980","","","","","","PMID:25646412","Signaling molecule"
"Mg2+_AT5G55990_AT1G01140","Mg2+","Mg2+","AT5G55990","AT1G01140","","","","","","PMID:25646412","Signaling molecule"
"Mg2+_AT5G55990_AT1G30270","Mg2+","Mg2+","AT5G55990","AT1G30270","","","","","","PMID:25646412","Signaling molecule"
"Mg2+_AT5G55990_AT5G21326","Mg2+","Mg2+","AT5G55990","AT5G21326","","","","","","PMID:25646412","Signaling molecule"
"Mg2+_AT1G80900","Mg2+","Mg2+","AT1G80900","","","","","","","PMID:24833385","Signaling molecule"
"Mg2+_AT3G58970","Mg2+","Mg2+","AT3G58970","","","","","","","PMID:24833385","Signaling molecule"
"Mg2+_AT5G09690","Mg2+","Mg2+","AT5G09690","","","","","","","PMID:24833385","Signaling molecule"
"Mg2+_AT5G64560","Mg2+","Mg2+","AT5G64560","","","","","","","PMID:24833385","Signaling molecule"
"NO3-_AT1G12110","NO3-","NO3-","AT1G12110","","","","","","","PMID:25943353","Signaling molecule"
"NO3-_AT1G12110#AT1G30270","NO3-","NO3-","AT1G12110","","","AT1G30270","","","","PMID:25943353","Signaling molecule"
"NO3-_AT1G69870","NO3-","NO3-","AT1G69870","","","","","","","PMID:24833385","Signaling molecule"
"NO3-_AT1G18880","NO3-","NO3-","AT1G18880","","","","","","","PMID:24833385","Signaling molecule"
"NO3-_AT5G62680","NO3-","NO3-","AT5G62680","","","","","","","PMID:24833385","Signaling molecule"
"SA_AT5G45110","SA","SA","AT5G45110","","","","","","","KEGG:ath04075","Signaling molecule"
"SA_AT5G45110_AT4G19660","SA","SA","AT5G45110","AT4G19660","","","","","","PMID:22699612","Signaling molecule"
"SA_AT2G40360","SA","SA","AT2G40360","","","","","","","KEGG:ath04075","Signaling molecule"
"SA_AT2G40360_AT2G41370","SA","SA","AT2G40360","AT2G41370","","","","","","PMID:15805484","Signaling molecule"
"AT3G11410_AT5G46790","ABA","AT3G11410","AT5G46790","","","","","","","PMID:19407142","Interacting protein"
"AT5G57050_AT5G46790","ABA","AT5G57050","AT5G46790","","","","","","","PMID:20729862","Interacting protein"
"AT1G72770_AT5G46790","ABA","AT1G72770","AT5G46790","","","","","","","PMID:32612234","Interacting protein"
"AT5G37740_AT5G46790","ABA","AT5G37740","AT5G46790","","","","","","","PMID:25465408","Interacting protein"
"AT5G57050_AT2G38310","ABA","AT5G57050","AT2G38310","","","","","","","PMID:20729862","Interacting protein"
"AT5G28900_AT2G38310","ABA","AT5G28900","AT2G38310","","","","","","","PMID:32612234","Interacting protein"
"AT5G37740_AT2G38310","ABA","AT5G37740","AT2G38310","","","","","","","PMID:25465408","Interacting protein"
"AT3G11410_AT2G38310","ABA","AT3G11410","AT2G38310","","","","","","","PMID:22935148","Interacting protein"
"AT1G07430_AT2G38310","ABA","AT1G07430","AT2G38310","","","","","","","PMID:32612234","Interacting protein"
"AT1G72770_AT2G38310","ABA","AT1G72770","AT2G38310","","","","","","","PMID:32612234","Interacting protein"
"AT5G21170_AT2G38310","ABA","AT5G21170","AT2G38310","","","","","","","PMID:32218501","Interacting protein"
"AT1G17550_AT5G05440","ABA","AT1G17550","AT5G05440","","","","","","","PMID:32612234","Interacting protein"
"AT1G07430_AT5G05440","ABA","AT1G07430","AT5G05440","","","","","","","PMID:22829320","Interacting protein"
"AT3G11410_AT5G05440","ABA","AT3G11410","AT5G05440","","","","","","","PMID:19407142","Interacting protein"
"AT1G72770_AT5G05440","ABA","AT1G72770","AT5G05440","","","","","","","PMID:20729862","Interacting protein"
"AT5G57050_AT5G05440","ABA","AT5G57050","AT5G05440","","","","","","","PMID:32612234","Interacting protein"
"AT1G17550_AT2G40330","ABA","AT1G17550","AT2G40330","","","","","","","PMID:32612234","Interacting protein"
"AT1G07430_AT2G40330","ABA","AT1G07430","AT2G40330","","","","","","","PMID:32612234","Interacting protein"
"AT1G24280_AT2G40330","ABA","AT1G24280","AT2G40330","","","","","","","PMID:32612234","Interacting protein"
"AT5G37740_AT2G40330","ABA","AT5G37740","AT2G40330","","","","","","","PMID:25465408","Interacting protein"
"AT1G72770_AT2G40330","ABA","AT1G72770","AT2G40330","","","","","","","PMID:25465408","Interacting protein"
"AT5G57050_AT2G40330","ABA","AT5G57050","AT2G40330","","","","","","","PMID:32612234","Interacting protein"
"AT3G11410_AT2G40330","ABA","AT3G11410","AT2G40330","","","","","","","PMID:32612234","Interacting protein"
"AT4G29120_AT2G40330","ABA","AT4G29120","AT2G40330","","","","","","","PMID:32612234","Interacting protein"
"AT3G07740_AT2G40330","ABA","AT3G07740","AT2G40330","","","","","","","PMID:32612234","Interacting protein"
"AT3G11410_AT4G01026","ABA","AT3G11410","AT4G01026","","","","","","","PMID:22935148","Interacting protein"
"AT1G07430_AT4G01026","ABA","AT1G07430","AT4G01026","","","","","","","PMID:32612234","Interacting protein"
"AT1G17550_AT4G01026","ABA","AT1G17550","AT4G01026","","","","","","","PMID:32612234","Interacting protein"
"AT1G72770_AT4G01026","ABA","AT1G72770","AT4G01026","","","","","","","PMID:32612234","Interacting protein"
"AT4G29120_AT5G53160","ABA","AT4G29120","AT5G53160","","","","","","","PMID:32612234","Interacting protein"
"AT1G07430_AT5G53160","ABA","AT1G07430","AT5G53160","","","","","","","PMID:22829320","Interacting protein"
"AT1G17550_AT5G53160","ABA","AT1G17550","AT5G53160","","","","","","","PMID:23370718","Interacting protein"
"AT3G11410_AT5G53160","ABA","AT3G11410","AT5G53160","","","","","","","PMID:23370718","Interacting protein"
"AT5G37740_AT5G53160","ABA","AT5G37740","AT5G53160","","","","","","","PMID:25465408","Interacting protein"
"AT1G72770_AT5G53160","ABA","AT1G72770","AT5G53160","","","","","","","PMID:25465408","Interacting protein"
"AT5G57050_AT5G53160","ABA","AT5G57050","AT5G53160","","","","","","","PMID:32612234","Interacting protein"
"AT1G07430_AT4G17870","ABA","AT1G07430","AT4G17870","","","","","","","PMID:23378449","Interacting protein"
"AT3G11410_AT4G17870","ABA","AT3G11410","AT4G17870","","","","","","","PMID:19407142","Interacting protein"
"AT5G57050_AT4G17870","ABA","AT5G57050","AT4G17870","","","","","","","PMID:20729862","Interacting protein"
"AT1G72770_AT4G17870","ABA","AT1G72770","AT4G17870","","","","","","","PMID:20729860","Interacting protein"
"AT4G18710_AT4G39400","BR","AT4G18710","AT4G39400","","","","","","","PMID:12150929","Interacting protein"
"AT1G71830_AT4G39400","BR","AT1G71830","AT4G39400","","","","","","","PMID:19105183/PMID:16473966","Interacting protein"
"AT5G35080_AT4G39400","BR","AT5G35080","AT4G39400","","","","","","","PMID:22328055","Interacting protein"
"AT5G10290_AT4G39400","BR","AT5G10290","AT4G39400","","","","","","","PMID:29320478","Interacting protein"
"AT4G26540_AT4G39400","BR","AT4G26540","AT4G39400","","","","","","","PMID:29320478","Interacting protein"
"AT3G14350_AT4G39400","BR","AT3G14350","AT4G39400","","","","","","","PMID:29320478","Interacting protein"
"AT1G09970_AT4G39400","BR","AT1G09970","AT4G39400","","","","","","","PMID:29320478","Interacting protein"
"AT5G65700_AT4G39400","BR","AT5G65700","AT4G39400","","","","","","","PMID:29320478","Interacting protein"
"AT4G35230_AT4G39400","BR","AT4G35230","AT4G39400","","","","","","","PMID:23496207","Interacting protein"
"AT4G00710_AT4G39400","BR","AT4G00710","AT4G39400","","","","","","","PMID:23496207","Interacting protein"
"AT5G59010_AT4G39400","BR","AT5G59010","AT4G39400","","","","","","","PMID:23496207","Interacting protein"
"AT5G41260_AT4G39400","BR","AT5G41260","AT4G39400","","","","","","","PMID:23496207","Interacting protein"
"AT1G27190_AT4G39400","BR","AT1G27190","AT4G39400","","","","","","","PMID:29320478","Interacting protein"
"AT1G48480_AT4G39400","BR","AT1G48480","AT4G39400","","","","","","","PMID:29320478","Interacting protein"
"AT1G72300_AT4G39400","BR","AT1G72300","AT4G39400","","","","","","","PMID:29320478","Interacting protein"
"AT2G14510_AT4G39400","BR","AT2G14510","AT4G39400","","","","","","","PMID:29320478","Interacting protein"
"AT5G48380_AT4G39400","BR","AT5G48380","AT4G39400","","","","","","","PMID:29320478","Interacting protein"
"AT1G53730_AT4G39400","BR","AT1G53730","AT4G39400","","","","","","","PMID:29320478","Interacting protein"
"AT5G65710_AT4G39400","BR","AT5G65710","AT4G39400","","","","","","","PMID:29320478","Interacting protein"
"AT3G19820_AT3G51800","Ca2+","AT3G19820","AT3G51800","","","","","","","PMID:16193053","Interacting protein"
"AT1G54610_AT3G51800","Ca2+","AT1G54610","AT3G51800","","","","","","","PMID:17360592","Interacting protein"
"AT5G58940_AT3G51800","Ca2+","AT5G58940","AT3G51800","","","","","","","PMID:14720124","Interacting protein"
"AT2G38540_AT3G51800","Ca2+","AT2G38540","AT3G51800","","","","","","","PMID:15757661","Interacting protein"
"AT1G18890_AT3G51800","Ca2+","AT1G18890","AT3G51800","","","","","","","PMID:25233328","Interacting protein"
"AT4G18950_AT3G51800","Ca2+","AT4G18950","AT3G51800","","","","","","","PMID:17360592","Interacting protein"
"AT2G43850_AT3G51800","Ca2+","AT2G43850","AT3G51800","","","","","","","PMID:17360592","Interacting protein"
"AT1G12680_AT3G51800","Ca2+","AT1G12680","AT3G51800","","","","","","","PMID:17360592","Interacting protein"
"AT4G23650_AT3G51800","Ca2+","AT4G23650","AT3G51800","","","","","","","PMID:17360592","Interacting protein"
"AT3G13320_AT3G51800","Ca2+","AT3G13320","AT3G51800","","","","","","","PMID:17360592","Interacting protein"
"AT5G35410_AT3G51800","Ca2+","AT5G35410","AT3G51800","","","","","","","PMID:17360592","Interacting protein"
"AT4G30960_AT3G51800","Ca2+","AT4G30960","AT3G51800","","","","","","","PMID:17360592","Interacting protein"
"AT1G20930_AT3G51800","Ca2+","AT1G20930","AT3G51800","","","","","","","PMID:17360592","Interacting protein"
"AT2G20110_AT3G51800","Ca2+","AT2G20110","AT3G51800","","","","","","","PMID:17360592","Interacting protein"
"AT3G20110_AT3G51800","Ca2+","AT3G20110","AT3G51800","","","","","","","PMID:17360592","Interacting protein"
"AT3G61880_AT3G51800","Ca2+","AT3G61880","AT3G51800","","","","","","","PMID:17360592","Interacting protein"
"AT5G56030_AT3G51800","Ca2+","AT5G56030","AT3G51800","","","","","","","PMID:17360592","Interacting protein"
"AT1G53510_AT3G51800","Ca2+","AT1G53510","AT3G51800","","","","","","","PMID:17360592","Interacting protein"
"AT4G26070_AT3G51800","Ca2+","AT4G26070","AT3G51800","","","","","","","PMID:17360592","Interacting protein"
"AT4G37870_AT3G51800","Ca2+","AT4G37870","AT3G51800","","","","","","","PMID:17360592","Interacting protein"
"AT5G47810_AT3G51800","Ca2+","AT5G47810","AT3G51800","","","","","","","PMID:17360592","Interacting protein"
"AT4G13020_AT3G51800","Ca2+","AT4G13020","AT3G51800","","","","","","","PMID:17360592","Interacting protein"
"AT1G69270_AT3G51800","Ca2+","AT1G69270","AT3G51800","","","","","","","PMID:17360592","Interacting protein"
"AT3G12200_AT3G51800","Ca2+","AT3G12200","AT3G51800","","","","","","","PMID:17360592","Interacting protein"
"AT3G44200_AT3G51800","Ca2+","AT3G44200","AT3G51800","","","","","","","PMID:17360592","Interacting protein"
"AT4G35600_AT3G51800","Ca2+","AT4G35600","AT3G51800","","","","","","","PMID:17360592","Interacting protein"
"AT4G23290_AT3G51800","Ca2+","AT4G23290","AT3G51800","","","","","","","PMID:17360592","Interacting protein"
"AT5G63770_AT3G51800","Ca2+","AT5G63770","AT3G51800","","","","","","","PMID:17360592","Interacting protein"
"AT5G10520_AT3G51800","Ca2+","AT5G10520","AT3G51800","","","","","","","PMID:17360592","Interacting protein"
"AT2G02800_AT3G51800","Ca2+","AT2G02800","AT3G51800","","","","","","","PMID:17360592","Interacting protein"
"AT5G23170_AT3G51800","Ca2+","AT5G23170","AT3G51800","","","","","","","PMID:17360592","Interacting protein"
"AT1G28390_AT3G51800","Ca2+","AT1G28390","AT3G51800","","","","","","","PMID:17360592","Interacting protein"
"AT5G01890_AT3G51800","Ca2+","AT5G01890","AT3G51800","","","","","","","PMID:17360592","Interacting protein"
"AT5G49760_AT3G51800","Ca2+","AT5G49760","AT3G51800","","","","","","","PMID:17360592","Interacting protein"
"AT2G26730_AT3G51800","Ca2+","AT2G26730","AT3G51800","","","","","","","PMID:17360592","Interacting protein"
"AT1G68400_AT3G51800","Ca2+","AT1G68400","AT3G51800","","","","","","","PMID:17360592","Interacting protein"
"AT2G48010_AT3G51800","Ca2+","AT2G48010","AT3G51800","","","","","","","PMID:17360592","Interacting protein"
"AT1G27190_AT3G51800","Ca2+","AT1G27190","AT3G51800","","","","","","","PMID:17360592","Interacting protein"
"AT1G09840_AT3G51800","Ca2+","AT1G09840","AT3G51800","","","","","","","PMID:17360592","Interacting protein"
"AT3G61160_AT3G51800","Ca2+","AT3G61160","AT3G51800","","","","","","","PMID:17360592","Interacting protein"
"AT4G39540_AT3G51800","Ca2+","AT4G39540","AT3G51800","","","","","","","PMID:17360592","Interacting protein"
"AT3G01970_AT3G51800","Ca2+","AT3G01970","AT3G51800","","","","","","","PMID:17360592","Interacting protein"
"AT5G54590_AT2G41110","Ca2+","AT5G54590","AT2G41110","","","","","","","PMID:20724845","Interacting protein"
"AT3G21630_AT2G41110","Ca2+","AT3G21630","AT2G41110","","","","","","","PMID:25036661","Interacting protein"
"AT5G63870_AT3G56800","Ca2+","AT5G63870","AT3G56800","","","","","","","PMID:17238907","Interacting protein"
"AT5G54590_AT3G56800","Ca2+","AT5G54590","AT3G56800","","","","","","","PMID:20724845","Interacting protein"
"AT1G59870_AT3G56800","Ca2+","AT1G59870","AT3G56800","","","","","","","PMID:26315018","Interacting protein"
"AT3G17700_AT1G66410","Ca2+","AT3G17700","AT1G66410","","","","","","","PMID:23385145","Interacting protein"
"AT5G54590_AT2G27030","Ca2+","AT5G54590","AT2G27030","","","","","","","PMID:20724845","Interacting protein"
"AT5G56030_AT5G21274","Ca2+","AT5G56030","AT5G21274","","","","","","","PMID:17360592","Interacting protein"
"AT3G17700_AT5G21274","Ca2+","AT3G17700","AT5G21274","","","","","","","PMID:23385145","Interacting protein"
"AT4G36250_AT5G21274","Ca2+","AT4G36250","AT5G21274","","","","","","","PMID:17360592","Interacting protein"
"AT4G18950_AT5G21274","Ca2+","AT4G18950","AT5G21274","","","","","","","PMID:17360592","Interacting protein"
"AT1G12680_AT5G21274","Ca2+","AT1G12680","AT5G21274","","","","","","","PMID:17360592","Interacting protein"
"AT4G23650_AT5G21274","Ca2+","AT4G23650","AT5G21274","","","","","","","PMID:17360592","Interacting protein"
"AT5G35410_AT5G21274","Ca2+","AT5G35410","AT5G21274","","","","","","","PMID:17360592","Interacting protein"
"AT4G30960_AT5G21274","Ca2+","AT4G30960","AT5G21274","","","","","","","PMID:17360592","Interacting protein"
"AT1G20930_AT5G21274","Ca2+","AT1G20930","AT5G21274","","","","","","","PMID:17360592","Interacting protein"
"AT1G54610_AT5G21274","Ca2+","AT1G54610","AT5G21274","","","","","","","PMID:17360592","Interacting protein"
"AT2G20110_AT5G21274","Ca2+","AT2G20110","AT5G21274","","","","","","","PMID:17360592","Interacting protein"
"AT3G20110_AT5G21274","Ca2+","AT3G20110","AT5G21274","","","","","","","PMID:17360592","Interacting protein"
"AT3G61880_AT5G21274","Ca2+","AT3G61880","AT5G21274","","","","","","","PMID:17360592","Interacting protein"
"AT1G53510_AT5G21274","Ca2+","AT1G53510","AT5G21274","","","","","","","PMID:17360592","Interacting protein"
"AT4G26070_AT5G21274","Ca2+","AT4G26070","AT5G21274","","","","","","","PMID:17360592","Interacting protein"
"AT3G06030_AT5G21274","Ca2+","AT3G06030","AT5G21274","","","","","","","PMID:17360592","Interacting protein"
"AT4G37870_AT5G21274","Ca2+","AT4G37870","AT5G21274","","","","","","","PMID:17360592","Interacting protein"
"AT5G47810_AT5G21274","Ca2+","AT5G47810","AT5G21274","","","","","","","PMID:17360592","Interacting protein"
"AT4G13020_AT5G21274","Ca2+","AT4G13020","AT5G21274","","","","","","","PMID:17360592","Interacting protein"
"AT3G12200_AT5G21274","Ca2+","AT3G12200","AT5G21274","","","","","","","PMID:17360592","Interacting protein"
"AT4G35600_AT5G21274","Ca2+","AT4G35600","AT5G21274","","","","","","","PMID:17360592","Interacting protein"
"AT5G10520_AT5G21274","Ca2+","AT5G10520","AT5G21274","","","","","","","PMID:17360592","Interacting protein"
"AT1G28390_AT5G21274","Ca2+","AT1G28390","AT5G21274","","","","","","","PMID:17360592","Interacting protein"
"AT5G01890_AT5G21274","Ca2+","AT5G01890","AT5G21274","","","","","","","PMID:17360592","Interacting protein"
"AT5G49760_AT5G21274","Ca2+","AT5G49760","AT5G21274","","","","","","","PMID:17360592","Interacting protein"
"AT1G68400_AT5G21274","Ca2+","AT1G68400","AT5G21274","","","","","","","PMID:17360592","Interacting protein"
"AT2G48010_AT5G21274","Ca2+","AT2G48010","AT5G21274","","","","","","","PMID:17360592","Interacting protein"
"AT1G27190_AT5G21274","Ca2+","AT1G27190","AT5G21274","","","","","","","PMID:17360592","Interacting protein"
"AT3G61160_AT5G21274","Ca2+","AT3G61160","AT5G21274","","","","","","","PMID:17360592","Interacting protein"
"AT4G39540_AT5G21274","Ca2+","AT4G39540","AT5G21274","","","","","","","PMID:17360592","Interacting protein"
"AT3G01970_AT5G21274","Ca2+","AT3G01970","AT5G21274","","","","","","","PMID:17360592","Interacting protein"
"AT3G51920_AT5G21274","Ca2+","AT3G51920","AT5G21274","","","","","","","PMID:17360592","Interacting protein"
"AT3G43810_AT5G21274","Ca2+","AT3G43810","AT5G21274","","","","","","","PMID:17360592","Interacting protein"
"AT1G48410_AT5G21274","Ca2+","AT1G48410","AT5G21274","","","","","","","PMID:37278687","Interacting protein"
"AT5G35410_AT3G43810","Ca2+","AT5G35410","AT3G43810","","","","","","","PMID:17360592","Interacting protein"
"AT4G23650_AT3G43810","Ca2+","AT4G23650","AT3G43810","","","","","","","PMID:17360592","Interacting protein"
"AT5G21274_AT3G43810","Ca2+","AT5G21274","AT3G43810","","","","","","","PMID:17360592","Interacting protein"
"AT3G17700_AT3G43810","Ca2+","AT3G17700","AT3G43810","","","","","","","PMID:23385145","Interacting protein"
"AT1G59870_AT3G43810","Ca2+","AT1G59870","AT3G43810","","","","","","","PMID:26315018","Interacting protein"
"AT4G36250_AT3G43810","Ca2+","AT4G36250","AT3G43810","","","","","","","PMID:17360592","Interacting protein"
"AT4G18950_AT3G43810","Ca2+","AT4G18950","AT3G43810","","","","","","","PMID:17360592","Interacting protein"
"AT1G12680_AT3G43810","Ca2+","AT1G12680","AT3G43810","","","","","","","PMID:17360592","Interacting protein"
"AT3G13320_AT3G43810","Ca2+","AT3G13320","AT3G43810","","","","","","","PMID:17360592","Interacting protein"
"AT4G30960_AT3G43810","Ca2+","AT4G30960","AT3G43810","","","","","","","PMID:17360592","Interacting protein"
"AT1G20930_AT3G43810","Ca2+","AT1G20930","AT3G43810","","","","","","","PMID:17360592","Interacting protein"
"AT1G54610_AT3G43810","Ca2+","AT1G54610","AT3G43810","","","","","","","PMID:17360592","Interacting protein"
"AT2G20110_AT3G43810","Ca2+","AT2G20110","AT3G43810","","","","","","","PMID:17360592","Interacting protein"
"AT3G26170_AT3G43810","Ca2+","AT3G26170","AT3G43810","","","","","","","PMID:17360592","Interacting protein"
"AT4G39950_AT3G43810","Ca2+","AT4G39950","AT3G43810","","","","","","","PMID:17360592","Interacting protein"
"AT3G20110_AT3G43810","Ca2+","AT3G20110","AT3G43810","","","","","","","PMID:17360592","Interacting protein"
"AT3G61880_AT3G43810","Ca2+","AT3G61880","AT3G43810","","","","","","","PMID:17360592","Interacting protein"
"AT5G56030_AT3G43810","Ca2+","AT5G56030","AT3G43810","","","","","","","PMID:17360592","Interacting protein"
"AT1G53510_AT3G43810","Ca2+","AT1G53510","AT3G43810","","","","","","","PMID:17360592","Interacting protein"
"AT4G26070_AT3G43810","Ca2+","AT4G26070","AT3G43810","","","","","","","PMID:17360592","Interacting protein"
"AT4G37870_AT3G43810","Ca2+","AT4G37870","AT3G43810","","","","","","","PMID:17360592","Interacting protein"
"AT5G47810_AT3G43810","Ca2+","AT5G47810","AT3G43810","","","","","","","PMID:17360592","Interacting protein"
"AT4G13020_AT3G43810","Ca2+","AT4G13020","AT3G43810","","","","","","","PMID:17360592","Interacting protein"
"AT3G12200_AT3G43810","Ca2+","AT3G12200","AT3G43810","","","","","","","PMID:17360592","Interacting protein"
"AT4G35600_AT3G43810","Ca2+","AT4G35600","AT3G43810","","","","","","","PMID:17360592","Interacting protein"
"AT5G10520_AT3G43810","Ca2+","AT5G10520","AT3G43810","","","","","","","PMID:17360592","Interacting protein"
"AT1G28390_AT3G43810","Ca2+","AT1G28390","AT3G43810","","","","","","","PMID:17360592","Interacting protein"
"AT5G01890_AT3G43810","Ca2+","AT5G01890","AT3G43810","","","","","","","PMID:17360592","Interacting protein"
"AT5G49760_AT3G43810","Ca2+","AT5G49760","AT3G43810","","","","","","","PMID:17360592","Interacting protein"
"AT2G26730_AT3G43810","Ca2+","AT2G26730","AT3G43810","","","","","","","PMID:17360592","Interacting protein"
"AT1G68400_AT3G43810","Ca2+","AT1G68400","AT3G43810","","","","","","","PMID:17360592","Interacting protein"
"AT2G48010_AT3G43810","Ca2+","AT2G48010","AT3G43810","","","","","","","PMID:17360592","Interacting protein"
"AT1G27190_AT3G43810","Ca2+","AT1G27190","AT3G43810","","","","","","","PMID:17360592","Interacting protein"
"AT4G39540_AT3G43810","Ca2+","AT4G39540","AT3G43810","","","","","","","PMID:17360592","Interacting protein"
"AT3G01970_AT3G43810","Ca2+","AT3G01970","AT3G43810","","","","","","","PMID:17360592","Interacting protein"
"AT1G59870_AT4G14640","Ca2+","AT1G59870","AT4G14640","","","","","","","PMID:26315018","Interacting protein"
"AT4G36250_AT4G14640","Ca2+","AT4G36250","AT4G14640","","","","","","","PMID:17360592","Interacting protein"
"AT4G18950_AT4G14640","Ca2+","AT4G18950","AT4G14640","","","","","","","PMID:17360592","Interacting protein"
"AT4G23650_AT4G14640","Ca2+","AT4G23650","AT4G14640","","","","","","","PMID:17360592","Interacting protein"
"AT5G35410_AT4G14640","Ca2+","AT5G35410","AT4G14640","","","","","","","PMID:17360592","Interacting protein"
"AT1G20930_AT4G14640","Ca2+","AT1G20930","AT4G14640","","","","","","","PMID:17360592","Interacting protein"
"AT1G54610_AT4G14640","Ca2+","AT1G54610","AT4G14640","","","","","","","PMID:17360592","Interacting protein"
"AT3G20110_AT4G14640","Ca2+","AT3G20110","AT4G14640","","","","","","","PMID:17360592","Interacting protein"
"AT3G17240_AT4G14640","Ca2+","AT3G17240","AT4G14640","","","","","","","PMID:17360592","Interacting protein"
"AT5G56030_AT4G14640","Ca2+","AT5G56030","AT4G14640","","","","","","","PMID:17360592","Interacting protein"
"AT4G13020_AT4G14640","Ca2+","AT4G13020","AT4G14640","","","","","","","PMID:17360592","Interacting protein"
"AT1G51170_AT4G14640","Ca2+","AT1G51170","AT4G14640","","","","","","","PMID:17360592","Interacting protein"
"AT3G12200_AT4G14640","Ca2+","AT3G12200","AT4G14640","","","","","","","PMID:17360592","Interacting protein"
"AT4G35600_AT4G14640","Ca2+","AT4G35600","AT4G14640","","","","","","","PMID:17360592","Interacting protein"
"AT1G20950_AT4G14640","Ca2+","AT1G20950","AT4G14640","","","","","","","PMID:17360592","Interacting protein"
"AT5G10520_AT4G14640","Ca2+","AT5G10520","AT4G14640","","","","","","","PMID:17360592","Interacting protein"
"AT1G28390_AT4G14640","Ca2+","AT1G28390","AT4G14640","","","","","","","PMID:17360592","Interacting protein"
"AT5G01890_AT4G14640","Ca2+","AT5G01890","AT4G14640","","","","","","","PMID:17360592","Interacting protein"
"AT5G49760_AT4G14640","Ca2+","AT5G49760","AT4G14640","","","","","","","PMID:17360592","Interacting protein"
"AT2G48010_AT4G14640","Ca2+","AT2G48010","AT4G14640","","","","","","","PMID:17360592","Interacting protein"
"AT4G21470_AT4G14640","Ca2+","AT4G21470","AT4G14640","","","","","","","PMID:17360592","Interacting protein"
"AT3G61160_AT4G14640","Ca2+","AT3G61160","AT4G14640","","","","","","","PMID:17360592","Interacting protein"
"AT4G39540_AT4G14640","Ca2+","AT4G39540","AT4G14640","","","","","","","PMID:17360592","Interacting protein"
"AT5G21274_AT3G51920","Ca2+","AT5G21274","AT3G51920","","","","","","","PMID:17360592","Interacting protein"
"AT1G59870_AT3G51920","Ca2+","AT1G59870","AT3G51920","","","","","","","PMID:26315018","Interacting protein"
"AT4G36250_AT3G51920","Ca2+","AT4G36250","AT3G51920","","","","","","","PMID:17360592","Interacting protein"
"AT4G18950_AT3G51920","Ca2+","AT4G18950","AT3G51920","","","","","","","PMID:17360592","Interacting protein"
"AT2G43850_AT3G51920","Ca2+","AT2G43850","AT3G51920","","","","","","","PMID:17360592","Interacting protein"
"AT1G12680_AT3G51920","Ca2+","AT1G12680","AT3G51920","","","","","","","PMID:17360592","Interacting protein"
"AT4G23650_AT3G51920","Ca2+","AT4G23650","AT3G51920","","","","","","","PMID:17360592","Interacting protein"
"AT1G18890_AT3G51920","Ca2+","AT1G18890","AT3G51920","","","","","","","PMID:17360592","Interacting protein"
"AT5G35410_AT3G51920","Ca2+","AT5G35410","AT3G51920","","","","","","","PMID:17360592","Interacting protein"
"AT4G30960_AT3G51920","Ca2+","AT4G30960","AT3G51920","","","","","","","PMID:17360592","Interacting protein"
"AT1G20930_AT3G51920","Ca2+","AT1G20930","AT3G51920","","","","","","","PMID:17360592","Interacting protein"
"AT1G54610_AT3G51920","Ca2+","AT1G54610","AT3G51920","","","","","","","PMID:17360592","Interacting protein"
"AT2G20110_AT3G51920","Ca2+","AT2G20110","AT3G51920","","","","","","","PMID:17360592","Interacting protein"
"AT3G20110_AT3G51920","Ca2+","AT3G20110","AT3G51920","","","","","","","PMID:17360592","Interacting protein"
"AT3G61880_AT3G51920","Ca2+","AT3G61880","AT3G51920","","","","","","","PMID:17360592","Interacting protein"
"AT5G56030_AT3G51920","Ca2+","AT5G56030","AT3G51920","","","","","","","PMID:17360592","Interacting protein"
"AT1G53510_AT3G51920","Ca2+","AT1G53510","AT3G51920","","","","","","","PMID:17360592","Interacting protein"
"AT4G26070_AT3G51920","Ca2+","AT4G26070","AT3G51920","","","","","","","PMID:17360592","Interacting protein"
"AT4G37870_AT3G51920","Ca2+","AT4G37870","AT3G51920","","","","","","","PMID:17360592","Interacting protein"
"AT5G47810_AT3G51920","Ca2+","AT5G47810","AT3G51920","","","","","","","PMID:17360592","Interacting protein"
"AT4G13020_AT3G51920","Ca2+","AT4G13020","AT3G51920","","","","","","","PMID:17360592","Interacting protein"
"AT3G12200_AT3G51920","Ca2+","AT3G12200","AT3G51920","","","","","","","PMID:17360592","Interacting protein"
"AT4G35600_AT3G51920","Ca2+","AT4G35600","AT3G51920","","","","","","","PMID:17360592","Interacting protein"
"AT1G20950_AT3G51920","Ca2+","AT1G20950","AT3G51920","","","","","","","PMID:17360592","Interacting protein"
"AT5G10520_AT3G51920","Ca2+","AT5G10520","AT3G51920","","","","","","","PMID:17360592","Interacting protein"
"AT2G02800_AT3G51920","Ca2+","AT2G02800","AT3G51920","","","","","","","PMID:17360592","Interacting protein"
"AT1G28390_AT3G51920","Ca2+","AT1G28390","AT3G51920","","","","","","","PMID:17360592","Interacting protein"
"AT5G01890_AT3G51920","Ca2+","AT5G01890","AT3G51920","","","","","","","PMID:17360592","Interacting protein"
"AT5G49760_AT3G51920","Ca2+","AT5G49760","AT3G51920","","","","","","","PMID:17360592","Interacting protein"
"AT1G68400_AT3G51920","Ca2+","AT1G68400","AT3G51920","","","","","","","PMID:17360592","Interacting protein"
"AT2G48010_AT3G51920","Ca2+","AT2G48010","AT3G51920","","","","","","","PMID:17360592","Interacting protein"
"AT1G27190_AT3G51920","Ca2+","AT1G27190","AT3G51920","","","","","","","PMID:17360592","Interacting protein"
"AT3G61160_AT3G51920","Ca2+","AT3G61160","AT3G51920","","","","","","","PMID:17360592","Interacting protein"
"AT4G39540_AT3G51920","Ca2+","AT4G39540","AT3G51920","","","","","","","PMID:17360592","Interacting protein"
"AT3G01970_AT3G51920","Ca2+","AT3G01970","AT3G51920","","","","","","","PMID:17360592","Interacting protein"
"AT4G35000_AT4G23650","Ca2+","AT4G35000","AT4G23650","","","","","","","PMID:22789293","Interacting protein"
"AT4G22540_AT4G23650","Ca2+","AT4G22540","AT4G23650","","","","","","","PMID:22789293","Interacting protein"
"AT2G39050_AT4G23650","Ca2+","AT2G39050","AT4G23650","","","","","","","PMID:22789293","Interacting protein"
"AT5G55630_AT4G23650","Ca2+","AT5G55630","AT4G23650","","","","","","","PMID:23253603","Interacting protein"
"AT1G04690_AT4G23650","Ca2+","AT1G04690","AT4G23650","","","","","","","PMID:23253603","Interacting protein"
"AT2G39360_AT4G23650","Ca2+","AT2G39360","AT4G23650","","","","","","","PMID:24833385","Interacting protein"
"AT5G37780_AT4G23650","Ca2+","AT5G37780","AT4G23650","","","","","","","PMID:17360592","Interacting protein"
"AT5G21274_AT4G23650","Ca2+","AT5G21274","AT4G23650","","","","","","","PMID:17360592","Interacting protein"
"AT3G43810_AT4G23650","Ca2+","AT3G43810","AT4G23650","","","","","","","PMID:17360592","Interacting protein"
"AT4G14640_AT4G23650","Ca2+","AT4G14640","AT4G23650","","","","","","","PMID:17360592","Interacting protein"
"AT3G51920_AT4G23650","Ca2+","AT3G51920","AT4G23650","","","","","","","PMID:17360592","Interacting protein"
"AT2G41090_AT4G23650","Ca2+","AT2G41090","AT4G23650","","","","","","","PMID:17360592","Interacting protein"
"AT1G18150_AT4G23650","Ca2+","AT1G18150","AT4G23650","","","","","","","PMID:19095804","Interacting protein"
"AT3G45640_AT4G23650","Ca2+","AT3G45640","AT4G23650","","","","","","","PMID:19095804","Interacting protein"
"AT4G01370_AT4G23650","Ca2+","AT4G01370","AT4G23650","","","","","","","PMID:19095804","Interacting protein"
"AT2G18170_AT4G23650","Ca2+","AT2G18170","AT4G23650","","","","","","","PMID:19095804","Interacting protein"
"AT3G13380_AT4G23650","Ca2+","AT3G13380","AT4G23650","","","","","","","PMID:24064770","Interacting protein"
"AT3G18520_AT4G23650","Ca2+","AT3G18520","AT4G23650","","","","","","","PMID:36367383","Interacting protein"
"AT3G48360_AT4G09570","Ca2+","AT3G48360","AT4G09570","","","","","","","PMID:19130088","Interacting protein"
"AT1G02280_AT4G09570","Ca2+","AT1G02280","AT4G09570","","","","","","","PMID:19130088","Interacting protein"
"AT3G23820_AT4G09570","Ca2+","AT3G23820","AT4G09570","","","","","","","PMID:19130088","Interacting protein"
"AT3G20290_AT4G09570","Ca2+","AT3G20290","AT4G09570","","","","","","","PMID:19130088","Interacting protein"
"AT3G21090_AT4G09570","Ca2+","AT3G21090","AT4G09570","","","","","","","PMID:19130088","Interacting protein"
"AT3G54050_AT4G09570","Ca2+","AT3G54050","AT4G09570","","","","","","","PMID:19130088","Interacting protein"
"AT5G50920_AT4G09570","Ca2+","AT5G50920","AT4G09570","","","","","","","PMID:19130088","Interacting protein"
"AT2G18960_AT4G35310","Ca2+","AT2G18960","AT4G35310","","","","","","","PMID:23609608","Interacting protein"
"AT1G08590_AT4G35310","Ca2+","AT1G08590","AT4G35310","","","","","","","PMID:25602612","Interacting protein"
"AT3G17000_AT5G12480","Ca2+","AT3G17000","AT5G12480","","","","","","","PMID:24833385","Interacting protein"
"AT1G17280_AT5G12480","Ca2+","AT1G17280","AT5G12480","","","","","","","PMID:24833385","Interacting protein"
"AT5G44090_AT5G12480","Ca2+","AT5G44090","AT5G12480","","","","","","","PMID:24833385","Interacting protein"
"AT4G38520_AT5G12480","Ca2+","AT4G38520","AT5G12480","","","","","","","PMID:24833385","Interacting protein"
"AT1G14700_AT5G12480","Ca2+","AT1G14700","AT5G12480","","","","","","","PMID:24833385","Interacting protein"
"AT1G20620_AT5G19450","Ca2+","AT1G20620","AT5G19450","","","","","","","PMID:25966761","Interacting protein"
"AT2G18170_AT5G19450","Ca2+","AT2G18170","AT5G19450","","","","","","","PMID:19095804","Interacting protein"
"AT5G19010_AT5G19450","Ca2+","AT5G19010","AT5G19450","","","","","","","PMID:19095804","Interacting protein"
"AT5G37780_AT1G18890","Ca2+","AT5G37780","AT1G18890","","","","","","","PMID:25233328","Interacting protein"
"AT3G51920_AT1G18890","Ca2+","AT3G51920","AT1G18890","","","","","","","PMID:17360592","Interacting protein"
"AT4G18290_AT3G51850","Ca2+","AT4G18290","AT3G51850","","","","","","","PMID:25037208","Interacting protein"
"AT2G46500_AT3G51850","Ca2+","AT2G46500","AT3G51850","","","","","","","PMID:24833385","Interacting protein"
"AT3G10670_AT3G51850","Ca2+","AT3G10670","AT3G51850","","","","","","","PMID:24833385","Interacting protein"
"AT2G34180_AT4G21940","Ca2+","AT2G34180","AT4G21940","","","","","","","PMID:24833385","Interacting protein"
"AT4G11840_AT4G21940","Ca2+","AT4G11840","AT4G21940","","","","","","","PMID:24833385","Interacting protein"
"AT4G11460_AT4G21940","Ca2+","AT4G11460","AT4G21940","","","","","","","PMID:24833385","Interacting protein"
"AT4G26200_AT2G17890","Ca2+","AT4G26200","AT2G17890","","","","","","","PMID:23943848","Interacting protein"
"AT4G18710_AT4G04720","Ca2+","AT4G18710","AT4G04720","","","","","","","PMID:36660928","Interacting protein"
"AT3G13380_AT3G57530","Ca2+","AT3G13380","AT3G57530","","","","","","","PMID:24064770","Interacting protein"
"AT4G36250_AT2G41090","Ca2+","AT4G36250","AT2G41090","","","","","","","PMID:17360592","Interacting protein"
"AT4G18950_AT2G41090","Ca2+","AT4G18950","AT2G41090","","","","","","","PMID:17360592","Interacting protein"
"AT1G12680_AT2G41090","Ca2+","AT1G12680","AT2G41090","","","","","","","PMID:17360592","Interacting protein"
"AT4G23650_AT2G41090","Ca2+","AT4G23650","AT2G41090","","","","","","","PMID:17360592","Interacting protein"
"AT3G13320_AT2G41090","Ca2+","AT3G13320","AT2G41090","","","","","","","PMID:17360592","Interacting protein"
"AT5G35410_AT2G41090","Ca2+","AT5G35410","AT2G41090","","","","","","","PMID:17360592","Interacting protein"
"AT4G30960_AT2G41090","Ca2+","AT4G30960","AT2G41090","","","","","","","PMID:17360592","Interacting protein"
"AT1G20930_AT2G41090","Ca2+","AT1G20930","AT2G41090","","","","","","","PMID:17360592","Interacting protein"
"AT1G54610_AT2G41090","Ca2+","AT1G54610","AT2G41090","","","","","","","PMID:17360592","Interacting protein"
"AT2G20110_AT2G41090","Ca2+","AT2G20110","AT2G41090","","","","","","","PMID:17360592","Interacting protein"
"AT3G20110_AT2G41090","Ca2+","AT3G20110","AT2G41090","","","","","","","PMID:17360592","Interacting protein"
"AT3G61880_AT2G41090","Ca2+","AT3G61880","AT2G41090","","","","","","","PMID:17360592","Interacting protein"
"AT5G56030_AT2G41090","Ca2+","AT5G56030","AT2G41090","","","","","","","PMID:17360592","Interacting protein"
"AT1G53510_AT2G41090","Ca2+","AT1G53510","AT2G41090","","","","","","","PMID:17360592","Interacting protein"
"AT4G26070_AT2G41090","Ca2+","AT4G26070","AT2G41090","","","","","","","PMID:17360592","Interacting protein"
"AT4G37870_AT2G41090","Ca2+","AT4G37870","AT2G41090","","","","","","","PMID:17360592","Interacting protein"
"AT5G47810_AT2G41090","Ca2+","AT5G47810","AT2G41090","","","","","","","PMID:17360592","Interacting protein"
"AT4G13020_AT2G41090","Ca2+","AT4G13020","AT2G41090","","","","","","","PMID:17360592","Interacting protein"
"AT3G12200_AT2G41090","Ca2+","AT3G12200","AT2G41090","","","","","","","PMID:17360592","Interacting protein"
"AT4G35600_AT2G41090","Ca2+","AT4G35600","AT2G41090","","","","","","","PMID:17360592","Interacting protein"
"AT5G10520_AT2G41090","Ca2+","AT5G10520","AT2G41090","","","","","","","PMID:17360592","Interacting protein"
"AT1G28390_AT2G41090","Ca2+","AT1G28390","AT2G41090","","","","","","","PMID:17360592","Interacting protein"
"AT5G01890_AT2G41090","Ca2+","AT5G01890","AT2G41090","","","","","","","PMID:17360592","Interacting protein"
"AT5G49760_AT2G41090","Ca2+","AT5G49760","AT2G41090","","","","","","","PMID:17360592","Interacting protein"
"AT1G68400_AT2G41090","Ca2+","AT1G68400","AT2G41090","","","","","","","PMID:17360592","Interacting protein"
"AT2G48010_AT2G41090","Ca2+","AT2G48010","AT2G41090","","","","","","","PMID:17360592","Interacting protein"
"AT1G27190_AT2G41090","Ca2+","AT1G27190","AT2G41090","","","","","","","PMID:17360592","Interacting protein"
"AT3G61160_AT2G41090","Ca2+","AT3G61160","AT2G41090","","","","","","","PMID:17360592","Interacting protein"
"AT4G39540_AT2G41090","Ca2+","AT4G39540","AT2G41090","","","","","","","PMID:17360592","Interacting protein"
"AT3G01970_AT2G41090","Ca2+","AT3G01970","AT2G41090","","","","","","","PMID:17360592","Interacting protein"
"AT2G45790_AT2G41090","Ca2+","AT2G45790","AT2G41090","","","","","","","PMID:26315131","Interacting protein"
"AT4G01370_AT3G22930","Ca2+","AT4G01370","AT3G22930","","","","","","","PMID:19095804","Interacting protein"
"AT4G18710_AT1G12310","Ca2+","AT4G18710","AT1G12310","","","","","","","PMID:36660928","Interacting protein"
"AT3G19960_AT1G12310","Ca2+","AT3G19960","AT1G12310","","","","","","","PMID:21798944","Interacting protein"
"AT2G23420_AT1G12310","Ca2+","AT2G23420","AT1G12310","","","","","","","PMID:21798944","Interacting protein"
"AT3G21630_AT3G10190","Ca2+","AT3G21630","AT3G10190","","","","","","","PMID:25036661","Interacting protein"
"AT1G59870_AT5G42380","Ca2+","AT1G59870","AT5G42380","","","","","","","PMID:26315018","Interacting protein"
"AT1G59870_AT1G76650","Ca2+","AT1G59870","AT1G76650","","","","","","","PMID:26315018","Interacting protein"
"AT2G26980_AT4G17615","Ca2+","AT2G26980","AT4G17615","","","","","","","PMID:11115898","Interacting protein"
"AT3G11410_AT4G17615","Ca2+","AT3G11410","AT4G17615","","","","","","","PMID:21596690","Interacting protein"
"AT1G48260_AT4G17615","Ca2+","AT1G48260","AT4G17615","","","","","","","PMID:21798944","Interacting protein"
"AT3G17510_AT4G17615","Ca2+","AT3G17510","AT4G17615","","","","","","","PMID:18643980","Interacting protein"
"AT4G30960_AT4G17615","Ca2+","AT4G30960","AT4G17615","","","","","","","PMID:17898163","Interacting protein"
"AT2G25090_AT4G17615","Ca2+","AT2G25090","AT4G17615","","","","","","","PMID:17898163","Interacting protein"
"AT2G26650_AT4G17615","Ca2+","AT2G26650","AT4G17615","","","","","","","PMID:22548784","Interacting protein"
"AT5G57050_AT4G17615","Ca2+","AT5G57050","AT4G17615","","","","","","","PMID:25943353","Interacting protein"
"AT1G01140_AT4G17615","Ca2+","AT1G01140","AT4G17615","","","","","","","PMID:11402167","Interacting protein"
"AT5G01810_AT4G17615","Ca2+","AT5G01810","AT4G17615","","","","","","","PMID:12194854","Interacting protein"
"AT3G23000_AT4G17615","Ca2+","AT3G23000","AT4G17615","","","","","","","PMID:21600398","Interacting protein"
"AT4G01010_AT4G17615","Ca2+","AT4G01010","AT4G17615","","","","","","","PMID:22737156","Interacting protein"
"AT1G30270_AT4G17615","Ca2+","AT1G30270","AT4G17615","","","","","","","PMID:17922773","Interacting protein"
"AT5G21170_AT4G17615","Ca2+","AT5G21170","AT4G17615","","","","","","","PMID:23437128","Interacting protein"
"AT5G58380_AT4G17615","Ca2+","AT5G58380","AT4G17615","","","","","","","PMID:32612234","Interacting protein"
"AT5G10930_AT4G17615","Ca2+","AT5G10930","AT4G17615","","","","","","","PMID:32612234","Interacting protein"
"AT5G35410_AT4G17615","Ca2+","AT5G35410","AT4G17615","","","","","","","PMID:32612234","Interacting protein"
"AT3G11410_AT5G55990","Ca2+","AT3G11410","AT5G55990","","","","","","","PMID:21596690","Interacting protein"
"AT1G48260_AT5G55990","Ca2+","AT1G48260","AT5G55990","","","","","","","PMID:21798944","Interacting protein"
"AT4G18700_AT5G55990","Ca2+","AT4G18700","AT5G55990","","","","","","","PMID:21798944","Interacting protein"
"AT4G30960_AT5G55990","Ca2+","AT4G30960","AT5G55990","","","","","","","PMID:17898163","Interacting protein"
"AT2G25090_AT5G55990","Ca2+","AT2G25090","AT5G55990","","","","","","","PMID:17898163","Interacting protein"
"AT2G30360_AT5G55990","Ca2+","AT2G30360","AT5G55990","","","","","","","PMID:11402167","Interacting protein"
"AT3G17510_AT5G55990","Ca2+","AT3G17510","AT5G55990","","","","","","","PMID:11230129","Interacting protein"
"AT2G34180_AT5G55990","Ca2+","AT2G34180","AT5G55990","","","","","","","PMID:14730130","Interacting protein"
"AT1G29230_AT5G55990","Ca2+","AT1G29230","AT5G55990","","","","","","","PMID:14730130","Interacting protein"
"AT3G23000_AT5G55990","Ca2+","AT3G23000","AT5G55990","","","","","","","PMID:14730130","Interacting protein"
"AT5G35410_AT5G55990","Ca2+","AT5G35410","AT5G55990","","","","","","","PMID:19832944","Interacting protein"
"AT5G58380_AT5G55990","Ca2+","AT5G58380","AT5G55990","","","","","","","PMID:21798944","Interacting protein"
"AT2G26980_AT5G55990","Ca2+","AT2G26980","AT5G55990","","","","","","","PMID:25646412","Interacting protein"
"AT1G01140_AT5G55990","Ca2+","AT1G01140","AT5G55990","","","","","","","PMID:25646412","Interacting protein"
"AT1G30270_AT5G55990","Ca2+","AT1G30270","AT5G55990","","","","","","","PMID:25646412","Interacting protein"
"AT5G01820_AT5G55990","Ca2+","AT5G01820","AT5G55990","","","","","","","PMID:24521877","Interacting protein"
"AT5G57630_AT5G55990","Ca2+","AT5G57630","AT5G55990","","","","","","","PMID:26198257","Interacting protein"
"AT2G26650_AT5G24270","Ca2+","AT2G26650","AT5G24270","","","","","","","PMID:22548784","Interacting protein"
"AT5G10930_AT5G24270","Ca2+","AT5G10930","AT5G24270","","","","","","","PMID:24970010","Interacting protein"
"AT2G25090_AT5G24270","Ca2+","AT2G25090","AT5G24270","","","","","","","PMID:24970010","Interacting protein"
"AT1G48260_AT5G24270","Ca2+","AT1G48260","AT5G24270","","","","","","","PMID:24970010","Interacting protein"
"AT3G17510_AT5G24270","Ca2+","AT3G17510","AT5G24270","","","","","","","PMID:24970010","Interacting protein"
"AT5G35410_AT5G24270","Ca2+","AT5G35410","AT5G24270","","","","","","","PMID:24970010","Interacting protein"
"AT4G18700_AT5G24270","Ca2+","AT4G18700","AT5G24270","","","","","","","PMID:24970010","Interacting protein"
"AT1G29230_AT5G24270","Ca2+","AT1G29230","AT5G24270","","","","","","","PMID:24970010","Interacting protein"
"AT5G07070_AT5G24270","Ca2+","AT5G07070","AT5G24270","","","","","","","PMID:24970010","Interacting protein"
"AT4G30960_AT5G24270","Ca2+","AT4G30960","AT5G24270","","","","","","","PMID:24970010","Interacting protein"
"AT1G59870_AT5G24270","Ca2+","AT1G59870","AT5G24270","","","","","","","PMID:26315018","Interacting protein"
"AT3G11410_AT4G26560","Ca2+","AT3G11410","AT4G26560","","","","","","","PMID:21596690","Interacting protein"
"AT5G35410_AT4G26560","Ca2+","AT5G35410","AT4G26560","","","","","","","PMID:22253446","Interacting protein"
"AT1G01140_AT4G26560","Ca2+","AT1G01140","AT4G26560","","","","","","","PMID:23109687","Interacting protein"
"AT2G26650_AT4G26560","Ca2+","AT2G26650","AT4G26560","","","","","","","PMID:23331977","Interacting protein"
"AT1G01140_AT1G64480","Ca2+","AT1G01140","AT1G64480","","","","","","","PMID:23109687","Interacting protein"
"AT5G01820_AT1G64480","Ca2+","AT5G01820","AT1G64480","","","","","","","PMID:19832944","Interacting protein"
"AT5G35410_AT1G64480","Ca2+","AT5G35410","AT1G64480","","","","","","","PMID:22253446","Interacting protein"
"AT1G01340_AT5G53130","Ca2+","AT1G01340","AT5G53130","","","","","","","PMID:22737156","Interacting protein"
"AT3G48260_AT5G53130","Ca2+","AT3G48260","AT5G53130","","","","","","","PMID:24833385","Interacting protein"
"AT1G14700_AT5G53130","Ca2+","AT1G14700","AT5G53130","","","","","","","PMID:24833385","Interacting protein"
"AT4G23180_AT5G57940","Ca2+","AT4G23180","AT5G57940","","","","","","","PMID:22737156","Interacting protein"
"AT3G17000_AT5G57940","Ca2+","AT3G17000","AT5G57940","","","","","","","PMID:24833385","Interacting protein"
"AT1G17280_AT5G57940","Ca2+","AT1G17280","AT5G57940","","","","","","","PMID:24833385","Interacting protein"
"AT3G19820_AT5G57940","Ca2+","AT3G19820","AT5G57940","","","","","","","PMID:24833385","Interacting protein"
"AT4G19380_AT5G57940","Ca2+","AT4G19380","AT5G57940","","","","","","","PMID:24833385","Interacting protein"
"AT3G11200_AT5G57940","Ca2+","AT3G11200","AT5G57940","","","","","","","PMID:24833385","Interacting protein"
"AT3G48890_AT5G57940","Ca2+","AT3G48890","AT5G57940","","","","","","","PMID:24833385","Interacting protein"
"AT1G14700_AT5G57940","Ca2+","AT1G14700","AT5G57940","","","","","","","PMID:24833385","Interacting protein"
"AT1G17280_AT2G23980","Ca2+","AT1G17280","AT2G23980","","","","","","","PMID:24833385","Interacting protein"
"AT3G17000_AT2G23980","Ca2+","AT3G17000","AT2G23980","","","","","","","PMID:24833385","Interacting protein"
"AT1G31812_AT2G23980","Ca2+","AT1G31812","AT2G23980","","","","","","","PMID:24833385","Interacting protein"
"AT3G48260_AT2G23980","Ca2+","AT3G48260","AT2G23980","","","","","","","PMID:24833385","Interacting protein"
"AT1G14700_AT2G23980","Ca2+","AT1G14700","AT2G23980","","","","","","","PMID:24833385","Interacting protein"
"AT5G55630_AT4G30560","Ca2+","AT5G55630","AT4G30560","","","","","","","PMID:22737156","Interacting protein"
"AT1G01340_AT4G30560","Ca2+","AT1G01340","AT4G30560","","","","","","","PMID:22737156","Interacting protein"
"AT1G53270_AT4G30560","Ca2+","AT1G53270","AT4G30560","","","","","","","PMID:22737156","Interacting protein"
"AT3G17000_AT4G30560","Ca2+","AT3G17000","AT4G30560","","","","","","","PMID:24833385","Interacting protein"
"AT1G17280_AT4G30560","Ca2+","AT1G17280","AT4G30560","","","","","","","PMID:24833385","Interacting protein"
"AT4G01010_AT1G01340","Ca2+","AT4G01010","AT1G01340","","","","","","","PMID:22737156","Interacting protein"
"AT1G04310_AT1G01340","Ca2+","AT1G04310","AT1G01340","","","","","","","PMID:22737156","Interacting protein"
"AT5G55470_AT1G01340","Ca2+","AT5G55470","AT1G01340","","","","","","","PMID:22737156","Interacting protein"
"AT4G00900_AT1G01340","Ca2+","AT4G00900","AT1G01340","","","","","","","PMID:22737156","Interacting protein"
"AT2G18960_AT1G01340","Ca2+","AT2G18960","AT1G01340","","","","","","","PMID:22737156","Interacting protein"
"AT4G30190_AT1G01340","Ca2+","AT4G30190","AT1G01340","","","","","","","PMID:22737156","Interacting protein"
"AT4G30560_AT1G01340","Ca2+","AT4G30560","AT1G01340","","","","","","","PMID:22737156","Interacting protein"
"AT1G55730_AT1G01340","Ca2+","AT1G55730","AT1G01340","","","","","","","PMID:22737156","Interacting protein"
"AT1G53270_AT1G01340","Ca2+","AT1G53270","AT1G01340","","","","","","","PMID:22737156","Interacting protein"
"AT3G17700_AT1G01340","Ca2+","AT3G17700","AT1G01340","","","","","","","PMID:22737156","Interacting protein"
"AT4G37640_AT1G01340","Ca2+","AT4G37640","AT1G01340","","","","","","","PMID:22737156","Interacting protein"
"AT5G53130_AT1G01340","Ca2+","AT5G53130","AT1G01340","","","","","","","PMID:22737156","Interacting protein"
"AT3G05350_AT1G01340","Ca2+","AT3G05350","AT1G01340","","","","","","","PMID:22737156","Interacting protein"
"AT2G28070_AT1G01340","Ca2+","AT2G28070","AT1G01340","","","","","","","PMID:22737156","Interacting protein"
"AT3G01090_AT2G46450","Ca2+","AT3G01090","AT2G46450","","","","","","","PMID:32218501","Interacting protein"
"AT2G38170_AT4G01010","Ca2+","AT2G38170","AT4G01010","","","","","","","PMID:22737156","Interacting protein"
"AT4G17615_AT4G01010","Ca2+","AT4G17615","AT4G01010","","","","","","","PMID:22737156","Interacting protein"
"AT4G21380_AT4G01010","Ca2+","AT4G21380","AT4G01010","","","","","","","PMID:22737156","Interacting protein"
"AT1G69270_AT4G01010","Ca2+","AT1G69270","AT4G01010","","","","","","","PMID:22737156","Interacting protein"
"AT1G01340_AT4G01010","Ca2+","AT1G01340","AT4G01010","","","","","","","PMID:22737156","Interacting protein"
"AT5G03260_AT4G01010","Ca2+","AT5G03260","AT4G01010","","","","","","","PMID:22737156","Interacting protein"
"AT5G58270_AT4G01010","Ca2+","AT5G58270","AT4G01010","","","","","","","PMID:22737156","Interacting protein"
"AT3G01090_AT4G01010","Ca2+","AT3G01090","AT4G01010","","","","","","","PMID:22737156","Interacting protein"
"AT1G21270_AT4G01010","Ca2+","AT1G21270","AT4G01010","","","","","","","PMID:22737156","Interacting protein"
"AT1G54370_AT4G01010","Ca2+","AT1G54370","AT4G01010","","","","","","","PMID:22737156","Interacting protein"
"AT2G43850_AT4G30360","Ca2+","AT2G43850","AT4G30360","","","","","","","PMID:24833385","Interacting protein"
"AT1G17280_AT4G30360","Ca2+","AT1G17280","AT4G30360","","","","","","","PMID:24833385","Interacting protein"
"AT5G58270_AT4G30360","Ca2+","AT5G58270","AT4G30360","","","","","","","PMID:24833385","Interacting protein"
"AT1G35720_AT4G30360","Ca2+","AT1G35720","AT4G30360","","","","","","","PMID:24833385","Interacting protein"
"AT4G08470_AT4G30360","Ca2+","AT4G08470","AT4G30360","","","","","","","PMID:24833385","Interacting protein"
"AT3G16800_AT4G30360","Ca2+","AT3G16800","AT4G30360","","","","","","","PMID:24833385","Interacting protein"
"AT1G78860_AT4G30360","Ca2+","AT1G78860","AT4G30360","","","","","","","PMID:24833385","Interacting protein"
"AT2G18960_AT4G30360","Ca2+","AT2G18960","AT4G30360","","","","","","","PMID:26071421","Interacting protein"
"AT4G30190_AT4G30360","Ca2+","AT4G30190","AT4G30360","","","","","","","PMID:26071421","Interacting protein"
"AT1G01340_AT3G17700","Ca2+","AT1G01340","AT3G17700","","","","","","","PMID:22737156","Interacting protein"
"AT1G66410_AT3G17700","Ca2+","AT1G66410","AT3G17700","","","","","","","PMID:23385145","Interacting protein"
"AT5G21274_AT3G17700","Ca2+","AT5G21274","AT3G17700","","","","","","","PMID:23385145","Interacting protein"
"AT3G43810_AT3G17700","Ca2+","AT3G43810","AT3G17700","","","","","","","PMID:23385145","Interacting protein"
"AT1G07890_AT3G21630","chitin","AT1G07890","AT3G21630","","","","","","","PMID:25036661","Interacting protein"
"AT1G08830_AT3G21630","chitin","AT1G08830","AT3G21630","","","","","","","PMID:25036661","Interacting protein"
"AT1G20020_AT3G21630","chitin","AT1G20020","AT3G21630","","","","","","","PMID:25036661","Interacting protein"
"AT1G31812_AT3G21630","chitin","AT1G31812","AT3G21630","","","","","","","PMID:25036661","Interacting protein"
"AT1G42970_AT3G21630","chitin","AT1G42970","AT3G21630","","","","","","","PMID:25036661","Interacting protein"
"AT1G60950_AT3G21630","chitin","AT1G60950","AT3G21630","","","","","","","PMID:25036661","Interacting protein"
"AT2G28190_AT3G21630","chitin","AT2G28190","AT3G21630","","","","","","","PMID:25036661","Interacting protein"
"AT2G39840_AT3G21630","chitin","AT2G39840","AT3G21630","","","","","","","PMID:25036661","Interacting protein"
"AT2G41110_AT3G21630","chitin","AT2G41110","AT3G21630","","","","","","","PMID:25036661","Interacting protein"
"AT2G42540_AT3G21630","chitin","AT2G42540","AT3G21630","","","","","","","PMID:25036661","Interacting protein"
"AT2G33810_AT3G21630","chitin","AT2G33810","AT3G21630","","","","","","","PMID:25036661","Interacting protein"
"AT3G08770_AT3G21630","chitin","AT3G08770","AT3G21630","","","","","","","PMID:25036661","Interacting protein"
"AT3G10190_AT3G21630","chitin","AT3G10190","AT3G21630","","","","","","","PMID:25036661","Interacting protein"
"AT3G54890_AT3G21630","chitin","AT3G54890","AT3G21630","","","","","","","PMID:25036661","Interacting protein"
"AT5G48485_AT3G21630","chitin","AT5G48485","AT3G21630","","","","","","","PMID:25036661","Interacting protein"
"AT5G54270_AT3G21630","chitin","AT5G54270","AT3G21630","","","","","","","PMID:25036661","Interacting protein"
"AT3G23000_AT3G21630","chitin","AT3G23000","AT3G21630","","","","","","","PMID:24833385","Interacting protein"
"AT5G41990_AT3G21630","chitin","AT5G41990","AT3G21630","","","","","","","PMID:24833385","Interacting protein"
"AT1G35720_AT3G21630","chitin","AT1G35720","AT3G21630","","","","","","","PMID:24833385","Interacting protein"
"AT2G33580_AT3G21630","chitin","AT2G33580","AT3G21630","","","","","","","PMID:25340959","Interacting protein"
"AT2G18170_AT3G21630","chitin","AT2G18170","AT3G21630","","","","","","","PMID:19095804","Interacting protein"
"AT5G24010_AT2G23770","chitin","AT5G24010","AT2G23770","","","","","","","PMID:24833385","Interacting protein"
"AT3G17000_AT2G33580","chitin","AT3G17000","AT2G33580","","","","","","","PMID:24833385","Interacting protein"
"AT1G17280_AT2G33580","chitin","AT1G17280","AT2G33580","","","","","","","PMID:24833385","Interacting protein"
"AT3G17210_AT2G33580","chitin","AT3G17210","AT2G33580","","","","","","","PMID:24833385","Interacting protein"
"AT3G21630_AT2G33580","chitin","AT3G21630","AT2G33580","","","","","","","PMID:25340959","Interacting protein"
"AT4G29040_AT5G35750","CTK","AT4G29040","AT5G35750","","","","","","","PMID:18642946","Interacting protein"
"AT5G42080_AT5G35750","CTK","AT5G42080","AT5G35750","","","","","","","PMID:18642946","Interacting protein"
"AT5G42650_AT5G35750","CTK","AT5G42650","AT5G35750","","","","","","","PMID:18642946","Interacting protein"
"AT1G26270_AT5G35750","CTK","AT1G26270","AT5G35750","","","","","","","PMID:18642946","Interacting protein"
"AT3G51630_AT2G01830","CTK","AT3G51630","AT2G01830","","","","","","","PMID:18642946","Interacting protein"
"AT5G16070_AT2G01830","CTK","AT5G16070","AT2G01830","","","","","","","PMID:18642946","Interacting protein"
"AT2G38280_AT2G01830","CTK","AT2G38280","AT2G01830","","","","","","","PMID:18642946","Interacting protein"
"AT1G13440_AT2G01830","CTK","AT1G13440","AT2G01830","","","","","","","PMID:18642946","Interacting protein"
"AT2G05070_AT2G01830","CTK","AT2G05070","AT2G01830","","","","","","","PMID:18642946","Interacting protein"
"AT1G09970_AT5G20480","elf18","AT1G09970","AT5G20480","","","","","","","PMID:29320478","Interacting protein"
"AT4G28650_AT5G20480","elf18","AT4G28650","AT5G20480","","","","","","","PMID:29320478","Interacting protein"
"AT3G14350_AT5G20480","elf18","AT3G14350","AT5G20480","","","","","","","PMID:29320478","Interacting protein"
"AT5G46330_AT5G20480","elf18","AT5G46330","AT5G20480","","","","","","","PMID:29320478","Interacting protein"
"AT1G69270_AT5G20480","elf18","AT1G69270","AT5G20480","","","","","","","PMID:29320478","Interacting protein"
"AT4G22130_AT5G20480","elf18","AT4G22130","AT5G20480","","","","","","","PMID:29320478","Interacting protein"
"AT5G65700_AT5G20480","elf18","AT5G65700","AT5G20480","","","","","","","PMID:29320478","Interacting protein"
"AT3G13380_AT5G20480","elf18","AT3G13380","AT5G20480","","","","","","","PMID:29320478","Interacting protein"
"AT4G39400_AT5G20480","elf18","AT4G39400","AT5G20480","","","","","","","PMID:29320478","Interacting protein"
"AT4G26540_AT5G20480","elf18","AT4G26540","AT5G20480","","","","","","","PMID:29320478","Interacting protein"
"AT4G03390_AT5G20480","elf18","AT4G03390","AT5G20480","","","","","","","PMID:29320478","Interacting protein"
"AT1G53730_AT5G20480","elf18","AT1G53730","AT5G20480","","","","","","","PMID:29320478","Interacting protein"
"AT5G23860_AT1G04310","ET","AT5G23860","AT1G04310","","","","","","","PMID:22737156","Interacting protein"
"AT3G06370_AT1G04310","ET","AT3G06370","AT1G04310","","","","","","","PMID:22737156","Interacting protein"
"AT5G03260_AT1G04310","ET","AT5G03260","AT1G04310","","","","","","","PMID:22737156","Interacting protein"
"AT1G01340_AT1G04310","ET","AT1G01340","AT1G04310","","","","","","","PMID:22737156","Interacting protein"
"AT1G21270_AT1G04310","ET","AT1G21270","AT1G04310","","","","","","","PMID:22737156","Interacting protein"
"AT5G13160_AT5G46330","flg22","AT5G13160","AT5G46330","","","","","","","PMID:20413097","Interacting protein"
"AT3G55450_AT5G46330","flg22","AT3G55450","AT5G46330","","","","","","","PMID:20413097","Interacting protein"
"AT5G41260_AT5G46330","flg22","AT5G41260","AT5G46330","","","","","","","PMID:21726371","Interacting protein"
"AT3G07040_AT5G46330","flg22","AT3G07040","AT5G46330","","","","","","","PMID:21726371","Interacting protein"
"AT4G26090_AT5G46330","flg22","AT4G26090","AT5G46330","","","","","","","PMID:21726371","Interacting protein"
"AT1G12220_AT5G46330","flg22","AT1G12220","AT5G46330","","","","","","","PMID:21726371","Interacting protein"
"AT4G36290_AT5G46330","flg22","AT4G36290","AT5G46330","","","","","","","PMID:23250427","Interacting protein"
"AT5G48380_AT5G46330","flg22","AT5G48380","AT5G46330","","","","","","","PMID:29320478","Interacting protein"
"AT1G53730_AT5G46330","flg22","AT1G53730","AT5G46330","","","","","","","PMID:29320478","Interacting protein"
"AT5G20480_AT5G46330","flg22","AT5G20480","AT5G46330","","","","","","","PMID:29320478","Interacting protein"
"AT1G72300_AT5G46330","flg22","AT1G72300","AT5G46330","","","","","","","PMID:29320478","Interacting protein"
"AT5G65710_AT5G46330","flg22","AT5G65710","AT5G46330","","","","","","","PMID:29320478","Interacting protein"
"AT4G30520_AT5G46330","flg22","AT4G30520","AT5G46330","","","","","","","PMID:29320478","Interacting protein"
"AT4G20940_AT5G46330","flg22","AT4G20940","AT5G46330","","","","","","","PMID:29320478","Interacting protein"
"AT1G55610_AT5G46330","flg22","AT1G55610","AT5G46330","","","","","","","PMID:29320478","Interacting protein"
"AT3G13380_AT5G46330","flg22","AT3G13380","AT5G46330","","","","","","","PMID:29320478","Interacting protein"
"AT1G69270_AT5G46330","flg22","AT1G69270","AT5G46330","","","","","","","PMID:29320478","Interacting protein"
"AT5G16000_AT5G46330","flg22","AT5G16000","AT5G46330","","","","","","","PMID:29320478","Interacting protein"
"AT2G14510_AT5G46330","flg22","AT2G14510","AT5G46330","","","","","","","PMID:29320478","Interacting protein"
"AT1G48480_AT5G46330","flg22","AT1G48480","AT5G46330","","","","","","","PMID:29320478","Interacting protein"
"AT3G56370_AT5G46330","flg22","AT3G56370","AT5G46330","","","","","","","PMID:29320478","Interacting protein"
"AT1G27190_AT5G46330","flg22","AT1G27190","AT5G46330","","","","","","","PMID:29320478","Interacting protein"
"AT5G65700_AT5G46330","flg22","AT5G65700","AT5G46330","","","","","","","PMID:29320478","Interacting protein"
"AT5G63710_AT5G46330","flg22","AT5G63710","AT5G46330","","","","","","","PMID:29320478","Interacting protein"
"AT1G64210_AT5G46330","flg22","AT1G64210","AT5G46330","","","","","","","PMID:29320478","Interacting protein"
"AT1G09970_AT5G46330","flg22","AT1G09970","AT5G46330","","","","","","","PMID:29320478","Interacting protein"
"AT5G57110_AT5G46330","flg22","AT5G57110","AT5G46330","","","","","","","PMID:22535420","Interacting protein"
"AT4G35230_AT5G46330","flg22","AT4G35230","AT5G46330","","","","","","","PMID:23532072","Interacting protein"
"AT5G01540_AT5G46330","flg22","AT5G01540","AT5G46330","","","","","","","PMID:24844677","Interacting protein"
"AT4G31500_AT3G05120","GA","AT4G31500","AT3G05120","","","","","","","PMID:17194763","Interacting protein"
"AT5G25900_AT3G05120","GA","AT5G25900","AT3G05120","","","","","","","PMID:19037309","Interacting protein"
"AT1G71230_AT3G63010","GA","AT1G71230","AT3G63010","","","","","","","PMID:32612234","Interacting protein"
"AT1G30120_AT3G63010","GA","AT1G30120","AT3G63010","","","","","","","PMID:32612234","Interacting protein"
"AT2G34590_AT3G63010","GA","AT2G34590","AT3G63010","","","","","","","PMID:32612234","Interacting protein"
"AT4G08920_AT3G63010","GA","AT4G08920","AT3G63010","","","","","","","PMID:34046684","Interacting protein"
"AT4G36800_AT3G62980","IAA","AT4G36800","AT3G62980","","","","","","","PMID:12682009","Interacting protein"
"AT4G22200_AT2G26650","K+","AT4G22200","AT2G26650","","","","","","","PMID:12678562","Interacting protein"
"AT4G23180_AT2G26650","K+","AT4G23180","AT2G26650","","","","","","","PMID:22737156","Interacting protein"
"AT4G26560_AT2G26650","K+","AT4G26560","AT2G26650","","","","","","","PMID:23331977","Interacting protein"
"AT4G17615_AT2G26650","K+","AT4G17615","AT2G26650","","","","","","","PMID:22548784","Interacting protein"
"AT5G24270_AT2G26650","K+","AT5G24270","AT2G26650","","","","","","","PMID:22548784","Interacting protein"
"AT5G46240_AT2G26650","K+","AT5G46240","AT2G26650","","","","","","","PMID:15299147","Interacting protein"
"AT4G32650_AT2G26650","K+","AT4G32650","AT2G26650","","","","","","","PMID:19509299","Interacting protein"
"AT4G30960_AT2G26650","K+","AT4G30960","AT2G26650","","","","","","","PMID:17898163","Interacting protein"
"AT2G25090_AT2G26650","K+","AT2G25090","AT2G26650","","","","","","","PMID:17898163","Interacting protein"
"AT1G30270_AT2G26650","K+","AT1G30270","AT2G26650","","","","","","","PMID:17898163","Interacting protein"
"AT1G04690_AT5G46240","K+","AT1G04690","AT5G46240","","","","","","","PMID:8837508","Interacting protein"
"AT2G30020_AT5G46240","K+","AT2G30020","AT5G46240","","","","","","","PMID:24833385","Interacting protein"
"AT2G26650_AT5G46240","K+","AT2G26650","AT5G46240","","","","","","","PMID:15299147","Interacting protein"
"AT5G21170_AT5G46240","K+","AT5G21170","AT5G46240","","","","","","","PMID:32218501","Interacting protein"
"AT4G22200_AT5G46240","K+","AT4G22200","AT5G46240","","","","","","","PMID:27002025","Interacting protein"
"AT4G18290_AT5G46240","K+","AT4G18290","AT5G46240","","","","","","","PMID:27002025","Interacting protein"
"AT5G46240_AT4G18290","K+","AT5G46240","AT4G18290","","","","","","","PMID:17085433","Interacting protein"
"AT4G22200_AT4G18290","K+","AT4G22200","AT4G18290","","","","","","","PMID:17085433","Interacting protein"
"AT3G51850_AT4G18290","K+","AT3G51850","AT4G18290","","","","","","","PMID:25037208","Interacting protein"
"AT5G64560_AT1G80900","Mg2+","AT5G64560","AT1G80900","","","","","","","PMID:24833385","Interacting protein"
"AT5G64560_AT5G09690","Mg2+","AT5G64560","AT5G09690","","","","","","","PMID:24833385","Interacting protein"
"AT1G17280_AT5G64560","Mg2+","AT1G17280","AT5G64560","","","","","","","PMID:24833385","Interacting protein"
"AT3G51790_AT5G64560","Mg2+","AT3G51790","AT5G64560","","","","","","","PMID:24833385","Interacting protein"
"AT1G70760_AT5G64560","Mg2+","AT1G70760","AT5G64560","","","","","","","PMID:24833385","Interacting protein"
"AT5G09690_AT5G64560","Mg2+","AT5G09690","AT5G64560","","","","","","","PMID:24833385","Interacting protein"
"AT1G80900_AT5G64560","Mg2+","AT1G80900","AT5G64560","","","","","","","PMID:24833385","Interacting protein"
"AT1G30270_AT1G12110","NO3-","AT1G30270","AT1G12110","","","","","","","PMID:19766570","Interacting protein"
"AT1G17280_AT1G12110","NO3-","AT1G17280","AT1G12110","","","","","","","PMID:24833385","Interacting protein"
"AT5G41990_AT1G12110","NO3-","AT5G41990","AT1G12110","","","","","","","PMID:24833385","Interacting protein"
"AT3G26830_AT1G12110","NO3-","AT3G26830","AT1G12110","","","","","","","PMID:24833385","Interacting protein"
"AT4G22200_AT1G12110","NO3-","AT4G22200","AT1G12110","","","","","","","PMID:24833385","Interacting protein"
"AT2G17290_AT1G12110","NO3-","AT2G17290","AT1G12110","","","","","","","PMID:37463320","Interacting protein"
"AT3G17000_AT1G69870","NO3-","AT3G17000","AT1G69870","","","","","","","PMID:24833385","Interacting protein"
"AT1G17280_AT1G69870","NO3-","AT1G17280","AT1G69870","","","","","","","PMID:24833385","Interacting protein"
"AT1G04310_AT1G69870","NO3-","AT1G04310","AT1G69870","","","","","","","PMID:24833385","Interacting protein"
"AT3G53130_AT1G18880","NO3-","AT3G53130","AT1G18880","","","","","","","PMID:24833385","Interacting protein"
"AT1G17280_AT1G18880","NO3-","AT1G17280","AT1G18880","","","","","","","PMID:24833385","Interacting protein"
"AT1G31812_AT1G18880","NO3-","AT1G31812","AT1G18880","","","","","","","PMID:24833385","Interacting protein"
"AT1G65790_AT1G18880","NO3-","AT1G65790","AT1G18880","","","","","","","PMID:24833385","Interacting protein"
"AT3G19820_AT1G18880","NO3-","AT3G19820","AT1G18880","","","","","","","PMID:24833385","Interacting protein"
"AT3G48890_AT1G18880","NO3-","AT3G48890","AT1G18880","","","","","","","PMID:24833385","Interacting protein"
"AT1G14700_AT1G18880","NO3-","AT1G14700","AT1G18880","","","","","","","PMID:24833385","Interacting protein"
"AT4G13770_AT5G62680","NO3-","AT4G13770","AT5G62680","","","","","","","STRING database","Interacting protein"
"AT1G21690_AT5G45110","SA","AT1G21690","AT5G45110","","","","","","","PMID:32612234","Interacting protein"
"AT4G14480_AT1G31420","","AT4G14480","AT1G31420","","","","","","","PMID:29320478","Interacting protein"
"AT1G08590_AT1G31420","","AT1G08590","AT1G31420","","","","","","","PMID:29320478","Interacting protein"
"AT3G17000_AT1G31420","","AT3G17000","AT1G31420","","","","","","","PMID:29320478","Interacting protein"
"AT1G17280_AT1G31420","","AT1G17280","AT1G31420","","","","","","","PMID:29320478","Interacting protein"
"AT2G35620_AT1G31420","","AT2G35620","AT1G31420","","","","","","","PMID:29320478","Interacting protein"
"AT5G65800_AT1G31420","","AT5G65800","AT1G31420","","","","","","","PMID:29320478","Interacting protein"
"AT1G53440_AT1G31420","","AT1G53440","AT1G31420","","","","","","","PMID:29320478","Interacting protein"
"AT1G48480_AT1G31420","","AT1G48480","AT1G31420","","","","","","","PMID:29320478","Interacting protein"
"AT2G28960_AT1G31420","","AT2G28960","AT1G31420","","","","","","","PMID:29320478","Interacting protein"
"AT1G56130_AT1G31420","","AT1G56130","AT1G31420","","","","","","","PMID:29320478","Interacting protein"
"AT1G34210_AT1G31420","","AT1G34210","AT1G31420","","","","","","","PMID:29320478","Interacting protein"
"AT1G17280_AT1G34110","","AT1G17280","AT1G34110","","","","","","","PMID:29320478","Interacting protein"
"AT2G41820_AT1G51890","","AT2G41820","AT1G51890","","","","","","","PMID:24833385","Interacting protein"
"AT5G01890_AT1G51890","","AT5G01890","AT1G51890","","","","","","","PMID:24833385","Interacting protein"
"AT5G45840_AT1G63430","","AT5G45840","AT1G63430","","","","","","","PMID:24833385","Interacting protein"
"AT2G02780_AT1G63430","","AT2G02780","AT1G63430","","","","","","","PMID:24833385","Interacting protein"
"AT5G65240_AT1G63430","","AT5G65240","AT1G63430","","","","","","","PMID:24833385","Interacting protein"
"AT1G34210_AT1G63430","","AT1G34210","AT1G63430","","","","","","","PMID:24833385","Interacting protein"
"AT2G28960_AT1G74360","","AT2G28960","AT1G74360","","","","","","","PMID:24833385","Interacting protein"
"AT1G53440_AT1G74360","","AT1G53440","AT1G74360","","","","","","","PMID:19017745","Interacting protein"
"AT1G56130_AT1G74360","","AT1G56130","AT1G74360","","","","","","","PMID:19017745","Interacting protein"
"AT1G74360_AT2G02780","","AT1G74360","AT2G02780","","","","","","","PMID:29320478","Interacting protein"
"AT1G29750_AT2G02780","","AT1G29750","AT2G02780","","","","","","","PMID:29320478","Interacting protein"
"AT2G24230_AT2G02780","","AT2G24230","AT2G02780","","","","","","","PMID:25036661","Interacting protein"
"AT5G49760_AT2G02780","","AT5G49760","AT2G02780","","","","","","","PMID:29320478","Interacting protein"
"AT2G01950_AT2G02780","","AT2G01950","AT2G02780","","","","","","","PMID:29320478","Interacting protein"
"AT3G46330_AT2G02780","","AT3G46330","AT2G02780","","","","","","","PMID:29320478","Interacting protein"
"AT1G56130_AT2G02780","","AT1G56130","AT2G02780","","","","","","","PMID:29320478","Interacting protein"
"AT3G21340_AT2G02780","","AT3G21340","AT2G02780","","","","","","","PMID:29320478","Interacting protein"
"AT3G47570_AT2G02780","","AT3G47570","AT2G02780","","","","","","","PMID:29320478","Interacting protein"
"AT1G53430_AT2G02780","","AT1G53430","AT2G02780","","","","","","","PMID:29320478","Interacting protein"
"AT1G08590_AT2G02780","","AT1G08590","AT2G02780","","","","","","","PMID:29320478","Interacting protein"
"AT2G41820_AT2G02780","","AT2G41820","AT2G02780","","","","","","","PMID:29320478","Interacting protein"
"AT1G56140_AT2G02780","","AT1G56140","AT2G02780","","","","","","","PMID:29320478","Interacting protein"
"AT3G51740_AT2G02780","","AT3G51740","AT2G02780","","","","","","","PMID:29320478","Interacting protein"
"AT4G20940_AT2G02780","","AT4G20940","AT2G02780","","","","","","","PMID:29320478","Interacting protein"
"AT3G17000_AT2G28960","","AT3G17000","AT2G28960","","","","","","","PMID:29320478","Interacting protein"
"AT1G17280_AT2G28960","","AT1G17280","AT2G28960","","","","","","","PMID:29320478","Interacting protein"
"AT1G31812_AT2G28960","","AT1G31812","AT2G28960","","","","","","","PMID:24833385","Interacting protein"
"AT3G01500_AT2G28960","","AT3G01500","AT2G28960","","","","","","","PMID:24833385","Interacting protein"
"AT2G24940_AT2G28960","","AT2G24940","AT2G28960","","","","","","","PMID:29320478","Interacting protein"
"AT3G48890_AT2G28960","","AT3G48890","AT2G28960","","","","","","","PMID:29320478","Interacting protein"
"AT1G14700_AT2G28960","","AT1G14700","AT2G28960","","","","","","","PMID:29320478","Interacting protein"
"AT4G39890_AT2G28960","","AT4G39890","AT2G28960","","","","","","","PMID:29320478","Interacting protein"
"AT3G46830_AT2G28960","","AT3G46830","AT2G28960","","","","","","","PMID:29320478","Interacting protein"
"AT3G17000_AT2G35620","","AT3G17000","AT2G35620","","","","","","","PMID:29320478","Interacting protein"
"AT1G17280_AT2G35620","","AT1G17280","AT2G35620","","","","","","","PMID:29320478","Interacting protein"
"AT5G65800_AT2G35620","","AT5G65800","AT2G35620","","","","","","","PMID:29320478","Interacting protein"
"AT2G28960_AT2G35620","","AT2G28960","AT2G35620","","","","","","","PMID:29320478","Interacting protein"
"AT5G45840_AT2G35620","","AT5G45840","AT2G35620","","","","","","","PMID:29320478","Interacting protein"
"AT2G41820_AT3G46330","","AT2G41820","AT3G46330","","","","","","","PMID:24833385","Interacting protein"
"AT1G12460_AT3G46330","","AT1G12460","AT3G46330","","","","","","","PMID:24833385","Interacting protein"
"AT5G01890_AT3G46330","","AT5G01890","AT3G46330","","","","","","","PMID:29320478","Interacting protein"
"AT1G66150_AT3G56100","","AT1G66150","AT3G56100","","","","","","","PMID:21423366","Interacting protein"
"AT3G21340_AT3G56100","","AT3G21340","AT3G56100","","","","","","","PMID:29320478","Interacting protein"
"AT1G51890_AT3G56100","","AT1G51890","AT3G56100","","","","","","","PMID:29320478","Interacting protein"
"AT5G53890_AT3G56100","","AT5G53890","AT3G56100","","","","","","","PMID:29320478","Interacting protein"
"AT3G46330_AT3G56100","","AT3G46330","AT3G56100","","","","","","","PMID:29320478","Interacting protein"
"AT2G31880_AT3G56100","","AT2G31880","AT3G56100","","","","","","","PMID:29320478","Interacting protein"
"AT3G17000_AT4G20140","","AT3G17000","AT4G20140","","","","","","","PMID:29320478","Interacting protein"
"AT1G17280_AT4G20140","","AT1G17280","AT4G20140","","","","","","","PMID:29320478","Interacting protein"
"AT2G25790_AT4G20140","","AT2G25790","AT4G20140","","","","","","","PMID:29320478","Interacting protein"
"AT2G01820_AT4G20140","","AT2G01820","AT4G20140","","","","","","","PMID:29320478","Interacting protein"
"AT3G28040_AT4G20140","","AT3G28040","AT4G20140","","","","","","","PMID:29320478","Interacting protein"
"AT5G45840_AT4G20140","","AT5G45840","AT4G20140","","","","","","","PMID:29320478","Interacting protein"
"AT3G25560_AT4G20140","","AT3G25560","AT4G20140","","","","","","","PMID:29320478","Interacting protein"
"AT1G06840_AT4G20140","","AT1G06840","AT4G20140","","","","","","","PMID:29320478","Interacting protein"
"AT4G20940_AT4G20140","","AT4G20940","AT4G20140","","","","","","","PMID:29320478","Interacting protein"
"AT1G12460_AT4G20140","","AT1G12460","AT4G20140","","","","","","","PMID:29320478","Interacting protein"
"AT1G55610_AT4G20140","","AT1G55610","AT4G20140","","","","","","","PMID:29320478","Interacting protein"
"AT1G31420_AT4G20140","","AT1G31420","AT4G20140","","","","","","","PMID:29320478","Interacting protein"
"AT5G49760_AT4G20140","","AT5G49760","AT4G20140","","","","","","","PMID:29320478","Interacting protein"
"AT5G10020_AT4G20140","","AT5G10020","AT4G20140","","","","","","","PMID:29320478","Interacting protein"
"AT4G31250_AT4G20140","","AT4G31250","AT4G20140","","","","","","","PMID:29320478","Interacting protein"
"AT3G56370_AT4G20140","","AT3G56370","AT4G20140","","","","","","","PMID:29320478","Interacting protein"
"AT4G36180_AT4G20140","","AT4G36180","AT4G20140","","","","","","","PMID:29320478","Interacting protein"
"AT2G41820_AT4G20140","","AT2G41820","AT4G20140","","","","","","","PMID:29320478","Interacting protein"
"AT3G30180_AT4G20940","","AT3G30180","AT4G20940","","","","","","","PMID:29320478","Interacting protein"
"AT1G17280_AT4G20940","","AT1G17280","AT4G20940","","","","","","","PMID:29320478","Interacting protein"
"AT1G56130_AT4G20940","","AT1G56130","AT4G20940","","","","","","","PMID:29320478","Interacting protein"
"AT1G67720_AT4G26540","","AT1G67720","AT4G26540","","","","","","","PMID:29320478","Interacting protein"
"AT3G13380_AT4G26540","","AT3G13380","AT4G26540","","","","","","","PMID:29320478","Interacting protein"
"AT4G20140_AT4G26540","","AT4G20140","AT4G26540","","","","","","","PMID:29320478","Interacting protein"
"AT1G75820_AT4G26540","","AT1G75820","AT4G26540","","","","","","","PMID:29320478","Interacting protein"
"AT1G12460_AT4G26540","","AT1G12460","AT4G26540","","","","","","","PMID:29320478","Interacting protein"
"AT4G39400_AT4G26540","","AT4G39400","AT4G26540","","","","","","","PMID:29320478","Interacting protein"
"AT4G18640_AT4G26540","","AT4G18640","AT4G26540","","","","","","","PMID:29320478","Interacting protein"
"AT5G49760_AT4G26540","","AT5G49760","AT4G26540","","","","","","","PMID:29320478","Interacting protein"
"AT2G26330_AT4G26540","","AT2G26330","AT4G26540","","","","","","","PMID:29320478","Interacting protein"
"AT1G05700_AT4G26540","","AT1G05700","AT4G26540","","","","","","","PMID:29320478","Interacting protein"
"AT5G20480_AT4G26540","","AT5G20480","AT4G26540","","","","","","","PMID:29320478","Interacting protein"
"AT5G65700_AT4G26540","","AT5G65700","AT4G26540","","","","","","","PMID:29320478","Interacting protein"
"AT1G72300_AT4G26540","","AT1G72300","AT4G26540","","","","","","","PMID:29320478","Interacting protein"
"AT1G07550_AT4G26540","","AT1G07550","AT4G26540","","","","","","","PMID:29320478","Interacting protein"
"AT2G02780_AT4G26540","","AT2G02780","AT4G26540","","","","","","","PMID:29320478","Interacting protein"
"AT3G24240_AT4G26540","","AT3G24240","AT4G26540","","","","","","","PMID:29320478","Interacting protein"
"AT1G07560_AT4G26540","","AT1G07560","AT4G26540","","","","","","","PMID:29320478","Interacting protein"
"AT5G59680_AT4G26540","","AT5G59680","AT4G26540","","","","","","","PMID:29320478","Interacting protein"
"AT1G69270_AT4G26540","","AT1G69270","AT4G26540","","","","","","","PMID:29320478","Interacting protein"
"AT1G51820_AT4G26540","","AT1G51820","AT4G26540","","","","","","","PMID:24833385","Interacting protein"
"AT1G14390_AT4G26540","","AT1G14390","AT4G26540","","","","","","","PMID:24833385","Interacting protein"
"AT2G02780_AT4G29180","","AT2G02780","AT4G29180","","","","","","","PMID:24833385","Interacting protein"
"AT3G24240_AT4G29180","","AT3G24240","AT4G29180","","","","","","","PMID:24833385","Interacting protein"
"AT5G45840_AT4G29180","","AT5G45840","AT4G29180","","","","","","","PMID:29320478","Interacting protein"
"AT1G29750_AT4G29180","","AT1G29750","AT4G29180","","","","","","","PMID:29320478","Interacting protein"
"AT1G35710_AT4G29180","","AT1G35710","AT4G29180","","","","","","","PMID:29320478","Interacting protein"
"AT3G51740_AT4G29180","","AT3G51740","AT4G29180","","","","","","","PMID:29320478","Interacting protein"
"AT3G23750_AT4G29180","","AT3G23750","AT4G29180","","","","","","","PMID:29320478","Interacting protein"
"AT1G63430_AT4G29180","","AT1G63430","AT4G29180","","","","","","","PMID:29320478","Interacting protein"
"AT1G51820_AT4G29180","","AT1G51820","AT4G29180","","","","","","","PMID:29320478","Interacting protein"
"AT2G31880_AT4G29180","","AT2G31880","AT4G29180","","","","","","","PMID:29320478","Interacting protein"
"AT5G63930_AT4G29180","","AT5G63930","AT4G29180","","","","","","","PMID:29320478","Interacting protein"
"AT2G28990_AT4G29180","","AT2G28990","AT4G29180","","","","","","","PMID:29320478","Interacting protein"
"AT2G19190_AT4G29180","","AT2G19190","AT4G29180","","","","","","","PMID:29320478","Interacting protein"
"AT1G07550_AT4G29180","","AT1G07550","AT4G29180","","","","","","","PMID:29320478","Interacting protein"
"AT4G20450_AT4G29180","","AT4G20450","AT4G29180","","","","","","","PMID:29320478","Interacting protein"
"AT1G34210_AT4G29180","","AT1G34210","AT4G29180","","","","","","","PMID:29320478","Interacting protein"
"AT3G56100_AT4G29180","","AT3G56100","AT4G29180","","","","","","","PMID:29320478","Interacting protein"
"AT5G48740_AT4G29180","","AT5G48740","AT4G29180","","","","","","","PMID:29320478","Interacting protein"
"AT1G14390_AT4G29180","","AT1G14390","AT4G29180","","","","","","","PMID:29320478","Interacting protein"
"AT1G29720_AT4G29180","","AT1G29720","AT4G29180","","","","","","","PMID:29320478","Interacting protein"
"AT4G18640_AT4G29180","","AT4G18640","AT4G29180","","","","","","","PMID:29320478","Interacting protein"
"AT1G51890_AT4G29180","","AT1G51890","AT4G29180","","","","","","","PMID:29320478","Interacting protein"
"AT1G05700_AT4G29180","","AT1G05700","AT4G29180","","","","","","","PMID:29320478","Interacting protein"
"AT5G61480_AT4G29180","","AT5G61480","AT4G29180","","","","","","","PMID:29320478","Interacting protein"
"AT1G67720_AT4G29180","","AT1G67720","AT4G29180","","","","","","","PMID:29320478","Interacting protein"
"AT5G65240_AT4G29180","","AT5G65240","AT4G29180","","","","","","","PMID:29320478","Interacting protein"
"AT1G17280_AT4G31250","","AT1G17280","AT4G31250","","","","","","","PMID:29320478","Interacting protein"
"AT3G17000_AT4G31250","","AT3G17000","AT4G31250","","","","","","","PMID:29320478","Interacting protein"
"AT1G14700_AT4G31250","","AT1G14700","AT4G31250","","","","","","","PMID:24833385","Interacting protein"
"AT1G31420_AT4G31250","","AT1G31420","AT4G31250","","","","","","","PMID:24833385","Interacting protein"
"AT2G41820_AT4G31250","","AT2G41820","AT4G31250","","","","","","","PMID:24833385","Interacting protein"
"AT5G07280_AT4G31250","","AT5G07280","AT4G31250","","","","","","","PMID:29320478","Interacting protein"
"AT1G53430_AT4G31250","","AT1G53430","AT4G31250","","","","","","","PMID:29320478","Interacting protein"
"AT5G53890_AT4G31250","","AT5G53890","AT4G31250","","","","","","","PMID:29320478","Interacting protein"
"AT2G25790_AT4G31250","","AT2G25790","AT4G31250","","","","","","","PMID:29320478","Interacting protein"
"AT1G34110_AT4G31250","","AT1G34110","AT4G31250","","","","","","","PMID:29320478","Interacting protein"
"AT1G08590_AT4G31250","","AT1G08590","AT4G31250","","","","","","","PMID:29320478","Interacting protein"
"AT3G21340_AT4G31250","","AT3G21340","AT4G31250","","","","","","","PMID:29320478","Interacting protein"
"AT1G60800_AT4G31250","","AT1G60800","AT4G31250","","","","","","","PMID:24833385","Interacting protein"
"AT1G74360_AT4G31250","","AT1G74360","AT4G31250","","","","","","","PMID:29320478","Interacting protein"
"AT5G49770_AT4G31250","","AT5G49770","AT4G31250","","","","","","","PMID:29320478","Interacting protein"
"AT3G13065_AT4G31250","","AT3G13065","AT4G31250","","","","","","","PMID:29320478","Interacting protein"
"AT2G01820_AT4G31250","","AT2G01820","AT4G31250","","","","","","","PMID:29320478","Interacting protein"
"AT5G65700_AT4G31250","","AT5G65700","AT4G31250","","","","","","","PMID:29320478","Interacting protein"
"AT4G20940_AT4G31250","","AT4G20940","AT4G31250","","","","","","","PMID:29320478","Interacting protein"
"AT1G51890_AT4G31250","","AT1G51890","AT4G31250","","","","","","","PMID:29320478","Interacting protein"
"AT5G63930_AT4G31250","","AT5G63930","AT4G31250","","","","","","","PMID:29320478","Interacting protein"
"AT2G35620_AT4G31250","","AT2G35620","AT4G31250","","","","","","","PMID:29320478","Interacting protein"
"AT5G44700_AT4G31250","","AT5G44700","AT4G31250","","","","","","","PMID:29320478","Interacting protein"
"AT3G46330_AT4G31250","","AT3G46330","AT4G31250","","","","","","","PMID:29320478","Interacting protein"
"AT5G61480_AT4G31250","","AT5G61480","AT4G31250","","","","","","","PMID:29320478","Interacting protein"
"AT2G41820_AT4G36180","","AT2G41820","AT4G36180","","","","","","","PMID:29320478","Interacting protein"
"AT1G17280_AT4G36180","","AT1G17280","AT4G36180","","","","","","","PMID:29320478","Interacting protein"
"AT2G19190_AT4G36180","","AT2G19190","AT4G36180","","","","","","","PMID:29320478","Interacting protein"
"AT4G20270_AT4G36180","","AT4G20270","AT4G36180","","","","","","","PMID:29320478","Interacting protein"
"AT1G34210_AT4G36180","","AT1G34210","AT4G36180","","","","","","","PMID:29320478","Interacting protein"
"AT1G51820_AT4G36180","","AT1G51820","AT4G36180","","","","","","","PMID:29320478","Interacting protein"
"AT1G17280_AT5G45780","","AT1G17280","AT5G45780","","","","","","","PMID:29320478","Interacting protein"
"AT1G71830_AT5G45780","","AT1G71830","AT5G45780","","","","","","","PMID:29320478","Interacting protein"
"AT2G35620_AT5G45780","","AT2G35620","AT5G45780","","","","","","","PMID:29320478","Interacting protein"
"AT5G49770_AT5G45780","","AT5G49770","AT5G45780","","","","","","","PMID:29320478","Interacting protein"
"AT4G23740_AT5G45780","","AT4G23740","AT5G45780","","","","","","","PMID:29320478","Interacting protein"
"AT3G49670_AT5G45780","","AT3G49670","AT5G45780","","","","","","","PMID:29320478","Interacting protein"
"AT5G61480_AT5G45780","","AT5G61480","AT5G45780","","","","","","","PMID:29320478","Interacting protein"
"AT4G20140_AT5G45780","","AT4G20140","AT5G45780","","","","","","","PMID:29320478","Interacting protein"
"AT1G08590_AT5G45780","","AT1G08590","AT5G45780","","","","","","","PMID:29320478","Interacting protein"
"AT3G28040_AT5G45780","","AT3G28040","AT5G45780","","","","","","","PMID:29320478","Interacting protein"
"AT5G45840_AT5G45780","","AT5G45840","AT5G45780","","","","","","","PMID:29320478","Interacting protein"
"AT3G23750_AT5G45780","","AT3G23750","AT5G45780","","","","","","","PMID:29320478","Interacting protein"
"AT4G29180_AT5G45780","","AT4G29180","AT5G45780","","","","","","","PMID:29320478","Interacting protein"
"AT2G01820_AT5G45780","","AT2G01820","AT5G45780","","","","","","","PMID:29320478","Interacting protein"
"AT4G22130_AT5G45780","","AT4G22130","AT5G45780","","","","","","","PMID:24833385","Interacting protein"
"AT1G60800_AT5G45780","","AT1G60800","AT5G45780","","","","","","","PMID:29320478","Interacting protein"
"AT2G01950_AT5G45780","","AT2G01950","AT5G45780","","","","","","","PMID:29320478","Interacting protein"
"AT3G14350_AT5G45780","","AT3G14350","AT5G45780","","","","","","","PMID:29320478","Interacting protein"
"AT3G56370_AT5G45780","","AT3G56370","AT5G45780","","","","","","","PMID:29320478","Interacting protein"
"AT3G46330_AT5G45780","","AT3G46330","AT5G45780","","","","","","","PMID:29320478","Interacting protein"
"AT2G31880_AT5G45780","","AT2G31880","AT5G45780","","","","","","","PMID:29320478","Interacting protein"
"AT5G65710_AT5G45780","","AT5G65710","AT5G45780","","","","","","","PMID:29320478","Interacting protein"
"AT1G35710_AT5G45780","","AT1G35710","AT5G45780","","","","","","","PMID:29320478","Interacting protein"
"AT3G21340_AT5G45780","","AT3G21340","AT5G45780","","","","","","","PMID:29320478","Interacting protein"
"AT5G07280_AT5G45780","","AT5G07280","AT5G45780","","","","","","","PMID:29320478","Interacting protein"
"AT2G25790_AT5G45780","","AT2G25790","AT5G45780","","","","","","","PMID:29320478","Interacting protein"
"AT4G26540_AT5G45780","","AT4G26540","AT5G45780","","","","","","","PMID:29320478","Interacting protein"
"AT2G24230_AT5G45780","","AT2G24230","AT5G45780","","","","","","","PMID:29320478","Interacting protein"
"AT4G36180_AT5G45780","","AT4G36180","AT5G45780","","","","","","","PMID:29320478","Interacting protein"
"AT5G16900_AT5G45780","","AT5G16900","AT5G45780","","","","","","","PMID:29320478","Interacting protein"
"AT4G20940_AT5G45780","","AT4G20940","AT5G45780","","","","","","","PMID:29320478","Interacting protein"
"AT5G01890_AT5G45780","","AT5G01890","AT5G45780","","","","","","","PMID:29320478","Interacting protein"
"AT2G41820_AT5G45780","","AT2G41820","AT5G45780","","","","","","","PMID:29320478","Interacting protein"
"AT1G51890_AT5G45780","","AT1G51890","AT5G45780","","","","","","","PMID:29320478","Interacting protein"
"AT1G34110_AT5G45780","","AT1G34110","AT5G45780","","","","","","","PMID:29320478","Interacting protein"
"AT2G02780_AT5G45780","","AT2G02780","AT5G45780","","","","","","","PMID:29320478","Interacting protein"
"AT1G74360_AT5G45780","","AT1G74360","AT5G45780","","","","","","","PMID:29320478","Interacting protein"
"AT5G49760_AT5G45780","","AT5G49760","AT5G45780","","","","","","","PMID:29320478","Interacting protein"
"AT2G14510_AT5G45780","","AT2G14510","AT5G45780","","","","","","","PMID:29320478","Interacting protein"
"AT1G06840_AT5G45840","","AT1G06840","AT5G45840","","","","","","","PMID:29320478","Interacting protein"
"AT1G63430_AT1G09970","","AT1G63430","AT1G09970","","","","","","","PMID:24833385","Interacting protein"
"AT5G59680_AT1G09970","","AT5G59680","AT1G09970","","","","","","","PMID:24833385","Interacting protein"
"AT5G20480_AT1G09970","","AT5G20480","AT1G09970","","","","","","","PMID:24833385","Interacting protein"
"AT1G07560_AT1G09970","","AT1G07560","AT1G09970","","","","","","","PMID:17360592","Interacting protein"
"AT1G67720_AT1G09970","","AT1G67720","AT1G09970","","","","","","","PMID:17360592","Interacting protein"
"AT5G49760_AT1G09970","","AT5G49760","AT1G09970","","","","","","","PMID:17360592","Interacting protein"
"AT1G05700_AT1G09970","","AT1G05700","AT1G09970","","","","","","","PMID:17360592","Interacting protein"
"AT1G14390_AT1G09970","","AT1G14390","AT1G09970","","","","","","","PMID:29320478","Interacting protein"
"AT5G65710_AT1G09970","","AT5G65710","AT1G09970","","","","","","","PMID:29320478","Interacting protein"
"AT2G26330_AT1G09970","","AT2G26330","AT1G09970","","","","","","","PMID:29320478","Interacting protein"
"AT2G31880_AT1G09970","","AT2G31880","AT1G09970","","","","","","","PMID:29320478","Interacting protein"
"AT1G53440_AT1G09970","","AT1G53440","AT1G09970","","","","","","","PMID:29320478","Interacting protein"
"AT4G20450_AT1G09970","","AT4G20450","AT1G09970","","","","","","","PMID:29320478","Interacting protein"
"AT5G58300_AT1G09970","","AT5G58300","AT1G09970","","","","","","","PMID:29320478","Interacting protein"
"AT5G46330_AT1G09970","","AT5G46330","AT1G09970","","","","","","","PMID:15155892","Interacting protein"
"AT4G18640_AT1G09970","","AT4G18640","AT1G09970","","","","","","","PMID:24833385","Interacting protein"
"AT5G07280_AT1G09970","","AT5G07280","AT1G09970","","","","","","","PMID:24833385","Interacting protein"
"AT3G28040_AT1G09970","","AT3G28040","AT1G09970","","","","","","","PMID:15829604","Interacting protein"
"AT4G29180_AT1G09970","","AT4G29180","AT1G09970","","","","","","","PMID:18193034","Interacting protein"
"AT4G20140_AT1G09970","","AT4G20140","AT1G09970","","","","","","","PMID:12951325","Interacting protein"
"AT1G51820_AT1G09970","","AT1G51820","AT1G09970","","","","","","","PMID:26083273","Interacting protein"
"AT5G53320_AT1G09970","","AT5G53320","AT1G09970","","","","","","","PMID:29320478","Interacting protein"
"AT4G39400_AT1G09970","","AT4G39400","AT1G09970","","","","","","","PMID:29320478","Interacting protein"
"AT5G10290_AT1G09970","","AT5G10290","AT1G09970","","","","","","","PMID:29320478","Interacting protein"
"AT1G29720_AT1G09970","","AT1G29720","AT1G09970","","","","","","","PMID:29320478","Interacting protein"
"AT5G15840_AT1G72390","","AT5G15840","AT1G72390","","","","","","","PMID:29320478","Interacting protein"
"AT1G07560_AT5G65700","","AT1G07560","AT5G65700","","","","","","","PMID:29320478","Interacting protein"
"AT3G24240_AT5G65700","","AT3G24240","AT5G65700","","","","","","","PMID:29320478","Interacting protein"
"AT2G26330_AT5G65700","","AT2G26330","AT5G65700","","","","","","","PMID:29320478","Interacting protein"
"AT5G46330_AT5G65700","","AT5G46330","AT5G65700","","","","","","","PMID:29320478","Interacting protein"
"AT1G66150_AT5G65700","","AT1G66150","AT5G65700","","","","","","","PMID:29320478","Interacting protein"
"AT1G67720_AT5G65700","","AT1G67720","AT5G65700","","","","","","","PMID:29320478","Interacting protein"
"AT3G23750_AT5G65700","","AT3G23750","AT5G65700","","","","","","","PMID:29320478","Interacting protein"
"AT4G20450_AT5G65700","","AT4G20450","AT5G65700","","","","","","","PMID:29320478","Interacting protein"
"AT1G07550_AT5G65700","","AT1G07550","AT5G65700","","","","","","","PMID:29320478","Interacting protein"
"AT3G13065_AT5G65700","","AT3G13065","AT5G65700","","","","","","","PMID:21423366","Interacting protein"
"AT5G65710_AT5G65700","","AT5G65710","AT5G65700","","","","","","","PMID:21423366","Interacting protein"
"AT1G60800_AT5G65700","","AT1G60800","AT5G65700","","","","","","","PMID:24833385","Interacting protein"
"AT1G53440_AT5G65700","","AT1G53440","AT5G65700","","","","","","","PMID:24833385","Interacting protein"
"AT5G44700_AT5G65700","","AT5G44700","AT5G65700","","","","","","","PMID:24833385","Interacting protein"
"AT3G46330_AT5G65700","","AT3G46330","AT5G65700","","","","","","","PMID:24833385","Interacting protein"
"AT1G72300_AT5G65700","","AT1G72300","AT5G65700","","","","","","","PMID:24833385","Interacting protein"
"AT1G14390_AT5G65700","","AT1G14390","AT5G65700","","","","","","","PMID:29320478","Interacting protein"
"AT5G20480_AT5G65700","","AT5G20480","AT5G65700","","","","","","","PMID:29320478","Interacting protein"
"AT1G51820_AT5G65700","","AT1G51820","AT5G65700","","","","","","","PMID:29320478","Interacting protein"
"AT1G55610_AT5G65700","","AT1G55610","AT5G65700","","","","","","","PMID:29320478","Interacting protein"
"AT1G34210_AT5G65700","","AT1G34210","AT5G65700","","","","","","","PMID:29320478","Interacting protein"
"AT1G69270_AT5G65700","","AT1G69270","AT5G65700","","","","","","","PMID:29320478","Interacting protein"
"AT1G56130_AT5G65700","","AT1G56130","AT5G65700","","","","","","","PMID:29320478","Interacting protein"
"AT1G09970_AT5G65700","","AT1G09970","AT5G65700","","","","","","","PMID:29320478","Interacting protein"
"AT5G59680_AT5G65700","","AT5G59680","AT5G65700","","","","","","","PMID:29320478","Interacting protein"
"AT1G05700_AT5G65700","","AT1G05700","AT5G65700","","","","","","","PMID:29320478","Interacting protein"
"AT1G53730_AT5G65700","","AT1G53730","AT5G65700","","","","","","","PMID:29320478","Interacting protein"
"AT2G01820_AT5G65700","","AT2G01820","AT5G65700","","","","","","","PMID:29320478","Interacting protein"
"AT2G31880_AT5G65700","","AT2G31880","AT5G65700","","","","","","","PMID:29320478","Interacting protein"
"AT2G02780_AT5G65700","","AT2G02780","AT5G65700","","","","","","","PMID:29320478","Interacting protein"
"AT5G16900_AT5G65700","","AT5G16900","AT5G65700","","","","","","","PMID:29320478","Interacting protein"
"AT4G39400_AT5G65700","","AT4G39400","AT5G65700","","","","","","","PMID:29320478","Interacting protein"
"AT4G18640_AT5G65700","","AT4G18640","AT5G65700","","","","","","","PMID:29320478","Interacting protein"
"AT5G07280_AT5G65700","","AT5G07280","AT5G65700","","","","","","","PMID:29320478","Interacting protein"
"AT4G20140_AT5G65700","","AT4G20140","AT5G65700","","","","","","","PMID:29320478","Interacting protein"
"AT1G11130_AT2G19190","","AT1G11130","AT2G19190","","","","","","","PMID:22737156","Interacting protein"
"AT2G28960_AT2G19190","","AT2G28960","AT2G19190","","","","","","","PMID:21780778","Interacting protein"
"AT2G41820_AT2G19190","","AT2G41820","AT2G19190","","","","","","","PMID:24833385","Interacting protein"
"AT3G17000_AT2G19190","","AT3G17000","AT2G19190","","","","","","","PMID:21423366","Interacting protein"
"AT1G17280_AT2G19190","","AT1G17280","AT2G19190","","","","","","","PMID:24833385","Interacting protein"
"AT2G30490_AT2G19190","","AT2G30490","AT2G19190","","","","","","","PMID:24833385","Interacting protein"
"AT5G07340_AT2G19190","","AT5G07340","AT2G19190","","","","","","","PMID:24833385","Interacting protein"
"AT1G07560_AT2G19190","","AT1G07560","AT2G19190","","","","","","","PMID:24833385","Interacting protein"
"AT1G51800_AT4G20270","","AT1G51800","AT4G20270","","","","","","","PMID:29320478","Interacting protein"
"AT2G35620_AT4G20270","","AT2G35620","AT4G20270","","","","","","","PMID:29320478","Interacting protein"
"AT3G24240_AT4G20270","","AT3G24240","AT4G20270","","","","","","","PMID:15138290","Interacting protein"
"AT1G60630_AT4G20270","","AT1G60630","AT4G20270","","","","","","","PMID:19188370","Interacting protein"
"AT1G68400_AT4G20270","","AT1G68400","AT4G20270","","","","","","","PMID:14765117","Interacting protein"
"AT5G44700_AT4G20270","","AT5G44700","AT4G20270","","","","","","","PMID:24736607","Interacting protein"
"AT2G33170_AT4G20270","","AT2G33170","AT4G20270","","","","","","","PMID:24736607","Interacting protein"
"AT1G07560_AT4G20270","","AT1G07560","AT4G20270","","","","","","","PMID:24736607","Interacting protein"
"AT1G74360_AT4G20270","","AT1G74360","AT4G20270","","","","","","","PMID:24736607","Interacting protein"
"AT5G49660_AT4G20270","","AT5G49660","AT4G20270","","","","","","","PMID:24736607","Interacting protein"
"AT4G30520_AT4G20270","","AT4G30520","AT4G20270","","","","","","","PMID:24736607","Interacting protein"
"AT1G64210_AT4G20270","","AT1G64210","AT4G20270","","","","","","","PMID:24736607","Interacting protein"
"AT5G16000_AT4G20270","","AT5G16000","AT4G20270","","","","","","","PMID:24736607","Interacting protein"
"AT1G17230_AT4G20270","","AT1G17230","AT4G20270","","","","","","","PMID:22737156","Interacting protein"
"AT1G51820_AT4G20270","","AT1G51820","AT4G20270","","","","","","","PMID:29320478","Interacting protein"
"AT1G67720_AT4G20270","","AT1G67720","AT4G20270","","","","","","","PMID:29320478","Interacting protein"
"AT3G56100_AT4G20270","","AT3G56100","AT4G20270","","","","","","","PMID:29320478","Interacting protein"
"AT1G66150_AT4G20270","","AT1G66150","AT4G20270","","","","","","","PMID:14634162","Interacting protein"
"AT5G03940_AT2G45770","","AT5G03940","AT2G45770","","","","","","","PMID:15561724","Interacting protein"
"AT2G41820_AT2G28990","","AT2G41820","AT2G28990","","","","","","","PMID:15031264","Interacting protein"
"AT3G17000_AT2G28990","","AT3G17000","AT2G28990","","","","","","","PMID:22498774","Interacting protein"
"AT1G17280_AT2G28990","","AT1G17280","AT2G28990","","","","","","","PMID:25627066","Interacting protein"
"AT1G31812_AT2G28990","","AT1G31812","AT2G28990","","","","","","","PMID:37216398","Interacting protein"
"AT2G24940_AT2G28990","","AT2G24940","AT2G28990","","","","","","","PMID:15610357","Interacting protein"
"AT4G03390_AT2G28990","","AT4G03390","AT2G28990","","","","","","","PMID:15561724","Interacting protein"
"AT5G45840_AT2G28990","","AT5G45840","AT2G28990","","","","","","","PMID:15273290","Interacting protein"
"AT3G25560_AT2G28990","","AT3G25560","AT2G28990","","","","","","","PMID:15273290","Interacting protein"
"AT4G38460_AT4G02510","","AT4G38460","AT4G02510","","","","","","","PMID:22737156","Interacting protein"
"AT1G55490_AT4G02510","","AT1G55490","AT4G02510","","","","","","","PMID:22904146","Interacting protein"
"AT2G29630_AT4G02510","","AT2G29630","AT4G02510","","","","","","","PMID:19286967","Interacting protein"
"AT3G56240_AT4G02510","","AT3G56240","AT4G02510","","","","","","","PMID:19286967","Interacting protein"
"AT4G25570_AT4G02510","","AT4G25570","AT4G02510","","","","","","","PMID:25627066","Interacting protein"
"AT3G48890_AT4G02510","","AT3G48890","AT4G02510","","","","","","","PMID:23964902","Interacting protein"
"AT1G20340_AT4G02510","","AT1G20340","AT4G02510","","","","","","","PMID:23964902","Interacting protein"
"AT3G47470_AT4G02510","","AT3G47470","AT4G02510","","","","","","","PMID:23964902","Interacting protein"
"AT5G01530_AT4G02510","","AT5G01530","AT4G02510","","","","","","","PMID:23964902","Interacting protein"
"AT5G54270_AT4G02510","","AT5G54270","AT4G02510","","","","","","","PMID:23964902","Interacting protein"
"AT5G66190_AT4G02510","","AT5G66190","AT4G02510","","","","","","","PMID:23964902","Interacting protein"
"AT4G10340_AT4G02510","","AT4G10340","AT4G02510","","","","","","","PMID:23964902","Interacting protein"
"AT4G01010_AT4G21380","","AT4G01010","AT4G21380","","","","","","","PMID:23964902","Interacting protein"
"AT2G28960_AT2G25790","","AT2G28960","AT2G25790","","","","","","","PMID:23964902","Interacting protein"
"AT1G34210_AT2G25790","","AT1G34210","AT2G25790","","","","","","","PMID:23964902","Interacting protein"
"AT5G10290_AT2G25790","","AT5G10290","AT2G25790","","","","","","","PMID:23964902","Interacting protein"
"AT4G08920_AT1G09570","","AT4G08920","AT1G09570","","","","","","","PMID:29320478","Interacting protein"
"AT2G46370_AT1G09570","","AT2G46370","AT1G09570","","","","","","","PMID:29320478","Interacting protein"
"AT4G28270_AT4G02980","","AT4G28270","AT4G02980","","","","","","","PMID:29320478","Interacting protein"
"AT2G19190_AT1G66150","","AT2G19190","AT1G66150","","","","","","","PMID:29320478","Interacting protein"
"AT5G10290_AT2G20850","","AT5G10290","AT2G20850","","","","","","","PMID:29320478","Interacting protein"
"AT5G48380_AT2G20850","","AT5G48380","AT2G20850","","","","","","","PMID:29320478","Interacting protein"
"AT1G27190_AT2G20850","","AT1G27190","AT2G20850","","","","","","","PMID:10646606","Interacting protein"
"AT4G30520_AT2G20850","","AT4G30520","AT2G20850","","","","","","","PMID:10646606","Interacting protein"
"AT5G20480_AT2G20850","","AT5G20480","AT2G20850","","","","","","","PMID:10646606","Interacting protein"
"AT5G16000_AT2G20850","","AT5G16000","AT2G20850","","","","","","","PMID:18193034","Interacting protein"
"AT4G03390_AT2G20850","","AT4G03390","AT2G20850","","","","","","","PMID:20215589","Interacting protein"
"AT4G22756_AT4G23210","","AT4G22756","AT4G23210","","","","","","","PMID:20215589","Interacting protein"
"AT1G17280_AT4G23210","","AT1G17280","AT4G23210","","","","","","","PMID:14765117","Interacting protein"
"AT1G14700_AT4G23210","","AT1G14700","AT4G23210","","","","","","","PMID:14765117","Interacting protein"
"AT1G17145_AT4G23210","","AT1G17145","AT4G23210","","","","","","","PMID:24833385","Interacting protein"
"AT1G66150_AT2G23950","","AT1G66150","AT2G23950","","","","","","","PMID:29320478","Interacting protein"
"AT5G49770_AT2G23950","","AT5G49770","AT2G23950","","","","","","","PMID:29320478","Interacting protein"
"AT3G56370_AT2G23950","","AT3G56370","AT2G23950","","","","","","","PMID:29320478","Interacting protein"
"AT2G01820_AT2G23950","","AT2G01820","AT2G23950","","","","","","","PMID:29320478","Interacting protein"
"AT1G53430_AT2G23950","","AT1G53430","AT2G23950","","","","","","","PMID:22241782","Interacting protein"
"AT3G21340_AT2G23950","","AT3G21340","AT2G23950","","","","","","","PMID:24833385","Interacting protein"
"AT1G51890_AT2G23950","","AT1G51890","AT2G23950","","","","","","","PMID:24833385","Interacting protein"
"AT5G61480_AT2G23950","","AT5G61480","AT2G23950","","","","","","","PMID:24833385","Interacting protein"
"AT3G49670_AT2G23950","","AT3G49670","AT2G23950","","","","","","","PMID:29320478","Interacting protein"
"AT3G46330_AT2G23950","","AT3G46330","AT2G23950","","","","","","","PMID:29320478","Interacting protein"
"AT2G24230_AT2G23950","","AT2G24230","AT2G23950","","","","","","","PMID:29320478","Interacting protein"
"AT2G35620_AT2G23950","","AT2G35620","AT2G23950","","","","","","","PMID:29320478","Interacting protein"
"AT1G35710_AT2G23950","","AT1G35710","AT2G23950","","","","","","","PMID:29320478","Interacting protein"
"AT1G34110_AT2G23950","","AT1G34110","AT2G23950","","","","","","","PMID:29320478","Interacting protein"
"AT4G26540_AT2G23950","","AT4G26540","AT2G23950","","","","","","","PMID:29320478","Interacting protein"
"AT5G53890_AT2G23950","","AT5G53890","AT2G23950","","","","","","","PMID:29320478","Interacting protein"
"AT2G31880_AT2G23950","","AT2G31880","AT2G23950","","","","","","","PMID:29320478","Interacting protein"
"AT5G01890_AT2G23950","","AT5G01890","AT2G23950","","","","","","","PMID:29320478","Interacting protein"
"AT1G60800_AT2G23950","","AT1G60800","AT2G23950","","","","","","","PMID:29320478","Interacting protein"
"AT5G16900_AT2G23950","","AT5G16900","AT2G23950","","","","","","","PMID:29320478","Interacting protein"
"AT2G25790_AT2G23950","","AT2G25790","AT2G23950","","","","","","","PMID:29320478","Interacting protein"
"AT2G16640_AT5G05000","","AT2G16640","AT5G05000","","","","","","","PMID:11752373","Interacting protein"
"AT3G16620_AT5G05000","","AT3G16620","AT5G05000","","","","","","","PMID:21511871","Interacting protein"
"AT4G35450_AT5G05000","","AT4G35450","AT5G05000","","","","","","","PMID:24554768","Interacting protein"
"AT2G17390_AT5G05000","","AT2G17390","AT5G05000","","","","","","","PMID:21511872","Interacting protein"
"AT4G38460_AT5G05000","","AT4G38460","AT5G05000","","","","","","","PMID:29320478","Interacting protein"
"AT4G02510_AT5G05000","","AT4G02510","AT5G05000","","","","","","","PMID:29320478","Interacting protein"
"AT1G01140_AT4G00340","","AT1G01140","AT4G00340","","","","","","","PMID:29320478","Interacting protein"
"AT5G52240_AT2G26330","","AT5G52240","AT2G26330","","","","","","","PMID:29320478","Interacting protein"
"AT1G17280_AT2G26330","","AT1G17280","AT2G26330","","","","","","","PMID:29320478","Interacting protein"
"AT2G40540_AT2G26330","","AT2G40540","AT2G26330","","","","","","","PMID:29320478","Interacting protein"
"AT4G30520_AT2G26330","","AT4G30520","AT2G26330","","","","","","","PMID:29320478","Interacting protein"
"AT5G20480_AT2G26330","","AT5G20480","AT2G26330","","","","","","","PMID:29320478","Interacting protein"
"AT5G48380_AT2G26330","","AT5G48380","AT2G26330","","","","","","","PMID:29320478","Interacting protein"
"AT5G53320_AT2G26330","","AT5G53320","AT2G26330","","","","","","","PMID:29320478","Interacting protein"
"AT1G06840_AT2G26330","","AT1G06840","AT2G26330","","","","","","","PMID:29320478","Interacting protein"
"AT2G14510_AT2G26330","","AT2G14510","AT2G26330","","","","","","","PMID:29320478","Interacting protein"
"AT1G27190_AT2G26330","","AT1G27190","AT2G26330","","","","","","","PMID:29320478","Interacting protein"
"AT2G41820_AT2G26330","","AT2G41820","AT2G26330","","","","","","","PMID:29320478","Interacting protein"
"AT1G53730_AT2G26330","","AT1G53730","AT2G26330","","","","","","","PMID:29320478","Interacting protein"
"AT1G08590_AT2G26330","","AT1G08590","AT2G26330","","","","","","","PMID:29320478","Interacting protein"
"AT5G10290_AT2G26330","","AT5G10290","AT2G26330","","","","","","","PMID:29320478","Interacting protein"
"AT1G55610_AT2G26330","","AT1G55610","AT2G26330","","","","","","","PMID:29320478","Interacting protein"
"AT1G72300_AT2G26330","","AT1G72300","AT2G26330","","","","","","","PMID:29320478","Interacting protein"
"AT1G71830_AT2G26330","","AT1G71830","AT2G26330","","","","","","","PMID:29320478","Interacting protein"
"AT5G61480_AT2G26330","","AT5G61480","AT2G26330","","","","","","","PMID:29320478","Interacting protein"
"AT5G61480_AT4G03390","","AT5G61480","AT4G03390","","","","","","","PMID:29320478","Interacting protein"
"AT4G30520_AT4G03390","","AT4G30520","AT4G03390","","","","","","","PMID:29320478","Interacting protein"
"AT3G28040_AT4G03390","","AT3G28040","AT4G03390","","","","","","","PMID:29320478","Interacting protein"
"AT2G41820_AT4G03390","","AT2G41820","AT4G03390","","","","","","","PMID:24833385","Interacting protein"
"AT5G10020_AT4G03390","","AT5G10020","AT4G03390","","","","","","","PMID:24833385","Interacting protein"
"AT1G06840_AT4G03390","","AT1G06840","AT4G03390","","","","","","","PMID:24833385","Interacting protein"
"AT5G59680_AT4G03390","","AT5G59680","AT4G03390","","","","","","","PMID:24833385","Interacting protein"
"AT5G16000_AT4G03390","","AT5G16000","AT4G03390","","","","","","","PMID:24833385","Interacting protein"
"AT5G48380_AT4G03390","","AT5G48380","AT4G03390","","","","","","","PMID:24833385","Interacting protein"
"AT5G65700_AT4G03390","","AT5G65700","AT4G03390","","","","","","","PMID:24833385","Interacting protein"
"AT1G55610_AT4G03390","","AT1G55610","AT4G03390","","","","","","","PMID:24833385","Interacting protein"
"AT2G14510_AT4G03390","","AT2G14510","AT4G03390","","","","","","","PMID:24833385","Interacting protein"
"AT2G23950_AT4G03390","","AT2G23950","AT4G03390","","","","","","","PMID:24833385","Interacting protein"
"AT3G13380_AT4G03390","","AT3G13380","AT4G03390","","","","","","","PMID:17360592","Interacting protein"
"AT5G65710_AT4G03390","","AT5G65710","AT4G03390","","","","","","","PMID:17360592","Interacting protein"
"AT4G20940_AT4G03390","","AT4G20940","AT4G03390","","","","","","","PMID:17360592","Interacting protein"
"AT1G72300_AT4G03390","","AT1G72300","AT4G03390","","","","","","","PMID:17360592","Interacting protein"
"AT5G20480_AT4G03390","","AT5G20480","AT4G03390","","","","","","","PMID:17360592","Interacting protein"
"AT5G53320_AT4G03390","","AT5G53320","AT4G03390","","","","","","","PMID:29320478","Interacting protein"
"AT3G17000_AT1G05200","","AT3G17000","AT1G05200","","","","","","","PMID:21423366","Interacting protein"
"AT3G01090_AT1G05200","","AT3G01090","AT1G05200","","","","","","","PMID:21423366","Interacting protein"
"AT3G17000_AT5G49760","","AT3G17000","AT5G49760","","","","","","","PMID:21423366","Interacting protein"
"AT1G17280_AT5G49760","","AT1G17280","AT5G49760","","","","","","","PMID:21423366","Interacting protein"
"AT1G31812_AT5G49760","","AT1G31812","AT5G49760","","","","","","","PMID:25251695","Interacting protein"
"AT1G14700_AT5G49760","","AT1G14700","AT5G49760","","","","","","","PMID:29320478","Interacting protein"
"AT5G37780_AT5G49760","","AT5G37780","AT5G49760","","","","","","","PMID:29320478","Interacting protein"
"AT5G21274_AT5G49760","","AT5G21274","AT5G49760","","","","","","","PMID:29320478","Interacting protein"
"AT3G43810_AT5G49760","","AT3G43810","AT5G49760","","","","","","","PMID:29320478","Interacting protein"
"AT4G14640_AT5G49760","","AT4G14640","AT5G49760","","","","","","","PMID:29320478","Interacting protein"
"AT3G51920_AT5G49760","","AT3G51920","AT5G49760","","","","","","","PMID:29320478","Interacting protein"
"AT2G41090_AT5G49760","","AT2G41090","AT5G49760","","","","","","","PMID:29320478","Interacting protein"
"AT3G17000_AT2G20300","","AT3G17000","AT2G20300","","","","","","","PMID:29320478","Interacting protein"
"AT1G17280_AT2G20300","","AT1G17280","AT2G20300","","","","","","","PMID:29320478","Interacting protein"
"AT4G12250_AT2G20300","","AT4G12250","AT2G20300","","","","","","","PMID:29320478","Interacting protein"
"AT1G01510_AT1G11130","","AT1G01510","AT1G11130","","","","","","","PMID:29320478","Interacting protein"
"AT5G48380_AT1G11130","","AT5G48380","AT1G11130","","","","","","","PMID:29320478","Interacting protein"
"AT5G63930_AT1G11130","","AT5G63930","AT1G11130","","","","","","","PMID:29320478","Interacting protein"
"AT5G10290_AT1G11130","","AT5G10290","AT1G11130","","","","","","","PMID:29320478","Interacting protein"
"AT5G24100_AT1G11130","","AT5G24100","AT1G11130","","","","","","","PMID:29320478","Interacting protein"
"AT3G28040_AT1G11130","","AT3G28040","AT1G11130","","","","","","","PMID:29320478","Interacting protein"
"AT5G35080_AT1G11130","","AT5G35080","AT1G11130","","","","","","","PMID:29320478","Interacting protein"
"AT3G13380_AT1G11130","","AT3G13380","AT1G11130","","","","","","","PMID:29320478","Interacting protein"
"AT5G16000_AT1G11130","","AT5G16000","AT1G11130","","","","","","","PMID:24051702","Interacting protein"
"AT5G01890_AT3G25560","","AT5G01890","AT3G25560","","","","","","","PMID:15310821","Interacting protein"
"AT1G27190_AT3G25560","","AT1G27190","AT3G25560","","","","","","","PMID:15310821","Interacting protein"
"AT5G65710_AT3G25560","","AT5G65710","AT3G25560","","","","","","","PMID:15937324","Interacting protein"
"AT4G20940_AT3G25560","","AT4G20940","AT3G25560","","","","","","","PMID:15937324","Interacting protein"
"AT5G10020_AT3G25560","","AT5G10020","AT3G25560","","","","","","","PMID:15937324","Interacting protein"
"AT4G30520_AT3G25560","","AT4G30520","AT3G25560","","","","","","","PMID:15937324","Interacting protein"
"AT3G21340_AT4G30520","","AT3G21340","AT4G30520","","","","","","","PMID:15937324","Interacting protein"
"AT3G17840_AT4G30520","","AT3G17840","AT4G30520","","","","","","","PMID:15937324","Interacting protein"
"AT2G25790_AT4G30520","","AT2G25790","AT4G30520","","","","","","","PMID:15937324","Interacting protein"
"AT2G26730_AT4G30520","","AT2G26730","AT4G30520","","","","","","","PMID:16002617","Interacting protein"
"AT5G58300_AT4G30520","","AT5G58300","AT4G30520","","","","","","","PMID:16002617","Interacting protein"
"AT1G31420_AT4G30520","","AT1G31420","AT4G30520","","","","","","","PMID:21518052","Interacting protein"
"AT5G10020_AT4G30520","","AT5G10020","AT4G30520","","","","","","","PMID:24833385","Interacting protein"
"AT2G23950_AT4G30520","","AT2G23950","AT4G30520","","","","","","","PMID:24833385","Interacting protein"
"AT5G01890_AT4G30520","","AT5G01890","AT4G30520","","","","","","","PMID:24833385","Interacting protein"
"AT1G53430_AT4G30520","","AT1G53430","AT4G30520","","","","","","","PMID:29320478","Interacting protein"
"AT3G56370_AT4G30520","","AT3G56370","AT4G30520","","","","","","","PMID:29320478","Interacting protein"
"AT4G20940_AT4G30520","","AT4G20940","AT4G30520","","","","","","","PMID:29320478","Interacting protein"
"AT5G63930_AT4G30520","","AT5G63930","AT4G30520","","","","","","","PMID:29320478","Interacting protein"
"AT2G41820_AT4G30520","","AT2G41820","AT4G30520","","","","","","","PMID:29320478","Interacting protein"
"AT5G61480_AT4G30520","","AT5G61480","AT4G30520","","","","","","","PMID:29320478","Interacting protein"
"AT5G65700_AT4G30520","","AT5G65700","AT4G30520","","","","","","","PMID:29320478","Interacting protein"
"AT5G53320_AT4G30520","","AT5G53320","AT4G30520","","","","","","","PMID:29320478","Interacting protein"
"AT1G08590_AT4G30520","","AT1G08590","AT4G30520","","","","","","","PMID:29320478","Interacting protein"
"AT5G45780_AT4G30520","","AT5G45780","AT4G30520","","","","","","","PMID:29320478","Interacting protein"
"AT5G49770_AT4G30520","","AT5G49770","AT4G30520","","","","","","","PMID:29320478","Interacting protein"
"AT5G59680_AT4G30520","","AT5G59680","AT4G30520","","","","","","","PMID:29320478","Interacting protein"
"AT3G49670_AT4G30520","","AT3G49670","AT4G30520","","","","","","","PMID:29320478","Interacting protein"
"AT4G00710_AT4G08850","","AT4G00710","AT4G08850","","","","","","","PMID:29320478","Interacting protein"
"AT5G57360_AT2G18915","","AT5G57360","AT2G18915","","","","","","","PMID:29320478","Interacting protein"
"AT5G15840_AT2G18915","","AT5G15840","AT2G18915","","","","","","","PMID:29320478","Interacting protein"
"AT3G02380_AT2G18915","","AT3G02380","AT2G18915","","","","","","","PMID:29320478","Interacting protein"
"AT2G24790_AT2G18915","","AT2G24790","AT2G18915","","","","","","","PMID:29320478","Interacting protein"
"AT5G24930_AT2G18915","","AT5G24930","AT2G18915","","","","","","","PMID:29320478","Interacting protein"
"AT5G57660_AT2G18915","","AT5G57660","AT2G18915","","","","","","","PMID:29320478","Interacting protein"
"AT2G47890_AT2G18915","","AT2G47890","AT2G18915","","","","","","","PMID:29320478","Interacting protein"
"AT2G33500_AT2G18915","","AT2G33500","AT2G18915","","","","","","","PMID:29320478","Interacting protein"
"AT5G39660_AT2G18915","","AT5G39660","AT2G18915","","","","","","","PMID:29320478","Interacting protein"
"AT3G47500_AT2G18915","","AT3G47500","AT2G18915","","","","","","","PMID:29320478","Interacting protein"
"AT5G62430_AT2G18915","","AT5G62430","AT2G18915","","","","","","","PMID:29320478","Interacting protein"
"AT1G17280_AT5G63710","","AT1G17280","AT5G63710","","","","","","","PMID:29320478","Interacting protein"
"AT1G07560_AT5G63710","","AT1G07560","AT5G63710","","","","","","","PMID:29320478","Interacting protein"
"AT4G23740_AT5G63710","","AT4G23740","AT5G63710","","","","","","","PMID:29320478","Interacting protein"
"AT1G51890_AT5G63710","","AT1G51890","AT5G63710","","","","","","","PMID:29320478","Interacting protein"
"AT1G34110_AT5G63710","","AT1G34110","AT5G63710","","","","","","","PMID:29320478","Interacting protein"
"AT4G18640_AT5G63710","","AT4G18640","AT5G63710","","","","","","","PMID:29320478","Interacting protein"
"AT3G49670_AT5G63710","","AT3G49670","AT5G63710","","","","","","","PMID:29320478","Interacting protein"
"AT2G02780_AT5G63710","","AT2G02780","AT5G63710","","","","","","","PMID:29320478","Interacting protein"
"AT2G01950_AT5G63710","","AT2G01950","AT5G63710","","","","","","","PMID:29320478","Interacting protein"
"AT5G45840_AT5G63710","","AT5G45840","AT5G63710","","","","","","","PMID:29320478","Interacting protein"
"AT2G35620_AT5G63710","","AT2G35620","AT5G63710","","","","","","","PMID:29320478","Interacting protein"
"AT1G53430_AT5G63710","","AT1G53430","AT5G63710","","","","","","","PMID:29320478","Interacting protein"
"AT4G26540_AT5G63710","","AT4G26540","AT5G63710","","","","","","","PMID:29320478","Interacting protein"
"AT5G46330_AT5G63710","","AT5G46330","AT5G63710","","","","","","","PMID:29320478","Interacting protein"
"AT1G08590_AT5G63710","","AT1G08590","AT5G63710","","","","","","","PMID:29320478","Interacting protein"
"AT4G36180_AT5G63710","","AT4G36180","AT5G63710","","","","","","","PMID:29320478","Interacting protein"
"AT2G23950_AT5G63710","","AT2G23950","AT5G63710","","","","","","","PMID:29320478","Interacting protein"
"AT1G06840_AT5G63710","","AT1G06840","AT5G63710","","","","","","","PMID:29320478","Interacting protein"
"AT4G20940_AT5G63710","","AT4G20940","AT5G63710","","","","","","","PMID:29320478","Interacting protein"
"AT2G41820_AT5G63710","","AT2G41820","AT5G63710","","","","","","","PMID:29320478","Interacting protein"
"AT4G03390_AT5G63710","","AT4G03390","AT5G63710","","","","","","","PMID:29320478","Interacting protein"
"AT3G21340_AT5G63710","","AT3G21340","AT5G63710","","","","","","","PMID:29320478","Interacting protein"
"AT2G25790_AT5G63710","","AT2G25790","AT5G63710","","","","","","","PMID:29320478","Interacting protein"
"AT3G13065_AT5G63710","","AT3G13065","AT5G63710","","","","","","","PMID:29320478","Interacting protein"
"AT1G35710_AT5G63710","","AT1G35710","AT5G63710","","","","","","","PMID:29320478","Interacting protein"
"AT5G65710_AT5G63710","","AT5G65710","AT5G63710","","","","","","","PMID:29320478","Interacting protein"
"AT1G74360_AT5G63710","","AT1G74360","AT5G63710","","","","","","","PMID:29320478","Interacting protein"
"AT1G66150_AT5G63710","","AT1G66150","AT5G63710","","","","","","","PMID:29320478","Interacting protein"
"AT5G49760_AT5G63710","","AT5G49760","AT5G63710","","","","","","","PMID:29320478","Interacting protein"
"AT5G65700_AT5G63710","","AT5G65700","AT5G63710","","","","","","","PMID:29320478","Interacting protein"
"AT2G31880_AT5G63710","","AT2G31880","AT5G63710","","","","","","","PMID:29320478","Interacting protein"
"AT5G01890_AT5G63710","","AT5G01890","AT5G63710","","","","","","","PMID:29320478","Interacting protein"
"AT1G17230_AT5G63710","","AT1G17230","AT5G63710","","","","","","","PMID:29320478","Interacting protein"
"AT1G31420_AT5G63710","","AT1G31420","AT5G63710","","","","","","","PMID:29320478","Interacting protein"
"AT5G49770_AT5G63710","","AT5G49770","AT5G63710","","","","","","","PMID:15592873","Interacting protein"
"AT1G60800_AT5G63710","","AT1G60800","AT5G63710","","","","","","","PMID:19105183","Interacting protein"
"AT4G22130_AT5G63710","","AT4G22130","AT5G63710","","","","","","","PMID:16284305","Interacting protein"
"AT3G23750_AT5G63710","","AT3G23750","AT5G63710","","","","","","","PMID:16473966","Interacting protein"
"AT5G07280_AT5G63710","","AT5G07280","AT5G63710","","","","","","","PMID:16473966","Interacting protein"
"AT3G48260_AT4G35290","","AT3G48260","AT4G35290","","","","","","","PMID:16473966","Interacting protein"
"AT2G01820_AT1G60800","","AT2G01820","AT1G60800","","","","","","","PMID:16473966","Interacting protein"
"AT5G16900_AT1G60800","","AT5G16900","AT1G60800","","","","","","","PMID:29320478","Interacting protein"
"AT3G21340_AT1G60800","","AT3G21340","AT1G60800","","","","","","","PMID:29320478","Interacting protein"
"AT3G56100_AT1G60800","","AT3G56100","AT1G60800","","","","","","","PMID:29320478","Interacting protein"
"AT3G24240_AT1G60800","","AT3G24240","AT1G60800","","","","","","","PMID:29320478","Interacting protein"
"AT1G29720_AT1G60800","","AT1G29720","AT1G60800","","","","","","","PMID:16428597","Interacting protein"
"AT1G07560_AT1G60800","","AT1G07560","AT1G60800","","","","","","","PMID:15447654","Interacting protein"
"AT1G63430_AT1G60800","","AT1G63430","AT1G60800","","","","","","","PMID:11260718","Interacting protein"
"AT2G28990_AT1G60800","","AT2G28990","AT1G60800","","","","","","","PMID:11260718","Interacting protein"
"AT1G17230_AT1G60800","","AT1G17230","AT1G60800","","","","","","","PMID:21518052","Interacting protein"
"AT1G07550_AT1G60800","","AT1G07550","AT1G60800","","","","","","","PMID:18621007","Interacting protein"
"AT5G63930_AT1G60800","","AT5G63930","AT1G60800","","","","","","","PMID:20018402","Interacting protein"
"AT1G51820_AT1G60800","","AT1G51820","AT1G60800","","","","","","","PMID:21623975","Interacting protein"
"AT1G05700_AT1G60800","","AT1G05700","AT1G60800","","","","","","","PMID:21623975","Interacting protein"
"AT2G36570_AT1G60800","","AT2G36570","AT1G60800","","","","","","","PMID:23637603","Interacting protein"
"AT2G19190_AT1G60800","","AT2G19190","AT1G60800","","","","","","","PMID:19532123","Interacting protein"
"AT1G51890_AT1G60800","","AT1G51890","AT1G60800","","","","","","","PMID:20103591","Interacting protein"
"AT5G10020_AT1G60800","","AT5G10020","AT1G60800","","","","","","","PMID:24388849","Interacting protein"
"AT4G18640_AT1G60800","","AT4G18640","AT1G60800","","","","","","","PMID:24388849","Interacting protein"
"AT1G67720_AT1G60800","","AT1G67720","AT1G60800","","","","","","","PMID:24388849","Interacting protein"
"AT5G61480_AT1G60800","","AT5G61480","AT1G60800","","","","","","","PMID:24924143","Interacting protein"
"AT4G20270_AT1G60800","","AT4G20270","AT1G60800","","","","","","","PMID:20018686","Interacting protein"
"AT1G34210_AT1G71830","","AT1G34210","AT1G71830","","","","","","","PMID:24443525","Interacting protein"
"AT2G33500_AT1G71830","","AT2G33500","AT1G71830","","","","","","","PMID:29320478","Interacting protein"
"AT5G16000_AT1G71830","","AT5G16000","AT1G71830","","","","","","","PMID:29320478","Interacting protein"
"AT1G27190_AT1G71830","","AT1G27190","AT1G71830","","","","","","","PMID:29320478","Interacting protein"
"AT1G72300_AT1G71830","","AT1G72300","AT1G71830","","","","","","","PMID:29320478","Interacting protein"
"AT5G48380_AT1G71830","","AT5G48380","AT1G71830","","","","","","","PMID:29320478","Interacting protein"
"AT4G20940_AT1G71830","","AT4G20940","AT1G71830","","","","","","","PMID:29320478","Interacting protein"
"AT1G56140_AT1G71830","","AT1G56140","AT1G71830","","","","","","","PMID:29320478","Interacting protein"
"AT5G20570_AT5G57360","","AT5G20570","AT5G57360","","","","","","","PMID:29320478","Interacting protein"
"AT4G08920_AT5G57360","","AT4G08920","AT5G57360","","","","","","","PMID:29320478","Interacting protein"
"AT2G32950_AT1G04400","","AT2G32950","AT1G04400","","","","","","","PMID:24833385","Interacting protein"
"AT4G11110_AT1G04400","","AT4G11110","AT1G04400","","","","","","","PMID:24833385","Interacting protein"
"AT3G15354_AT1G04400","","AT3G15354","AT1G04400","","","","","","","PMID:24833385","Interacting protein"
"AT1G53090_AT1G04400","","AT1G53090","AT1G04400","","","","","","","PMID:29320478","Interacting protein"
"AT4G14480_AT5G48380","","AT4G14480","AT5G48380","","","","","","","PMID:29320478","Interacting protein"
"AT3G28040_AT5G48380","","AT3G28040","AT5G48380","","","","","","","PMID:29320478","Interacting protein"
"AT5G63930_AT5G48380","","AT5G63930","AT5G48380","","","","","","","PMID:29320478","Interacting protein"
"AT2G28960_AT5G48380","","AT2G28960","AT5G48380","","","","","","","PMID:29320478","Interacting protein"
"AT1G17280_AT5G48380","","AT1G17280","AT5G48380","","","","","","","PMID:29320478","Interacting protein"
"AT5G07340_AT5G48380","","AT5G07340","AT5G48380","","","","","","","PMID:24051702","Interacting protein"
"AT3G48890_AT5G48380","","AT3G48890","AT5G48380","","","","","","","PMID:24833385","Interacting protein"
"AT1G14700_AT5G48380","","AT1G14700","AT5G48380","","","","","","","PMID:24833385","Interacting protein"
"AT1G09970_AT5G48380","","AT1G09970","AT5G48380","","","","","","","PMID:29320478","Interacting protein"
"AT4G28650_AT5G48380","","AT4G28650","AT5G48380","","","","","","","PMID:29320478","Interacting protein"
"AT5G10290_AT5G48380","","AT5G10290","AT5G48380","","","","","","","PMID:29320478","Interacting protein"
"AT5G49660_AT5G48380","","AT5G49660","AT5G48380","","","","","","","PMID:24833385","Interacting protein"
"AT4G26540_AT5G48380","","AT4G26540","AT5G48380","","","","","","","PMID:24833385","Interacting protein"
"AT2G31880_AT1G72300","","AT2G31880","AT1G72300","","","","","","","PMID:29320478","Interacting protein"
"AT2G19190_AT1G72300","","AT2G19190","AT1G72300","","","","","","","PMID:29320478","Interacting protein"
"AT3G17000_AT1G72300","","AT3G17000","AT1G72300","","","","","","","PMID:29320478","Interacting protein"
"AT1G17280_AT1G72300","","AT1G17280","AT1G72300","","","","","","","PMID:16002617","Interacting protein"
"AT1G31812_AT1G72300","","AT1G31812","AT1G72300","","","","","","","PMID:16002617","Interacting protein"
"AT5G07340_AT1G72300","","AT5G07340","AT1G72300","","","","","","","PMID:16002617","Interacting protein"
"AT4G23740_AT1G72300","","AT4G23740","AT1G72300","","","","","","","PMID:21518052","Interacting protein"
"AT4G30190_AT1G72300","","AT4G30190","AT1G72300","","","","","","","PMID:25422419","Interacting protein"
"AT4G00710_AT1G51800","","AT4G00710","AT1G51800","","","","","","","PMID:21423366","Interacting protein"
"AT1G79630_AT1G51800","","AT1G79630","AT1G51800","","","","","","","PMID:16256065","Interacting protein"
"AT4G20940_AT1G51800","","AT4G20940","AT1G51800","","","","","","","PMID:24833385","Interacting protein"
"AT1G12460_AT1G51800","","AT1G12460","AT1G51800","","","","","","","PMID:24833385","Interacting protein"
"AT1G27190_AT1G51800","","AT1G27190","AT1G51800","","","","","","","PMID:24833385","Interacting protein"
"AT2G14510_AT1G51800","","AT2G14510","AT1G51800","","","","","","","PMID:24833385","Interacting protein"
"AT1G53730_AT1G51800","","AT1G53730","AT1G51800","","","","","","","PMID:29320478","Interacting protein"
"AT5G16000_AT1G51800","","AT5G16000","AT1G51800","","","","","","","PMID:29320478","Interacting protein"
"AT5G52240_AT1G53730","","AT5G52240","AT1G53730","","","","","","","PMID:29320478","Interacting protein"
"AT3G17000_AT1G53730","","AT3G17000","AT1G53730","","","","","","","PMID:29320478","Interacting protein"
"AT1G31812_AT1G53730","","AT1G31812","AT1G53730","","","","","","","PMID:29320478","Interacting protein"
"AT2G24940_AT1G53730","","AT2G24940","AT1G53730","","","","","","","PMID:29320478","Interacting protein"
"AT4G21380_AT1G53730","","AT4G21380","AT1G53730","","","","","","","PMID:29320478","Interacting protein"
"AT5G16000_AT1G53730","","AT5G16000","AT1G53730","","","","","","","PMID:29320478","Interacting protein"
"AT1G72300_AT1G53730","","AT1G72300","AT1G53730","","","","","","","PMID:29320478","Interacting protein"
"AT3G17000_AT1G70520","","AT3G17000","AT1G70520","","","","","","","PMID:29320478","Interacting protein"
"AT3G17210_AT1G70520","","AT3G17210","AT1G70520","","","","","","","PMID:29320478","Interacting protein"
"AT1G31420_AT1G70520","","AT1G31420","AT1G70520","","","","","","","PMID:29320478","Interacting protein"
"AT1G31812_AT1G70520","","AT1G31812","AT1G70520","","","","","","","PMID:29320478","Interacting protein"
"AT5G45750_AT1G70520","","AT5G45750","AT1G70520","","","","","","","PMID:29320478","Interacting protein"
"AT4G39890_AT1G70520","","AT4G39890","AT1G70520","","","","","","","PMID:29320478","Interacting protein"
"AT4G08500_AT5G54590","","AT4G08500","AT5G54590","","","","","","","PMID:29320478","Interacting protein"
"AT3G56800_AT5G54590","","AT3G56800","AT5G54590","","","","","","","PMID:29320478","Interacting protein"
"AT2G27030_AT5G54590","","AT2G27030","AT5G54590","","","","","","","PMID:29320478","Interacting protein"
"AT2G41110_AT5G54590","","AT2G41110","AT5G54590","","","","","","","PMID:29320478","Interacting protein"
"AT5G27600_AT5G56290","","AT5G27600","AT5G56290","","","","","","","PMID:29320478","Interacting protein"
"AT4G11110_AT5G63860","","AT4G11110","AT5G63860","","","","","","","PMID:29320478","Interacting protein"
"AT3G15354_AT5G63860","","AT3G15354","AT5G63860","","","","","","","PMID:29320478","Interacting protein"
"AT1G53090_AT5G63860","","AT1G53090","AT5G63860","","","","","","","PMID:29320478","Interacting protein"
"AT4G33010_AT5G63860","","AT4G33010","AT5G63860","","","","","","","PMID:29320478","Interacting protein"
"AT2G26080_AT5G63860","","AT2G26080","AT5G63860","","","","","","","PMID:29320478","Interacting protein"
"AT2G32950_AT5G63860","","AT2G32950","AT5G63860","","","","","","","PMID:29320478","Interacting protein"
"AT1G07560_AT5G53890","","AT1G07560","AT5G53890","","","","","","","PMID:29320478","Interacting protein"
"AT2G28960_AT5G53890","","AT2G28960","AT5G53890","","","","","","","PMID:29320478","Interacting protein"
"AT1G54410_AT1G08590","","AT1G54410","AT1G08590","","","","","","","PMID:29320478","Interacting protein"
"AT3G54890_AT1G08590","","AT3G54890","AT1G08590","","","","","","","PMID:29320478","Interacting protein"
"AT4G35310_AT1G08590","","AT4G35310","AT1G08590","","","","","","","PMID:29320478","Interacting protein"
"AT3G60245_AT1G08590","","AT3G60245","AT1G08590","","","","","","","PMID:29320478","Interacting protein"
"AT2G29360_AT1G08590","","AT2G29360","AT1G08590","","","","","","","PMID:29320478","Interacting protein"
"AT3G47470_AT1G08590","","AT3G47470","AT1G08590","","","","","","","PMID:29320478","Interacting protein"
"AT3G22890_AT1G08590","","AT3G22890","AT1G08590","","","","","","","PMID:29320478","Interacting protein"
"AT3G17000_AT1G08590","","AT3G17000","AT1G08590","","","","","","","PMID:29320478","Interacting protein"
"AT1G17280_AT1G08590","","AT1G17280","AT1G08590","","","","","","","PMID:29320478","Interacting protein"
"AT1G31812_AT1G08590","","AT1G31812","AT1G08590","","","","","","","PMID:29320478","Interacting protein"
"AT3G48890_AT1G08590","","AT3G48890","AT1G08590","","","","","","","PMID:29320478","Interacting protein"
"AT5G24100_AT5G16000","","AT5G24100","AT5G16000","","","","","","","PMID:29320478","Interacting protein"
"AT5G53320_AT5G16000","","AT5G53320","AT5G16000","","","","","","","PMID:29320478","Interacting protein"
"AT1G56140_AT5G16000","","AT1G56140","AT5G16000","","","","","","","PMID:29320478","Interacting protein"
"AT1G08590_AT5G16000","","AT1G08590","AT5G16000","","","","","","","PMID:24064770","Interacting protein"
"AT2G23950_AT5G16000","","AT2G23950","AT5G16000","","","","","","","PMID:24064770","Interacting protein"
"AT3G56370_AT5G16000","","AT3G56370","AT5G16000","","","","","","","PMID:24064770","Interacting protein"
"AT5G63930_AT5G16000","","AT5G63930","AT5G16000","","","","","","","PMID:24064770","Interacting protein"
"AT3G49670_AT5G16000","","AT3G49670","AT5G16000","","","","","","","PMID:24064770","Interacting protein"
"AT4G20140_AT5G16000","","AT4G20140","AT5G16000","","","","","","","PMID:24064770","Interacting protein"
"AT5G58300_AT5G16000","","AT5G58300","AT5G16000","","","","","","","PMID:24064770","Interacting protein"
"AT5G65700_AT5G16000","","AT5G65700","AT5G16000","","","","","","","PMID:24064770","Interacting protein"
"AT5G16900_AT5G16000","","AT5G16900","AT5G16000","","","","","","","PMID:29320478","Interacting protein"
"AT1G34110_AT5G16000","","AT1G34110","AT5G16000","","","","","","","PMID:29320478","Interacting protein"
"AT5G49770_AT5G16000","","AT5G49770","AT5G16000","","","","","","","PMID:29320478","Interacting protein"
"AT2G25790_AT5G16000","","AT2G25790","AT5G16000","","","","","","","PMID:29320478","Interacting protein"
"AT5G59680_AT5G16000","","AT5G59680","AT5G16000","","","","","","","PMID:29320478","Interacting protein"
"AT1G68400_AT5G16000","","AT1G68400","AT5G16000","","","","","","","PMID:29320478","Interacting protein"
"AT3G28040_AT5G16000","","AT3G28040","AT5G16000","","","","","","","PMID:29320478","Interacting protein"
"AT5G61480_AT5G16000","","AT5G61480","AT5G16000","","","","","","","PMID:29320478","Interacting protein"
"AT5G45780_AT5G16000","","AT5G45780","AT5G16000","","","","","","","PMID:29320478","Interacting protein"
"AT4G36180_AT5G16000","","AT4G36180","AT5G16000","","","","","","","PMID:29320478","Interacting protein"
"AT2G41820_AT5G16000","","AT2G41820","AT5G16000","","","","","","","PMID:29320478","Interacting protein"
"AT5G01890_AT5G16000","","AT5G01890","AT5G16000","","","","","","","PMID:29320478","Interacting protein"
"AT1G53430_AT5G16000","","AT1G53430","AT5G16000","","","","","","","PMID:29320478","Interacting protein"
"AT4G20940_AT5G16000","","AT4G20940","AT5G16000","","","","","","","PMID:29320478","Interacting protein"
"AT2G01820_AT3G24240","","AT2G01820","AT3G24240","","","","","","","PMID:29320478","Interacting protein"
"AT4G20450_AT3G24240","","AT4G20450","AT3G24240","","","","","","","PMID:21423366","Interacting protein"
"AT2G24230_AT3G24240","","AT2G24230","AT3G24240","","","","","","","PMID:24833385","Interacting protein"
"AT1G12460_AT3G21340","","AT1G12460","AT3G21340","","","","","","","PMID:24833385","Interacting protein"
"AT2G41820_AT3G21340","","AT2G41820","AT3G21340","","","","","","","PMID:24833385","Interacting protein"
"AT5G48380_AT3G21340","","AT5G48380","AT3G21340","","","","","","","PMID:24833385","Interacting protein"
"AT4G18640_AT3G21340","","AT4G18640","AT3G21340","","","","","","","PMID:29320478","Interacting protein"
"AT1G55610_AT3G13380","","AT1G55610","AT3G13380","","","","","","","PMID:29320478","Interacting protein"
"AT4G00710_AT3G13380","","AT4G00710","AT3G13380","","","","","","","PMID:29320478","Interacting protein"
"AT4G35230_AT3G13380","","AT4G35230","AT3G13380","","","","","","","PMID:29320478","Interacting protein"
"AT3G51550_AT3G13380","","AT3G51550","AT3G13380","","","","","","","PMID:29320478","Interacting protein"
"AT4G23650_AT3G13380","","AT4G23650","AT3G13380","","","","","","","PMID:29320478","Interacting protein"
"AT1G63500_AT3G13380","","AT1G63500","AT3G13380","","","","","","","PMID:29320478","Interacting protein"
"AT3G57530_AT3G13380","","AT3G57530","AT3G13380","","","","","","","PMID:29320478","Interacting protein"
"AT4G30190_AT3G13380","","AT4G30190","AT3G13380","","","","","","","PMID:29320478","Interacting protein"
"AT3G60190_AT3G13380","","AT3G60190","AT3G13380","","","","","","","PMID:29320478","Interacting protein"
"AT5G61480_AT3G13380","","AT5G61480","AT3G13380","","","","","","","PMID:29320478","Interacting protein"
"AT1G27190_AT3G13380","","AT1G27190","AT3G13380","","","","","","","PMID:29320478","Interacting protein"
"AT2G41820_AT3G13380","","AT2G41820","AT3G13380","","","","","","","PMID:29320478","Interacting protein"
"AT5G48380_AT3G13380","","AT5G48380","AT3G13380","","","","","","","PMID:29320478","Interacting protein"
"AT1G06840_AT3G13380","","AT1G06840","AT3G13380","","","","","","","PMID:29320478","Interacting protein"
"AT5G16900_AT3G13380","","AT5G16900","AT3G13380","","","","","","","PMID:29320478","Interacting protein"
"AT4G20140_AT3G13380","","AT4G20140","AT3G13380","","","","","","","PMID:29320478","Interacting protein"
"AT5G20480_AT3G13380","","AT5G20480","AT3G13380","","","","","","","PMID:29320478","Interacting protein"
"AT5G53320_AT3G13380","","AT5G53320","AT3G13380","","","","","","","PMID:29320478","Interacting protein"
"AT1G56140_AT3G13380","","AT1G56140","AT3G13380","","","","","","","PMID:29320478","Interacting protein"
"AT1G72300_AT3G13380","","AT1G72300","AT3G13380","","","","","","","PMID:29320478","Interacting protein"
"AT1G53730_AT3G13380","","AT1G53730","AT3G13380","","","","","","","PMID:29320478","Interacting protein"
"AT1G07550_AT3G23750","","AT1G07550","AT3G23750","","","","","","","PMID:29320478","Interacting protein"
"AT1G72300_AT3G23750","","AT1G72300","AT3G23750","","","","","","","PMID:29320478","Interacting protein"
"AT1G07560_AT3G23750","","AT1G07560","AT3G23750","","","","","","","PMID:29320478","Interacting protein"
"AT3G28040_AT1G48480","","AT3G28040","AT1G48480","","","","","","","PMID:29320478","Interacting protein"
"AT2G23950_AT1G48480","","AT2G23950","AT1G48480","","","","","","","PMID:29320478","Interacting protein"
"AT2G24230_AT1G48480","","AT2G24230","AT1G48480","","","","","","","PMID:29320478","Interacting protein"
"AT2G01950_AT1G48480","","AT2G01950","AT1G48480","","","","","","","PMID:29320478","Interacting protein"
"AT5G07280_AT1G48480","","AT5G07280","AT1G48480","","","","","","","PMID:29320478","Interacting protein"
"AT5G53890_AT1G48480","","AT5G53890","AT1G48480","","","","","","","PMID:29320478","Interacting protein"
"AT1G51820_AT1G48480","","AT1G51820","AT1G48480","","","","","","","PMID:29320478","Interacting protein"
"AT1G07560_AT1G48480","","AT1G07560","AT1G48480","","","","","","","PMID:29320478","Interacting protein"
"AT1G67720_AT1G48480","","AT1G67720","AT1G48480","","","","","","","PMID:29320478","Interacting protein"
"AT5G49660_AT1G48480","","AT5G49660","AT1G48480","","","","","","","PMID:21855796","Interacting protein"
"AT5G59680_AT1G48480","","AT5G59680","AT1G48480","","","","","","","PMID:21855796","Interacting protein"
"AT3G48260_AT5G49770","","AT3G48260","AT5G49770","","","","","","","PMID:29320478","Interacting protein"
"AT1G14700_AT5G49770","","AT1G14700","AT5G49770","","","","","","","PMID:29320478","Interacting protein"
"AT2G28960_AT5G49770","","AT2G28960","AT5G49770","","","","","","","PMID:29320478","Interacting protein"
"AT1G17280_AT3G14350","","AT1G17280","AT3G14350","","","","","","","PMID:29320478","Interacting protein"
"AT5G59680_AT3G14350","","AT5G59680","AT3G14350","","","","","","","PMID:29320478","Interacting protein"
"AT3G47110_AT3G14350","","AT3G47110","AT3G14350","","","","","","","PMID:24833385","Interacting protein"
"AT5G61480_AT3G14350","","AT5G61480","AT3G14350","","","","","","","PMID:24833385","Interacting protein"
"AT1G71830_AT3G14350","","AT1G71830","AT3G14350","","","","","","","PMID:24833385","Interacting protein"
"AT1G63430_AT3G14350","","AT1G63430","AT3G14350","","","","","","","PMID:29320478","Interacting protein"
"AT1G51890_AT3G14350","","AT1G51890","AT3G14350","","","","","","","PMID:29320478","Interacting protein"
"AT2G14510_AT3G14350","","AT2G14510","AT3G14350","","","","","","","PMID:29320478","Interacting protein"
"AT3G21340_AT3G14350","","AT3G21340","AT3G14350","","","","","","","PMID:29320478","Interacting protein"
"AT1G69270_AT3G14350","","AT1G69270","AT3G14350","","","","","","","PMID:29320478","Interacting protein"
"AT5G58300_AT3G14350","","AT5G58300","AT3G14350","","","","","","","PMID:29320478","Interacting protein"
"AT1G06840_AT3G14350","","AT1G06840","AT3G14350","","","","","","","PMID:29320478","Interacting protein"
"AT5G48380_AT3G14350","","AT5G48380","AT3G14350","","","","","","","PMID:29320478","Interacting protein"
"AT5G16000_AT3G14350","","AT5G16000","AT3G14350","","","","","","","PMID:29320478","Interacting protein"
"AT5G10020_AT3G14350","","AT5G10020","AT3G14350","","","","","","","PMID:29320478","Interacting protein"
"AT5G20480_AT3G14350","","AT5G20480","AT3G14350","","","","","","","PMID:29320478","Interacting protein"
"AT5G05160_AT3G14350","","AT5G05160","AT3G14350","","","","","","","PMID:29320478","Interacting protein"
"AT5G53320_AT3G14350","","AT5G53320","AT3G14350","","","","","","","PMID:29320478","Interacting protein"
"AT4G18640_AT3G14350","","AT4G18640","AT3G14350","","","","","","","PMID:29320478","Interacting protein"
"AT4G39400_AT3G14350","","AT4G39400","AT3G14350","","","","","","","PMID:29320478","Interacting protein"
"AT2G26330_AT3G14350","","AT2G26330","AT3G14350","","","","","","","PMID:29320478","Interacting protein"
"AT5G65710_AT3G14350","","AT5G65710","AT3G14350","","","","","","","PMID:29320478","Interacting protein"
"AT1G72300_AT3G14350","","AT1G72300","AT3G14350","","","","","","","PMID:29320478","Interacting protein"
"AT3G13380_AT3G14350","","AT3G13380","AT3G14350","","","","","","","PMID:29320478","Interacting protein"
"AT1G51800_AT3G14350","","AT1G51800","AT3G14350","","","","","","","PMID:29320478","Interacting protein"
"AT1G27190_AT3G14350","","AT1G27190","AT3G14350","","","","","","","PMID:29320478","Interacting protein"
"AT4G30520_AT3G14350","","AT4G30520","AT3G14350","","","","","","","PMID:29320478","Interacting protein"
"AT4G20940_AT3G14350","","AT4G20940","AT3G14350","","","","","","","PMID:29320478","Interacting protein"
"AT2G23950_AT3G14350","","AT2G23950","AT3G14350","","","","","","","PMID:29320478","Interacting protein"
"AT2G25790_AT3G14350","","AT2G25790","AT3G14350","","","","","","","PMID:29320478","Interacting protein"
"AT1G55610_AT3G14350","","AT1G55610","AT3G14350","","","","","","","PMID:29320478","Interacting protein"
"AT3G17000_AT3G17840","","AT3G17000","AT3G17840","","","","","","","PMID:24833385","Interacting protein"
"AT1G17280_AT3G17840","","AT1G17280","AT3G17840","","","","","","","PMID:24833385","Interacting protein"
"AT4G20940_AT3G17840","","AT4G20940","AT3G17840","","","","","","","PMID:29320478","Interacting protein"
"AT2G41820_AT3G17840","","AT2G41820","AT3G17840","","","","","","","PMID:29320478","Interacting protein"
"AT5G49760_AT3G17840","","AT5G49760","AT3G17840","","","","","","","PMID:29320478","Interacting protein"
"AT5G45840_AT3G17840","","AT5G45840","AT3G17840","","","","","","","PMID:29320478","Interacting protein"
"AT1G66150_AT3G17840","","AT1G66150","AT3G17840","","","","","","","PMID:29320478","Interacting protein"
"AT2G35620_AT3G17840","","AT2G35620","AT3G17840","","","","","","","PMID:29320478","Interacting protein"
"AT2G24230_AT3G17840","","AT2G24230","AT3G17840","","","","","","","PMID:29320478","Interacting protein"
"AT4G22130_AT3G17840","","AT4G22130","AT3G17840","","","","","","","PMID:17360592","Interacting protein"
"AT1G09970_AT3G17840","","AT1G09970","AT3G17840","","","","","","","PMID:17360592","Interacting protein"
"AT2G26730_AT3G17840","","AT2G26730","AT3G17840","","","","","","","PMID:17360592","Interacting protein"
"AT2G01950_AT3G17840","","AT2G01950","AT3G17840","","","","","","","PMID:17360592","Interacting protein"
"AT4G29180_AT3G17840","","AT4G29180","AT3G17840","","","","","","","PMID:29320478","Interacting protein"
"AT2G01820_AT3G17840","","AT2G01820","AT3G17840","","","","","","","PMID:29320478","Interacting protein"
"AT5G49770_AT3G17840","","AT5G49770","AT3G17840","","","","","","","PMID:29320478","Interacting protein"
"AT2G02780_AT3G17840","","AT2G02780","AT3G17840","","","","","","","PMID:29320478","Interacting protein"
"AT5G01890_AT3G17840","","AT5G01890","AT3G17840","","","","","","","PMID:29320478","Interacting protein"
"AT3G56370_AT3G17840","","AT3G56370","AT3G17840","","","","","","","PMID:24833385","Interacting protein"
"AT5G65700_AT3G17840","","AT5G65700","AT3G17840","","","","","","","PMID:24833385","Interacting protein"
"AT4G26540_AT3G17840","","AT4G26540","AT3G17840","","","","","","","PMID:24833385","Interacting protein"
"AT4G28650_AT3G17840","","AT4G28650","AT3G17840","","","","","","","PMID:24833385","Interacting protein"
"AT5G61480_AT3G17840","","AT5G61480","AT3G17840","","","","","","","PMID:24833385","Interacting protein"
"AT3G23750_AT3G17840","","AT3G23750","AT3G17840","","","","","","","PMID:24833385","Interacting protein"
"AT1G06840_AT3G17840","","AT1G06840","AT3G17840","","","","","","","PMID:24833385","Interacting protein"
"AT2G25790_AT3G17840","","AT2G25790","AT3G17840","","","","","","","PMID:21423366","Interacting protein"
"AT1G31420_AT3G17840","","AT1G31420","AT3G17840","","","","","","","PMID:21423366","Interacting protein"
"AT4G30960_AT5G10530","","AT4G30960","AT5G10530","","","","","","","PMID:29320478","Interacting protein"
"AT3G48260_AT5G10530","","AT3G48260","AT5G10530","","","","","","","PMID:29320478","Interacting protein"
"AT1G14700_AT5G10530","","AT1G14700","AT5G10530","","","","","","","PMID:29320478","Interacting protein"
"AT4G20450_AT3G56370","","AT4G20450","AT3G56370","","","","","","","PMID:29320478","Interacting protein"
"AT2G28960_AT3G56370","","AT2G28960","AT3G56370","","","","","","","PMID:29320478","Interacting protein"
"AT4G31250_AT3G56370","","AT4G31250","AT3G56370","","","","","","","PMID:29320478","Interacting protein"
"AT2G19190_AT3G56370","","AT2G19190","AT3G56370","","","","","","","PMID:29320478","Interacting protein"
"AT5G44700_AT5G07280","","AT5G44700","AT5G07280","","","","","","","PMID:29320478","Interacting protein"
"AT3G24240_AT5G07280","","AT3G24240","AT5G07280","","","","","","","PMID:29320478","Interacting protein"
"AT1G56130_AT5G07280","","AT1G56130","AT5G07280","","","","","","","PMID:29320478","Interacting protein"
"AT1G72300_AT5G07280","","AT1G72300","AT5G07280","","","","","","","PMID:29320478","Interacting protein"
"AT2G26330_AT5G07280","","AT2G26330","AT5G07280","","","","","","","PMID:29320478","Interacting protein"
"AT3G23750_AT5G07280","","AT3G23750","AT5G07280","","","","","","","PMID:29320478","Interacting protein"
"AT1G67720_AT5G07280","","AT1G67720","AT5G07280","","","","","","","PMID:24833385","Interacting protein"
"AT5G37780_AT5G01890","","AT5G37780","AT5G01890","","","","","","","PMID:21423366","Interacting protein"
"AT5G21274_AT5G01890","","AT5G21274","AT5G01890","","","","","","","PMID:29320478","Interacting protein"
"AT3G43810_AT5G01890","","AT3G43810","AT5G01890","","","","","","","PMID:29320478","Interacting protein"
"AT4G14640_AT5G01890","","AT4G14640","AT5G01890","","","","","","","PMID:29320478","Interacting protein"
"AT3G51920_AT5G01890","","AT3G51920","AT5G01890","","","","","","","PMID:29320478","Interacting protein"
"AT2G41090_AT5G01890","","AT2G41090","AT5G01890","","","","","","","PMID:29320478","Interacting protein"
"AT4G18640_AT5G01890","","AT4G18640","AT5G01890","","","","","","","PMID:29320478","Interacting protein"
"AT2G31880_AT5G01890","","AT2G31880","AT5G01890","","","","","","","PMID:29320478","Interacting protein"
"AT4G20270_AT5G01890","","AT4G20270","AT5G01890","","","","","","","PMID:29320478","Interacting protein"
"AT1G64210_AT5G01890","","AT1G64210","AT5G01890","","","","","","","PMID:29320478","Interacting protein"
"AT3G24240_AT5G01890","","AT3G24240","AT5G01890","","","","","","","PMID:29320478","Interacting protein"
"AT1G63430_AT5G01890","","AT1G63430","AT5G01890","","","","","","","PMID:24833385","Interacting protein"
"AT3G17000_AT5G01550","","AT3G17000","AT5G01550","","","","","","","PMID:29320478","Interacting protein"
"AT5G46330_AT5G01540","","AT5G46330","AT5G01540","","","","","","","PMID:29320478","Interacting protein"
"AT3G17000_AT5G01540","","AT3G17000","AT5G01540","","","","","","","PMID:29320478","Interacting protein"
"AT1G17280_AT5G01540","","AT1G17280","AT5G01540","","","","","","","PMID:29320478","Interacting protein"
"AT1G14700_AT5G01540","","AT1G14700","AT5G01540","","","","","","","PMID:29320478","Interacting protein"
"AT2G28990_AT4G28650","","AT2G28990","AT4G28650","","","","","","","PMID:29320478","Interacting protein"
"AT2G41820_AT4G28650","","AT2G41820","AT4G28650","","","","","","","PMID:29320478","Interacting protein"
"AT1G07560_AT4G28650","","AT1G07560","AT4G28650","","","","","","","PMID:29320478","Interacting protein"
"AT5G20480_AT4G28650","","AT5G20480","AT4G28650","","","","","","","PMID:29320478","Interacting protein"
"AT1G14390_AT4G28650","","AT1G14390","AT4G28650","","","","","","","PMID:29320478","Interacting protein"
"AT1G51820_AT4G28650","","AT1G51820","AT4G28650","","","","","","","PMID:29320478","Interacting protein"
"AT1G64210_AT4G28650","","AT1G64210","AT4G28650","","","","","","","PMID:29320478","Interacting protein"
"AT2G02780_AT4G28650","","AT2G02780","AT4G28650","","","","","","","PMID:29320478","Interacting protein"
"AT4G18640_AT4G28650","","AT4G18640","AT4G28650","","","","","","","PMID:24833385","Interacting protein"
"AT4G20140_AT4G28650","","AT4G20140","AT4G28650","","","","","","","PMID:24833385","Interacting protein"
"AT3G13380_AT4G28650","","AT3G13380","AT4G28650","","","","","","","PMID:24051702","Interacting protein"
"AT1G67720_AT4G28650","","AT1G67720","AT4G28650","","","","","","","PMID:21423366","Interacting protein"
"AT5G59680_AT4G28650","","AT5G59680","AT4G28650","","","","","","","PMID:21423366","Interacting protein"
"AT3G28040_AT4G28650","","AT3G28040","AT4G28650","","","","","","","PMID:24833385","Interacting protein"
"AT1G14700_AT3G45430","","AT1G14700","AT3G45430","","","","","","","PMID:24833385","Interacting protein"
"AT1G17280_AT3G49670","","AT1G17280","AT3G49670","","","","","","","PMID:29320478","Interacting protein"
"AT1G05700_AT3G49670","","AT1G05700","AT3G49670","","","","","","","PMID:29320478","Interacting protein"
"AT2G26330_AT3G49670","","AT2G26330","AT3G49670","","","","","","","PMID:29320478","Interacting protein"
"AT1G14390_AT3G49670","","AT1G14390","AT3G49670","","","","","","","PMID:29320478","Interacting protein"
"AT5G59680_AT3G49670","","AT5G59680","AT3G49670","","","","","","","PMID:29320478","Interacting protein"
"AT1G69270_AT3G49670","","AT1G69270","AT3G49670","","","","","","","PMID:29320478","Interacting protein"
"AT4G20450_AT3G49670","","AT4G20450","AT3G49670","","","","","","","PMID:29320478","Interacting protein"
"AT2G01820_AT3G49670","","AT2G01820","AT3G49670","","","","","","","PMID:29320478","Interacting protein"
"AT4G20140_AT3G49670","","AT4G20140","AT3G49670","","","","","","","PMID:29320478","Interacting protein"
"AT4G08850_AT3G49670","","AT4G08850","AT3G49670","","","","","","","PMID:29320478","Interacting protein"
"AT1G07550_AT3G49670","","AT1G07550","AT3G49670","","","","","","","PMID:29320478","Interacting protein"
"AT1G67720_AT3G49670","","AT1G67720","AT3G49670","","","","","","","PMID:29320478","Interacting protein"
"AT3G13065_AT3G49670","","AT3G13065","AT3G49670","","","","","","","PMID:29320478","Interacting protein"
"AT4G18640_AT3G49670","","AT4G18640","AT3G49670","","","","","","","PMID:29320478","Interacting protein"
"AT1G17280_AT5G66160","","AT1G17280","AT5G66160","","","","","","","PMID:29320478","Interacting protein"
"AT1G13270_AT3G04110","","AT1G13270","AT3G04110","","","","","","","PMID:29320478","Interacting protein"
"AT5G37780_AT1G68400","","AT5G37780","AT1G68400","","","","","","","PMID:29320478","Interacting protein"
"AT5G21274_AT1G68400","","AT5G21274","AT1G68400","","","","","","","PMID:29320478","Interacting protein"
"AT3G43810_AT1G68400","","AT3G43810","AT1G68400","","","","","","","PMID:24833385","Interacting protein"
"AT3G51920_AT1G68400","","AT3G51920","AT1G68400","","","","","","","PMID:24833385","Interacting protein"
"AT2G41090_AT1G68400","","AT2G41090","AT1G68400","","","","","","","PMID:24833385","Interacting protein"
"AT4G26540_AT1G68400","","AT4G26540","AT1G68400","","","","","","","PMID:24833385","Interacting protein"
"AT2G25790_AT1G68400","","AT2G25790","AT1G68400","","","","","","","PMID:24833385","Interacting protein"
"AT4G22130_AT1G68400","","AT4G22130","AT1G68400","","","","","","","PMID:24833385","Interacting protein"
"AT2G01950_AT1G68400","","AT2G01950","AT1G68400","","","","","","","PMID:24833385","Interacting protein"
"AT1G63430_AT1G68400","","AT1G63430","AT1G68400","","","","","","","PMID:24833385","Interacting protein"
"AT1G31420_AT1G68400","","AT1G31420","AT1G68400","","","","","","","PMID:24833385","Interacting protein"
"AT4G36180_AT1G68400","","AT4G36180","AT1G68400","","","","","","","PMID:24833385","Interacting protein"
"AT5G07280_AT1G68400","","AT5G07280","AT1G68400","","","","","","","PMID:21423366","Interacting protein"
"AT5G49770_AT1G68400","","AT5G49770","AT1G68400","","","","","","","PMID:21423366","Interacting protein"
"AT3G56370_AT1G68400","","AT3G56370","AT1G68400","","","","","","","PMID:21423366","Interacting protein"
"AT4G20940_AT1G68400","","AT4G20940","AT1G68400","","","","","","","PMID:21423366","Interacting protein"
"AT1G08590_AT1G68400","","AT1G08590","AT1G68400","","","","","","","PMID:21423366","Interacting protein"
"AT3G21340_AT1G68400","","AT3G21340","AT1G68400","","","","","","","PMID:21423366","Interacting protein"
"AT3G14350_AT1G68400","","AT3G14350","AT1G68400","","","","","","","PMID:21423366","Interacting protein"
"AT5G65700_AT1G68400","","AT5G65700","AT1G68400","","","","","","","PMID:21423366","Interacting protein"
"AT4G08850_AT1G68400","","AT4G08850","AT1G68400","","","","","","","PMID:21423366","Interacting protein"
"AT1G34110_AT1G68400","","AT1G34110","AT1G68400","","","","","","","PMID:24833385","Interacting protein"
"AT3G46330_AT1G68400","","AT3G46330","AT1G68400","","","","","","","PMID:24833385","Interacting protein"
"AT1G74360_AT1G68400","","AT1G74360","AT1G68400","","","","","","","PMID:24833385","Interacting protein"
"AT5G45840_AT1G68400","","AT5G45840","AT1G68400","","","","","","","PMID:24833385","Interacting protein"
"AT2G02780_AT1G68400","","AT2G02780","AT1G68400","","","","","","","PMID:24833385","Interacting protein"
"AT2G41820_AT1G68400","","AT2G41820","AT1G68400","","","","","","","PMID:29320478","Interacting protein"
"AT3G49670_AT1G68400","","AT3G49670","AT1G68400","","","","","","","PMID:29320478","Interacting protein"
"AT1G66150_AT1G68400","","AT1G66150","AT1G68400","","","","","","","PMID:29320478","Interacting protein"
"AT2G35620_AT1G68400","","AT2G35620","AT1G68400","","","","","","","PMID:29320478","Interacting protein"
"AT5G49760_AT1G68400","","AT5G49760","AT1G68400","","","","","","","PMID:25988356","Interacting protein"
"AT1G51800_AT1G68400","","AT1G51800","AT1G68400","","","","","","","PMID:25988356","Interacting protein"
"AT1G02500_AT3G51550","","AT1G02500","AT3G51550","","","","","","","PMID:24736607","Interacting protein"
"AT4G01850_AT3G51550","","AT4G01850","AT3G51550","","","","","","","PMID:24736607","Interacting protein"
"AT5G16900_AT1G17230","","AT5G16900","AT1G17230","","","","","","","PMID:24736607","Interacting protein"
"AT5G48740_AT1G17230","","AT5G48740","AT1G17230","","","","","","","PMID:24736607","Interacting protein"
"AT2G19190_AT1G17230","","AT2G19190","AT1G17230","","","","","","","PMID:24736607","Interacting protein"
"AT4G20450_AT1G17230","","AT4G20450","AT1G17230","","","","","","","PMID:24736607","Interacting protein"
"AT1G53730_AT1G17230","","AT1G53730","AT1G17230","","","","","","","PMID:24736607","Interacting protein"
"AT2G28960_AT1G17230","","AT2G28960","AT1G17230","","","","","","","PMID:24736607","Interacting protein"
"AT2G28990_AT1G17230","","AT2G28990","AT1G17230","","","","","","","PMID:24736607","Interacting protein"
"AT1G56130_AT2G01820","","AT1G56130","AT2G01820","","","","","","","PMID:24736607","Interacting protein"
"AT2G19190_AT2G01820","","AT2G19190","AT2G01820","","","","","","","PMID:24736607","Interacting protein"
"AT2G28960_AT2G01820","","AT2G28960","AT2G01820","","","","","","","PMID:24736607","Interacting protein"
"AT1G53440_AT2G01820","","AT1G53440","AT2G01820","","","","","","","PMID:24736607","Interacting protein"
"AT2G28990_AT2G01820","","AT2G28990","AT2G01820","","","","","","","PMID:24736607","Interacting protein"
"AT1G34210_AT2G01820","","AT1G34210","AT2G01820","","","","","","","PMID:24736607","Interacting protein"
"AT5G45840_AT2G01820","","AT5G45840","AT2G01820","","","","","","","PMID:24736607","Interacting protein"
"AT1G17280_AT2G31880","","AT1G17280","AT2G31880","","","","","","","PMID:24736607","Interacting protein"
"AT1G34210_AT2G31880","","AT1G34210","AT2G31880","","","","","","","PMID:29320478","Interacting protein"
"AT2G28960_AT2G31880","","AT2G28960","AT2G31880","","","","","","","PMID:29320478","Interacting protein"
"AT2G19190_AT2G31880","","AT2G19190","AT2G31880","","","","","","","PMID:24833385","Interacting protein"
"AT5G45840_AT2G31880","","AT5G45840","AT2G31880","","","","","","","PMID:24833385","Interacting protein"
"AT2G28990_AT2G31880","","AT2G28990","AT2G31880","","","","","","","PMID:24833385","Interacting protein"
"AT3G16620_AT2G16640","","AT3G16620","AT2G16640","","","","","","","PMID:20626648","Interacting protein"
"AT4G25570_AT2G16640","","AT4G25570","AT2G16640","","","","","","","PMID:20626648","Interacting protein"
"AT5G01600_AT2G16640","","AT5G01600","AT2G16640","","","","","","","PMID:20965998","Interacting protein"
"AT5G54810_AT2G16640","","AT5G54810","AT2G16640","","","","","","","PMID:20965998","Interacting protein"
"AT3G16640_AT2G16640","","AT3G16640","AT2G16640","","","","","","","PMID:22737156","Interacting protein"
"AT4G25100_AT2G16640","","AT4G25100","AT2G16640","","","","","","","PMID:23394827","Interacting protein"
"AT5G08650_AT2G16640","","AT5G08650","AT2G16640","","","","","","","PMID:29320478","Interacting protein"
"AT1G08110_AT2G16640","","AT1G08110","AT2G16640","","","","","","","PMID:22225700","Interacting protein"
"AT5G54770_AT2G16640","","AT5G54770","AT2G16640","","","","","","","PMID:26029224","Interacting protein"
"AT4G38460_AT2G16640","","AT4G38460","AT2G16640","","","","","","","PMID:23297417","Interacting protein"
"AT3G63410_AT2G16640","","AT3G63410","AT2G16640","","","","","","","PMID:23297417","Interacting protein"
"AT4G14880_AT2G16640","","AT4G14880","AT2G16640","","","","","","","PMID:23297417","Interacting protein"
"AT4G01900_AT2G16640","","AT4G01900","AT2G16640","","","","","","","PMID:23297417","Interacting protein"
"AT1G54410_AT2G16640","","AT1G54410","AT2G16640","","","","","","","PMID:23297417","Interacting protein"
"AT3G47470_AT2G16640","","AT3G47470","AT2G16640","","","","","","","PMID:23297417","Interacting protein"
"AT4G10340_AT2G16640","","AT4G10340","AT2G16640","","","","","","","PMID:23297417","Interacting protein"
"AT1G29930_AT2G16640","","AT1G29930","AT2G16640","","","","","","","PMID:23297417","Interacting protein"
"AT1G61520_AT2G16640","","AT1G61520","AT2G16640","","","","","","","PMID:23297417","Interacting protein"
"AT3G61470_AT2G16640","","AT3G61470","AT2G16640","","","","","","","PMID:23297417","Interacting protein"
"AT3G54890_AT2G16640","","AT3G54890","AT2G16640","","","","","","","PMID:23297417","Interacting protein"
"AT4G27440_AT2G16640","","AT4G27440","AT2G16640","","","","","","","PMID:32612234","Interacting protein"
"AT2G05100_AT2G16640","","AT2G05100","AT2G16640","","","","","","","PMID:21423366","Interacting protein"
"AT5G01530_AT2G16640","","AT5G01530","AT2G16640","","","","","","","PMID:21423366","Interacting protein"
"AT3G27690_AT2G16640","","AT3G27690","AT2G16640","","","","","","","PMID:21423366","Interacting protein"
"AT2G04700_AT2G16640","","AT2G04700","AT2G16640","","","","","","","PMID:19135895","Interacting protein"
"AT3G17000_AT1G11330","","AT3G17000","AT1G11330","","","","","","","PMID:19000166","Interacting protein"
"AT1G17280_AT1G11330","","AT1G17280","AT1G11330","","","","","","","PMID:19000166","Interacting protein"
"AT5G13290_AT1G75820","","AT5G13290","AT1G75820","","","","","","","PMID:19000166","Interacting protein"
"AT3G59420_AT1G75820","","AT3G59420","AT1G75820","","","","","","","PMID:19000166","Interacting protein"
"AT5G20890_AT1G29260","","AT5G20890","AT1G29260","","","","","","","PMID:29320478","Interacting protein"
"AT3G03960_AT1G29260","","AT3G03960","AT1G29260","","","","","","","PMID:29320478","Interacting protein"
"AT3G20050_AT1G29260","","AT3G20050","AT1G29260","","","","","","","PMID:29320478","Interacting protein"
"AT1G55490_AT1G29260","","AT1G55490","AT1G29260","","","","","","","PMID:29320478","Interacting protein"
"AT3G02530_AT1G29260","","AT3G02530","AT1G29260","","","","","","","PMID:29320478","Interacting protein"
"AT5G16070_AT1G29260","","AT5G16070","AT1G29260","","","","","","","PMID:29320478","Interacting protein"
"AT1G24510_AT1G29260","","AT1G24510","AT1G29260","","","","","","","PMID:29320478","Interacting protein"
"AT5G42080_AT1G29260","","AT5G42080","AT1G29260","","","","","","","PMID:29320478","Interacting protein"
"AT3G11830_AT1G29260","","AT3G11830","AT1G29260","","","","","","","PMID:24833385","Interacting protein"
"AT5G26360_AT1G29260","","AT5G26360","AT1G29260","","","","","","","PMID:24833385","Interacting protein"
"AT3G46060_AT1G29260","","AT3G46060","AT1G29260","","","","","","","PMID:24833385","Interacting protein"
"AT4G18430_AT1G29260","","AT4G18430","AT1G29260","","","","","","","PMID:24833385","Interacting protein"
"AT4G32010_AT1G29260","","AT4G32010","AT1G29260","","","","","","","PMID:24833385","Interacting protein"
"AT5G48380_AT1G34210","","AT5G48380","AT1G34210","","","","","","","PMID:24833385","Interacting protein"
"AT5G49760_AT1G34210","","AT5G49760","AT1G34210","","","","","","","PMID:24833385","Interacting protein"
"AT1G12440_AT2G01950","","AT1G12440","AT2G01950","","","","","","","PMID:22737156","Interacting protein"
"AT1G14000_AT2G01950","","AT1G14000","AT2G01950","","","","","","","PMID:17360592","Interacting protein"
"AT2G28840_AT2G01950","","AT2G28840","AT2G01950","","","","","","","PMID:29320478","Interacting protein"
"AT3G16640_AT2G01950","","AT3G16640","AT2G01950","","","","","","","PMID:29320478","Interacting protein"
"AT4G17170_AT2G01950","","AT4G17170","AT2G01950","","","","","","","PMID:29320478","Interacting protein"
"AT1G05260_AT2G01950","","AT1G05260","AT2G01950","","","","","","","PMID:29320478","Interacting protein"
"AT2G19940_AT2G01950","","AT2G19940","AT2G01950","","","","","","","PMID:29320478","Interacting protein"
"AT4G21960_AT2G01950","","AT4G21960","AT2G01950","","","","","","","PMID:29320478","Interacting protein"
"AT4G30190_AT2G01950","","AT4G30190","AT2G01950","","","","","","","PMID:29320478","Interacting protein"
"AT4G35090_AT2G01950","","AT4G35090","AT2G01950","","","","","","","PMID:21423366","Interacting protein"
"AT5G63570_AT2G01950","","AT5G63570","AT2G01950","","","","","","","PMID:21423366","Interacting protein"
"AT1G01120_AT2G01950","","AT1G01120","AT2G01950","","","","","","","PMID:24833385","Interacting protein"
"AT2G13360_AT2G01950","","AT2G13360","AT2G01950","","","","","","","PMID:29320478","Interacting protein"
"AT2G37130_AT2G01950","","AT2G37130","AT2G01950","","","","","","","PMID:29320478","Interacting protein"
"AT3G04720_AT2G01950","","AT3G04720","AT2G01950","","","","","","","PMID:29320478","Interacting protein"
"AT3G21720_AT2G01950","","AT3G21720","AT2G01950","","","","","","","PMID:26071421","Interacting protein"
"AT4G34100_AT2G01950","","AT4G34100","AT2G01950","","","","","","","PMID:26071421","Interacting protein"
"AT5G01530_AT2G01950","","AT5G01530","AT2G01950","","","","","","","PMID:29320478","Interacting protein"
"AT5G02500_AT2G01950","","AT5G02500","AT2G01950","","","","","","","PMID:29320478","Interacting protein"
"AT5G54160_AT2G01950","","AT5G54160","AT2G01950","","","","","","","PMID:29320478","Interacting protein"
"AT2G19190_AT2G01950","","AT2G19190","AT2G01950","","","","","","","PMID:29320478","Interacting protein"
"AT2G28960_AT2G01950","","AT2G28960","AT2G01950","","","","","","","PMID:29320478","Interacting protein"
"AT1G34210_AT2G01950","","AT1G34210","AT2G01950","","","","","","","PMID:24064770","Interacting protein"
"AT4G20140_AT2G01950","","AT4G20140","AT2G01950","","","","","","","PMID:29320478","Interacting protein"
"AT1G72300_AT2G14510","","AT1G72300","AT2G14510","","","","","","","PMID:29320478","Interacting protein"
"AT1G53730_AT2G14510","","AT1G53730","AT2G14510","","","","","","","PMID:24833385","Interacting protein"
"AT5G65240_AT2G14510","","AT5G65240","AT2G14510","","","","","","","PMID:24833385","Interacting protein"
"AT1G64210_AT2G14510","","AT1G64210","AT2G14510","","","","","","","PMID:24833385","Interacting protein"
"AT5G52240_AT3G59740","","AT5G52240","AT3G59740","","","","","","","PMID:29320478","Interacting protein"
"AT1G17280_AT3G59740","","AT1G17280","AT3G59740","","","","","","","PMID:29320478","Interacting protein"
"AT3G17000_AT3G59740","","AT3G17000","AT3G59740","","","","","","","PMID:29320478","Interacting protein"
"AT1G14700_AT3G59740","","AT1G14700","AT3G59740","","","","","","","PMID:24833385","Interacting protein"
"AT4G31250_AT3G59740","","AT4G31250","AT3G59740","","","","","","","PMID:24833385","Interacting protein"
"AT4G01010_AT1G69270","","AT4G01010","AT1G69270","","","","","","","PMID:24833385","Interacting protein"
"AT5G37780_AT1G69270","","AT5G37780","AT1G69270","","","","","","","PMID:29320478","Interacting protein"
"AT4G20940_AT1G69270","","AT4G20940","AT1G69270","","","","","","","PMID:24833385","Interacting protein"
"AT1G55610_AT1G69270","","AT1G55610","AT1G69270","","","","","","","PMID:24833385","Interacting protein"
"AT5G20480_AT1G69270","","AT5G20480","AT1G69270","","","","","","","PMID:29320478","Interacting protein"
"AT4G20140_AT1G69270","","AT4G20140","AT1G69270","","","","","","","PMID:24833385","Interacting protein"
"AT5G53320_AT1G69270","","AT5G53320","AT1G69270","","","","","","","PMID:29320478","Interacting protein"
"AT5G48380_AT2G01210","","AT5G48380","AT2G01210","","","","","","","PMID:29320478","Interacting protein"
"AT1G17280_AT2G01210","","AT1G17280","AT2G01210","","","","","","","PMID:29320478","Interacting protein"
"AT5G10020_AT2G01210","","AT5G10020","AT2G01210","","","","","","","PMID:29320478","Interacting protein"
"AT2G41820_AT2G01210","","AT2G41820","AT2G01210","","","","","","","PMID:29320478","Interacting protein"
"AT1G27190_AT1G55610","","AT1G27190","AT1G55610","","","","","","","PMID:21423366","Interacting protein"
"AT1G72300_AT1G55610","","AT1G72300","AT1G55610","","","","","","","PMID:21423366","Interacting protein"
"AT3G17000_AT1G05700","","AT3G17000","AT1G05700","","","","","","","PMID:21423366","Interacting protein"
"AT1G17280_AT1G05700","","AT1G17280","AT1G05700","","","","","","","PMID:24833385","Interacting protein"
"AT4G20940_AT1G05700","","AT4G20940","AT1G05700","","","","","","","PMID:24833385","Interacting protein"
"AT5G45840_AT1G05700","","AT5G45840","AT1G05700","","","","","","","PMID:24833385","Interacting protein"
"AT1G07560_AT1G06840","","AT1G07560","AT1G06840","","","","","","","PMID:29320478","Interacting protein"
"AT2G41820_AT1G07550","","AT2G41820","AT1G07550","","","","","","","PMID:29320478","Interacting protein"
"AT3G17000_AT1G07550","","AT3G17000","AT1G07550","","","","","","","PMID:29320478","Interacting protein"
"AT1G17280_AT1G07550","","AT1G17280","AT1G07550","","","","","","","PMID:29320478","Interacting protein"
"AT5G07340_AT1G07550","","AT5G07340","AT1G07550","","","","","","","PMID:29320478","Interacting protein"
"AT1G14700_AT1G07550","","AT1G14700","AT1G07550","","","","","","","PMID:29320478","Interacting protein"
"AT5G45840_AT1G07550","","AT5G45840","AT1G07550","","","","","","","PMID:29320478","Interacting protein"
"AT4G22756_AT1G07560","","AT4G22756","AT1G07560","","","","","","","PMID:29320478","Interacting protein"
"AT3G17000_AT1G07560","","AT3G17000","AT1G07560","","","","","","","PMID:29320478","Interacting protein"
"AT1G17280_AT1G07560","","AT1G17280","AT1G07560","","","","","","","PMID:29320478","Interacting protein"
"AT5G01890_AT1G07560","","AT5G01890","AT1G07560","","","","","","","PMID:29320478","Interacting protein"
"AT1G14700_AT1G12460","","AT1G14700","AT1G12460","","","","","","","PMID:29320478","Interacting protein"
"AT2G28990_AT1G12460","","AT2G28990","AT1G12460","","","","","","","PMID:29320478","Interacting protein"
"AT3G24240_AT1G12460","","AT3G24240","AT1G12460","","","","","","","PMID:29320478","Interacting protein"
"AT4G20270_AT1G12460","","AT4G20270","AT1G12460","","","","","","","PMID:21423366","Interacting protein"
"AT2G41820_AT1G53430","","AT2G41820","AT1G53430","","","","","","","PMID:24833385","Interacting protein"
"AT3G46330_AT1G53440","","AT3G46330","AT1G53440","","","","","","","PMID:24833385","Interacting protein"
"AT4G20450_AT1G56130","","AT4G20450","AT1G56130","","","","","","","PMID:24833385","Interacting protein"
"AT2G41820_AT1G56140","","AT2G41820","AT1G56140","","","","","","","PMID:29320478","Interacting protein"
"AT2G26730_AT1G56140","","AT2G26730","AT1G56140","","","","","","","PMID:29320478","Interacting protein"
"AT2G18170_AT1G67720","","AT2G18170","AT1G67720","","","","","","","PMID:29320478","Interacting protein"
"AT3G45640_AT1G67720","","AT3G45640","AT1G67720","","","","","","","PMID:29320478","Interacting protein"
"AT1G07560_AT1G67720","","AT1G07560","AT1G67720","","","","","","","PMID:21423366","Interacting protein"
"AT2G41820_AT2G24230","","AT2G41820","AT2G24230","","","","","","","PMID:24833385","Interacting protein"
"AT1G17280_AT2G24230","","AT1G17280","AT2G24230","","","","","","","PMID:24833385","Interacting protein"
"AT4G21380_AT2G24230","","AT4G21380","AT2G24230","","","","","","","PMID:24833385","Interacting protein"
"AT2G28960_AT2G24230","","AT2G28960","AT2G24230","","","","","","","PMID:24833385","Interacting protein"
"AT4G20270_AT2G24230","","AT4G20270","AT2G24230","","","","","","","PMID:24833385","Interacting protein"
"AT5G53890_AT3G47570","","AT5G53890","AT3G47570","","","","","","","PMID:21423366","Interacting protein"
"AT5G63710_AT3G47570","","AT5G63710","AT3G47570","","","","","","","PMID:21423366","Interacting protein"
"AT1G34210_AT4G20450","","AT1G34210","AT4G20450","","","","","","","PMID:29320478","Interacting protein"
"AT3G14350_AT4G20450","","AT3G14350","AT4G20450","","","","","","","PMID:29320478","Interacting protein"
"AT3G25560_AT4G20450","","AT3G25560","AT4G20450","","","","","","","PMID:29320478","Interacting protein"
"AT4G03390_AT4G20450","","AT4G03390","AT4G20450","","","","","","","PMID:29320478","Interacting protein"
"AT4G20940_AT4G20450","","AT4G20940","AT4G20450","","","","","","","PMID:29320478","Interacting protein"
"AT2G28960_AT5G10290","","AT2G28960","AT5G10290","","","","","","","PMID:29320478","Interacting protein"
"AT3G53130_AT5G10290","","AT3G53130","AT5G10290","","","","","","","PMID:29320478","Interacting protein"
"AT1G17280_AT5G10290","","AT1G17280","AT5G10290","","","","","","","PMID:29320478","Interacting protein"
"AT3G17000_AT5G10290","","AT3G17000","AT5G10290","","","","","","","PMID:29320478","Interacting protein"
"AT1G31812_AT5G10290","","AT1G31812","AT5G10290","","","","","","","PMID:29320478","Interacting protein"
"AT5G07340_AT5G10290","","AT5G07340","AT5G10290","","","","","","","PMID:21423366","Interacting protein"
"AT2G24940_AT5G10290","","AT2G24940","AT5G10290","","","","","","","PMID:21423366","Interacting protein"
"AT3G48890_AT5G10290","","AT3G48890","AT5G10290","","","","","","","PMID:21423366","Interacting protein"
"AT4G39890_AT5G10290","","AT4G39890","AT5G10290","","","","","","","PMID:21423366","Interacting protein"
"AT3G46830_AT5G10290","","AT3G46830","AT5G10290","","","","","","","PMID:21423366","Interacting protein"
"AT1G67720_AT5G10290","","AT1G67720","AT5G10290","","","","","","","PMID:24833385","Interacting protein"
"AT4G39400_AT5G10290","","AT4G39400","AT5G10290","","","","","","","PMID:24833385","Interacting protein"
"AT2G33170_AT5G10290","","AT2G33170","AT5G10290","","","","","","","PMID:24833385","Interacting protein"
"AT5G59680_AT5G10290","","AT5G59680","AT5G10290","","","","","","","PMID:24833385","Interacting protein"
"AT1G75820_AT5G10290","","AT1G75820","AT5G10290","","","","","","","PMID:24833385","Interacting protein"
"AT1G07560_AT5G10290","","AT1G07560","AT5G10290","","","","","","","PMID:24833385","Interacting protein"
"AT1G51820_AT5G10290","","AT1G51820","AT5G10290","","","","","","","PMID:29320478","Interacting protein"
"AT3G17000_AT5G16900","","AT3G17000","AT5G16900","","","","","","","PMID:29320478","Interacting protein"
"AT1G17280_AT5G16900","","AT1G17280","AT5G16900","","","","","","","PMID:24833385","Interacting protein"
"AT1G14700_AT5G16900","","AT1G14700","AT5G16900","","","","","","","PMID:24833385","Interacting protein"
"AT2G28930_AT5G16900","","AT2G28930","AT5G16900","","","","","","","PMID:24833385","Interacting protein"
"AT2G28960_AT5G48740","","AT2G28960","AT5G48740","","","","","","","PMID:24833385","Interacting protein"
"AT5G10290_AT5G48740","","AT5G10290","AT5G48740","","","","","","","PMID:24833385","Interacting protein"
"AT3G28040_AT5G48740","","AT3G28040","AT5G48740","","","","","","","PMID:24833385","Interacting protein"
"AT5G10020_AT5G48740","","AT5G10020","AT5G48740","","","","","","","PMID:24833385","Interacting protein"
"AT1G66150_AT5G48740","","AT1G66150","AT5G48740","","","","","","","PMID:24833385","Interacting protein"
"AT4G20940_AT5G48740","","AT4G20940","AT5G48740","","","","","","","PMID:24833385","Interacting protein"
"AT1G74360_AT5G48740","","AT1G74360","AT5G48740","","","","","","","PMID:29320478","Interacting protein"
"AT1G31420_AT5G48740","","AT1G31420","AT5G48740","","","","","","","PMID:29320478","Interacting protein"
"AT5G01890_AT5G48740","","AT5G01890","AT5G48740","","","","","","","PMID:29320478","Interacting protein"
"AT2G23950_AT5G65240","","AT2G23950","AT5G65240","","","","","","","PMID:29320478","Interacting protein"
"AT5G53890_AT5G65240","","AT5G53890","AT5G65240","","","","","","","PMID:29320478","Interacting protein"
"AT1G51890_AT5G65240","","AT1G51890","AT5G65240","","","","","","","PMID:29320478","Interacting protein"
"AT5G49770_AT5G65240","","AT5G49770","AT5G65240","","","","","","","PMID:29320478","Interacting protein"
"AT5G48380_AT2G41820","","AT5G48380","AT2G41820","","","","","","","PMID:19095804","Interacting protein"
"AT1G71830_AT2G41820","","AT1G71830","AT2G41820","","","","","","","PMID:19095804","Interacting protein"
"AT5G63930_AT2G41820","","AT5G63930","AT2G41820","","","","","","","PMID:19095804","Interacting protein"
"AT5G10290_AT2G41820","","AT5G10290","AT2G41820","","","","","","","PMID:19095804","Interacting protein"
"AT3G17000_AT2G41820","","AT3G17000","AT2G41820","","","","","","","PMID:19095804","Interacting protein"
"AT1G17280_AT2G41820","","AT1G17280","AT2G41820","","","","","","","PMID:22737156","Interacting protein"
"AT3G17210_AT2G41820","","AT3G17210","AT2G41820","","","","","","","PMID:22737156","Interacting protein"
"AT1G31812_AT2G41820","","AT1G31812","AT2G41820","","","","","","","PMID:22737156","Interacting protein"
"AT1G34210_AT2G41820","","AT1G34210","AT2G41820","","","","","","","PMID:17360592","Interacting protein"
"AT2G24940_AT2G41820","","AT2G24940","AT2G41820","","","","","","","PMID:17360592","Interacting protein"
"AT3G48890_AT2G41820","","AT3G48890","AT2G41820","","","","","","","PMID:17360592","Interacting protein"
"AT1G14700_AT2G41820","","AT1G14700","AT2G41820","","","","","","","PMID:17360592","Interacting protein"
"AT4G39890_AT2G41820","","AT4G39890","AT2G41820","","","","","","","PMID:17360592","Interacting protein"
"AT1G70490_AT2G41820","","AT1G70490","AT2G41820","","","","","","","PMID:24833385","Interacting protein"
"AT3G49670_AT2G41820","","AT3G49670","AT2G41820","","","","","","","PMID:29320478","Interacting protein"
"AT1G14700_AT2G19130","","AT1G14700","AT2G19130","","","","","","","PMID:25312353","Interacting protein"
"AT5G53890_AT1G61420","","AT5G53890","AT1G61420","","","","","","","PMID:24833385","Interacting protein"
"AT1G17280_AT1G61420","","AT1G17280","AT1G61420","","","","","","","PMID:24833385","Interacting protein"
"AT1G20490_AT1G61420","","AT1G20490","AT1G61420","","","","","","","PMID:24833385","Interacting protein"
"AT3G48260_AT1G61420","","AT3G48260","AT1G61420","","","","","","","PMID:24833385","Interacting protein"
"AT5G38280_AT1G61420","","AT5G38280","AT1G61420","","","","","","","PMID:15273290","Interacting protein"
"AT2G28990_AT1G61420","","AT2G28990","AT1G61420","","","","","","","PMID:15273290","Interacting protein"
"AT2G28960_AT3G24660","","AT2G28960","AT3G24660","","","","","","","PMID:29320478","Interacting protein"
"AT5G37780_AT2G48010","","AT5G37780","AT2G48010","","","","","","","PMID:29320478","Interacting protein"
"AT5G21274_AT2G48010","","AT5G21274","AT2G48010","","","","","","","PMID:29320478","Interacting protein"
"AT3G43810_AT2G48010","","AT3G43810","AT2G48010","","","","","","","PMID:29320478","Interacting protein"
"AT4G14640_AT2G48010","","AT4G14640","AT2G48010","","","","","","","PMID:29320478","Interacting protein"
"AT3G51920_AT2G48010","","AT3G51920","AT2G48010","","","","","","","PMID:29320478","Interacting protein"
"AT2G41090_AT2G48010","","AT2G41090","AT2G48010","","","","","","","PMID:29320478","Interacting protein"
"AT2G24765_AT4G16444","","AT2G24765","AT4G16444","","","","","","","PMID:29320478","Interacting protein"
"AT4G28980_AT4G16444","","AT4G28980","AT4G16444","","","","","","","PMID:29320478","Interacting protein"
"AT3G21630_AT4G16444","","AT3G21630","AT4G16444","","","","","","","PMID:29320478","Interacting protein"
"AT2G43290_AT4G16444","","AT2G43290","AT4G16444","","","","","","","PMID:29320478","Interacting protein"
"AT1G47240_AT4G16444","","AT1G47240","AT4G16444","","","","","","","PMID:29320478","Interacting protein"
"AT5G37780_AT4G23290","","AT5G37780","AT4G23290","","","","","","","PMID:29320478","Interacting protein"
"AT1G31812_AT4G22130","","AT1G31812","AT4G22130","","","","","","","PMID:29320478","Interacting protein"
"AT3G13380_AT4G22130","","AT3G13380","AT4G22130","","","","","","","PMID:29320478","Interacting protein"
"AT5G10020_AT4G22130","","AT5G10020","AT4G22130","","","","","","","PMID:29320478","Interacting protein"
"AT5G61480_AT4G22130","","AT5G61480","AT4G22130","","","","","","","PMID:29320478","Interacting protein"
"AT1G71830_AT4G22130","","AT1G71830","AT4G22130","","","","","","","PMID:29320478","Interacting protein"
"AT5G65710_AT4G22130","","AT5G65710","AT4G22130","","","","","","","PMID:29320478","Interacting protein"
"AT1G06840_AT4G22130","","AT1G06840","AT4G22130","","","","","","","PMID:29320478","Interacting protein"
"AT4G20140_AT4G22130","","AT4G20140","AT4G22130","","","","","","","PMID:24833385","Interacting protein"
"AT1G55610_AT4G22130","","AT1G55610","AT4G22130","","","","","","","PMID:24833385","Interacting protein"
"AT1G53730_AT4G22130","","AT1G53730","AT4G22130","","","","","","","PMID:24833385","Interacting protein"
"AT1G69270_AT4G22130","","AT1G69270","AT4G22130","","","","","","","PMID:24833385","Interacting protein"
"AT1G11130_AT4G22130","","AT1G11130","AT4G22130","","","","","","","PMID:24833385","Interacting protein"
"AT1G51890_AT4G22130","","AT1G51890","AT4G22130","","","","","","","PMID:24833385","Interacting protein"
"AT1G08590_AT4G22130","","AT1G08590","AT4G22130","","","","","","","PMID:24833385","Interacting protein"
"AT5G20480_AT4G22130","","AT5G20480","AT4G22130","","","","","","","PMID:19095804","Interacting protein"
"AT5G16000_AT4G22130","","AT5G16000","AT4G22130","","","","","","","PMID:19095804","Interacting protein"
"AT2G14510_AT4G22130","","AT2G14510","AT4G22130","","","","","","","PMID:19095804","Interacting protein"
"AT1G27190_AT4G22130","","AT1G27190","AT4G22130","","","","","","","PMID:29320478","Interacting protein"
"AT5G58300_AT4G22130","","AT5G58300","AT4G22130","","","","","","","PMID:29320478","Interacting protein"
"AT5G63930_AT4G22130","","AT5G63930","AT4G22130","","","","","","","PMID:29320478","Interacting protein"
"AT2G41820_AT4G22130","","AT2G41820","AT4G22130","","","","","","","PMID:29320478","Interacting protein"
"AT5G48380_AT4G22130","","AT5G48380","AT4G22130","","","","","","","PMID:29320478","Interacting protein"
"AT5G53320_AT4G22130","","AT5G53320","AT4G22130","","","","","","","PMID:29320478","Interacting protein"
"AT3G28040_AT4G22130","","AT3G28040","AT4G22130","","","","","","","PMID:29320478","Interacting protein"
"AT1G07550_AT3G13065","","AT1G07550","AT3G13065","","","","","","","PMID:29320478","Interacting protein"
"AT1G56130_AT3G13065","","AT1G56130","AT3G13065","","","","","","","PMID:29320478","Interacting protein"
"AT1G07560_AT3G13065","","AT1G07560","AT3G13065","","","","","","","PMID:29320478","Interacting protein"
"AT5G16900_AT3G13065","","AT5G16900","AT3G13065","","","","","","","PMID:29320478","Interacting protein"
"AT1G51820_AT3G13065","","AT1G51820","AT3G13065","","","","","","","PMID:29320478","Interacting protein"
"AT1G72300_AT3G13065","","AT1G72300","AT3G13065","","","","","","","PMID:29320478","Interacting protein"
"AT1G05700_AT3G13065","","AT1G05700","AT3G13065","","","","","","","PMID:29320478","Interacting protein"
"AT4G18640_AT1G29720","","AT4G18640","AT1G29720","","","","","","","PMID:29320478","Interacting protein"
"AT1G56140_AT5G53320","","AT1G56140","AT5G53320","","","","","","","PMID:29320478","Interacting protein"
"AT1G60800_AT5G53320","","AT1G60800","AT5G53320","","","","","","","PMID:29320478","Interacting protein"
"AT5G53890_AT5G53320","","AT5G53890","AT5G53320","","","","","","","PMID:29320478","Interacting protein"
"AT2G25790_AT5G53320","","AT2G25790","AT5G53320","","","","","","","PMID:29320478","Interacting protein"
"AT5G65700_AT5G53320","","AT5G65700","AT5G53320","","","","","","","PMID:29320478","Interacting protein"
"AT1G51890_AT5G53320","","AT1G51890","AT5G53320","","","","","","","PMID:29320478","Interacting protein"
"AT2G41820_AT5G53320","","AT2G41820","AT5G53320","","","","","","","PMID:24833385","Interacting protein"
"AT5G49770_AT5G53320","","AT5G49770","AT5G53320","","","","","","","PMID:17360592","Interacting protein"
"AT1G34110_AT5G53320","","AT1G34110","AT5G53320","","","","","","","PMID:17360592","Interacting protein"
"AT3G46330_AT5G53320","","AT3G46330","AT5G53320","","","","","","","PMID:17360592","Interacting protein"
"AT2G35620_AT5G53320","","AT2G35620","AT5G53320","","","","","","","PMID:17360592","Interacting protein"
"AT3G56370_AT5G53320","","AT3G56370","AT5G53320","","","","","","","PMID:17360592","Interacting protein"
"AT2G01950_AT5G53320","","AT2G01950","AT5G53320","","","","","","","PMID:29320478","Interacting protein"
"AT1G06840_AT5G53320","","AT1G06840","AT5G53320","","","","","","","PMID:29320478","Interacting protein"
"AT2G31880_AT5G53320","","AT2G31880","AT5G53320","","","","","","","PMID:29320478","Interacting protein"
"AT4G36180_AT5G24100","","AT4G36180","AT5G24100","","","","","","","PMID:29320478","Interacting protein"
"AT2G25790_AT5G24100","","AT2G25790","AT5G24100","","","","","","","PMID:29320478","Interacting protein"
"AT1G27190_AT5G24100","","AT1G27190","AT5G24100","","","","","","","PMID:29320478","Interacting protein"
"AT2G31880_AT5G24100","","AT2G31880","AT5G24100","","","","","","","PMID:24833385","Interacting protein"
"AT1G51890_AT5G24100","","AT1G51890","AT5G24100","","","","","","","PMID:29320478","Interacting protein"
"AT5G49770_AT5G24100","","AT5G49770","AT5G24100","","","","","","","PMID:29320478","Interacting protein"
"AT2G01950_AT5G24100","","AT2G01950","AT5G24100","","","","","","","PMID:29320478","Interacting protein"
"AT5G65700_AT5G24100","","AT5G65700","AT5G24100","","","","","","","PMID:29320478","Interacting protein"
"AT1G51800_AT5G24100","","AT1G51800","AT5G24100","","","","","","","PMID:29320478","Interacting protein"
"AT5G44700_AT5G24100","","AT5G44700","AT5G24100","","","","","","","PMID:29320478","Interacting protein"
"AT4G20940_AT5G24100","","AT4G20940","AT5G24100","","","","","","","PMID:21423366","Interacting protein"
"AT1G63430_AT5G24100","","AT1G63430","AT5G24100","","","","","","","PMID:24833385","Interacting protein"
"AT1G34110_AT5G24100","","AT1G34110","AT5G24100","","","","","","","PMID:24833385","Interacting protein"
"AT3G56370_AT5G24100","","AT3G56370","AT5G24100","","","","","","","PMID:29320478","Interacting protein"
"AT1G31420_AT5G24100","","AT1G31420","AT5G24100","","","","","","","PMID:29320478","Interacting protein"
"AT3G46330_AT5G24100","","AT3G46330","AT5G24100","","","","","","","PMID:29320478","Interacting protein"
"AT3G21340_AT5G24100","","AT3G21340","AT5G24100","","","","","","","PMID:21423366","Interacting protein"
"AT1G14390_AT5G24100","","AT1G14390","AT5G24100","","","","","","","PMID:21423366","Interacting protein"
"AT2G01820_AT5G24100","","AT2G01820","AT5G24100","","","","","","","PMID:21423366","Interacting protein"
"AT1G53430_AT5G24100","","AT1G53430","AT5G24100","","","","","","","PMID:24833385","Interacting protein"
"AT5G61480_AT5G24100","","AT5G61480","AT5G24100","","","","","","","PMID:24833385","Interacting protein"
"AT1G08590_AT5G24100","","AT1G08590","AT5G24100","","","","","","","PMID:29320478","Interacting protein"
"AT4G36180_AT5G59680","","AT4G36180","AT5G59680","","","","","","","PMID:29320478","Interacting protein"
"AT3G47110_AT5G59680","","AT3G47110","AT5G59680","","","","","","","PMID:29320478","Interacting protein"
"AT4G20940_AT5G59680","","AT4G20940","AT5G59680","","","","","","","PMID:29320478","Interacting protein"
"AT5G45840_AT5G59680","","AT5G45840","AT5G59680","","","","","","","PMID:29320478","Interacting protein"
"AT3G28040_AT5G59680","","AT3G28040","AT5G59680","","","","","","","PMID:29320478","Interacting protein"
"AT1G66150_AT5G59680","","AT1G66150","AT5G59680","","","","","","","PMID:29320478","Interacting protein"
"AT1G17280_AT3G59730","","AT1G17280","AT3G59730","","","","","","","PMID:29320478","Interacting protein"
"AT2G24230_AT1G35710","","AT2G24230","AT1G35710","","","","","","","PMID:29320478","Interacting protein"
"AT1G07560_AT1G35710","","AT1G07560","AT1G35710","","","","","","","PMID:29320478","Interacting protein"
"AT4G20450_AT1G35710","","AT4G20450","AT1G35710","","","","","","","PMID:29320478","Interacting protein"
"AT2G01950_AT1G35710","","AT2G01950","AT1G35710","","","","","","","PMID:29320478","Interacting protein"
"AT5G48740_AT1G35710","","AT5G48740","AT1G35710","","","","","","","PMID:29320478","Interacting protein"
"AT3G17000_AT3G28040","","AT3G17000","AT3G28040","","","","","","","PMID:29320478","Interacting protein"
"AT1G17280_AT3G28040","","AT1G17280","AT3G28040","","","","","","","PMID:29320478","Interacting protein"
"AT1G07550_AT3G28040","","AT1G07550","AT3G28040","","","","","","","PMID:21423366","Interacting protein"
"AT1G34210_AT3G28040","","AT1G34210","AT3G28040","","","","","","","PMID:19095804","Interacting protein"
"AT1G51820_AT3G28040","","AT1G51820","AT3G28040","","","","","","","PMID:19095804","Interacting protein"
"AT5G24100_AT3G28040","","AT5G24100","AT3G28040","","","","","","","PMID:29320478","Interacting protein"
"AT4G20450_AT5G63930","","AT4G20450","AT5G63930","","","","","","","PMID:29320478","Interacting protein"
"AT5G10290_AT5G63930","","AT5G10290","AT5G63930","","","","","","","PMID:29320478","Interacting protein"
"AT3G28040_AT5G63930","","AT3G28040","AT5G63930","","","","","","","PMID:29320478","Interacting protein"
"AT2G28960_AT5G63930","","AT2G28960","AT5G63930","","","","","","","PMID:29320478","Interacting protein"
"AT1G17280_AT5G63930","","AT1G17280","AT5G63930","","","","","","","PMID:29320478","Interacting protein"
"AT1G67720_AT5G63930","","AT1G67720","AT5G63930","","","","","","","PMID:29320478","Interacting protein"
"AT1G17280_AT3G45440","","AT1G17280","AT3G45440","","","","","","","PMID:29320478","Interacting protein"
"AT5G45780_AT1G14390","","AT5G45780","AT1G14390","","","","","","","PMID:21423366","Interacting protein"
"AT3G17000_AT1G14390","","AT3G17000","AT1G14390","","","","","","","PMID:21423366","Interacting protein"
"AT1G17280_AT1G14390","","AT1G17280","AT1G14390","","","","","","","PMID:21423366","Interacting protein"
"AT2G31880_AT1G14390","","AT2G31880","AT1G14390","","","","","","","PMID:24833385","Interacting protein"
"AT4G20940_AT1G14390","","AT4G20940","AT1G14390","","","","","","","PMID:24833385","Interacting protein"
"AT4G36180_AT1G14390","","AT4G36180","AT1G14390","","","","","","","PMID:24833385","Interacting protein"
"AT1G56140_AT1G14390","","AT1G56140","AT1G14390","","","","","","","PMID:29320478","Interacting protein"
"AT5G10020_AT1G14390","","AT5G10020","AT1G14390","","","","","","","PMID:29320478","Interacting protein"
"AT1G31420_AT1G14390","","AT1G31420","AT1G14390","","","","","","","PMID:29320478","Interacting protein"
"AT5G49760_AT1G14390","","AT5G49760","AT1G14390","","","","","","","PMID:29320478","Interacting protein"
"AT2G24230_AT1G14390","","AT2G24230","AT1G14390","","","","","","","PMID:29320478","Interacting protein"
"AT1G12460_AT1G14390","","AT1G12460","AT1G14390","","","","","","","PMID:29320478","Interacting protein"
"AT2G35620_AT1G14390","","AT2G35620","AT1G14390","","","","","","","PMID:29320478","Interacting protein"
"AT1G53430_AT1G14390","","AT1G53430","AT1G14390","","","","","","","PMID:29320478","Interacting protein"
"AT2G01950_AT1G14390","","AT2G01950","AT1G14390","","","","","","","PMID:29320478","Interacting protein"
"AT2G25790_AT1G14390","","AT2G25790","AT1G14390","","","","","","","PMID:29320478","Interacting protein"
"AT2G41820_AT1G14390","","AT2G41820","AT1G14390","","","","","","","PMID:29320478","Interacting protein"
"AT3G28040_AT1G14390","","AT3G28040","AT1G14390","","","","","","","PMID:29320478","Interacting protein"
"AT1G34110_AT1G14390","","AT1G34110","AT1G14390","","","","","","","PMID:29320478","Interacting protein"
"AT5G01890_AT1G14390","","AT5G01890","AT1G14390","","","","","","","PMID:29320478","Interacting protein"
"AT1G11130_AT3G51740","","AT1G11130","AT3G51740","","","","","","","PMID:29320478","Interacting protein"
"AT1G18150_AT3G51740","","AT1G18150","AT3G51740","","","","","","","PMID:29320478","Interacting protein"
"AT1G66150_AT3G51740","","AT1G66150","AT3G51740","","","","","","","PMID:29320478","Interacting protein"
"AT5G61480_AT3G51740","","AT5G61480","AT3G51740","","","","","","","PMID:29320478","Interacting protein"
"AT1G51890_AT2G36570","","AT1G51890","AT2G36570","","","","","","","PMID:29320478","Interacting protein"
"AT1G08590_AT2G36570","","AT1G08590","AT2G36570","","","","","","","PMID:29320478","Interacting protein"
"AT1G27190_AT2G36570","","AT1G27190","AT2G36570","","","","","","","PMID:29320478","Interacting protein"
"AT1G11130_AT4G23740","","AT1G11130","AT4G23740","","","","","","","PMID:29320478","Interacting protein"
"AT3G28040_AT4G23740","","AT3G28040","AT4G23740","","","","","","","PMID:29320478","Interacting protein"
"AT5G63930_AT4G23740","","AT5G63930","AT4G23740","","","","","","","PMID:29320478","Interacting protein"
"AT1G17280_AT4G23740","","AT1G17280","AT4G23740","","","","","","","PMID:29320478","Interacting protein"
"AT4G21380_AT4G23740","","AT4G21380","AT4G23740","","","","","","","PMID:29320478","Interacting protein"
"AT2G02780_AT4G23740","","AT2G02780","AT4G23740","","","","","","","PMID:24833385","Interacting protein"
"AT3G56370_AT4G23740","","AT3G56370","AT4G23740","","","","","","","PMID:24833385","Interacting protein"
"AT5G07280_AT4G23740","","AT5G07280","AT4G23740","","","","","","","PMID:24833385","Interacting protein"
"AT5G53890_AT4G23740","","AT5G53890","AT4G23740","","","","","","","PMID:24833385","Interacting protein"
"AT1G34110_AT4G23740","","AT1G34110","AT4G23740","","","","","","","PMID:24833385","Interacting protein"
"AT2G41820_AT4G23740","","AT2G41820","AT4G23740","","","","","","","PMID:24833385","Interacting protein"
"AT1G31420_AT4G23740","","AT1G31420","AT4G23740","","","","","","","PMID:24833385","Interacting protein"
"AT2G14510_AT4G23740","","AT2G14510","AT4G23740","","","","","","","PMID:24833385","Interacting protein"
"AT2G25790_AT4G23740","","AT2G25790","AT4G23740","","","","","","","PMID:24833385","Interacting protein"
"AT1G53430_AT4G23740","","AT1G53430","AT4G23740","","","","","","","PMID:24833385","Interacting protein"
"AT5G49770_AT4G23740","","AT5G49770","AT4G23740","","","","","","","PMID:24833385","Interacting protein"
"AT1G06840_AT4G23740","","AT1G06840","AT4G23740","","","","","","","PMID:24833385","Interacting protein"
"AT4G20940_AT4G23740","","AT4G20940","AT4G23740","","","","","","","PMID:24833385","Interacting protein"
"AT3G21340_AT4G23740","","AT3G21340","AT4G23740","","","","","","","PMID:21423366","Interacting protein"
"AT2G01950_AT4G23740","","AT2G01950","AT4G23740","","","","","","","PMID:21423366","Interacting protein"
"AT3G46330_AT4G23740","","AT3G46330","AT4G23740","","","","","","","PMID:21423366","Interacting protein"
"AT3G14350_AT4G23740","","AT3G14350","AT4G23740","","","","","","","PMID:21423366","Interacting protein"
"AT3G23750_AT4G23740","","AT3G23750","AT4G23740","","","","","","","PMID:21423366","Interacting protein"
"AT4G20140_AT4G23740","","AT4G20140","AT4G23740","","","","","","","PMID:21423366","Interacting protein"
"AT4G36180_AT4G23740","","AT4G36180","AT4G23740","","","","","","","PMID:24833385","Interacting protein"
"AT1G60800_AT4G23740","","AT1G60800","AT4G23740","","","","","","","PMID:17360592","Interacting protein"
"AT3G13065_AT4G23740","","AT3G13065","AT4G23740","","","","","","","PMID:17360592","Interacting protein"
"AT5G44700_AT4G23740","","AT5G44700","AT4G23740","","","","","","","PMID:29320478","Interacting protein"
"AT5G65700_AT4G23740","","AT5G65700","AT4G23740","","","","","","","PMID:29320478","Interacting protein"
"AT1G51800_AT4G23740","","AT1G51800","AT4G23740","","","","","","","PMID:21798944","Interacting protein"
"AT2G31880_AT4G23740","","AT2G31880","AT4G23740","","","","","","","PMID:21798944","Interacting protein"
"AT1G74360_AT4G23740","","AT1G74360","AT4G23740","","","","","","","PMID:17982713","Interacting protein"
"AT1G51890_AT4G23740","","AT1G51890","AT4G23740","","","","","","","PMID:17982713","Interacting protein"
"AT2G01820_AT4G23740","","AT2G01820","AT4G23740","","","","","","","PMID:17360592","Interacting protein"
"AT3G48260_AT4G38830","","AT3G48260","AT4G38830","","","","","","","PMID:19095804","Interacting protein"
"AT3G17000_AT5G27210","","AT3G17000","AT5G27210","","","","","","","PMID:29320478","Interacting protein"
"AT1G17280_AT5G27210","","AT1G17280","AT5G27210","","","","","","","PMID:29320478","Interacting protein"
"AT1G31812_AT5G27210","","AT1G31812","AT5G27210","","","","","","","PMID:24833385","Interacting protein"
"AT2G24180_AT5G27210","","AT2G24180","AT5G27210","","","","","","","PMID:24833385","Interacting protein"
"AT3G48890_AT5G27210","","AT3G48890","AT5G27210","","","","","","","PMID:24833385","Interacting protein"
"AT2G14510_AT2G26730","","AT2G14510","AT2G26730","","","","","","","PMID:24833385","Interacting protein"
"AT4G20450_AT2G26730","","AT4G20450","AT2G26730","","","","","","","PMID:29320478","Interacting protein"
"AT3G28040_AT2G26730","","AT3G28040","AT2G26730","","","","","","","PMID:29320478","Interacting protein"
"AT5G10290_AT2G26730","","AT5G10290","AT2G26730","","","","","","","PMID:29320478","Interacting protein"
"AT2G28960_AT2G26730","","AT2G28960","AT2G26730","","","","","","","PMID:29320478","Interacting protein"
"AT1G11130_AT2G26730","","AT1G11130","AT2G26730","","","","","","","PMID:29320478","Interacting protein"
"AT5G63930_AT2G26730","","AT5G63930","AT2G26730","","","","","","","PMID:29320478","Interacting protein"
"AT2G28990_AT2G26730","","AT2G28990","AT2G26730","","","","","","","PMID:21423366","Interacting protein"
"AT3G17000_AT2G26730","","AT3G17000","AT2G26730","","","","","","","PMID:21423366","Interacting protein"
"AT1G17280_AT2G26730","","AT1G17280","AT2G26730","","","","","","","PMID:29320478","Interacting protein"
"AT1G31812_AT2G26730","","AT1G31812","AT2G26730","","","","","","","PMID:29320478","Interacting protein"
"AT5G37780_AT2G26730","","AT5G37780","AT2G26730","","","","","","","PMID:29320478","Interacting protein"
"AT3G43810_AT2G26730","","AT3G43810","AT2G26730","","","","","","","PMID:24833385","Interacting protein"
"AT1G51890_AT2G26730","","AT1G51890","AT2G26730","","","","","","","PMID:24833385","Interacting protein"
"AT1G08590_AT2G26730","","AT1G08590","AT2G26730","","","","","","","PMID:24833385","Interacting protein"
"AT4G14480_AT2G33170","","AT4G14480","AT2G33170","","","","","","","PMID:24833385","Interacting protein"
"AT5G55120_AT2G02710","","AT5G55120","AT2G02710","","","","","","","PMID:24833385","Interacting protein"
"AT1G17280_AT5G10020","","AT1G17280","AT5G10020","","","","","","","PMID:29320478","Interacting protein"
"AT4G26540_AT5G10020","","AT4G26540","AT5G10020","","","","","","","PMID:17360592","Interacting protein"
"AT2G19190_AT5G10020","","AT2G19190","AT5G10020","","","","","","","PMID:17360592","Interacting protein"
"AT4G26770_AT1G60630","","AT4G26770","AT1G60630","","","","","","","PMID:17360592","Interacting protein"
"AT1G47240_AT1G60630","","AT1G47240","AT1G60630","","","","","","","PMID:24833385","Interacting protein"
"AT2G31880_AT1G60630","","AT2G31880","AT1G60630","","","","","","","PMID:17360592","Interacting protein"
"AT5G49770_AT1G60630","","AT5G49770","AT1G60630","","","","","","","PMID:17360592","Interacting protein"
"AT1G51890_AT1G60630","","AT1G51890","AT1G60630","","","","","","","PMID:24833385","Interacting protein"
"AT5G53890_AT1G60630","","AT5G53890","AT1G60630","","","","","","","PMID:24833385","Interacting protein"
"AT2G41820_AT3G03770","","AT2G41820","AT3G03770","","","","","","","PMID:24833385","Interacting protein"
"AT5G10290_AT3G03770","","AT5G10290","AT3G03770","","","","","","","PMID:29320478","Interacting protein"
"AT2G28960_AT1G66830","","AT2G28960","AT1G66830","","","","","","","PMID:29320478","Interacting protein"
"AT2G19190_AT1G66830","","AT2G19190","AT1G66830","","","","","","","PMID:24833385","Interacting protein"
"AT4G18640_AT5G05160","","AT4G18640","AT5G05160","","","","","","","PMID:24833385","Interacting protein"
"AT3G17000_AT1G51880","","AT3G17000","AT1G51880","","","","","","","PMID:24833385","Interacting protein"
"AT1G17280_AT1G51880","","AT1G17280","AT1G51880","","","","","","","PMID:25288746","Interacting protein"
"AT3G48260_AT4G11460","","AT3G48260","AT4G11460","","","","","","","PMID:29320478","Interacting protein"
"AT3G47110_AT5G58300","","AT3G47110","AT5G58300","","","","","","","PMID:29320478","Interacting protein"
"AT1G17280_AT5G58150","","AT1G17280","AT5G58150","","","","","","","PMID:29320478","Interacting protein"
"AT1G56140_AT3G47110","","AT1G56140","AT3G47110","","","","","","","PMID:29320478","Interacting protein"
"AT5G65240_AT3G47110","","AT5G65240","AT3G47110","","","","","","","PMID:29320478","Interacting protein"
"AT2G26330_AT3G47110","","AT2G26330","AT3G47110","","","","","","","PMID:29320478","Interacting protein"
"AT5G37780_AT1G28390","","AT5G37780","AT1G28390","","","","","","","PMID:29320478","Interacting protein"
"AT5G21274_AT1G28390","","AT5G21274","AT1G28390","","","","","","","PMID:29320478","Interacting protein"
"AT3G43810_AT1G28390","","AT3G43810","AT1G28390","","","","","","","PMID:29320478","Interacting protein"
"AT4G14640_AT1G28390","","AT4G14640","AT1G28390","","","","","","","PMID:29320478","Interacting protein"
"AT3G51920_AT1G28390","","AT3G51920","AT1G28390","","","","","","","PMID:29320478","Interacting protein"
"AT2G41090_AT1G28390","","AT2G41090","AT1G28390","","","","","","","PMID:21423366","Interacting protein"
"AT1G14700_AT1G74200","","AT1G14700","AT1G74200","","","","","","","PMID:29320478","Interacting protein"
"AT3G17000_AT5G27060","","AT3G17000","AT5G27060","","","","","","","PMID:29320478","Interacting protein"
"AT5G47530_AT1G31420","","AT5G47530","AT1G31420","","","","","","","PMID:29320478","Interacting protein"
"AT1G34470_AT1G31420","","AT1G34470","AT1G31420","","","","","","","PMID:29320478","Interacting protein"
"AT2G31360_AT1G31420","","AT2G31360","AT1G31420","","","","","","","PMID:29320478","Interacting protein"
"AT1G70520_AT1G31420","","AT1G70520","AT1G31420","","","","","","","PMID:29320478","Interacting protein"
"AT4G31250_AT1G31420","","AT4G31250","AT1G31420","","","","","","","PMID:29320478","Interacting protein"
"AT4G23740_AT1G31420","","AT4G23740","AT1G31420","","","","","","","PMID:29320478","Interacting protein"
"AT4G30520_AT1G31420","","AT4G30520","AT1G31420","","","","","","","PMID:29320478","Interacting protein"
"AT1G68400_AT1G31420","","AT1G68400","AT1G31420","","","","","","","PMID:29320478","Interacting protein"
"AT1G14390_AT1G31420","","AT1G14390","AT1G31420","","","","","","","PMID:29320478","Interacting protein"
"AT5G24100_AT1G31420","","AT5G24100","AT1G31420","","","","","","","PMID:29320478","Interacting protein"
"AT4G20140_AT1G31420","","AT4G20140","AT1G31420","","","","","","","PMID:29320478","Interacting protein"
"AT5G48740_AT1G31420","","AT5G48740","AT1G31420","","","","","","","PMID:29320478","Interacting protein"
"AT5G63710_AT1G31420","","AT5G63710","AT1G31420","","","","","","","PMID:29320478","Interacting protein"
"AT3G17840_AT1G31420","","AT3G17840","AT1G31420","","","","","","","PMID:21423366","Interacting protein"
"AT5G63710_AT1G34110","","AT5G63710","AT1G34110","","","","","","","PMID:29320478","Interacting protein"
"AT4G23740_AT1G34110","","AT4G23740","AT1G34110","","","","","","","PMID:29320478","Interacting protein"
"AT4G31250_AT1G34110","","AT4G31250","AT1G34110","","","","","","","PMID:29320478","Interacting protein"
"AT5G16000_AT1G34110","","AT5G16000","AT1G34110","","","","","","","PMID:29320478","Interacting protein"
"AT5G24100_AT1G34110","","AT5G24100","AT1G34110","","","","","","","PMID:29320478","Interacting protein"
"AT2G23950_AT1G34110","","AT2G23950","AT1G34110","","","","","","","PMID:29320478","Interacting protein"
"AT5G53320_AT1G34110","","AT5G53320","AT1G34110","","","","","","","PMID:29320478","Interacting protein"
"AT1G68400_AT1G34110","","AT1G68400","AT1G34110","","","","","","","PMID:29320478","Interacting protein"
"AT1G14390_AT1G34110","","AT1G14390","AT1G34110","","","","","","","PMID:29320478","Interacting protein"
"AT5G45780_AT1G34110","","AT5G45780","AT1G34110","","","","","","","PMID:29320478","Interacting protein"
"AT5G63710_AT1G51890","","AT5G63710","AT1G51890","","","","","","","PMID:29320478","Interacting protein"
"AT3G14350_AT1G51890","","AT3G14350","AT1G51890","","","","","","","PMID:29320478","Interacting protein"
"AT5G24100_AT1G51890","","AT5G24100","AT1G51890","","","","","","","PMID:29320478","Interacting protein"
"AT2G23950_AT1G51890","","AT2G23950","AT1G51890","","","","","","","PMID:29320478","Interacting protein"
"AT4G22130_AT1G51890","","AT4G22130","AT1G51890","","","","","","","PMID:29320478","Interacting protein"
"AT2G26730_AT1G51890","","AT2G26730","AT1G51890","","","","","","","PMID:29320478","Interacting protein"
"AT5G53320_AT1G51890","","AT5G53320","AT1G51890","","","","","","","PMID:29320478","Interacting protein"
"AT2G36570_AT1G51890","","AT2G36570","AT1G51890","","","","","","","PMID:29320478","Interacting protein"
"AT4G31250_AT1G51890","","AT4G31250","AT1G51890","","","","","","","PMID:29320478","Interacting protein"
"AT5G65240_AT1G51890","","AT5G65240","AT1G51890","","","","","","","PMID:29320478","Interacting protein"
"AT1G60800_AT1G51890","","AT1G60800","AT1G51890","","","","","","","PMID:29320478","Interacting protein"
"AT3G56100_AT1G51890","","AT3G56100","AT1G51890","","","","","","","PMID:29320478","Interacting protein"
"AT1G60630_AT1G51890","","AT1G60630","AT1G51890","","","","","","","PMID:29320478","Interacting protein"
"AT5G45780_AT1G51890","","AT5G45780","AT1G51890","","","","","","","PMID:29320478","Interacting protein"
"AT1G64210_AT1G51890","","AT1G64210","AT1G51890","","","","","","","PMID:29320478","Interacting protein"
"AT4G29180_AT1G51890","","AT4G29180","AT1G51890","","","","","","","PMID:29320478","Interacting protein"
"AT4G23740_AT1G51890","","AT4G23740","AT1G51890","","","","","","","PMID:29320478","Interacting protein"
"AT1G48470_AT1G63430","","AT1G48470","AT1G63430","","","","","","","PMID:29320478","Interacting protein"
"AT1G09970_AT1G63430","","AT1G09970","AT1G63430","","","","","","","PMID:29320478","Interacting protein"
"AT1G64210_AT1G63430","","AT1G64210","AT1G63430","","","","","","","PMID:29320478","Interacting protein"
"AT3G14350_AT1G63430","","AT3G14350","AT1G63430","","","","","","","PMID:29320478","Interacting protein"
"AT1G68400_AT1G63430","","AT1G68400","AT1G63430","","","","","","","PMID:29320478","Interacting protein"
"AT4G29180_AT1G63430","","AT4G29180","AT1G63430","","","","","","","PMID:29320478","Interacting protein"
"AT1G60800_AT1G63430","","AT1G60800","AT1G63430","","","","","","","PMID:29320478","Interacting protein"
"AT5G24100_AT1G63430","","AT5G24100","AT1G63430","","","","","","","PMID:29320478","Interacting protein"
"AT5G01890_AT1G63430","","AT5G01890","AT1G63430","","","","","","","PMID:29320478","Interacting protein"
"AT2G02780_AT1G74360","","AT2G02780","AT1G74360","","","","","","","PMID:29320478","Interacting protein"
"AT4G31250_AT1G74360","","AT4G31250","AT1G74360","","","","","","","PMID:29320478","Interacting protein"
"AT4G20270_AT1G74360","","AT4G20270","AT1G74360","","","","","","","PMID:29320478","Interacting protein"
"AT5G63710_AT1G74360","","AT5G63710","AT1G74360","","","","","","","PMID:29320478","Interacting protein"
"AT1G68400_AT1G74360","","AT1G68400","AT1G74360","","","","","","","PMID:29320478","Interacting protein"
"AT1G64210_AT1G74360","","AT1G64210","AT1G74360","","","","","","","PMID:29320478","Interacting protein"
"AT5G48740_AT1G74360","","AT5G48740","AT1G74360","","","","","","","PMID:29320478","Interacting protein"
"AT5G45780_AT1G74360","","AT5G45780","AT1G74360","","","","","","","PMID:29320478","Interacting protein"
"AT4G23740_AT1G74360","","AT4G23740","AT1G74360","","","","","","","PMID:19017745","Interacting protein"
"AT4G23740_AT2G02780","","AT4G23740","AT2G02780","","","","","","","PMID:29320478","Interacting protein"
"AT4G29180_AT2G02780","","AT4G29180","AT2G02780","","","","","","","PMID:29320478","Interacting protein"
"AT5G63710_AT2G02780","","AT5G63710","AT2G02780","","","","","","","PMID:29320478","Interacting protein"
"AT4G28650_AT2G02780","","AT4G28650","AT2G02780","","","","","","","PMID:29320478","Interacting protein"
"AT3G17840_AT2G02780","","AT3G17840","AT2G02780","","","","","","","PMID:29320478","Interacting protein"
"AT1G63430_AT2G02780","","AT1G63430","AT2G02780","","","","","","","PMID:29320478","Interacting protein"
"AT1G68400_AT2G02780","","AT1G68400","AT2G02780","","","","","","","PMID:29320478","Interacting protein"
"AT5G65700_AT2G02780","","AT5G65700","AT2G02780","","","","","","","PMID:29320478","Interacting protein"
"AT4G26540_AT2G02780","","AT4G26540","AT2G02780","","","","","","","PMID:29320478","Interacting protein"
"AT5G45780_AT2G02780","","AT5G45780","AT2G02780","","","","","","","PMID:29320478","Interacting protein"
"AT2G19190_AT2G28960","","AT2G19190","AT2G28960","","","","","","","PMID:29320478","Interacting protein"
"AT4G35950_AT2G28960","","AT4G35950","AT2G28960","","","","","","","PMID:29320478","Interacting protein"
"AT5G10290_AT2G28960","","AT5G10290","AT2G28960","","","","","","","PMID:29320478","Interacting protein"
"AT5G48740_AT2G28960","","AT5G48740","AT2G28960","","","","","","","PMID:29320478","Interacting protein"
"AT5G48380_AT2G28960","","AT5G48380","AT2G28960","","","","","","","PMID:24051702","Interacting protein"
"AT5G63930_AT2G28960","","AT5G63930","AT2G28960","","","","","","","PMID:29320478","Interacting protein"
"AT2G26730_AT2G28960","","AT2G26730","AT2G28960","","","","","","","PMID:29320478","Interacting protein"
"AT2G35620_AT2G28960","","AT2G35620","AT2G28960","","","","","","","PMID:29320478","Interacting protein"
"AT3G56370_AT2G28960","","AT3G56370","AT2G28960","","","","","","","PMID:29320478","Interacting protein"
"AT2G31880_AT2G28960","","AT2G31880","AT2G28960","","","","","","","PMID:29320478","Interacting protein"
"AT2G01820_AT2G28960","","AT2G01820","AT2G28960","","","","","","","PMID:29320478","Interacting protein"
"AT1G31420_AT2G28960","","AT1G31420","AT2G28960","","","","","","","PMID:29320478","Interacting protein"
"AT2G25790_AT2G28960","","AT2G25790","AT2G28960","","","","","","","PMID:29320478","Interacting protein"
"AT2G24230_AT2G28960","","AT2G24230","AT2G28960","","","","","","","PMID:29320478","Interacting protein"
"AT2G01950_AT2G28960","","AT2G01950","AT2G28960","","","","","","","PMID:29320478","Interacting protein"
"AT5G53890_AT2G28960","","AT5G53890","AT2G28960","","","","","","","PMID:29320478","Interacting protein"
"AT1G74360_AT2G28960","","AT1G74360","AT2G28960","","","","","","","PMID:29320478","Interacting protein"
"AT1G17230_AT2G28960","","AT1G17230","AT2G28960","","","","","","","PMID:36660928","Interacting protein"
"AT5G49770_AT2G28960","","AT5G49770","AT2G28960","","","","","","","PMID:29320478","Interacting protein"
"AT1G31420_AT2G35620","","AT1G31420","AT2G35620","","","","","","","PMID:29320478","Interacting protein"
"AT4G20270_AT2G35620","","AT4G20270","AT2G35620","","","","","","","PMID:29320478","Interacting protein"
"AT5G45780_AT2G35620","","AT5G45780","AT2G35620","","","","","","","PMID:29320478","Interacting protein"
"AT3G17840_AT2G35620","","AT3G17840","AT2G35620","","","","","","","PMID:29320478","Interacting protein"
"AT5G63710_AT2G35620","","AT5G63710","AT2G35620","","","","","","","PMID:29320478","Interacting protein"
"AT1G64210_AT2G35620","","AT1G64210","AT2G35620","","","","","","","PMID:29320478","Interacting protein"
"AT2G23950_AT2G35620","","AT2G23950","AT2G35620","","","","","","","PMID:29320478","Interacting protein"
"AT5G53320_AT2G35620","","AT5G53320","AT2G35620","","","","","","","PMID:29320478","Interacting protein"
"AT4G31250_AT2G35620","","AT4G31250","AT2G35620","","","","","","","PMID:29320478","Interacting protein"
"AT1G14390_AT2G35620","","AT1G14390","AT2G35620","","","","","","","PMID:29320478","Interacting protein"
"AT1G68400_AT2G35620","","AT1G68400","AT2G35620","","","","","","","PMID:29320478","Interacting protein"
"AT1G64210_AT3G46330","","AT1G64210","AT3G46330","","","","","","","PMID:29320478","Interacting protein"
"AT2G23950_AT3G46330","","AT2G23950","AT3G46330","","","","","","","PMID:29320478","Interacting protein"
"AT5G65700_AT3G46330","","AT5G65700","AT3G46330","","","","","","","PMID:29320478","Interacting protein"
"AT2G02780_AT3G46330","","AT2G02780","AT3G46330","","","","","","","PMID:29320478","Interacting protein"
"AT4G23740_AT3G46330","","AT4G23740","AT3G46330","","","","","","","PMID:29320478","Interacting protein"
"AT5G45780_AT3G46330","","AT5G45780","AT3G46330","","","","","","","PMID:29320478","Interacting protein"
"AT5G53320_AT3G46330","","AT5G53320","AT3G46330","","","","","","","PMID:29320478","Interacting protein"
"AT5G24100_AT3G46330","","AT5G24100","AT3G46330","","","","","","","PMID:29320478","Interacting protein"
"AT1G68400_AT3G46330","","AT1G68400","AT3G46330","","","","","","","PMID:29320478","Interacting protein"
"AT1G53440_AT3G46330","","AT1G53440","AT3G46330","","","","","","","PMID:29320478","Interacting protein"
"AT3G56100_AT3G46330","","AT3G56100","AT3G46330","","","","","","","PMID:29320478","Interacting protein"
"AT4G31250_AT3G46330","","AT4G31250","AT3G46330","","","","","","","PMID:29320478","Interacting protein"
"AT1G60800_AT3G56100","","AT1G60800","AT3G56100","","","","","","","PMID:29320478","Interacting protein"
"AT1G64210_AT3G56100","","AT1G64210","AT3G56100","","","","","","","PMID:29320478","Interacting protein"
"AT4G29180_AT3G56100","","AT4G29180","AT3G56100","","","","","","","PMID:29320478","Interacting protein"
"AT4G20270_AT3G56100","","AT4G20270","AT3G56100","","","","","","","PMID:29320478","Interacting protein"
"AT5G63710_AT4G18640","","AT5G63710","AT4G18640","","","","","","","PMID:29320478","Interacting protein"
"AT5G01890_AT4G18640","","AT5G01890","AT4G18640","","","","","","","PMID:29320478","Interacting protein"
"AT1G64210_AT4G18640","","AT1G64210","AT4G18640","","","","","","","PMID:29320478","Interacting protein"
"AT1G29720_AT4G18640","","AT1G29720","AT4G18640","","","","","","","PMID:29320478","Interacting protein"
"AT3G14350_AT4G18640","","AT3G14350","AT4G18640","","","","","","","PMID:29320478","Interacting protein"
"AT4G26540_AT4G18640","","AT4G26540","AT4G18640","","","","","","","PMID:29320478","Interacting protein"
"AT5G05160_AT4G18640","","AT5G05160","AT4G18640","","","","","","","PMID:29320478","Interacting protein"
"AT4G28650_AT4G18640","","AT4G28650","AT4G18640","","","","","","","PMID:29320478","Interacting protein"
"AT1G09970_AT4G18640","","AT1G09970","AT4G18640","","","","","","","PMID:29320478","Interacting protein"
"AT1G60800_AT4G18640","","AT1G60800","AT4G18640","","","","","","","PMID:29320478","Interacting protein"
"AT4G29180_AT4G18640","","AT4G29180","AT4G18640","","","","","","","PMID:29320478","Interacting protein"
"AT3G21340_AT4G18640","","AT3G21340","AT4G18640","","","","","","","PMID:29320478","Interacting protein"
"AT5G65700_AT4G18640","","AT5G65700","AT4G18640","","","","","","","PMID:29320478","Interacting protein"
"AT3G49670_AT4G18640","","AT3G49670","AT4G18640","","","","","","","PMID:29320478","Interacting protein"
"AT4G26540_AT4G20140","","AT4G26540","AT4G20140","","","","","","","PMID:29320478","Interacting protein"
"AT4G22130_AT4G20140","","AT4G22130","AT4G20140","","","","","","","PMID:29320478","Interacting protein"
"AT5G16000_AT4G20140","","AT5G16000","AT4G20140","","","","","","","PMID:29320478","Interacting protein"
"AT5G45780_AT4G20140","","AT5G45780","AT4G20140","","","","","","","PMID:29320478","Interacting protein"
"AT1G64210_AT4G20140","","AT1G64210","AT4G20140","","","","","","","PMID:29320478","Interacting protein"
"AT1G69270_AT4G20140","","AT1G69270","AT4G20140","","","","","","","PMID:29320478","Interacting protein"
"AT3G49670_AT4G20140","","AT3G49670","AT4G20140","","","","","","","PMID:36660928","Interacting protein"
"AT4G28650_AT4G20140","","AT4G28650","AT4G20140","","","","","","","PMID:29320478","Interacting protein"
"AT3G13380_AT4G20140","","AT3G13380","AT4G20140","","","","","","","PMID:29320478","Interacting protein"
"AT4G23740_AT4G20140","","AT4G23740","AT4G20140","","","","","","","PMID:29320478","Interacting protein"
"AT2G01950_AT4G20140","","AT2G01950","AT4G20140","","","","","","","PMID:29320478","Interacting protein"
"AT1G09970_AT4G20140","","AT1G09970","AT4G20140","","","","","","","PMID:29320478","Interacting protein"
"AT5G65700_AT4G20140","","AT5G65700","AT4G20140","","","","","","","PMID:29320478","Interacting protein"
"AT3G17840_AT4G20940","","AT3G17840","AT4G20940","","","","","","","PMID:29320478","Interacting protein"
"AT1G14390_AT4G20940","","AT1G14390","AT4G20940","","","","","","","PMID:29320478","Interacting protein"
"AT1G51800_AT4G20940","","AT1G51800","AT4G20940","","","","","","","PMID:29320478","Interacting protein"
"AT1G69270_AT4G20940","","AT1G69270","AT4G20940","","","","","","","PMID:29320478","Interacting protein"
"AT1G05700_AT4G20940","","AT1G05700","AT4G20940","","","","","","","PMID:29320478","Interacting protein"
"AT5G24100_AT4G20940","","AT5G24100","AT4G20940","","","","","","","PMID:29320478","Interacting protein"
"AT4G23740_AT4G20940","","AT4G23740","AT4G20940","","","","","","","PMID:24833385","Interacting protein"
"AT5G63710_AT4G20940","","AT5G63710","AT4G20940","","","","","","","PMID:29320478","Interacting protein"
"AT1G68400_AT4G20940","","AT1G68400","AT4G20940","","","","","","","PMID:29320478","Interacting protein"
"AT4G20140_AT4G20940","","AT4G20140","AT4G20940","","","","","","","PMID:29320478","Interacting protein"
"AT5G59680_AT4G20940","","AT5G59680","AT4G20940","","","","","","","PMID:29320478","Interacting protein"
"AT5G46330_AT4G20940","","AT5G46330","AT4G20940","","","","","","","PMID:29320478","Interacting protein"
"AT4G30520_AT4G20940","","AT4G30520","AT4G20940","","","","","","","PMID:29320478","Interacting protein"
"AT4G31250_AT4G20940","","AT4G31250","AT4G20940","","","","","","","PMID:29320478","Interacting protein"
"AT3G25560_AT4G20940","","AT3G25560","AT4G20940","","","","","","","PMID:29320478","Interacting protein"
"AT5G48740_AT4G20940","","AT5G48740","AT4G20940","","","","","","","PMID:29320478","Interacting protein"
"AT2G02780_AT4G20940","","AT2G02780","AT4G20940","","","","","","","PMID:29320478","Interacting protein"
"AT5G45780_AT4G20940","","AT5G45780","AT4G20940","","","","","","","PMID:29320478","Interacting protein"
"AT4G03390_AT4G20940","","AT4G03390","AT4G20940","","","","","","","PMID:29320478","Interacting protein"
"AT1G71830_AT4G20940","","AT1G71830","AT4G20940","","","","","","","PMID:29320478","Interacting protein"
"AT3G14350_AT4G20940","","AT3G14350","AT4G20940","","","","","","","PMID:29320478","Interacting protein"
"AT4G20450_AT4G20940","","AT4G20450","AT4G20940","","","","","","","PMID:29320478","Interacting protein"
"AT5G16000_AT4G20940","","AT5G16000","AT4G20940","","","","","","","PMID:29320478","Interacting protein"
"AT4G18710_AT4G20940","","AT4G18710","AT4G20940","","","","","","","PMID:29320478","Interacting protein"
"AT1G68400_AT4G26540","","AT1G68400","AT4G26540","","","","","","","PMID:29320478","Interacting protein"
"AT5G10020_AT4G26540","","AT5G10020","AT4G26540","","","","","","","PMID:29320478","Interacting protein"
"AT5G63710_AT4G26540","","AT5G63710","AT4G26540","","","","","","","PMID:29320478","Interacting protein"
"AT2G23950_AT4G26540","","AT2G23950","AT4G26540","","","","","","","PMID:29320478","Interacting protein"
"AT3G17840_AT4G26540","","AT3G17840","AT4G26540","","","","","","","PMID:29320478","Interacting protein"
"AT5G45780_AT4G26540","","AT5G45780","AT4G26540","","","","","","","PMID:29320478","Interacting protein"
"AT5G48380_AT4G26540","","AT5G48380","AT4G26540","","","","","","","PMID:29320478","Interacting protein"
"AT5G45780_AT4G29180","","AT5G45780","AT4G29180","","","","","","","PMID:29320478","Interacting protein"
"AT3G17840_AT4G29180","","AT3G17840","AT4G29180","","","","","","","PMID:21423366","Interacting protein"
"AT1G09970_AT4G29180","","AT1G09970","AT4G29180","","","","","","","PMID:21423366","Interacting protein"
"AT4G35950_AT4G31250","","AT4G35950","AT4G31250","","","","","","","PMID:29320478","Interacting protein"
"AT3G59740_AT4G31250","","AT3G59740","AT4G31250","","","","","","","PMID:29320478","Interacting protein"
"AT3G56370_AT4G31250","","AT3G56370","AT4G31250","","","","","","","PMID:29320478","Interacting protein"
"AT4G20140_AT4G31250","","AT4G20140","AT4G31250","","","","","","","PMID:29320478","Interacting protein"
"AT5G24100_AT4G36180","","AT5G24100","AT4G36180","","","","","","","PMID:29320478","Interacting protein"
"AT1G14390_AT4G36180","","AT1G14390","AT4G36180","","","","","","","PMID:29320478","Interacting protein"
"AT5G59680_AT4G36180","","AT5G59680","AT4G36180","","","","","","","PMID:29320478","Interacting protein"
"AT5G63710_AT4G36180","","AT5G63710","AT4G36180","","","","","","","PMID:29320478","Interacting protein"
"AT1G68400_AT4G36180","","AT1G68400","AT4G36180","","","","","","","PMID:29320478","Interacting protein"
"AT4G23740_AT4G36180","","AT4G23740","AT4G36180","","","","","","","PMID:29320478","Interacting protein"
"AT5G16000_AT4G36180","","AT5G16000","AT4G36180","","","","","","","PMID:29320478","Interacting protein"
"AT5G45780_AT4G36180","","AT5G45780","AT4G36180","","","","","","","PMID:29320478","Interacting protein"
"AT4G20140_AT4G36180","","AT4G20140","AT4G36180","","","","","","","PMID:29320478","Interacting protein"
"AT1G14390_AT5G45780","","AT1G14390","AT5G45780","","","","","","","PMID:24833385","Interacting protein"
"AT2G45910_AT5G45780","","AT2G45910","AT5G45780","","","","","","","PMID:24833385","Interacting protein"
"AT5G16000_AT5G45780","","AT5G16000","AT5G45780","","","","","","","PMID:24833385","Interacting protein"
"AT4G30520_AT5G45780","","AT4G30520","AT5G45780","","","","","","","PMID:24833385","Interacting protein"
"AT4G29180_AT5G45840","","AT4G29180","AT5G45840","","","","","","","PMID:24833385","Interacting protein"
"AT3G17840_AT5G45840","","AT3G17840","AT5G45840","","","","","","","PMID:24833385","Interacting protein"
"AT5G63710_AT5G45840","","AT5G63710","AT5G45840","","","","","","","PMID:24833385","Interacting protein"
"AT1G63430_AT5G45840","","AT1G63430","AT5G45840","","","","","","","PMID:24833385","Interacting protein"
"AT4G20140_AT5G45840","","AT4G20140","AT5G45840","","","","","","","PMID:24833385","Interacting protein"
"AT5G45780_AT5G45840","","AT5G45780","AT5G45840","","","","","","","PMID:24833385","Interacting protein"
"AT1G07550_AT5G45840","","AT1G07550","AT5G45840","","","","","","","PMID:24833385","Interacting protein"
"AT2G28990_AT5G45840","","AT2G28990","AT5G45840","","","","","","","PMID:24833385","Interacting protein"
"AT2G31880_AT5G45840","","AT2G31880","AT5G45840","","","","","","","PMID:24833385","Interacting protein"
"AT2G35620_AT5G45840","","AT2G35620","AT5G45840","","","","","","","PMID:24833385","Interacting protein"
"AT1G68400_AT5G45840","","AT1G68400","AT5G45840","","","","","","","PMID:24833385","Interacting protein"
"AT5G59680_AT5G45840","","AT5G59680","AT5G45840","","","","","","","PMID:24833385","Interacting protein"
"AT1G05700_AT5G45840","","AT1G05700","AT5G45840","","","","","","","PMID:24833385","Interacting protein"
"AT2G01820_AT5G45840","","AT2G01820","AT5G45840","","","","","","","PMID:24833385","Interacting protein"
"AT1G22920_AT1G66980","","AT1G22920","AT1G66980","","","","","","","PMID:29320478","Interacting protein"
"AT5G48380_AT1G09970","","AT5G48380","AT1G09970","","","","","","","PMID:29320478","Interacting protein"
"AT3G17840_AT1G09970","","AT3G17840","AT1G09970","","","","","","","PMID:29320478","Interacting protein"
"AT1G64210_AT1G09970","","AT1G64210","AT1G09970","","","","","","","PMID:29320478","Interacting protein"
"AT5G65700_AT1G09970","","AT5G65700","AT1G09970","","","","","","","PMID:24833385","Interacting protein"
"AT3G45780_AT1G72390","","AT3G45780","AT1G72390","","","","","","","PMID:24833385","Interacting protein"
"AT4G35950_AT1G48270","","AT4G35950","AT1G48270","","","","","","","PMID:29320478","Interacting protein"
"AT1G47240_AT1G48270","","AT1G47240","AT1G48270","","","","","","","PMID:29320478","Interacting protein"
"AT4G26770_AT1G48270","","AT4G26770","AT1G48270","","","","","","","PMID:29320478","Interacting protein"
"AT4G09570_AT1G02280","","AT4G09570","AT1G02280","","","","","","","PMID:29320478","Interacting protein"
"AT4G35450_AT1G02280","","AT4G35450","AT1G02280","","","","","","","PMID:29320478","Interacting protein"
"AT4G02510_AT1G02280","","AT4G02510","AT1G02280","","","","","","","PMID:29320478","Interacting protein"
"AT4G26090_AT3G45780","","AT4G26090","AT3G45780","","","","","","","PMID:29320478","Interacting protein"
"AT4G18710_AT3G45780","","AT4G18710","AT3G45780","","","","","","","PMID:29320478","Interacting protein"
"AT1G75820_AT5G65700","","AT1G75820","AT5G65700","","","","","","","PMID:29320478","Interacting protein"
"AT1G71330_AT5G65700","","AT1G71330","AT5G65700","","","","","","","PMID:29320478","Interacting protein"
"AT5G24100_AT5G65700","","AT5G24100","AT5G65700","","","","","","","PMID:20626648","Interacting protein"
"AT5G16000_AT5G65700","","AT5G16000","AT5G65700","","","","","","","PMID:20965998","Interacting protein"
"AT5G53320_AT5G65700","","AT5G53320","AT5G65700","","","","","","","PMID:20978082","Interacting protein"
"AT4G03390_AT5G65700","","AT4G03390","AT5G65700","","","","","","","PMID:22737156","Interacting protein"
"AT1G68400_AT5G65700","","AT1G68400","AT5G65700","","","","","","","PMID:24833385","Interacting protein"
"AT4G31250_AT5G65700","","AT4G31250","AT5G65700","","","","","","","PMID:21423366","Interacting protein"
"AT4G30520_AT5G65700","","AT4G30520","AT5G65700","","","","","","","PMID:21423366","Interacting protein"
"AT3G17840_AT5G65700","","AT3G17840","AT5G65700","","","","","","","PMID:24833385","Interacting protein"
"AT4G26540_AT5G65700","","AT4G26540","AT5G65700","","","","","","","PMID:24833385","Interacting protein"
"AT5G63710_AT5G65700","","AT5G63710","AT5G65700","","","","","","","PMID:24833385","Interacting protein"
"AT4G23740_AT5G65700","","AT4G23740","AT5G65700","","","","","","","PMID:29320478","Interacting protein"
"AT5G47530_AT2G19190","","AT5G47530","AT2G19190","","","","","","","PMID:29320478","Interacting protein"
"AT1G72300_AT2G19190","","AT1G72300","AT2G19190","","","","","","","PMID:29320478","Interacting protein"
"AT1G66150_AT2G19190","","AT1G66150","AT2G19190","","","","","","","PMID:29320478","Interacting protein"
"AT4G36180_AT2G19190","","AT4G36180","AT2G19190","","","","","","","PMID:29320478","Interacting protein"
"AT2G01820_AT2G19190","","AT2G01820","AT2G19190","","","","","","","PMID:15829604","Interacting protein"
"AT2G01950_AT2G19190","","AT2G01950","AT2G19190","","","","","","","PMID:10646606","Interacting protein"
"AT1G17230_AT2G19190","","AT1G17230","AT2G19190","","","","","","","PMID:23776212","Interacting protein"
"AT2G31880_AT2G19190","","AT2G31880","AT2G19190","","","","","","","PMID:25203210","Interacting protein"
"AT4G29180_AT2G19190","","AT4G29180","AT2G19190","","","","","","","PMID:12951325","Interacting protein"
"AT1G60800_AT2G19190","","AT1G60800","AT2G19190","","","","","","","PMID:12473690","Interacting protein"
"AT5G10020_AT2G19190","","AT5G10020","AT2G19190","","","","","","","PMID:36660928","Interacting protein"
"AT3G56370_AT2G19190","","AT3G56370","AT2G19190","","","","","","","PMID:24833385","Interacting protein"
"AT4G36180_AT4G20270","","AT4G36180","AT4G20270","","","","","","","PMID:24833385","Interacting protein"
"AT5G01890_AT4G20270","","AT5G01890","AT4G20270","","","","","","","PMID:29320478","Interacting protein"
"AT2G24230_AT4G20270","","AT2G24230","AT4G20270","","","","","","","PMID:29320478","Interacting protein"
"AT1G12460_AT4G20270","","AT1G12460","AT4G20270","","","","","","","PMID:29320478","Interacting protein"
"AT1G60800_AT4G20270","","AT1G60800","AT4G20270","","","","","","","PMID:29320478","Interacting protein"
"AT1G75820_AT1G65380","","AT1G75820","AT1G65380","","","","","","","PMID:29320478","Interacting protein"
"AT5G13290_AT1G65380","","AT5G13290","AT1G65380","","","","","","","PMID:29320478","Interacting protein"
"AT5G57940_AT1G65380","","AT5G57940","AT1G65380","","","","","","","PMID:29320478","Interacting protein"
"AT2G47060_AT2G28990","","AT2G47060","AT2G28990","","","","","","","PMID:29320478","Interacting protein"
"AT4G28650_AT2G28990","","AT4G28650","AT2G28990","","","","","","","PMID:29320478","Interacting protein"
"AT2G26730_AT2G28990","","AT2G26730","AT2G28990","","","","","","","PMID:29320478","Interacting protein"
"AT1G71330_AT2G28990","","AT1G71330","AT2G28990","","","","","","","PMID:29320478","Interacting protein"
"AT1G61420_AT2G28990","","AT1G61420","AT2G28990","","","","","","","PMID:15610357","Interacting protein"
"AT1G12460_AT2G28990","","AT1G12460","AT2G28990","","","","","","","PMID:18722184","Interacting protein"
"AT1G60800_AT2G28990","","AT1G60800","AT2G28990","","","","","","","PMID:15465053","Interacting protein"
"AT2G01820_AT2G28990","","AT2G01820","AT2G28990","","","","","","","PMID:25627066","Interacting protein"
"AT4G29180_AT2G28990","","AT4G29180","AT2G28990","","","","","","","PMID:25744387","Interacting protein"
"AT1G17230_AT2G28990","","AT1G17230","AT2G28990","","","","","","","PMID:33982818","Interacting protein"
"AT2G31880_AT2G28990","","AT2G31880","AT2G28990","","","","","","","PMID:16428597","Interacting protein"
"AT5G05000_AT4G02510","","AT5G05000","AT4G02510","","","","","","","PMID:11260718","Interacting protein"
"AT3G57870_AT4G02510","","AT3G57870","AT4G02510","","","","","","","PMID:11148293","Interacting protein"
"AT4G35450_AT4G02510","","AT4G35450","AT4G02510","","","","","","","PMID:18564962","Interacting protein"
"AT1G02280_AT4G02510","","AT1G02280","AT4G02510","","","","","","","PMID:23371951","Interacting protein"
"AT4G18710_AT4G02510","","AT4G18710","AT4G02510","","","","","","","PMID:19286967","Interacting protein"
"AT2G24230_AT4G21380","","AT2G24230","AT4G21380","","","","","","","PMID:26120968","Interacting protein"
"AT4G23740_AT4G21380","","AT4G23740","AT4G21380","","","","","","","PMID:26373454","Interacting protein"
"AT1G53730_AT4G21380","","AT1G53730","AT4G21380","","","","","","","PMID:33982818","Interacting protein"
"AT5G24100_AT2G25790","","AT5G24100","AT2G25790","","","","","","","PMID:29320478","Interacting protein"
"AT1G68400_AT2G25790","","AT1G68400","AT2G25790","","","","","","","PMID:29320478","Interacting protein"
"AT4G30520_AT2G25790","","AT4G30520","AT2G25790","","","","","","","PMID:29320478","Interacting protein"
"AT4G20140_AT2G25790","","AT4G20140","AT2G25790","","","","","","","PMID:29320478","Interacting protein"
"AT4G31250_AT2G25790","","AT4G31250","AT2G25790","","","","","","","PMID:29320478","Interacting protein"
"AT4G23740_AT2G25790","","AT4G23740","AT2G25790","","","","","","","PMID:29320478","Interacting protein"
"AT5G53320_AT2G25790","","AT5G53320","AT2G25790","","","","","","","PMID:29320478","Interacting protein"
"AT5G16000_AT2G25790","","AT5G16000","AT2G25790","","","","","","","PMID:29320478","Interacting protein"
"AT5G63710_AT2G25790","","AT5G63710","AT2G25790","","","","","","","PMID:29320478","Interacting protein"
"AT5G45780_AT2G25790","","AT5G45780","AT2G25790","","","","","","","PMID:29320478","Interacting protein"
"AT3G17840_AT2G25790","","AT3G17840","AT2G25790","","","","","","","PMID:29320478","Interacting protein"
"AT1G14390_AT2G25790","","AT1G14390","AT2G25790","","","","","","","PMID:19000159","Interacting protein"
"AT3G14350_AT2G25790","","AT3G14350","AT2G25790","","","","","","","PMID:21798944","Interacting protein"
"AT2G23950_AT2G25790","","AT2G23950","AT2G25790","","","","","","","PMID:20624951","Interacting protein"
"AT3G22170_AT1G09570","","AT3G22170","AT1G09570","","","","","","","PMID:24833385","Interacting protein"
"AT5G63310_AT1G09570","","AT5G63310","AT1G09570","","","","","","","PMID:29320478","Interacting protein"
"AT2G32950_AT1G09570","","AT2G32950","AT1G09570","","","","","","","PMID:29320478","Interacting protein"
"AT2G23950_AT1G66150","","AT2G23950","AT1G66150","","","","","","","PMID:29320478","Interacting protein"
"AT5G65700_AT1G66150","","AT5G65700","AT1G66150","","","","","","","PMID:29320478","Interacting protein"
"AT3G17840_AT1G66150","","AT3G17840","AT1G66150","","","","","","","PMID:29320478","Interacting protein"
"AT3G56100_AT1G66150","","AT3G56100","AT1G66150","","","","","","","PMID:29320478","Interacting protein"
"AT3G51740_AT1G66150","","AT3G51740","AT1G66150","","","","","","","PMID:29320478","Interacting protein"
"AT5G48740_AT1G66150","","AT5G48740","AT1G66150","","","","","","","PMID:29320478","Interacting protein"
"AT5G63710_AT1G66150","","AT5G63710","AT1G66150","","","","","","","PMID:29320478","Interacting protein"
"AT1G64210_AT1G66150","","AT1G64210","AT1G66150","","","","","","","PMID:29320478","Interacting protein"
"AT1G68400_AT1G66150","","AT1G68400","AT1G66150","","","","","","","PMID:29320478","Interacting protein"
"AT5G59680_AT1G66150","","AT5G59680","AT1G66150","","","","","","","PMID:11260718","Interacting protein"
"AT4G20270_AT1G66150","","AT4G20270","AT1G66150","","","","","","","PMID:9651577","Interacting protein"
"AT4G26090_AT5G58140","","AT4G26090","AT5G58140","","","","","","","PMID:18252844","Interacting protein"
"AT5G19150_AT5G58140","","AT5G19150","AT5G58140","","","","","","","PMID:22577138","Interacting protein"
"AT2G32950_AT5G58140","","AT2G32950","AT5G58140","","","","","","","PMID:29320478","Interacting protein"
"AT4G18710_AT5G58140","","AT4G18710","AT5G58140","","","","","","","PMID:29320478","Interacting protein"
"AT2G41820_AT2G20850","","AT2G41820","AT2G20850","","","","","","","PMID:29320478","Interacting protein"
"AT3G17840_AT2G20850","","AT3G17840","AT2G20850","","","","","","","PMID:29320478","Interacting protein"
"AT3G14350_AT2G20850","","AT3G14350","AT2G20850","","","","","","","PMID:29320478","Interacting protein"
"AT2G28990_AT2G20850","","AT2G28990","AT2G20850","","","","","","","PMID:29320478","Interacting protein"
"AT4G20450_AT2G20850","","AT4G20450","AT2G20850","","","","","","","PMID:29320478","Interacting protein"
"AT1G69270_AT2G20850","","AT1G69270","AT2G20850","","","","","","","PMID:29320478","Interacting protein"
"AT4G40010_AT2G23950","","AT4G40010","AT2G23950","","","","","","","PMID:29320478","Interacting protein"
"AT1G08650_AT2G23950","","AT1G08650","AT2G23950","","","","","","","PMID:29320478","Interacting protein"
"AT5G16000_AT2G23950","","AT5G16000","AT2G23950","","","","","","","PMID:22737156","Interacting protein"
"AT1G48480_AT2G23950","","AT1G48480","AT2G23950","","","","","","","PMID:22737156","Interacting protein"
"AT5G65240_AT2G23950","","AT5G65240","AT2G23950","","","","","","","PMID:21423366","Interacting protein"
"AT4G30520_AT2G23950","","AT4G30520","AT2G23950","","","","","","","PMID:24833385","Interacting protein"
"AT5G63710_AT2G23950","","AT5G63710","AT2G23950","","","","","","","PMID:29320478","Interacting protein"
"AT4G03390_AT2G23950","","AT4G03390","AT2G23950","","","","","","","PMID:29320478","Interacting protein"
"AT3G14350_AT2G23950","","AT3G14350","AT2G23950","","","","","","","PMID:29320478","Interacting protein"
"AT5G47910_AT2G26330","","AT5G47910","AT2G26330","","","","","","","PMID:29320478","Interacting protein"
"AT5G65700_AT2G26330","","AT5G65700","AT2G26330","","","","","","","PMID:29320478","Interacting protein"
"AT3G49670_AT2G26330","","AT3G49670","AT2G26330","","","","","","","PMID:29320478","Interacting protein"
"AT1G64210_AT2G26330","","AT1G64210","AT2G26330","","","","","","","PMID:29320478","Interacting protein"
"AT1G09970_AT2G26330","","AT1G09970","AT2G26330","","","","","","","PMID:29320478","Interacting protein"
"AT3G14350_AT2G26330","","AT3G14350","AT2G26330","","","","","","","PMID:36660928","Interacting protein"
"AT4G26540_AT2G26330","","AT4G26540","AT2G26330","","","","","","","PMID:21952135","Interacting protein"
"AT5G07280_AT2G26330","","AT5G07280","AT2G26330","","","","","","","PMID:24833385","Interacting protein"
"AT3G47110_AT2G26330","","AT3G47110","AT2G26330","","","","","","","PMID:29320478","Interacting protein"
"AT5G57360_AT4G08920","","AT5G57360","AT4G08920","","","","","","","PMID:29320478","Interacting protein"
"AT1G09570_AT4G08920","","AT1G09570","AT4G08920","","","","","","","PMID:29320478","Interacting protein"
"AT2G32950_AT4G08920","","AT2G32950","AT4G08920","","","","","","","PMID:29320478","Interacting protein"
"AT2G28990_AT4G03390","","AT2G28990","AT4G03390","","","","","","","PMID:29320478","Interacting protein"
"AT5G63710_AT4G03390","","AT5G63710","AT4G03390","","","","","","","PMID:24173806","Interacting protein"
"AT4G20450_AT4G03390","","AT4G20450","AT4G03390","","","","","","","PMID:21423366","Interacting protein"
"AT2G26650_AT4G23180","","AT2G26650","AT4G23180","","","","","","","PMID:29320478","Interacting protein"
"AT5G57940_AT4G23180","","AT5G57940","AT4G23180","","","","","","","PMID:29320478","Interacting protein"
"AT1G34210_AT5G49760","","AT1G34210","AT5G49760","","","","","","","PMID:21423366","Interacting protein"
"AT3G26170_AT5G49760","","AT3G26170","AT5G49760","","","","","","","PMID:26304848","Interacting protein"
"AT3G17840_AT5G49760","","AT3G17840","AT5G49760","","","","","","","PMID:29320478","Interacting protein"
"AT1G09970_AT5G49760","","AT1G09970","AT5G49760","","","","","","","PMID:29320478","Interacting protein"
"AT2G02780_AT5G49760","","AT2G02780","AT5G49760","","","","","","","PMID:29320478","Interacting protein"
"AT4G26540_AT5G49760","","AT4G26540","AT5G49760","","","","","","","PMID:29320478","Interacting protein"
"AT1G14390_AT5G49760","","AT1G14390","AT5G49760","","","","","","","PMID:29320478","Interacting protein"
"AT5G63710_AT5G49760","","AT5G63710","AT5G49760","","","","","","","PMID:29320478","Interacting protein"
"AT4G20140_AT5G49760","","AT4G20140","AT5G49760","","","","","","","PMID:29320478","Interacting protein"
"AT1G64210_AT5G49760","","AT1G64210","AT5G49760","","","","","","","PMID:24833385","Interacting protein"
"AT5G45780_AT5G49760","","AT5G45780","AT5G49760","","","","","","","PMID:18088316","Interacting protein"
"AT1G68400_AT5G49760","","AT1G68400","AT5G49760","","","","","","","PMID:19000159","Interacting protein"
"AT4G18710_AT5G49760","","AT4G18710","AT5G49760","","","","","","","PMID:24320620","Interacting protein"
"AT2G19190_AT1G11130","","AT2G19190","AT1G11130","","","","","","","PMID:29320478","Interacting protein"
"AT4G23740_AT1G11130","","AT4G23740","AT1G11130","","","","","","","PMID:29320478","Interacting protein"
"AT3G51740_AT1G11130","","AT3G51740","AT1G11130","","","","","","","PMID:29320478","Interacting protein"
"AT2G26730_AT1G11130","","AT2G26730","AT1G11130","","","","","","","PMID:29320478","Interacting protein"
"AT1G74720_AT1G11130","","AT1G74720","AT1G11130","","","","","","","PMID:29320478","Interacting protein"
"AT4G22130_AT1G11130","","AT4G22130","AT1G11130","","","","","","","PMID:29320478","Interacting protein"
"AT4G20140_AT3G25560","","AT4G20140","AT3G25560","","","","","","","PMID:29320478","Interacting protein"
"AT4G20450_AT3G25560","","AT4G20450","AT3G25560","","","","","","","PMID:16621602","Interacting protein"
"AT1G64210_AT3G25560","","AT1G64210","AT3G25560","","","","","","","PMID:15592873","Interacting protein"
"AT2G28990_AT3G25560","","AT2G28990","AT3G25560","","","","","","","PMID:21423366","Interacting protein"
"AT4G35950_AT4G30520","","AT4G35950","AT4G30520","","","","","","","PMID:21423366","Interacting protein"
"AT5G02760_AT4G30520","","AT5G02760","AT4G30520","","","","","","","PMID:23929946","Interacting protein"
"AT4G03390_AT4G30520","","AT4G03390","AT4G30520","","","","","","","PMID:29320478","Interacting protein"
"AT2G26330_AT4G30520","","AT2G26330","AT4G30520","","","","","","","PMID:29320478","Interacting protein"
"AT5G46330_AT4G30520","","AT5G46330","AT4G30520","","","","","","","PMID:29320478","Interacting protein"
"AT4G20270_AT4G30520","","AT4G20270","AT4G30520","","","","","","","PMID:15310821","Interacting protein"
"AT3G14350_AT4G30520","","AT3G14350","AT4G30520","","","","","","","PMID:25422419","Interacting protein"
"AT3G25560_AT4G30520","","AT3G25560","AT4G30520","","","","","","","PMID:18694562","Interacting protein"
"AT5G38990_AT2G28250","","AT5G38990","AT2G28250","","","","","","","PMID:15894717","Interacting protein"
"AT1G75840_AT2G28250","","AT1G75840","AT2G28250","","","","","","","PMID:15548744","Interacting protein"
"AT4G26090_AT4G08850","","AT4G26090","AT4G08850","","","","","","","PMID:12150928","Interacting protein"
"AT1G73660_AT4G08850","","AT1G73660","AT4G08850","","","","","","","PMID:16473966","Interacting protein"
"AT1G64210_AT4G08850","","AT1G64210","AT4G08850","","","","","","","PMID:21593986","Interacting protein"
"AT1G68400_AT4G08850","","AT1G68400","AT4G08850","","","","","","","PMID:21593986","Interacting protein"
"AT3G49670_AT4G08850","","AT3G49670","AT4G08850","","","","","","","PMID:24064770","Interacting protein"
"AT1G68520_AT2G18915","","AT1G68520","AT2G18915","","","","","","","PMID:21464298","Interacting protein"
"AT1G28050_AT2G18915","","AT1G28050","AT2G18915","","","","","","","PMID:21464298","Interacting protein"
"AT3G47570_AT5G63710","","AT3G47570","AT5G63710","","","","","","","PMID:24126715","Interacting protein"
"AT5G53320_AT1G60800","","AT5G53320","AT1G60800","","","","","","","PMID:24130196","Interacting protein"
"AT5G65700_AT1G60800","","AT5G65700","AT1G60800","","","","","","","PMID:24130196","Interacting protein"
"AT4G31250_AT1G60800","","AT4G31250","AT1G60800","","","","","","","PMID:24630626","Interacting protein"
"AT5G45780_AT1G60800","","AT5G45780","AT1G60800","","","","","","","PMID:25944825","Interacting protein"
"AT4G23740_AT1G60800","","AT4G23740","AT1G60800","","","","","","","PMID:26071421","Interacting protein"
"AT5G63710_AT1G60800","","AT5G63710","AT1G60800","","","","","","","PMID:26071421","Interacting protein"
"AT2G23950_AT1G60800","","AT2G23950","AT1G60800","","","","","","","PMID:26414709","Interacting protein"
"AT3G09840_AT1G71830","","AT3G09840","AT1G71830","","","","","","","PMID:29320478","Interacting protein"
"AT4G35950_AT1G71830","","AT4G35950","AT1G71830","","","","","","","PMID:23897926","Interacting protein"
"AT2G41820_AT1G71830","","AT2G41820","AT1G71830","","","","","","","PMID:23897926","Interacting protein"
"AT4G39400_AT1G71830","","AT4G39400","AT1G71830","","","","","","","PMID:21511872","Interacting protein"
"AT4G22130_AT1G71830","","AT4G22130","AT1G71830","","","","","","","PMID:21623975","Interacting protein"
"AT5G45780_AT1G71830","","AT5G45780","AT1G71830","","","","","","","PMID:21423366","Interacting protein"
"AT3G14350_AT1G71830","","AT3G14350","AT1G71830","","","","","","","PMID:21423366","Interacting protein"
"AT2G26330_AT1G71830","","AT2G26330","AT1G71830","","","","","","","PMID:21423366","Interacting protein"
"AT2G18915_AT5G57360","","AT2G18915","AT5G57360","","","","","","","PMID:21423366","Interacting protein"
"AT5G05660_AT5G57360","","AT5G05660","AT5G57360","","","","","","","PMID:21423366","Interacting protein"
"AT5G56030_AT5G57360","","AT5G56030","AT5G57360","","","","","","","PMID:26414709","Interacting protein"
"AT5G15840_AT5G57360","","AT5G15840","AT5G57360","","","","","","","PMID:29320478","Interacting protein"
"AT4G28880_AT1G04400","","AT4G28880","AT1G04400","","","","","","","PMID:29320478","Interacting protein"
"AT4G28860_AT1G04400","","AT4G28860","AT1G04400","","","","","","","PMID:29320478","Interacting protein"
"AT1G11130_AT5G48380","","AT1G11130","AT5G48380","","","","","","","PMID:21423366","Interacting protein"
"AT2G41820_AT5G48380","","AT2G41820","AT5G48380","","","","","","","PMID:29320478","Interacting protein"
"AT1G34210_AT5G48380","","AT1G34210","AT5G48380","","","","","","","PMID:29320478","Interacting protein"
"AT5G46330_AT5G48380","","AT5G46330","AT5G48380","","","","","","","PMID:29320478","Interacting protein"
"AT3G13380_AT5G48380","","AT3G13380","AT5G48380","","","","","","","PMID:29320478","Interacting protein"
"AT3G14350_AT5G48380","","AT3G14350","AT5G48380","","","","","","","PMID:29320478","Interacting protein"
"AT4G03390_AT5G48380","","AT4G03390","AT5G48380","","","","","","","PMID:29320478","Interacting protein"
"AT2G26330_AT5G48380","","AT2G26330","AT5G48380","","","","","","","PMID:29320478","Interacting protein"
"AT4G39400_AT5G48380","","AT4G39400","AT5G48380","","","","","","","PMID:29320478","Interacting protein"
"AT3G21340_AT5G48380","","AT3G21340","AT5G48380","","","","","","","PMID:29320478","Interacting protein"
"AT1G71830_AT5G48380","","AT1G71830","AT5G48380","","","","","","","PMID:29320478","Interacting protein"
"AT4G22130_AT5G48380","","AT4G22130","AT5G48380","","","","","","","PMID:29320478","Interacting protein"
"AT2G14510_AT1G72300","","AT2G14510","AT1G72300","","","","","","","PMID:29320478","Interacting protein"
"AT4G39400_AT1G72300","","AT4G39400","AT1G72300","","","","","","","PMID:29320478","Interacting protein"
"AT1G55610_AT1G72300","","AT1G55610","AT1G72300","","","","","","","PMID:29320478","Interacting protein"
"AT5G65700_AT1G72300","","AT5G65700","AT1G72300","","","","","","","PMID:29320478","Interacting protein"
"AT5G46330_AT1G72300","","AT5G46330","AT1G72300","","","","","","","PMID:29320478","Interacting protein"
"AT1G71830_AT1G72300","","AT1G71830","AT1G72300","","","","","","","PMID:29320478","Interacting protein"
"AT3G14350_AT1G72300","","AT3G14350","AT1G72300","","","","","","","PMID:29320478","Interacting protein"
"AT1G27190_AT1G72300","","AT1G27190","AT1G72300","","","","","","","PMID:29320478","Interacting protein"
"AT5G07280_AT1G72300","","AT5G07280","AT1G72300","","","","","","","PMID:29320478","Interacting protein"
"AT4G26540_AT1G72300","","AT4G26540","AT1G72300","","","","","","","PMID:29320478","Interacting protein"
"AT2G26330_AT1G72300","","AT2G26330","AT1G72300","","","","","","","PMID:29320478","Interacting protein"
"AT3G23750_AT1G72300","","AT3G23750","AT1G72300","","","","","","","PMID:29320478","Interacting protein"
"AT1G53730_AT1G72300","","AT1G53730","AT1G72300","","","","","","","PMID:29320478","Interacting protein"
"AT3G13065_AT1G72300","","AT3G13065","AT1G72300","","","","","","","PMID:29320478","Interacting protein"
"AT4G03390_AT1G72300","","AT4G03390","AT1G72300","","","","","","","PMID:29320478","Interacting protein"
"AT3G13380_AT1G72300","","AT3G13380","AT1G72300","","","","","","","PMID:29320478","Interacting protein"
"AT4G20270_AT1G51800","","AT4G20270","AT1G51800","","","","","","","PMID:29320478","Interacting protein"
"AT5G24100_AT1G51800","","AT5G24100","AT1G51800","","","","","","","PMID:29320478","Interacting protein"
"AT3G14350_AT1G51800","","AT3G14350","AT1G51800","","","","","","","PMID:29320478","Interacting protein"
"AT4G23740_AT1G51800","","AT4G23740","AT1G51800","","","","","","","PMID:29320478","Interacting protein"
"AT1G68400_AT1G51800","","AT1G68400","AT1G51800","","","","","","","PMID:29320478","Interacting protein"
"AT5G46330_AT1G53730","","AT5G46330","AT1G53730","","","","","","","PMID:29320478","Interacting protein"
"AT4G22130_AT1G53730","","AT4G22130","AT1G53730","","","","","","","PMID:29320478","Interacting protein"
"AT1G51800_AT1G53730","","AT1G51800","AT1G53730","","","","","","","PMID:29320478","Interacting protein"
"AT2G14510_AT1G53730","","AT2G14510","AT1G53730","","","","","","","PMID:29320478","Interacting protein"
"AT5G20480_AT1G53730","","AT5G20480","AT1G53730","","","","","","","PMID:29320478","Interacting protein"
"AT1G17230_AT1G53730","","AT1G17230","AT1G53730","","","","","","","PMID:29320478","Interacting protein"
"AT4G39400_AT1G53730","","AT4G39400","AT1G53730","","","","","","","PMID:29320478","Interacting protein"
"AT2G26330_AT1G53730","","AT2G26330","AT1G53730","","","","","","","PMID:29320478","Interacting protein"
"AT5G65710_AT1G53730","","AT5G65710","AT1G53730","","","","","","","PMID:12943550","Interacting protein"
"AT5G65700_AT1G53730","","AT5G65700","AT1G53730","","","","","","","PMID:21798944","Interacting protein"
"AT3G13380_AT1G53730","","AT3G13380","AT1G53730","","","","","","","PMID:11978862","Interacting protein"
"AT4G20270_AT5G49660","","AT4G20270","AT5G49660","","","","","","","PMID:21423366","Interacting protein"
"AT1G48480_AT5G49660","","AT1G48480","AT5G49660","","","","","","","PMID:21423366","Interacting protein"
"AT5G48380_AT5G49660","","AT5G48380","AT5G49660","","","","","","","PMID:24833385","Interacting protein"
"AT4G18710_AT5G61480","","AT4G18710","AT5G61480","","","","","","","PMID:29320478","Interacting protein"
"AT4G03390_AT5G61480","","AT4G03390","AT5G61480","","","","","","","PMID:27609422","Interacting protein"
"AT3G13380_AT5G61480","","AT3G13380","AT5G61480","","","","","","","PMID:32191846","Interacting protein"
"AT4G22130_AT5G61480","","AT4G22130","AT5G61480","","","","","","","PMID:32191846","Interacting protein"
"AT3G14350_AT5G61480","","AT3G14350","AT5G61480","","","","","","","PMID:24833385","Interacting protein"
"AT5G45780_AT5G61480","","AT5G45780","AT5G61480","","","","","","","PMID:24833385","Interacting protein"
"AT2G23950_AT5G61480","","AT2G23950","AT5G61480","","","","","","","PMID:29320478","Interacting protein"
"AT4G30520_AT5G61480","","AT4G30520","AT5G61480","","","","","","","PMID:29320478","Interacting protein"
"AT5G16000_AT5G61480","","AT5G16000","AT5G61480","","","","","","","PMID:29320478","Interacting protein"
"AT3G51740_AT5G61480","","AT3G51740","AT5G61480","","","","","","","PMID:29320478","Interacting protein"
"AT3G17840_AT5G61480","","AT3G17840","AT5G61480","","","","","","","PMID:29320478","Interacting protein"
"AT5G24100_AT5G61480","","AT5G24100","AT5G61480","","","","","","","PMID:29320478","Interacting protein"
"AT4G29180_AT5G61480","","AT4G29180","AT5G61480","","","","","","","PMID:29320478","Interacting protein"
"AT1G60800_AT5G61480","","AT1G60800","AT5G61480","","","","","","","PMID:29320478","Interacting protein"
"AT4G31250_AT5G61480","","AT4G31250","AT5G61480","","","","","","","PMID:29320478","Interacting protein"
"AT2G26330_AT5G61480","","AT2G26330","AT5G61480","","","","","","","PMID:29320478","Interacting protein"
"AT5G07280_AT5G44700","","AT5G07280","AT5G44700","","","","","","","PMID:29320478","Interacting protein"
"AT5G24100_AT5G44700","","AT5G24100","AT5G44700","","","","","","","PMID:29320478","Interacting protein"
"AT5G65700_AT5G44700","","AT5G65700","AT5G44700","","","","","","","PMID:29320478","Interacting protein"
"AT4G20270_AT5G44700","","AT4G20270","AT5G44700","","","","","","","PMID:29320478","Interacting protein"
"AT4G23740_AT5G44700","","AT4G23740","AT5G44700","","","","","","","PMID:29320478","Interacting protein"
"AT4G31250_AT5G44700","","AT4G31250","AT5G44700","","","","","","","PMID:21952135","Interacting protein"
"AT1G20630_AT5G56290","","AT1G20630","AT5G56290","","","","","","","PMID:23975897","Interacting protein"
"AT2G26800_AT5G56290","","AT2G26800","AT5G56290","","","","","","","PMID:24833385","Interacting protein"
"AT3G14420_AT5G56290","","AT3G14420","AT5G56290","","","","","","","PMID:24833385","Interacting protein"
"AT3G01910_AT5G56290","","AT3G01910","AT5G56290","","","","","","","PMID:24833385","Interacting protein"
"AT3G21720_AT5G56290","","AT3G21720","AT5G56290","","","","","","","PMID:24833385","Interacting protein"
"AT4G18710_AT5G56290","","AT4G18710","AT5G56290","","","","","","","PMID:29320478","Interacting protein"
"AT3G19170_AT5G63860","","AT3G19170","AT5G63860","","","","","","","PMID:29320478","Interacting protein"
"AT1G61420_AT5G53890","","AT1G61420","AT5G53890","","","","","","","PMID:29320478","Interacting protein"
"AT4G30190_AT5G53890","","AT4G30190","AT5G53890","","","","","","","PMID:21423366","Interacting protein"
"AT4G23740_AT5G53890","","AT4G23740","AT5G53890","","","","","","","PMID:29320478","Interacting protein"
"AT3G47570_AT5G53890","","AT3G47570","AT5G53890","","","","","","","PMID:29320478","Interacting protein"
"AT4G31250_AT5G53890","","AT4G31250","AT5G53890","","","","","","","PMID:29320478","Interacting protein"
"AT5G53320_AT5G53890","","AT5G53320","AT5G53890","","","","","","","PMID:29320478","Interacting protein"
"AT1G48480_AT5G53890","","AT1G48480","AT5G53890","","","","","","","PMID:29320478","Interacting protein"
"AT5G65240_AT5G53890","","AT5G65240","AT5G53890","","","","","","","PMID:29320478","Interacting protein"
"AT2G23950_AT5G53890","","AT2G23950","AT5G53890","","","","","","","PMID:29320478","Interacting protein"
"AT1G60630_AT5G53890","","AT1G60630","AT5G53890","","","","","","","PMID:29320478","Interacting protein"
"AT3G56100_AT5G53890","","AT3G56100","AT5G53890","","","","","","","PMID:29320478","Interacting protein"
"AT1G30360_AT5G23060","","AT1G30360","AT5G23060","","","","","","","PMID:21423366","Interacting protein"
"AT5G10020_AT5G23060","","AT5G10020","AT5G23060","","","","","","","PMID:21423366","Interacting protein"
"AT1G52290_AT5G23060","","AT1G52290","AT5G23060","","","","","","","PMID:21423366","Interacting protein"
"AT3G17840_AT5G23060","","AT3G17840","AT5G23060","","","","","","","PMID:21423366","Interacting protein"
"AT1G31420_AT1G08590","","AT1G31420","AT1G08590","","","","","","","PMID:29320478","Interacting protein"
"AT5G16000_AT1G08590","","AT5G16000","AT1G08590","","","","","","","PMID:29320478","Interacting protein"
"AT4G31250_AT1G08590","","AT4G31250","AT1G08590","","","","","","","PMID:29320478","Interacting protein"
"AT5G45780_AT1G08590","","AT5G45780","AT1G08590","","","","","","","PMID:29320478","Interacting protein"
"AT5G63710_AT1G08590","","AT5G63710","AT1G08590","","","","","","","PMID:20018402","Interacting protein"
"AT4G22130_AT1G08590","","AT4G22130","AT1G08590","","","","","","","PMID:29320478","Interacting protein"
"AT2G26730_AT1G08590","","AT2G26730","AT1G08590","","","","","","","PMID:29320478","Interacting protein"
"AT1G68400_AT1G08590","","AT1G68400","AT1G08590","","","","","","","PMID:29320478","Interacting protein"
"AT2G02780_AT1G08590","","AT2G02780","AT1G08590","","","","","","","PMID:29320478","Interacting protein"
"AT2G26330_AT1G08590","","AT2G26330","AT1G08590","","","","","","","PMID:29320478","Interacting protein"
"AT4G30520_AT1G08590","","AT4G30520","AT1G08590","","","","","","","PMID:29320478","Interacting protein"
"AT2G36570_AT1G08590","","AT2G36570","AT1G08590","","","","","","","PMID:29320478","Interacting protein"
"AT5G24100_AT1G08590","","AT5G24100","AT1G08590","","","","","","","PMID:29320478","Interacting protein"
"AT4G29180_AT1G29750","","AT4G29180","AT1G29750","","","","","","","PMID:29320478","Interacting protein"
"AT2G02780_AT1G29750","","AT2G02780","AT1G29750","","","","","","","PMID:29320478","Interacting protein"
"AT1G64210_AT1G29750","","AT1G64210","AT1G29750","","","","","","","PMID:29320478","Interacting protein"
"AT1G71830_AT5G16000","","AT1G71830","AT5G16000","","","","","","","PMID:29320478","Interacting protein"
"AT1G11130_AT5G16000","","AT1G11130","AT5G16000","","","","","","","PMID:29320478","Interacting protein"
"AT3G14350_AT5G16000","","AT3G14350","AT5G16000","","","","","","","PMID:29320478","Interacting protein"
"AT4G03390_AT5G16000","","AT4G03390","AT5G16000","","","","","","","PMID:29320478","Interacting protein"
"AT1G53730_AT5G16000","","AT1G53730","AT5G16000","","","","","","","PMID:29320478","Interacting protein"
"AT4G22130_AT5G16000","","AT4G22130","AT5G16000","","","","","","","PMID:29320478","Interacting protein"
"AT1G51800_AT5G16000","","AT1G51800","AT5G16000","","","","","","","PMID:29320478","Interacting protein"
"AT5G46330_AT5G16000","","AT5G46330","AT5G16000","","","","","","","PMID:29320478","Interacting protein"
"AT4G20270_AT5G16000","","AT4G20270","AT5G16000","","","","","","","PMID:29320478","Interacting protein"
"AT5G65700_AT3G24240","","AT5G65700","AT3G24240","","","","","","","PMID:29320478","Interacting protein"
"AT4G29180_AT3G24240","","AT4G29180","AT3G24240","","","","","","","PMID:29320478","Interacting protein"
"AT1G60800_AT3G24240","","AT1G60800","AT3G24240","","","","","","","PMID:29320478","Interacting protein"
"AT4G20270_AT3G24240","","AT4G20270","AT3G24240","","","","","","","PMID:29320478","Interacting protein"
"AT5G07280_AT3G24240","","AT5G07280","AT3G24240","","","","","","","PMID:29320478","Interacting protein"
"AT1G12460_AT3G24240","","AT1G12460","AT3G24240","","","","","","","PMID:29320478","Interacting protein"
"AT5G01890_AT3G24240","","AT5G01890","AT3G24240","","","","","","","PMID:29320478","Interacting protein"
"AT4G26540_AT3G24240","","AT4G26540","AT3G24240","","","","","","","PMID:29320478","Interacting protein"
"AT4G19380_AT3G21340","","AT4G19380","AT3G21340","","","","","","","PMID:29320478","Interacting protein"
"AT4G30520_AT3G21340","","AT4G30520","AT3G21340","","","","","","","PMID:29320478","Interacting protein"
"AT1G60800_AT3G21340","","AT1G60800","AT3G21340","","","","","","","PMID:29320478","Interacting protein"
"AT1G64210_AT3G21340","","AT1G64210","AT3G21340","","","","","","","PMID:29320478","Interacting protein"
"AT3G14350_AT3G21340","","AT3G14350","AT3G21340","","","","","","","PMID:29320478","Interacting protein"
"AT3G56100_AT3G21340","","AT3G56100","AT3G21340","","","","","","","PMID:29320478","Interacting protein"
"AT4G31250_AT3G21340","","AT4G31250","AT3G21340","","","","","","","PMID:29320478","Interacting protein"
"AT2G23950_AT3G21340","","AT2G23950","AT3G21340","","","","","","","PMID:29320478","Interacting protein"
"AT4G23740_AT3G21340","","AT4G23740","AT3G21340","","","","","","","PMID:36660928","Interacting protein"
"AT2G02780_AT3G21340","","AT2G02780","AT3G21340","","","","","","","PMID:29320478","Interacting protein"
"AT1G68400_AT3G21340","","AT1G68400","AT3G21340","","","","","","","PMID:29320478","Interacting protein"
"AT5G63710_AT3G21340","","AT5G63710","AT3G21340","","","","","","","PMID:29320478","Interacting protein"
"AT5G45780_AT3G21340","","AT5G45780","AT3G21340","","","","","","","PMID:24833385","Interacting protein"
"AT5G24100_AT3G21340","","AT5G24100","AT3G21340","","","","","","","PMID:29320478","Interacting protein"
"AT4G22130_AT3G13380","","AT4G22130","AT3G13380","","","","","","","PMID:29320478","Interacting protein"
"AT1G11130_AT3G13380","","AT1G11130","AT3G13380","","","","","","","PMID:29320478","Interacting protein"
"AT4G26540_AT3G13380","","AT4G26540","AT3G13380","","","","","","","PMID:29320478","Interacting protein"
"AT1G64210_AT3G13380","","AT1G64210","AT3G13380","","","","","","","PMID:24388849","Interacting protein"
"AT4G03390_AT3G13380","","AT4G03390","AT3G13380","","","","","","","PMID:29320478","Interacting protein"
"AT5G46330_AT3G13380","","AT5G46330","AT3G13380","","","","","","","PMID:29320478","Interacting protein"
"AT3G14350_AT3G13380","","AT3G14350","AT3G13380","","","","","","","PMID:29320478","Interacting protein"
"AT4G28650_AT3G13380","","AT4G28650","AT3G13380","","","","","","","PMID:29320478","Interacting protein"
"AT5G65700_AT3G23750","","AT5G65700","AT3G23750","","","","","","","PMID:29320478","Interacting protein"
"AT4G29180_AT3G23750","","AT4G29180","AT3G23750","","","","","","","PMID:29320478","Interacting protein"
"AT5G45780_AT3G23750","","AT5G45780","AT3G23750","","","","","","","PMID:29320478","Interacting protein"
"AT4G23740_AT3G23750","","AT4G23740","AT3G23750","","","","","","","PMID:29320478","Interacting protein"
"AT5G07280_AT3G23750","","AT5G07280","AT3G23750","","","","","","","PMID:29320478","Interacting protein"
"AT3G17840_AT3G23750","","AT3G17840","AT3G23750","","","","","","","PMID:29320478","Interacting protein"
"AT5G63710_AT3G23750","","AT5G63710","AT3G23750","","","","","","","PMID:29320478","Interacting protein"
"AT4G18710_AT3G23750","","AT4G18710","AT3G23750","","","","","","","PMID:29320478","Interacting protein"
"AT1G31420_AT1G48480","","AT1G31420","AT1G48480","","","","","","","PMID:29320478","Interacting protein"
"AT4G39400_AT1G48480","","AT4G39400","AT1G48480","","","","","","","PMID:15829604","Interacting protein"
"AT5G46330_AT1G48480","","AT5G46330","AT1G48480","","","","","","","PMID:29320478","Interacting protein"
"AT2G23950_AT5G49770","","AT2G23950","AT5G49770","","","","","","","PMID:29320478","Interacting protein"
"AT5G45780_AT5G49770","","AT5G45780","AT5G49770","","","","","","","PMID:29320478","Interacting protein"
"AT5G24100_AT5G49770","","AT5G24100","AT5G49770","","","","","","","PMID:29320478","Interacting protein"
"AT4G23740_AT5G49770","","AT4G23740","AT5G49770","","","","","","","PMID:29320478","Interacting protein"
"AT1G68400_AT5G49770","","AT1G68400","AT5G49770","","","","","","","PMID:29320478","Interacting protein"
"AT5G16000_AT5G49770","","AT5G16000","AT5G49770","","","","","","","PMID:29320478","Interacting protein"
"AT4G31250_AT5G49770","","AT4G31250","AT5G49770","","","","","","","PMID:29320478","Interacting protein"
"AT3G17840_AT5G49770","","AT3G17840","AT5G49770","","","","","","","PMID:29320478","Interacting protein"
"AT5G53320_AT5G49770","","AT5G53320","AT5G49770","","","","","","","PMID:29320478","Interacting protein"
"AT1G60630_AT5G49770","","AT1G60630","AT5G49770","","","","","","","PMID:29320478","Interacting protein"
"AT4G30520_AT5G49770","","AT4G30520","AT5G49770","","","","","","","PMID:29320478","Interacting protein"
"AT5G65240_AT5G49770","","AT5G65240","AT5G49770","","","","","","","PMID:29320478","Interacting protein"
"AT5G63710_AT5G49770","","AT5G63710","AT5G49770","","","","","","","PMID:29320478","Interacting protein"
"AT4G20450_AT3G14350","","AT4G20450","AT3G14350","","","","","","","PMID:29320478","Interacting protein"
"AT4G23740_AT3G14350","","AT4G23740","AT3G14350","","","","","","","PMID:29320478","Interacting protein"
"AT5G45780_AT3G14350","","AT5G45780","AT3G14350","","","","","","","PMID:29320478","Interacting protein"
"AT1G68400_AT3G14350","","AT1G68400","AT3G14350","","","","","","","PMID:29320478","Interacting protein"
"AT2G16640_AT3G16620","","AT2G16640","AT3G16620","","","","","","","PMID:29320478","Interacting protein"
"AT5G05000_AT3G16620","","AT5G05000","AT3G16620","","","","","","","PMID:29320478","Interacting protein"
"AT4G30520_AT3G17840","","AT4G30520","AT3G17840","","","","","","","PMID:29320478","Interacting protein"
"AT1G75820_AT3G59420","","AT1G75820","AT3G59420","","","","","","","PMID:29320478","Interacting protein"
"AT4G18710_AT3G46290","","AT4G18710","AT3G46290","","","","","","","PMID:29320478","Interacting protein"
"AT1G08650_AT3G56370","","AT1G08650","AT3G56370","","","","","","","PMID:29320478","Interacting protein"
"AT5G47530_AT3G56370","","AT5G47530","AT3G56370","","","","","","","PMID:29320478","Interacting protein"
"AT4G23740_AT3G56370","","AT4G23740","AT3G56370","","","","","","","PMID:29320478","Interacting protein"
"AT5G16000_AT3G56370","","AT5G16000","AT3G56370","","","","","","","PMID:29320478","Interacting protein"
"AT2G23950_AT3G56370","","AT2G23950","AT3G56370","","","","","","","PMID:29320478","Interacting protein"
"AT1G68400_AT3G56370","","AT1G68400","AT3G56370","","","","","","","PMID:21423366","Interacting protein"
"AT4G30520_AT3G56370","","AT4G30520","AT3G56370","","","","","","","PMID:29320478","Interacting protein"
"AT5G24100_AT3G56370","","AT5G24100","AT3G56370","","","","","","","PMID:29320478","Interacting protein"
"AT5G45780_AT3G56370","","AT5G45780","AT3G56370","","","","","","","PMID:29320478","Interacting protein"
"AT3G17840_AT3G56370","","AT3G17840","AT3G56370","","","","","","","PMID:29320478","Interacting protein"
"AT5G46330_AT3G56370","","AT5G46330","AT3G56370","","","","","","","PMID:29320478","Interacting protein"
"AT5G53320_AT3G56370","","AT5G53320","AT3G56370","","","","","","","PMID:29320478","Interacting protein"
"AT4G20140_AT3G56370","","AT4G20140","AT3G56370","","","","","","","PMID:29320478","Interacting protein"
"AT4G23740_AT5G07280","","AT4G23740","AT5G07280","","","","","","","PMID:29320478","Interacting protein"
"AT4G31250_AT5G07280","","AT4G31250","AT5G07280","","","","","","","PMID:29320478","Interacting protein"
"AT1G48480_AT5G07280","","AT1G48480","AT5G07280","","","","","","","PMID:29320478","Interacting protein"
"AT1G68400_AT5G07280","","AT1G68400","AT5G07280","","","","","","","PMID:29320478","Interacting protein"
"AT1G09970_AT5G07280","","AT1G09970","AT5G07280","","","","","","","PMID:29320478","Interacting protein"
"AT5G45780_AT5G07280","","AT5G45780","AT5G07280","","","","","","","PMID:29320478","Interacting protein"
"AT5G65700_AT5G07280","","AT5G65700","AT5G07280","","","","","","","PMID:29320478","Interacting protein"
"AT5G63710_AT5G07280","","AT5G63710","AT5G07280","","","","","","","PMID:24833385","Interacting protein"
"AT1G07560_AT5G01890","","AT1G07560","AT5G01890","","","","","","","PMID:29320478","Interacting protein"
"AT3G25560_AT5G01890","","AT3G25560","AT5G01890","","","","","","","PMID:29320478","Interacting protein"
"AT4G30520_AT5G01890","","AT4G30520","AT5G01890","","","","","","","PMID:20965998","Interacting protein"
"AT3G17840_AT5G01890","","AT3G17840","AT5G01890","","","","","","","PMID:26083273","Interacting protein"
"AT2G23950_AT5G01890","","AT2G23950","AT5G01890","","","","","","","PMID:29320478","Interacting protein"
"AT3G46330_AT5G01890","","AT3G46330","AT5G01890","","","","","","","PMID:29320478","Interacting protein"
"AT5G63710_AT5G01890","","AT5G63710","AT5G01890","","","","","","","PMID:29320478","Interacting protein"
"AT5G16000_AT5G01890","","AT5G16000","AT5G01890","","","","","","","PMID:29320478","Interacting protein"
"AT5G45780_AT5G01890","","AT5G45780","AT5G01890","","","","","","","PMID:29320478","Interacting protein"
"AT1G51890_AT5G01890","","AT1G51890","AT5G01890","","","","","","","PMID:29320478","Interacting protein"
"AT1G14390_AT5G01890","","AT1G14390","AT5G01890","","","","","","","PMID:29320478","Interacting protein"
"AT5G48740_AT5G01890","","AT5G48740","AT5G01890","","","","","","","PMID:29320478","Interacting protein"
"AT1G79570_AT4G28650","","AT1G79570","AT4G28650","","","","","","","PMID:29320478","Interacting protein"
"AT5G48380_AT4G28650","","AT5G48380","AT4G28650","","","","","","","PMID:24064770","Interacting protein"
"AT3G17840_AT4G28650","","AT3G17840","AT4G28650","","","","","","","PMID:29320478","Interacting protein"
"AT1G75820_AT3G49670","","AT1G75820","AT3G49670","","","","","","","PMID:29320478","Interacting protein"
"AT5G63710_AT3G49670","","AT5G63710","AT3G49670","","","","","","","PMID:29320478","Interacting protein"
"AT1G64210_AT3G49670","","AT1G64210","AT3G49670","","","","","","","PMID:29320478","Interacting protein"
"AT5G45780_AT3G49670","","AT5G45780","AT3G49670","","","","","","","PMID:29320478","Interacting protein"
"AT5G16000_AT3G49670","","AT5G16000","AT3G49670","","","","","","","PMID:29320478","Interacting protein"
"AT2G23950_AT3G49670","","AT2G23950","AT3G49670","","","","","","","PMID:29320478","Interacting protein"
"AT2G41820_AT3G49670","","AT2G41820","AT3G49670","","","","","","","PMID:29320478","Interacting protein"
"AT1G68400_AT3G49670","","AT1G68400","AT3G49670","","","","","","","PMID:29320478","Interacting protein"
"AT4G30520_AT3G49670","","AT4G30520","AT3G49670","","","","","","","PMID:21628627","Interacting protein"
"AT4G20270_AT1G68400","","AT4G20270","AT1G68400","","","","","","","PMID:29320478","Interacting protein"
"AT5G16000_AT1G68400","","AT5G16000","AT1G68400","","","","","","","PMID:29320478","Interacting protein"
"AT1G20090_AT3G51550","","AT1G20090","AT3G51550","","","","","","","PMID:29320478","Interacting protein"
"AT3G13380_AT3G51550","","AT3G13380","AT3G51550","","","","","","","PMID:29320478","Interacting protein"
"AT4G18710_AT3G51550","","AT4G18710","AT3G51550","","","","","","","PMID:29320478","Interacting protein"
"AT1G60800_AT1G17230","","AT1G60800","AT1G17230","","","","","","","PMID:29320478","Interacting protein"
"AT4G20270_AT1G17230","","AT4G20270","AT1G17230","","","","","","","PMID:29320478","Interacting protein"
"AT5G63710_AT1G17230","","AT5G63710","AT1G17230","","","","","","","PMID:29320478","Interacting protein"
"AT1G60800_AT2G01820","","AT1G60800","AT2G01820","","","","","","","PMID:29320478","Interacting protein"
"AT3G24240_AT2G01820","","AT3G24240","AT2G01820","","","","","","","PMID:29320478","Interacting protein"
"AT4G20140_AT2G01820","","AT4G20140","AT2G01820","","","","","","","PMID:29320478","Interacting protein"
"AT2G23950_AT2G01820","","AT2G23950","AT2G01820","","","","","","","PMID:29320478","Interacting protein"
"AT5G45780_AT2G01820","","AT5G45780","AT2G01820","","","","","","","PMID:10646606","Interacting protein"
"AT3G17840_AT2G01820","","AT3G17840","AT2G01820","","","","","","","PMID:20018402","Interacting protein"
"AT3G49670_AT2G01820","","AT3G49670","AT2G01820","","","","","","","PMID:25188390","Interacting protein"
"AT4G31250_AT2G01820","","AT4G31250","AT2G01820","","","","","","","PMID:29320478","Interacting protein"
"AT5G65700_AT2G01820","","AT5G65700","AT2G01820","","","","","","","PMID:29320478","Interacting protein"
"AT5G24100_AT2G01820","","AT5G24100","AT2G01820","","","","","","","PMID:29320478","Interacting protein"
"AT4G23740_AT2G01820","","AT4G23740","AT2G01820","","","","","","","PMID:29320478","Interacting protein"
"AT4G35600_AT2G31880","","AT4G35600","AT2G31880","","","","","","","PMID:29320478","Interacting protein"
"AT1G72300_AT2G31880","","AT1G72300","AT2G31880","","","","","","","PMID:29320478","Interacting protein"
"AT1G09840_AT2G31880","","AT1G09840","AT2G31880","","","","","","","PMID:29320478","Interacting protein"
"AT1G08650_AT2G31880","","AT1G08650","AT2G31880","","","","","","","PMID:29320478","Interacting protein"
"AT1G14390_AT2G31880","","AT1G14390","AT2G31880","","","","","","","PMID:29320478","Interacting protein"
"AT1G60630_AT2G31880","","AT1G60630","AT2G31880","","","","","","","PMID:29320478","Interacting protein"
"AT5G24100_AT2G31880","","AT5G24100","AT2G31880","","","","","","","PMID:36660928","Interacting protein"
"AT5G01890_AT2G31880","","AT5G01890","AT2G31880","","","","","","","PMID:24833385","Interacting protein"
"AT1G09970_AT2G31880","","AT1G09970","AT2G31880","","","","","","","PMID:29320478","Interacting protein"
"AT4G29180_AT2G31880","","AT4G29180","AT2G31880","","","","","","","PMID:29320478","Interacting protein"
"AT5G45780_AT2G31880","","AT5G45780","AT2G31880","","","","","","","PMID:16284305","Interacting protein"
"AT2G23950_AT2G31880","","AT2G23950","AT2G31880","","","","","","","PMID:21423366","Interacting protein"
"AT5G63710_AT2G31880","","AT5G63710","AT2G31880","","","","","","","PMID:21423366","Interacting protein"
"AT5G65700_AT2G31880","","AT5G65700","AT2G31880","","","","","","","PMID:24833385","Interacting protein"
"AT3G56100_AT2G31880","","AT3G56100","AT2G31880","","","","","","","PMID:29320478","Interacting protein"
"AT5G53320_AT2G31880","","AT5G53320","AT2G31880","","","","","","","PMID:29320478","Interacting protein"
"AT4G23740_AT2G31880","","AT4G23740","AT2G31880","","","","","","","PMID:29320478","Interacting protein"
"AT5G05000_AT2G16640","","AT5G05000","AT2G16640","","","","","","","PMID:29320478","Interacting protein"
"AT4G18710_AT1G11330","","AT4G18710","AT1G11330","","","","","","","PMID:29320478","Interacting protein"
"AT1G53270_AT1G75820","","AT1G53270","AT1G75820","","","","","","","PMID:29320478","Interacting protein"
"AT4G26540_AT1G75820","","AT4G26540","AT1G75820","","","","","","","PMID:29320478","Interacting protein"
"AT5G10290_AT1G75820","","AT5G10290","AT1G75820","","","","","","","PMID:21423366","Interacting protein"
"AT3G49670_AT1G75820","","AT3G49670","AT1G75820","","","","","","","PMID:23964902","Interacting protein"
"AT5G65700_AT1G75820","","AT5G65700","AT1G75820","","","","","","","PMID:29320478","Interacting protein"
"AT1G71830_AT1G34210","","AT1G71830","AT1G34210","","","","","","","PMID:29320478","Interacting protein"
"AT4G35950_AT1G34210","","AT4G35950","AT1G34210","","","","","","","PMID:29320478","Interacting protein"
"AT4G20450_AT1G34210","","AT4G20450","AT1G34210","","","","","","","PMID:29320478","Interacting protein"
"AT1G47240_AT1G34210","","AT1G47240","AT1G34210","","","","","","","PMID:29320478","Interacting protein"
"AT2G41820_AT1G34210","","AT2G41820","AT1G34210","","","","","","","PMID:29320478","Interacting protein"
"AT2G31880_AT1G34210","","AT2G31880","AT1G34210","","","","","","","PMID:29320478","Interacting protein"
"AT4G36180_AT1G34210","","AT4G36180","AT1G34210","","","","","","","PMID:29320478","Interacting protein"
"AT3G28040_AT1G34210","","AT3G28040","AT1G34210","","","","","","","PMID:29320478","Interacting protein"
"AT2G01950_AT1G34210","","AT2G01950","AT1G34210","","","","","","","PMID:29320478","Interacting protein"
"AT1G31420_AT1G34210","","AT1G31420","AT1G34210","","","","","","","PMID:29320478","Interacting protein"
"AT2G01820_AT1G34210","","AT2G01820","AT1G34210","","","","","","","PMID:29320478","Interacting protein"
"AT4G29180_AT1G34210","","AT4G29180","AT1G34210","","","","","","","PMID:29320478","Interacting protein"
"AT5G65700_AT1G34210","","AT5G65700","AT1G34210","","","","","","","PMID:29320478","Interacting protein"
"AT2G25790_AT1G34210","","AT2G25790","AT1G34210","","","","","","","PMID:29320478","Interacting protein"
"AT1G63430_AT1G34210","","AT1G63430","AT1G34210","","","","","","","PMID:24051702","Interacting protein"
"AT5G63710_AT2G01950","","AT5G63710","AT2G01950","","","","","","","PMID:29320478","Interacting protein"
"AT1G68400_AT2G01950","","AT1G68400","AT2G01950","","","","","","","PMID:29320478","Interacting protein"
"AT5G24100_AT2G01950","","AT5G24100","AT2G01950","","","","","","","PMID:29320478","Interacting protein"
"AT1G48480_AT2G01950","","AT1G48480","AT2G01950","","","","","","","PMID:29320478","Interacting protein"
"AT3G17840_AT2G01950","","AT3G17840","AT2G01950","","","","","","","PMID:29320478","Interacting protein"
"AT2G02780_AT2G01950","","AT2G02780","AT2G01950","","","","","","","PMID:29320478","Interacting protein"
"AT4G23740_AT2G01950","","AT4G23740","AT2G01950","","","","","","","PMID:29320478","Interacting protein"
"AT5G45780_AT2G01950","","AT5G45780","AT2G01950","","","","","","","PMID:29320478","Interacting protein"
"AT1G64210_AT2G01950","","AT1G64210","AT2G01950","","","","","","","PMID:29320478","Interacting protein"
"AT1G35710_AT2G01950","","AT1G35710","AT2G01950","","","","","","","PMID:29320478","Interacting protein"
"AT1G14390_AT2G01950","","AT1G14390","AT2G01950","","","","","","","PMID:29320478","Interacting protein"
"AT5G53320_AT2G01950","","AT5G53320","AT2G01950","","","","","","","PMID:29320478","Interacting protein"
"AT2G26730_AT2G14510","","AT2G26730","AT2G14510","","","","","","","PMID:29320478","Interacting protein"
"AT3G14350_AT2G14510","","AT3G14350","AT2G14510","","","","","","","PMID:29320478","Interacting protein"
"AT4G23740_AT2G14510","","AT4G23740","AT2G14510","","","","","","","PMID:29320478","Interacting protein"
"AT5G65710_AT2G14510","","AT5G65710","AT2G14510","","","","","","","PMID:29320478","Interacting protein"
"AT1G51800_AT2G14510","","AT1G51800","AT2G14510","","","","","","","PMID:29320478","Interacting protein"
"AT4G39400_AT2G14510","","AT4G39400","AT2G14510","","","","","","","PMID:29320478","Interacting protein"
"AT2G26330_AT2G14510","","AT2G26330","AT2G14510","","","","","","","PMID:29320478","Interacting protein"
"AT4G22130_AT2G14510","","AT4G22130","AT2G14510","","","","","","","PMID:29320478","Interacting protein"
"AT4G03390_AT2G14510","","AT4G03390","AT2G14510","","","","","","","PMID:29320478","Interacting protein"
"AT5G46330_AT2G14510","","AT5G46330","AT2G14510","","","","","","","PMID:29320478","Interacting protein"
"AT5G45780_AT2G14510","","AT5G45780","AT2G14510","","","","","","","PMID:29320478","Interacting protein"
"AT4G22130_AT1G69270","","AT4G22130","AT1G69270","","","","","","","PMID:29320478","Interacting protein"
"AT3G49670_AT1G69270","","AT3G49670","AT1G69270","","","","","","","PMID:24064770","Interacting protein"
"AT3G14350_AT1G69270","","AT3G14350","AT1G69270","","","","","","","PMID:29320478","Interacting protein"
"AT5G46330_AT1G69270","","AT5G46330","AT1G69270","","","","","","","PMID:29320478","Interacting protein"
"AT5G65700_AT1G69270","","AT5G65700","AT1G69270","","","","","","","PMID:29320478","Interacting protein"
"AT4G26540_AT1G69270","","AT4G26540","AT1G69270","","","","","","","PMID:29320478","Interacting protein"
"AT4G00710_AT2G01210","","AT4G00710","AT2G01210","","","","","","","PMID:29320478","Interacting protein"
"AT1G64210_AT2G01210","","AT1G64210","AT2G01210","","","","","","","PMID:29320478","Interacting protein"
"AT5G24100_AT2G01210","","AT5G24100","AT2G01210","","","","","","","PMID:29320478","Interacting protein"
"AT5G65700_AT2G01210","","AT5G65700","AT2G01210","","","","","","","PMID:29320478","Interacting protein"
"AT1G60800_AT2G01210","","AT1G60800","AT2G01210","","","","","","","PMID:29320478","Interacting protein"
"AT1G68400_AT2G01210","","AT1G68400","AT2G01210","","","","","","","PMID:29320478","Interacting protein"
"AT3G13380_AT1G55610","","AT3G13380","AT1G55610","","","","","","","PMID:29320478","Interacting protein"
"AT4G22130_AT1G55610","","AT4G22130","AT1G55610","","","","","","","PMID:29320478","Interacting protein"
"AT1G69270_AT1G55610","","AT1G69270","AT1G55610","","","","","","","PMID:29320478","Interacting protein"
"AT4G03390_AT1G55610","","AT4G03390","AT1G55610","","","","","","","PMID:29320478","Interacting protein"
"AT5G46330_AT1G55610","","AT5G46330","AT1G55610","","","","","","","PMID:29320478","Interacting protein"
"AT5G65700_AT1G55610","","AT5G65700","AT1G55610","","","","","","","PMID:29320478","Interacting protein"
"AT4G20140_AT1G55610","","AT4G20140","AT1G55610","","","","","","","PMID:29320478","Interacting protein"
"AT2G26330_AT1G55610","","AT2G26330","AT1G55610","","","","","","","PMID:29320478","Interacting protein"
"AT3G14350_AT1G55610","","AT3G14350","AT1G55610","","","","","","","PMID:29320478","Interacting protein"
"AT3G49670_AT1G05700","","AT3G49670","AT1G05700","","","","","","","PMID:29320478","Interacting protein"
"AT1G09970_AT1G05700","","AT1G09970","AT1G05700","","","","","","","PMID:29320478","Interacting protein"
"AT1G60800_AT1G05700","","AT1G60800","AT1G05700","","","","","","","PMID:24833385","Interacting protein"
"AT4G26540_AT1G05700","","AT4G26540","AT1G05700","","","","","","","PMID:29320478","Interacting protein"
"AT5G65700_AT1G05700","","AT5G65700","AT1G05700","","","","","","","PMID:29320478","Interacting protein"
"AT1G64210_AT1G05700","","AT1G64210","AT1G05700","","","","","","","PMID:29320478","Interacting protein"
"AT3G13065_AT1G05700","","AT3G13065","AT1G05700","","","","","","","PMID:29320478","Interacting protein"
"AT4G29180_AT1G05700","","AT4G29180","AT1G05700","","","","","","","PMID:29320478","Interacting protein"
"AT4G00710_AT1G06840","","AT4G00710","AT1G06840","","","","","","","PMID:29320478","Interacting protein"
"AT4G22130_AT1G06840","","AT4G22130","AT1G06840","","","","","","","PMID:29320478","Interacting protein"
"AT3G14350_AT1G06840","","AT3G14350","AT1G06840","","","","","","","PMID:29320478","Interacting protein"
"AT4G03390_AT1G06840","","AT4G03390","AT1G06840","","","","","","","PMID:29320478","Interacting protein"
"AT4G23740_AT1G06840","","AT4G23740","AT1G06840","","","","","","","PMID:29320478","Interacting protein"
"AT3G13380_AT1G06840","","AT3G13380","AT1G06840","","","","","","","PMID:29320478","Interacting protein"
"AT4G20140_AT1G06840","","AT4G20140","AT1G06840","","","","","","","PMID:29320478","Interacting protein"
"AT5G63710_AT1G06840","","AT5G63710","AT1G06840","","","","","","","PMID:29320478","Interacting protein"
"AT2G26330_AT1G06840","","AT2G26330","AT1G06840","","","","","","","PMID:29320478","Interacting protein"
"AT5G45840_AT1G06840","","AT5G45840","AT1G06840","","","","","","","PMID:29320478","Interacting protein"
"AT3G17840_AT1G06840","","AT3G17840","AT1G06840","","","","","","","PMID:29320478","Interacting protein"
"AT5G53320_AT1G06840","","AT5G53320","AT1G06840","","","","","","","PMID:29320478","Interacting protein"
"AT4G18710_AT1G06840","","AT4G18710","AT1G06840","","","","","","","PMID:29320478","Interacting protein"
"AT3G13065_AT1G07550","","AT3G13065","AT1G07550","","","","","","","PMID:29320478","Interacting protein"
"AT5G65700_AT1G07550","","AT5G65700","AT1G07550","","","","","","","PMID:29320478","Interacting protein"
"AT3G23750_AT1G07550","","AT3G23750","AT1G07550","","","","","","","PMID:29320478","Interacting protein"
"AT3G28040_AT1G07550","","AT3G28040","AT1G07550","","","","","","","PMID:29320478","Interacting protein"
"AT1G60800_AT1G07550","","AT1G60800","AT1G07550","","","","","","","PMID:29320478","Interacting protein"
"AT4G29180_AT1G07550","","AT4G29180","AT1G07550","","","","","","","PMID:29320478","Interacting protein"
"AT3G49670_AT1G07550","","AT3G49670","AT1G07550","","","","","","","PMID:29320478","Interacting protein"
"AT1G64210_AT1G07550","","AT1G64210","AT1G07550","","","","","","","PMID:29320478","Interacting protein"
"AT4G26540_AT1G07550","","AT4G26540","AT1G07550","","","","","","","PMID:29320478","Interacting protein"
"AT5G53890_AT1G07560","","AT5G53890","AT1G07560","","","","","","","PMID:29320478","Interacting protein"
"AT5G65700_AT1G07560","","AT5G65700","AT1G07560","","","","","","","PMID:29320478","Interacting protein"
"AT5G63710_AT1G07560","","AT5G63710","AT1G07560","","","","","","","PMID:29320478","Interacting protein"
"AT4G28650_AT1G07560","","AT4G28650","AT1G07560","","","","","","","PMID:29320478","Interacting protein"
"AT1G09970_AT1G07560","","AT1G09970","AT1G07560","","","","","","","PMID:29320478","Interacting protein"
"AT1G35710_AT1G07560","","AT1G35710","AT1G07560","","","","","","","PMID:29320478","Interacting protein"
"AT1G60800_AT1G07560","","AT1G60800","AT1G07560","","","","","","","PMID:29320478","Interacting protein"
"AT1G67720_AT1G07560","","AT1G67720","AT1G07560","","","","","","","PMID:29320478","Interacting protein"
"AT2G19190_AT1G07560","","AT2G19190","AT1G07560","","","","","","","PMID:29320478","Interacting protein"
"AT1G48480_AT1G07560","","AT1G48480","AT1G07560","","","","","","","PMID:29320478","Interacting protein"
"AT3G13065_AT1G07560","","AT3G13065","AT1G07560","","","","","","","PMID:29320478","Interacting protein"
"AT4G20270_AT1G07560","","AT4G20270","AT1G07560","","","","","","","PMID:29320478","Interacting protein"
"AT5G10290_AT1G07560","","AT5G10290","AT1G07560","","","","","","","PMID:29320478","Interacting protein"
"AT1G64210_AT1G07560","","AT1G64210","AT1G07560","","","","","","","PMID:24051702","Interacting protein"
"AT1G06840_AT1G07560","","AT1G06840","AT1G07560","","","","","","","PMID:29320478","Interacting protein"
"AT4G26540_AT1G07560","","AT4G26540","AT1G07560","","","","","","","PMID:29320478","Interacting protein"
"AT3G23750_AT1G07560","","AT3G23750","AT1G07560","","","","","","","PMID:29320478","Interacting protein"
"AT3G21340_AT1G12460","","AT3G21340","AT1G12460","","","","","","","PMID:29320478","Interacting protein"
"AT4G26540_AT1G12460","","AT4G26540","AT1G12460","","","","","","","PMID:29320478","Interacting protein"
"AT1G51800_AT1G12460","","AT1G51800","AT1G12460","","","","","","","PMID:29320478","Interacting protein"
"AT3G46330_AT1G12460","","AT3G46330","AT1G12460","","","","","","","PMID:29320478","Interacting protein"
"AT1G14390_AT1G12460","","AT1G14390","AT1G12460","","","","","","","PMID:29320478","Interacting protein"
"AT4G20140_AT1G12460","","AT4G20140","AT1G12460","","","","","","","PMID:29320478","Interacting protein"
"AT1G64210_AT1G51820","","AT1G64210","AT1G51820","","","","","","","PMID:29320478","Interacting protein"
"AT4G28650_AT1G51820","","AT4G28650","AT1G51820","","","","","","","PMID:29320478","Interacting protein"
"AT4G29180_AT1G51820","","AT4G29180","AT1G51820","","","","","","","PMID:29320478","Interacting protein"
"AT1G48480_AT1G51820","","AT1G48480","AT1G51820","","","","","","","PMID:29320478","Interacting protein"
"AT4G36180_AT1G51820","","AT4G36180","AT1G51820","","","","","","","PMID:29320478","Interacting protein"
"AT1G60800_AT1G51820","","AT1G60800","AT1G51820","","","","","","","PMID:36660928","Interacting protein"
"AT5G65700_AT1G51820","","AT5G65700","AT1G51820","","","","","","","PMID:29320478","Interacting protein"
"AT3G13065_AT1G51820","","AT3G13065","AT1G51820","","","","","","","PMID:29320478","Interacting protein"
"AT1G09970_AT1G51820","","AT1G09970","AT1G51820","","","","","","","PMID:29320478","Interacting protein"
"AT4G20270_AT1G51820","","AT4G20270","AT1G51820","","","","","","","PMID:29320478","Interacting protein"
"AT3G28040_AT1G51820","","AT3G28040","AT1G51820","","","","","","","PMID:29320478","Interacting protein"
"AT5G10290_AT1G51820","","AT5G10290","AT1G51820","","","","","","","PMID:29320478","Interacting protein"
"AT4G26540_AT1G51820","","AT4G26540","AT1G51820","","","","","","","PMID:29320478","Interacting protein"
"AT4G00710_AT1G53430","","AT4G00710","AT1G53430","","","","","","","PMID:29320478","Interacting protein"
"AT4G31250_AT1G53430","","AT4G31250","AT1G53430","","","","","","","PMID:29320478","Interacting protein"
"AT4G23740_AT1G53430","","AT4G23740","AT1G53430","","","","","","","PMID:29320478","Interacting protein"
"AT2G23950_AT1G53430","","AT2G23950","AT1G53430","","","","","","","PMID:29320478","Interacting protein"
"AT5G63710_AT1G53430","","AT5G63710","AT1G53430","","","","","","","PMID:29320478","Interacting protein"
"AT4G30520_AT1G53430","","AT4G30520","AT1G53430","","","","","","","PMID:29320478","Interacting protein"
"AT2G02780_AT1G53430","","AT2G02780","AT1G53430","","","","","","","PMID:29320478","Interacting protein"
"AT1G14390_AT1G53430","","AT1G14390","AT1G53430","","","","","","","PMID:29320478","Interacting protein"
"AT5G24100_AT1G53430","","AT5G24100","AT1G53430","","","","","","","PMID:29320478","Interacting protein"
"AT5G16000_AT1G53430","","AT5G16000","AT1G53430","","","","","","","PMID:29320478","Interacting protein"
"AT4G18710_AT1G53430","","AT4G18710","AT1G53430","","","","","","","PMID:29320478","Interacting protein"
"AT4G00710_AT1G53440","","AT4G00710","AT1G53440","","","","","","","PMID:29320478","Interacting protein"
"AT1G31420_AT1G53440","","AT1G31420","AT1G53440","","","","","","","PMID:29320478","Interacting protein"
"AT5G65700_AT1G53440","","AT5G65700","AT1G53440","","","","","","","PMID:29320478","Interacting protein"
"AT1G09970_AT1G53440","","AT1G09970","AT1G53440","","","","","","","PMID:29320478","Interacting protein"
"AT2G01820_AT1G53440","","AT2G01820","AT1G53440","","","","","","","PMID:29320478","Interacting protein"
"AT1G74360_AT1G53440","","AT1G74360","AT1G53440","","","","","","","PMID:29320478","Interacting protein"
"AT4G18710_AT1G53440","","AT4G18710","AT1G53440","","","","","","","PMID:29320478","Interacting protein"
"AT4G20940_AT1G56130","","AT4G20940","AT1G56130","","","","","","","PMID:29320478","Interacting protein"
"AT2G01820_AT1G56130","","AT2G01820","AT1G56130","","","","","","","PMID:29320478","Interacting protein"
"AT3G13065_AT1G56130","","AT3G13065","AT1G56130","","","","","","","PMID:29320478","Interacting protein"
"AT1G31420_AT1G56130","","AT1G31420","AT1G56130","","","","","","","PMID:29320478","Interacting protein"
"AT2G02780_AT1G56130","","AT2G02780","AT1G56130","","","","","","","PMID:29320478","Interacting protein"
"AT5G07280_AT1G56130","","AT5G07280","AT1G56130","","","","","","","PMID:29320478","Interacting protein"
"AT5G65700_AT1G56130","","AT5G65700","AT1G56130","","","","","","","PMID:29320478","Interacting protein"
"AT1G74360_AT1G56130","","AT1G74360","AT1G56130","","","","","","","PMID:29320478","Interacting protein"
"AT5G16000_AT1G56140","","AT5G16000","AT1G56140","","","","","","","PMID:29320478","Interacting protein"
"AT5G53320_AT1G56140","","AT5G53320","AT1G56140","","","","","","","PMID:29320478","Interacting protein"
"AT1G14390_AT1G56140","","AT1G14390","AT1G56140","","","","","","","PMID:29320478","Interacting protein"
"AT3G47110_AT1G56140","","AT3G47110","AT1G56140","","","","","","","PMID:29320478","Interacting protein"
"AT2G02780_AT1G56140","","AT2G02780","AT1G56140","","","","","","","PMID:29320478","Interacting protein"
"AT1G64210_AT1G56140","","AT1G64210","AT1G56140","","","","","","","PMID:29320478","Interacting protein"
"AT3G13380_AT1G56140","","AT3G13380","AT1G56140","","","","","","","PMID:21423366","Interacting protein"
"AT1G71830_AT1G56140","","AT1G71830","AT1G56140","","","","","","","PMID:21423366","Interacting protein"
"AT5G10290_AT1G67720","","AT5G10290","AT1G67720","","","","","","","PMID:21423366","Interacting protein"
"AT4G26540_AT1G67720","","AT4G26540","AT1G67720","","","","","","","PMID:21423366","Interacting protein"
"AT5G65700_AT1G67720","","AT5G65700","AT1G67720","","","","","","","PMID:29320478","Interacting protein"
"AT1G09970_AT1G67720","","AT1G09970","AT1G67720","","","","","","","PMID:29320478","Interacting protein"
"AT5G63930_AT1G67720","","AT5G63930","AT1G67720","","","","","","","PMID:29320478","Interacting protein"
"AT1G64210_AT1G67720","","AT1G64210","AT1G67720","","","","","","","PMID:29320478","Interacting protein"
"AT1G48480_AT1G67720","","AT1G48480","AT1G67720","","","","","","","PMID:29320478","Interacting protein"
"AT3G49670_AT1G67720","","AT3G49670","AT1G67720","","","","","","","PMID:29320478","Interacting protein"
"AT1G60800_AT1G67720","","AT1G60800","AT1G67720","","","","","","","PMID:24051702","Interacting protein"
"AT4G20270_AT1G67720","","AT4G20270","AT1G67720","","","","","","","PMID:21423366","Interacting protein"
"AT5G07280_AT1G67720","","AT5G07280","AT1G67720","","","","","","","PMID:21423366","Interacting protein"
"AT4G29180_AT1G67720","","AT4G29180","AT1G67720","","","","","","","PMID:21423366","Interacting protein"
"AT4G28650_AT1G67720","","AT4G28650","AT1G67720","","","","","","","PMID:21423366","Interacting protein"
"AT1G35710_AT2G24230","","AT1G35710","AT2G24230","","","","","","","PMID:29320478","Interacting protein"
"AT3G17840_AT2G24230","","AT3G17840","AT2G24230","","","","","","","PMID:29320478","Interacting protein"
"AT2G02780_AT2G24230","","AT2G02780","AT2G24230","","","","","","","PMID:29320478","Interacting protein"
"AT1G48480_AT2G24230","","AT1G48480","AT2G24230","","","","","","","PMID:29320478","Interacting protein"
"AT2G23950_AT2G24230","","AT2G23950","AT2G24230","","","","","","","PMID:29320478","Interacting protein"
"AT1G14390_AT2G24230","","AT1G14390","AT2G24230","","","","","","","PMID:29320478","Interacting protein"
"AT5G45780_AT2G24230","","AT5G45780","AT2G24230","","","","","","","PMID:29320478","Interacting protein"
"AT3G24240_AT2G24230","","AT3G24240","AT2G24230","","","","","","","PMID:29320478","Interacting protein"
"AT2G02780_AT3G47570","","AT2G02780","AT3G47570","","","","","","","PMID:29320478","Interacting protein"
"AT4G35950_AT4G20450","","AT4G35950","AT4G20450","","","","","","","PMID:29320478","Interacting protein"
"AT5G63930_AT4G20450","","AT5G63930","AT4G20450","","","","","","","PMID:29320478","Interacting protein"
"AT2G26730_AT4G20450","","AT2G26730","AT4G20450","","","","","","","PMID:29320478","Interacting protein"
"AT3G56370_AT4G20450","","AT3G56370","AT4G20450","","","","","","","PMID:29320478","Interacting protein"
"AT5G65700_AT4G20450","","AT5G65700","AT4G20450","","","","","","","PMID:29320478","Interacting protein"
"AT1G64210_AT4G20450","","AT1G64210","AT4G20450","","","","","","","PMID:29320478","Interacting protein"
"AT3G49670_AT4G20450","","AT3G49670","AT4G20450","","","","","","","PMID:29320478","Interacting protein"
"AT1G56130_AT4G20450","","AT1G56130","AT4G20450","","","","","","","PMID:29320478","Interacting protein"
"AT3G24240_AT4G20450","","AT3G24240","AT4G20450","","","","","","","PMID:29320478","Interacting protein"
"AT1G09970_AT4G20450","","AT1G09970","AT4G20450","","","","","","","PMID:29320478","Interacting protein"
"AT1G17230_AT4G20450","","AT1G17230","AT4G20450","","","","","","","PMID:29320478","Interacting protein"
"AT4G29180_AT4G20450","","AT4G29180","AT4G20450","","","","","","","PMID:29320478","Interacting protein"
"AT1G35710_AT4G20450","","AT1G35710","AT4G20450","","","","","","","PMID:29320478","Interacting protein"
"AT4G00710_AT5G10290","","AT4G00710","AT5G10290","","","","","","","PMID:29320478","Interacting protein"
"AT5G48740_AT5G10290","","AT5G48740","AT5G10290","","","","","","","PMID:29320478","Interacting protein"
"AT1G11130_AT5G10290","","AT1G11130","AT5G10290","","","","","","","PMID:29320478","Interacting protein"
"AT2G41820_AT5G10290","","AT2G41820","AT5G10290","","","","","","","PMID:29320478","Interacting protein"
"AT5G63930_AT5G10290","","AT5G63930","AT5G10290","","","","","","","PMID:29320478","Interacting protein"
"AT2G26730_AT5G10290","","AT2G26730","AT5G10290","","","","","","","PMID:29320478","Interacting protein"
"AT2G26330_AT5G10290","","AT2G26330","AT5G10290","","","","","","","PMID:29320478","Interacting protein"
"AT5G48380_AT5G10290","","AT5G48380","AT5G10290","","","","","","","PMID:29320478","Interacting protein"
"AT2G25790_AT5G10290","","AT2G25790","AT5G10290","","","","","","","PMID:24833385","Interacting protein"
"AT1G09970_AT5G10290","","AT1G09970","AT5G10290","","","","","","","PMID:21423366","Interacting protein"
"AT1G17230_AT5G16900","","AT1G17230","AT5G16900","","","","","","","PMID:21423366","Interacting protein"
"AT1G60800_AT5G16900","","AT1G60800","AT5G16900","","","","","","","PMID:21423366","Interacting protein"
"AT5G16000_AT5G16900","","AT5G16000","AT5G16900","","","","","","","PMID:21423366","Interacting protein"
"AT3G13380_AT5G16900","","AT3G13380","AT5G16900","","","","","","","PMID:21423366","Interacting protein"
"AT3G13065_AT5G16900","","AT3G13065","AT5G16900","","","","","","","PMID:21423366","Interacting protein"
"AT1G64210_AT5G16900","","AT1G64210","AT5G16900","","","","","","","PMID:29320478","Interacting protein"
"AT5G45780_AT5G16900","","AT5G45780","AT5G16900","","","","","","","PMID:29320478","Interacting protein"
"AT5G65700_AT5G16900","","AT5G65700","AT5G16900","","","","","","","PMID:29320478","Interacting protein"
"AT2G23950_AT5G16900","","AT2G23950","AT5G16900","","","","","","","PMID:29320478","Interacting protein"
"AT1G17230_AT5G48740","","AT1G17230","AT5G48740","","","","","","","PMID:29320478","Interacting protein"
"AT1G64210_AT5G48740","","AT1G64210","AT5G48740","","","","","","","PMID:29320478","Interacting protein"
"AT4G29180_AT5G48740","","AT4G29180","AT5G48740","","","","","","","PMID:29320478","Interacting protein"
"AT1G35710_AT5G48740","","AT1G35710","AT5G48740","","","","","","","PMID:29320478","Interacting protein"
"AT3G47110_AT5G65240","","AT3G47110","AT5G65240","","","","","","","PMID:29320478","Interacting protein"
"AT2G14510_AT5G65240","","AT2G14510","AT5G65240","","","","","","","PMID:29320478","Interacting protein"
"AT1G63430_AT5G65240","","AT1G63430","AT5G65240","","","","","","","PMID:29320478","Interacting protein"
"AT4G29180_AT5G65240","","AT4G29180","AT5G65240","","","","","","","PMID:29320478","Interacting protein"
"AT2G19190_AT2G41820","","AT2G19190","AT2G41820","","","","","","","PMID:29320478","Interacting protein"
"AT4G36180_AT2G41820","","AT4G36180","AT2G41820","","","","","","","PMID:29320478","Interacting protein"
"AT1G07550_AT2G41820","","AT1G07550","AT2G41820","","","","","","","PMID:29320478","Interacting protein"
"AT2G24230_AT2G41820","","AT2G24230","AT2G41820","","","","","","","PMID:29320478","Interacting protein"
"AT4G28650_AT2G41820","","AT4G28650","AT2G41820","","","","","","","PMID:29320478","Interacting protein"
"AT2G28990_AT2G41820","","AT2G28990","AT2G41820","","","","","","","PMID:29320478","Interacting protein"
"AT3G17840_AT2G41820","","AT3G17840","AT2G41820","","","","","","","PMID:29320478","Interacting protein"
"AT4G31250_AT2G41820","","AT4G31250","AT2G41820","","","","","","","PMID:29320478","Interacting protein"
"AT1G56140_AT2G41820","","AT1G56140","AT2G41820","","","","","","","PMID:29320478","Interacting protein"
"AT3G13380_AT2G41820","","AT3G13380","AT2G41820","","","","","","","PMID:29320478","Interacting protein"
"AT4G23740_AT2G41820","","AT4G23740","AT2G41820","","","","","","","PMID:29320478","Interacting protein"
"AT3G21340_AT2G41820","","AT3G21340","AT2G41820","","","","","","","PMID:29320478","Interacting protein"
"AT4G03390_AT2G41820","","AT4G03390","AT2G41820","","","","","","","PMID:29320478","Interacting protein"
"AT1G53430_AT2G41820","","AT1G53430","AT2G41820","","","","","","","PMID:29320478","Interacting protein"
"AT3G46330_AT2G41820","","AT3G46330","AT2G41820","","","","","","","PMID:29320478","Interacting protein"
"AT1G51890_AT2G41820","","AT1G51890","AT2G41820","","","","","","","PMID:29320478","Interacting protein"
"AT5G53320_AT2G41820","","AT5G53320","AT2G41820","","","","","","","PMID:32218501","Interacting protein"
"AT5G63710_AT2G41820","","AT5G63710","AT2G41820","","","","","","","PMID:29320478","Interacting protein"
"AT2G26330_AT2G41820","","AT2G26330","AT2G41820","","","","","","","PMID:29320478","Interacting protein"
"AT4G30520_AT2G41820","","AT4G30520","AT2G41820","","","","","","","PMID:21423366","Interacting protein"
"AT2G02780_AT2G41820","","AT2G02780","AT2G41820","","","","","","","PMID:21423366","Interacting protein"
"AT4G22130_AT2G41820","","AT4G22130","AT2G41820","","","","","","","PMID:21423366","Interacting protein"
"AT5G16000_AT2G41820","","AT5G16000","AT2G41820","","","","","","","PMID:21423366","Interacting protein"
"AT1G68400_AT2G41820","","AT1G68400","AT2G41820","","","","","","","PMID:29320478","Interacting protein"
"AT5G45780_AT2G41820","","AT5G45780","AT2G41820","","","","","","","PMID:29320478","Interacting protein"
"AT1G14390_AT2G41820","","AT1G14390","AT2G41820","","","","","","","PMID:29320478","Interacting protein"
"AT4G20140_AT2G41820","","AT4G20140","AT2G41820","","","","","","","PMID:29320478","Interacting protein"
"AT5G21170_AT4G21400","","AT5G21170","AT4G21400","","","","","","","PMID:29320478","Interacting protein"
"AT1G67820_AT3G24660","","AT1G67820","AT3G24660","","","","","","","PMID:29320478","Interacting protein"
"AT3G17820_AT3G24660","","AT3G17820","AT3G24660","","","","","","","PMID:29320478","Interacting protein"
"AT5G45840_AT3G24660","","AT5G45840","AT3G24660","","","","","","","PMID:29320478","Interacting protein"
"AT1G68400_AT3G24660","","AT1G68400","AT3G24660","","","","","","","PMID:29320478","Interacting protein"
"AT5G63710_AT3G24660","","AT5G63710","AT3G24660","","","","","","","PMID:29320478","Interacting protein"
"AT4G20140_AT3G24660","","AT4G20140","AT3G24660","","","","","","","PMID:29320478","Interacting protein"
"AT4G18640_AT3G24660","","AT4G18640","AT3G24660","","","","","","","PMID:29320478","Interacting protein"
"AT5G45780_AT3G24660","","AT5G45780","AT3G24660","","","","","","","PMID:29320478","Interacting protein"
"AT5G16000_AT3G24660","","AT5G16000","AT3G24660","","","","","","","PMID:29320478","Interacting protein"
"AT3G17840_AT3G24660","","AT3G17840","AT3G24660","","","","","","","PMID:29320478","Interacting protein"
"AT1G14390_AT3G24660","","AT1G14390","AT3G24660","","","","","","","PMID:29320478","Interacting protein"
"AT4G23740_AT3G24660","","AT4G23740","AT3G24660","","","","","","","PMID:29320478","Interacting protein"
"AT4G28650_AT3G24660","","AT4G28650","AT3G24660","","","","","","","PMID:21423366","Interacting protein"
"AT4G31250_AT3G24660","","AT4G31250","AT3G24660","","","","","","","PMID:21423366","Interacting protein"
"AT5G24100_AT3G24660","","AT5G24100","AT3G24660","","","","","","","PMID:29320478","Interacting protein"
"AT1G48480_AT3G24660","","AT1G48480","AT3G24660","","","","","","","PMID:29320478","Interacting protein"
"AT4G30520_AT3G24660","","AT4G30520","AT3G24660","","","","","","","PMID:29320478","Interacting protein"
"AT5G59680_AT3G24660","","AT5G59680","AT3G24660","","","","","","","PMID:29320478","Interacting protein"
"AT2G32950_AT4G18130","","AT2G32950","AT4G18130","","","","","","","PMID:29320478","Interacting protein"
"AT1G78920_AT4G16444","","AT1G78920","AT4G16444","","","","","","","PMID:29320478","Interacting protein"
"AT1G68400_AT4G22130","","AT1G68400","AT4G22130","","","","","","","PMID:29320478","Interacting protein"
"AT3G17840_AT4G22130","","AT3G17840","AT4G22130","","","","","","","PMID:29320478","Interacting protein"
"AT5G45780_AT4G22130","","AT5G45780","AT4G22130","","","","","","","PMID:29320478","Interacting protein"
"AT5G63710_AT4G22130","","AT5G63710","AT4G22130","","","","","","","PMID:29320478","Interacting protein"
"AT1G64210_AT3G13065","","AT1G64210","AT3G13065","","","","","","","PMID:29320478","Interacting protein"
"AT5G65700_AT3G13065","","AT5G65700","AT3G13065","","","","","","","PMID:29320478","Interacting protein"
"AT4G31250_AT3G13065","","AT4G31250","AT3G13065","","","","","","","PMID:29320478","Interacting protein"
"AT5G63710_AT3G13065","","AT5G63710","AT3G13065","","","","","","","PMID:29320478","Interacting protein"
"AT3G49670_AT3G13065","","AT3G49670","AT3G13065","","","","","","","PMID:29320478","Interacting protein"
"AT4G23740_AT3G13065","","AT4G23740","AT3G13065","","","","","","","PMID:29320478","Interacting protein"
"AT1G60800_AT1G29720","","AT1G60800","AT1G29720","","","","","","","PMID:29320478","Interacting protein"
"AT4G29180_AT1G29720","","AT4G29180","AT1G29720","","","","","","","PMID:29320478","Interacting protein"
"AT1G09970_AT1G29720","","AT1G09970","AT1G29720","","","","","","","PMID:29320478","Interacting protein"
"AT5G16000_AT5G53320","","AT5G16000","AT5G53320","","","","","","","PMID:29320478","Interacting protein"
"AT1G64210_AT5G53320","","AT1G64210","AT5G53320","","","","","","","PMID:29320478","Interacting protein"
"AT3G14350_AT5G53320","","AT3G14350","AT5G53320","","","","","","","PMID:29320478","Interacting protein"
"AT2G26330_AT5G53320","","AT2G26330","AT5G53320","","","","","","","PMID:29320478","Interacting protein"
"AT1G69270_AT5G53320","","AT1G69270","AT5G53320","","","","","","","PMID:29320478","Interacting protein"
"AT4G30520_AT5G53320","","AT4G30520","AT5G53320","","","","","","","PMID:29320478","Interacting protein"
"AT3G13380_AT5G53320","","AT3G13380","AT5G53320","","","","","","","PMID:29320478","Interacting protein"
"AT1G09970_AT5G53320","","AT1G09970","AT5G53320","","","","","","","PMID:29320478","Interacting protein"
"AT4G22130_AT5G53320","","AT4G22130","AT5G53320","","","","","","","PMID:29320478","Interacting protein"
"AT4G03390_AT5G53320","","AT4G03390","AT5G53320","","","","","","","PMID:29320478","Interacting protein"
"AT5G16000_AT5G24100","","AT5G16000","AT5G24100","","","","","","","PMID:29320478","Interacting protein"
"AT1G11130_AT5G24100","","AT1G11130","AT5G24100","","","","","","","PMID:29320478","Interacting protein"
"AT3G28040_AT5G24100","","AT3G28040","AT5G24100","","","","","","","PMID:29320478","Interacting protein"
"AT1G09970_AT5G59680","","AT1G09970","AT5G59680","","","","","","","PMID:29320478","Interacting protein"
"AT3G14350_AT5G59680","","AT3G14350","AT5G59680","","","","","","","PMID:29320478","Interacting protein"
"AT1G64210_AT5G59680","","AT1G64210","AT5G59680","","","","","","","PMID:29320478","Interacting protein"
"AT3G49670_AT5G59680","","AT3G49670","AT5G59680","","","","","","","PMID:29320478","Interacting protein"
"AT4G03390_AT5G59680","","AT4G03390","AT5G59680","","","","","","","PMID:29320478","Interacting protein"
"AT5G10290_AT5G59680","","AT5G10290","AT5G59680","","","","","","","PMID:29320478","Interacting protein"
"AT5G16000_AT5G59680","","AT5G16000","AT5G59680","","","","","","","PMID:29320478","Interacting protein"
"AT1G48480_AT5G59680","","AT1G48480","AT5G59680","","","","","","","PMID:24833385","Interacting protein"
"AT5G65700_AT5G59680","","AT5G65700","AT5G59680","","","","","","","PMID:24833385","Interacting protein"
"AT4G30520_AT5G59680","","AT4G30520","AT5G59680","","","","","","","PMID:29320478","Interacting protein"
"AT4G26540_AT5G59680","","AT4G26540","AT5G59680","","","","","","","PMID:29320478","Interacting protein"
"AT4G28650_AT5G59680","","AT4G28650","AT5G59680","","","","","","","PMID:29320478","Interacting protein"
"AT1G34470_AT3G53380","","AT1G34470","AT3G53380","","","","","","","PMID:29320478","Interacting protein"
"AT4G29180_AT1G35710","","AT4G29180","AT1G35710","","","","","","","PMID:29320478","Interacting protein"
"AT2G23950_AT1G35710","","AT2G23950","AT1G35710","","","","","","","PMID:29320478","Interacting protein"
"AT5G63710_AT1G35710","","AT5G63710","AT1G35710","","","","","","","PMID:29320478","Interacting protein"
"AT5G45780_AT1G35710","","AT5G45780","AT1G35710","","","","","","","PMID:29320478","Interacting protein"
"AT3G48750_AT1G11410","","AT3G48750","AT1G11410","","","","","","","PMID:29320478","Interacting protein"
"AT4G23740_AT3G28040","","AT4G23740","AT3G28040","","","","","","","PMID:29320478","Interacting protein"
"AT5G48380_AT3G28040","","AT5G48380","AT3G28040","","","","","","","PMID:29320478","Interacting protein"
"AT1G11130_AT3G28040","","AT1G11130","AT3G28040","","","","","","","PMID:29320478","Interacting protein"
"AT5G63930_AT3G28040","","AT5G63930","AT3G28040","","","","","","","PMID:29320478","Interacting protein"
"AT2G26730_AT3G28040","","AT2G26730","AT3G28040","","","","","","","PMID:29320478","Interacting protein"
"AT1G48480_AT3G28040","","AT1G48480","AT3G28040","","","","","","","PMID:29320478","Interacting protein"
"AT4G03390_AT3G28040","","AT4G03390","AT3G28040","","","","","","","PMID:29320478","Interacting protein"
"AT4G20140_AT3G28040","","AT4G20140","AT3G28040","","","","","","","PMID:29320478","Interacting protein"
"AT5G45780_AT3G28040","","AT5G45780","AT3G28040","","","","","","","PMID:29320478","Interacting protein"
"AT5G48740_AT3G28040","","AT5G48740","AT3G28040","","","","","","","PMID:29320478","Interacting protein"
"AT5G16000_AT3G28040","","AT5G16000","AT3G28040","","","","","","","PMID:29320478","Interacting protein"
"AT1G09970_AT3G28040","","AT1G09970","AT3G28040","","","","","","","PMID:29320478","Interacting protein"
"AT1G14390_AT3G28040","","AT1G14390","AT3G28040","","","","","","","PMID:29320478","Interacting protein"
"AT5G59680_AT3G28040","","AT5G59680","AT3G28040","","","","","","","PMID:29320478","Interacting protein"
"AT4G22130_AT3G28040","","AT4G22130","AT3G28040","","","","","","","PMID:29320478","Interacting protein"
"AT4G28650_AT3G28040","","AT4G28650","AT3G28040","","","","","","","PMID:29320478","Interacting protein"
"AT4G23740_AT5G63930","","AT4G23740","AT5G63930","","","","","","","PMID:29320478","Interacting protein"
"AT5G48380_AT5G63930","","AT5G48380","AT5G63930","","","","","","","PMID:12215511","Interacting protein"
"AT1G11130_AT5G63930","","AT1G11130","AT5G63930","","","","","","","PMID:24833385","Interacting protein"
"AT2G41820_AT5G63930","","AT2G41820","AT5G63930","","","","","","","PMID:29320478","Interacting protein"
"AT2G26730_AT5G63930","","AT2G26730","AT5G63930","","","","","","","PMID:24833385","Interacting protein"
"AT3G61750_AT5G63930","","AT3G61750","AT5G63930","","","","","","","PMID:24833385","Interacting protein"
"AT5G16000_AT5G63930","","AT5G16000","AT5G63930","","","","","","","PMID:29320478","Interacting protein"
"AT4G29180_AT5G63930","","AT4G29180","AT5G63930","","","","","","","PMID:29320478","Interacting protein"
"AT1G60800_AT5G63930","","AT1G60800","AT5G63930","","","","","","","PMID:29320478","Interacting protein"
"AT4G30520_AT5G63930","","AT4G30520","AT5G63930","","","","","","","PMID:29320478","Interacting protein"
"AT4G31250_AT5G63930","","AT4G31250","AT5G63930","","","","","","","PMID:29320478","Interacting protein"
"AT4G22130_AT5G63930","","AT4G22130","AT5G63930","","","","","","","PMID:15273290","Interacting protein"
"AT3G49670_AT1G14390","","AT3G49670","AT1G14390","","","","","","","PMID:20605855","Interacting protein"
"AT4G28650_AT1G14390","","AT4G28650","AT1G14390","","","","","","","PMID:29320478","Interacting protein"
"AT1G09970_AT1G14390","","AT1G09970","AT1G14390","","","","","","","PMID:29320478","Interacting protein"
"AT5G65700_AT1G14390","","AT5G65700","AT1G14390","","","","","","","PMID:29320478","Interacting protein"
"AT5G24100_AT1G14390","","AT5G24100","AT1G14390","","","","","","","PMID:29320478","Interacting protein"
"AT4G29180_AT1G14390","","AT4G29180","AT1G14390","","","","","","","PMID:29320478","Interacting protein"
"AT4G26540_AT1G14390","","AT4G26540","AT1G14390","","","","","","","PMID:29320478","Interacting protein"
"AT4G29180_AT3G51740","","AT4G29180","AT3G51740","","","","","","","PMID:29320478","Interacting protein"
"AT1G64210_AT3G51740","","AT1G64210","AT3G51740","","","","","","","PMID:29320478","Interacting protein"
"AT2G02780_AT3G51740","","AT2G02780","AT3G51740","","","","","","","PMID:29320478","Interacting protein"
"AT1G60800_AT2G36570","","AT1G60800","AT2G36570","","","","","","","PMID:29320478","Interacting protein"
"AT5G20570_AT1G72930","","AT5G20570","AT1G72930","","","","","","","PMID:29320478","Interacting protein"
"AT1G72300_AT4G23740","","AT1G72300","AT4G23740","","","","","","","PMID:29320478","Interacting protein"
"AT5G63710_AT4G23740","","AT5G63710","AT4G23740","","","","","","","PMID:29320478","Interacting protein"
"AT5G45780_AT4G23740","","AT5G45780","AT4G23740","","","","","","","PMID:29320478","Interacting protein"
"AT4G30520_AT2G26730","","AT4G30520","AT2G26730","","","","","","","PMID:29320478","Interacting protein"
"AT3G17840_AT2G26730","","AT3G17840","AT2G26730","","","","","","","PMID:29320478","Interacting protein"
"AT1G56140_AT2G26730","","AT1G56140","AT2G26730","","","","","","","PMID:29320478","Interacting protein"
"AT5G10290_AT2G33170","","AT5G10290","AT2G33170","","","","","","","PMID:29320478","Interacting protein"
"AT4G20270_AT2G33170","","AT4G20270","AT2G33170","","","","","","","PMID:29320478","Interacting protein"
"AT2G32950_AT5G35840","","AT2G32950","AT5G35840","","","","","","","PMID:21423366","Interacting protein"
"AT4G22130_AT5G10020","","AT4G22130","AT5G10020","","","","","","","PMID:29320478","Interacting protein"
"AT4G03390_AT5G10020","","AT4G03390","AT5G10020","","","","","","","PMID:29320478","Interacting protein"
"AT1G14390_AT5G10020","","AT1G14390","AT5G10020","","","","","","","PMID:29320478","Interacting protein"
"AT3G14350_AT5G10020","","AT3G14350","AT5G10020","","","","","","","PMID:29320478","Interacting protein"
"AT4G30520_AT5G10020","","AT4G30520","AT5G10020","","","","","","","PMID:29320478","Interacting protein"
"AT5G48740_AT5G10020","","AT5G48740","AT5G10020","","","","","","","PMID:29320478","Interacting protein"
"AT3G25560_AT5G10020","","AT3G25560","AT5G10020","","","","","","","PMID:29320478","Interacting protein"
"AT1G60800_AT5G10020","","AT1G60800","AT5G10020","","","","","","","PMID:29320478","Interacting protein"
"AT4G20140_AT5G10020","","AT4G20140","AT5G10020","","","","","","","PMID:29320478","Interacting protein"
"AT4G20270_AT1G60630","","AT4G20270","AT1G60630","","","","","","","PMID:29320478","Interacting protein"
"AT4G35950_AT3G03770","","AT4G35950","AT3G03770","","","","","","","PMID:29320478","Interacting protein"
"AT3G17840_AT3G03770","","AT3G17840","AT3G03770","","","","","","","PMID:29320478","Interacting protein"
"AT1G69270_AT3G03770","","AT1G69270","AT3G03770","","","","","","","PMID:29320478","Interacting protein"
"AT1G53730_AT3G03770","","AT1G53730","AT3G03770","","","","","","","PMID:29320478","Interacting protein"
"AT1G71830_AT3G03770","","AT1G71830","AT3G03770","","","","","","","PMID:29320478","Interacting protein"
"AT5G16000_AT3G03770","","AT5G16000","AT3G03770","","","","","","","PMID:29320478","Interacting protein"
"AT1G60800_AT3G03770","","AT1G60800","AT3G03770","","","","","","","PMID:29320478","Interacting protein"
"AT4G22130_AT3G03770","","AT4G22130","AT3G03770","","","","","","","PMID:29320478","Interacting protein"
"AT3G14350_AT3G03770","","AT3G14350","AT3G03770","","","","","","","PMID:29320478","Interacting protein"
"AT4G29180_AT3G03770","","AT4G29180","AT3G03770","","","","","","","PMID:29320478","Interacting protein"
"AT1G09970_AT3G03770","","AT1G09970","AT3G03770","","","","","","","PMID:29320478","Interacting protein"
"AT5G65700_AT3G03770","","AT5G65700","AT3G03770","","","","","","","PMID:29320478","Interacting protein"
"AT2G23950_AT3G03770","","AT2G23950","AT3G03770","","","","","","","PMID:24833385","Interacting protein"
"AT2G14510_AT3G03770","","AT2G14510","AT3G03770","","","","","","","PMID:24833385","Interacting protein"
"AT4G30520_AT3G03770","","AT4G30520","AT3G03770","","","","","","","PMID:29320478","Interacting protein"
"AT4G03390_AT3G03770","","AT4G03390","AT3G03770","","","","","","","PMID:29320478","Interacting protein"
"AT1G68400_AT3G03770","","AT1G68400","AT3G03770","","","","","","","PMID:29320478","Interacting protein"
"AT5G45780_AT3G03770","","AT5G45780","AT3G03770","","","","","","","PMID:29320478","Interacting protein"
"AT1G64210_AT3G03770","","AT1G64210","AT3G03770","","","","","","","PMID:29320478","Interacting protein"
"AT4G23740_AT1G66830","","AT4G23740","AT1G66830","","","","","","","PMID:29320478","Interacting protein"
"AT1G69270_AT1G66830","","AT1G69270","AT1G66830","","","","","","","PMID:24833385","Interacting protein"
"AT3G17840_AT1G66830","","AT3G17840","AT1G66830","","","","","","","PMID:24833385","Interacting protein"
"AT1G14390_AT1G66830","","AT1G14390","AT1G66830","","","","","","","PMID:24833385","Interacting protein"
"AT5G24100_AT1G66830","","AT5G24100","AT1G66830","","","","","","","PMID:24833385","Interacting protein"
"AT5G16000_AT1G66830","","AT5G16000","AT1G66830","","","","","","","PMID:24833385","Interacting protein"
"AT4G30520_AT1G66830","","AT4G30520","AT1G66830","","","","","","","PMID:24833385","Interacting protein"
"AT1G51800_AT1G66830","","AT1G51800","AT1G66830","","","","","","","PMID:24833385","Interacting protein"
"AT4G31250_AT1G66830","","AT4G31250","AT1G66830","","","","","","","PMID:22225700","Interacting protein"
"AT2G26330_AT1G66830","","AT2G26330","AT1G66830","","","","","","","PMID:24833385","Interacting protein"
"AT2G02780_AT1G66830","","AT2G02780","AT1G66830","","","","","","","PMID:29320478","Interacting protein"
"AT3G25560_AT1G66830","","AT3G25560","AT1G66830","","","","","","","PMID:29320478","Interacting protein"
"AT1G71830_AT1G66830","","AT1G71830","AT1G66830","","","","","","","PMID:29320478","Interacting protein"
"AT3G13380_AT1G66830","","AT3G13380","AT1G66830","","","","","","","PMID:29320478","Interacting protein"
"AT4G22130_AT1G66830","","AT4G22130","AT1G66830","","","","","","","PMID:29320478","Interacting protein"
"AT4G03390_AT1G66830","","AT4G03390","AT1G66830","","","","","","","PMID:29320478","Interacting protein"
"AT1G55610_AT1G66830","","AT1G55610","AT1G66830","","","","","","","PMID:29320478","Interacting protein"
"AT5G46330_AT1G66830","","AT5G46330","AT1G66830","","","","","","","PMID:29320478","Interacting protein"
"AT3G14350_AT1G66830","","AT3G14350","AT1G66830","","","","","","","PMID:29320478","Interacting protein"
"AT3G14350_AT5G05160","","AT3G14350","AT5G05160","","","","","","","PMID:29320478","Interacting protein"
"AT4G21940_AT4G11460","","AT4G21940","AT4G11460","","","","","","","PMID:24833385","Interacting protein"
"AT4G30520_AT5G58300","","AT4G30520","AT5G58300","","","","","","","PMID:29320478","Interacting protein"
"AT3G14350_AT5G58300","","AT3G14350","AT5G58300","","","","","","","PMID:29320478","Interacting protein"
"AT5G16000_AT5G58300","","AT5G16000","AT5G58300","","","","","","","PMID:29320478","Interacting protein"
"AT1G09970_AT5G58300","","AT1G09970","AT5G58300","","","","","","","PMID:29320478","Interacting protein"
"AT4G22130_AT5G58300","","AT4G22130","AT5G58300","","","","","","","PMID:29320478","Interacting protein"
"AT3G14350_AT3G47110","","AT3G14350","AT3G47110","","","","","","","PMID:29320478","Interacting protein"
"AT5G59680_AT3G47110","","AT5G59680","AT3G47110","","","","","","","PMID:29320478","Interacting protein"
"AT5G58300_AT3G47110","","AT5G58300","AT3G47110","","","","","","","PMID:29320478","Interacting protein"
