"Interaction_name","total_comm","Signal"
"AT3G47470_AT4G02510",21.5640328780603,""
"AT5G54270_AT4G02510",21.4654420572422,""
"AT4G10340_AT4G02510",21.4638363579236,""
"AT5G01530_AT4G02510",20.4709599551775,""
"AT1G29930_AT2G16640",18.8679906279998,""
"AT2G29630_AT4G02510",18.5007946212574,""
"AT3G54890_AT2G16640",17.2101806264959,""
"AT1G54410_AT2G16640",17.1094662135481,""
"AT3G47470_AT2G16640",15.9583454089413,""
"AT4G10340_AT2G16640",15.751113712129,""
"AT1G20340_AT4G02510",15.7117927192653,""
"AT5G66190_AT4G02510",15.3372341749868,""
"AT3G61470_AT2G16640",15.0419141274675,""
"AT1G61520_AT2G16640",14.8103833148318,""
"AT5G01530_AT2G16640",13.9943184931484,""
"AT4G35450_AT4G02510",13.8852994829785,""
"AT1G55490_AT4G02510",13.5277063242517,""
"AT4G27440_AT2G16640",13.368985134999,""
"AT4G18710_AT4G02510",11.9627715727532,""
"AT5G54770_AT2G16640",11.1619784999914,""
"AT3G27690_AT2G16640",10.1522618724921,""
"AT1G20620_AT5G19450",10.0180310644331,"Ca2+"
"AT3G57870_AT4G02510",9.94459026120193,""
"AT4G18710_AT3G45780",9.71376878074455,""
"AT2G05100_AT2G16640",9.04924509621003,""
"AT4G25100_AT2G16640",8.95626729723204,""
"AT3G56240_AT4G02510",8.62078329794867,""
"AT3G16640_AT2G16640",8.53436971789562,""
"AT2G32950_AT5G58140",8.42271392637485,""
"AT3G45780_AT1G72390",8.37852988858891,""
"AT4G18710_AT5G58140",8.24588600376367,""
"AT1G30360_AT5G23060",7.11998134482034,""
"AT1G59870_AT3G51920",7.11383324767721,"Ca2+"
"AT4G30190_AT1G72300",7.07071956820101,""
"AT5G01600_AT2G16640",6.86552571332557,""
"AT3G54890_AT3G21630",6.48933560540364,"chitin"
"AT4G26540_AT4G39400",6.3389422364151,"BR"
"AT4G39400_AT4G26540",6.3389422364151,""
"AT1G02280_AT4G02510",6.10370384892779,""
"AT4G02510_AT1G02280",6.10370384892779,""
"AT1G30270_AT1G12110",6.08169058443453,"NO3-"
"AT4G18710_AT1G53430",5.9084034717576,""
"AT3G14350_AT4G39400",5.85850734094758,"BR"
"AT4G39400_AT3G14350",5.85850734094758,""
"AT4G25570_AT4G02510",5.78606769841793,""
"AT4G02510_AT5G05000",5.72111606660942,""
"AT5G05000_AT4G02510",5.72111606660942,""
"AT1G73660_AT4G08850",5.70782793576045,""
"AT1G09970_AT4G39400",5.67715838872293,"BR"
"AT4G39400_AT1G09970",5.67715838872293,""
"AT1G13440_AT2G01830",5.46490093917133,"CTK"
"AT1G20020_AT3G21630",5.42555875209624,"chitin"
"AT1G09970_AT1G53440",5.36095840070137,""
"AT1G53440_AT1G09970",5.36095840070137,""
"AT5G54270_AT3G21630",5.34941260941458,"chitin"
"AT4G26540_AT5G49760",5.17701234952228,""
"AT5G49760_AT4G26540",5.17701234952228,""
"AT3G63410_AT2G16640",5.05278714181792,""
"AT2G38540_AT3G51800",5.02566956442969,"Ca2+"
"AT4G30960_AT2G26650",5.01131815620071,"K+"
"AT1G59870_AT5G24270",5.00803344145668,"Ca2+"
"AT5G41260_AT4G39400",4.97919472896366,"BR"
"AT1G31812_AT5G49760",4.97907827484552,""
"AT1G02500_AT3G51550",4.96414326384184,""
"AT3G22170_AT1G09570",4.94367449281923,""
"AT3G01500_AT2G28960",4.88812835997444,""
"AT5G57110_AT5G46330",4.85264688647925,"flg22"
"AT3G19820_AT3G51800",4.75826760837352,"Ca2+"
"AT4G18710_AT4G39400",4.75665701342882,"BR"
"AT1G31420_AT1G53440",4.71981827416887,""
"AT1G53440_AT1G31420",4.71981827416887,""
"AT2G18960_AT4G35310",4.69101278095922,"Ca2+"
"AT5G56030_AT3G51920",4.68032964754124,"Ca2+"
"AT1G09570_AT4G08920",4.65938519476869,""
"AT4G08920_AT1G09570",4.65938519476869,""
"AT1G09970_AT5G49760",4.60401093126726,""
"AT5G49760_AT1G09970",4.60401093126726,""
"AT4G14880_AT2G16640",4.5779919899696,""
"AT4G18710_AT1G53440",4.48550020431581,""
"AT5G56030_AT3G51800",4.37356243740971,"Ca2+"
"AT1G53730_AT4G39400",4.35370059052215,"BR"
"AT4G39400_AT1G53730",4.35370059052215,""
"AT4G22200_AT1G12110",4.27188047352444,"NO3-"
"AT4G26090_AT3G45780",4.1525048836076,""
"AT5G01530_AT2G01950",4.07974744444477,""
"AT3G11410_AT4G17870",4.03195436833832,"ABA"
"AT5G08650_AT2G16640",4.02728558798801,""
"AT2G32950_AT1G09570",4.00595902629898,""
"AT4G30960_AT3G51920",3.98855410639417,"Ca2+"
"AT4G18710_AT3G51550",3.95574578407328,""
"AT4G01850_AT3G51550",3.88979253549688,""
"AT1G72770_AT4G17870",3.86229581414683,"ABA"
"AT4G18710_AT5G49760",3.82151446903367,""
"AT4G30190_AT2G01950",3.78836170396522,""
"AT1G17280_AT1G12110",3.78568749834181,"NO3-"
"AT1G31812_AT2G23980",3.76542928902492,"Ca2+"
"AT4G30960_AT3G51800",3.72578895202981,"Ca2+"
"AT2G32950_AT4G08920",3.67930331964023,""
"AT2G17290_AT1G12110",3.62842113699906,"NO3-"
"AT1G31812_AT1G53730",3.59190564370531,""
"AT4G30190_AT5G53890",3.53295485131778,""
"AT1G09970_AT5G46330",3.46731310261057,"flg22"
"AT5G46330_AT1G09970",3.46731310261057,""
"AT4G38460_AT4G02510",3.42324194682879,""
"AT1G53510_AT3G51920",3.37706555600751,"Ca2+"
"AT1G68400_AT4G08850",3.36782102971848,""
"AT4G08850_AT1G68400",3.36782102971848,""
"AT4G26090_AT5G58140",3.35319821112201,""
"AT1G72300_AT4G39400",3.31613631230737,"BR"
"AT4G39400_AT1G72300",3.31613631230737,""
"AT2G32950_AT1G04400",3.31424349943615,""
"AT2G13360_AT2G01950",3.30135680663053,""
"AT2G05070_AT2G01830",3.28845232058594,"CTK"
"AT2G26980_AT5G55990",3.26722048385972,"Ca2+"
"AT1G30270_AT2G26650",3.23975621140132,"K+"
"AT1G53430_AT5G16000",3.2002872306362,""
"AT5G16000_AT1G53430",3.2002872306362,""
"AT5G19150_AT5G58140",3.19606592843706,""
"AT1G60800_AT5G63930",3.19470145198201,""
"AT5G63930_AT1G60800",3.19470145198201,""
"AT2G26650_AT4G23180",3.17113126740802,""
"AT4G23180_AT2G26650",3.17113126740802,"K+"
"AT1G53510_AT3G51800",3.15503443649709,"Ca2+"
"AT4G30960_AT5G10530",3.1187737745413,""
"AT4G30190_AT3G13380",3.06159878737169,""
"AT4G21960_AT2G01950",3.04855382494382,""
"AT4G39400_AT5G10290",3.04053286538808,""
"AT5G10290_AT4G39400",3.04053286538808,"BR"
"AT3G51920_AT5G49760",3.00384744988491,""
"AT5G49760_AT3G51920",3.00384744988491,"Ca2+"
"AT5G41260_AT5G46330",3.00139388233402,"flg22"
"AT1G59870_AT3G56800",2.99297103015433,"Ca2+"
"AT3G44200_AT3G51800",2.98312164508443,"Ca2+"
"AT4G00710_AT1G53430",2.97389397726391,""
"AT4G28860_AT1G04400",2.91195527652866,""
"AT4G28880_AT1G04400",2.9061463851812,""
"AT1G72300_AT4G26540",2.82805807032585,""
"AT4G26540_AT1G72300",2.82805807032585,""
"AT5G49760_AT3G51800",2.80688637519784,"Ca2+"
"AT4G37870_AT3G51920",2.80609759631828,"Ca2+"
"AT2G46370_AT1G09570",2.75361427429005,""
"AT3G48890_AT4G02510",2.72171910688871,""
"AT5G41990_AT1G12110",2.7193292785745,"NO3-"
"AT5G02500_AT2G01950",2.71145786035778,""
"AT1G20090_AT3G51550",2.70483575190984,""
"AT1G31812_AT1G72300",2.70270436914717,""
"AT4G30960_AT5G24270",2.69215657614926,"Ca2+"
"AT4G00710_AT4G08850",2.6361085030419,""
"AT4G37870_AT3G51800",2.62239075982674,"Ca2+"
"AT1G53730_AT5G46330",2.61682708703268,"flg22"
"AT5G46330_AT1G53730",2.61682708703268,""
"AT1G26270_AT5G35750",2.59967643892264,"CTK"
"AT3G49670_AT4G08850",2.57724521015648,""
"AT4G08850_AT3G49670",2.57724521015648,""
"AT1G72300_AT3G14350",2.56687303927476,""
"AT3G14350_AT1G72300",2.56687303927476,""
"AT2G16640_AT3G16620",2.55268168058869,""
"AT3G16620_AT2G16640",2.55268168058869,""
"AT1G68400_AT4G26540",2.5381827542981,""
"AT4G26540_AT1G68400",2.5381827542981,""
"AT1G53440_AT2G01820",2.50611437130022,""
"AT2G01820_AT1G53440",2.50611437130022,""
"AT4G22540_AT4G23650",2.48066092231087,"Ca2+"
"AT1G17280_AT5G49760",2.47364624820957,""
"AT3G48360_AT4G09570",2.47279539679608,"Ca2+"
"AT1G31812_AT5G10290",2.47182608868356,""
"AT4G32650_AT2G26650",2.45719773755537,"K+"
"AT1G31812_AT1G70520",2.45643011826906,""
"AT1G17280_AT3G14350",2.41320227419336,""
"AT1G59870_AT3G43810",2.4020043864869,"Ca2+"
"AT3G19820_AT5G57940",2.39630707329628,"Ca2+"
"AT1G31812_AT2G26730",2.39335253505706,""
"AT1G75820_AT4G26540",2.38656706965984,""
"AT4G26540_AT1G75820",2.38656706965984,""
"AT4G33010_AT5G63860",2.37691170947101,""
"AT4G11110_AT1G04400",2.37219834651562,""
"AT1G68400_AT5G49760",2.35897030436277,""
"AT5G49760_AT1G68400",2.35897030436277,""
"AT4G13020_AT3G51920",2.35187281897094,"Ca2+"
"AT4G00710_AT4G39400",2.33051718339682,"BR"
"AT1G60800_AT1G63430",2.31193368048585,""
"AT1G63430_AT1G60800",2.31193368048585,""
"AT1G68400_AT3G14350",2.30086380897592,""
"AT3G14350_AT1G68400",2.30086380897592,""
"AT5G42080_AT5G35750",2.27495438023903,"CTK"
"AT1G34210_AT5G49760",2.2749215377108,""
"AT5G49760_AT1G34210",2.2749215377108,""
"AT1G09970_AT5G10290",2.2621679520443,""
"AT5G10290_AT1G09970",2.2621679520443,""
"AT1G60800_AT2G01820",2.24586765230042,""
"AT2G01820_AT1G60800",2.24586765230042,""
"AT1G42970_AT3G21630",2.24400515769985,"chitin"
"AT2G31360_AT1G31420",2.23491154543983,""
"AT1G09970_AT3G28040",2.23438555738032,""
"AT3G28040_AT1G09970",2.23438555738032,""
"AT4G18710_AT3G23750",2.21554834301173,""
"AT4G39400_AT5G65700",2.21553110152183,""
"AT5G65700_AT4G39400",2.21553110152183,"BR"
"AT4G13020_AT3G51800",2.19865136087371,"Ca2+"
"AT4G00710_AT1G53440",2.19277775092175,""
"AT1G07560_AT4G26540",2.18571962895729,""
"AT4G26540_AT1G07560",2.18571962895729,""
"AT1G07560_AT1G60800",2.16803406570435,""
"AT1G60800_AT1G07560",2.16803406570435,""
"AT1G72300_AT4G03390",2.16637139897089,""
"AT4G03390_AT1G72300",2.16637139897089,""
"AT4G22200_AT2G26650",2.16279379816109,"K+"
"AT5G54810_AT2G16640",2.15660481033219,""
"AT3G14350_AT2G20850",2.11951032352457,""
"AT3G17510_AT5G24270",2.11892492557938,"Ca2+"
"AT1G63430_AT3G14350",2.11173104320267,""
"AT3G14350_AT1G63430",2.11173104320267,""
"AT2G32950_AT5G63860",2.11064073983453,""
"AT5G56030_AT5G21274",2.1064301253053,"Ca2+"
"AT1G53440_AT5G65700",2.08315249033855,""
"AT5G65700_AT1G53440",2.08315249033855,""
"AT4G39400_AT5G48380",2.07389276079905,""
"AT5G48380_AT4G39400",2.07389276079905,"BR"
"AT4G25570_AT2G16640",2.05823931818229,""
"AT5G57630_AT5G55990",2.05193201629169,"Ca2+"
"AT1G09970_AT1G63430",2.03620115312677,""
"AT1G63430_AT1G09970",2.03620115312677,""
"AT1G27190_AT4G39400",2.03298996179286,"BR"
"AT1G17280_AT1G31420",2.0229116037832,""
"AT3G01090_AT1G05200",2.02208708467642,""
"AT4G18700_AT5G24270",2.02091619795432,"Ca2+"
"AT1G53430_AT2G41820",2.01362538687191,""
"AT2G41820_AT1G53430",2.01362538687191,""
"AT5G56030_AT5G57360",2.01051727480922,""
"AT4G26090_AT4G08850",1.96205609618018,""
"AT3G28040_AT4G03390",1.95559738059482,""
"AT4G03390_AT3G28040",1.95559738059482,""
"AT4G30190_AT4G30360",1.95510744932068,"Ca2+"
"AT1G31420_AT1G70520",1.95257921280789,""
"AT1G70520_AT1G31420",1.95257921280789,""
"AT2G32950_AT5G35840",1.95096927198482,""
"AT1G72300_AT5G46330",1.9374945443405,"flg22"
"AT5G46330_AT1G72300",1.9374945443405,""
"AT2G16640_AT5G05000",1.92889571259206,""
"AT5G05000_AT2G16640",1.92889571259206,""
"AT1G31420_AT1G68400",1.92733000068533,""
"AT1G68400_AT1G31420",1.92733000068533,""
"AT3G14350_AT5G16000",1.91722861033701,""
"AT5G16000_AT3G14350",1.91722861033701,""
"AT3G11410_AT5G53160",1.91125652222214,"ABA"
"AT1G07560_AT1G09970",1.91063203331717,""
"AT1G09970_AT1G07560",1.91063203331717,""
"AT1G48480_AT4G39400",1.90962121335109,"BR"
"AT4G39400_AT1G48480",1.90962121335109,""
"AT2G26980_AT4G17615",1.90015135505651,"Ca2+"
"AT4G26540_AT5G10020",1.89190461049414,""
"AT5G10020_AT4G26540",1.89190461049414,""
"AT4G26540_AT5G65700",1.8784080564352,""
"AT5G65700_AT4G26540",1.8784080564352,""
"AT1G60800_AT5G10020",1.87677096782488,""
"AT5G10020_AT1G60800",1.87677096782488,""
"AT1G60800_AT5G65700",1.8644558701137,""
"AT5G65700_AT1G60800",1.8644558701137,""
"AT3G16640_AT2G01950",1.8630770841,""
"AT1G66150_AT1G68400",1.85976917301419,""
"AT1G68400_AT1G66150",1.85976917301419,""
"AT1G31420_AT1G34210",1.85682925138399,""
"AT1G34210_AT1G31420",1.85682925138399,""
"AT1G53730_AT1G72300",1.85358177167314,""
"AT1G72300_AT1G53730",1.85358177167314,""
"AT1G72770_AT5G53160",1.83946970522092,"ABA"
"AT2G26330_AT4G26540",1.83021639692719,""
"AT4G26540_AT2G26330",1.83021639692719,""
"AT1G17280_AT2G23980",1.82749435713543,"Ca2+"
"AT1G54610_AT3G51920",1.82613297220862,"Ca2+"
"AT4G29040_AT5G35750",1.81063821154441,"CTK"
"AT1G53430_AT5G63710",1.79288870802942,""
"AT5G63710_AT1G53430",1.79288870802942,""
"AT4G03390_AT2G20850",1.78903212686515,""
"AT5G35080_AT4G39400",1.77619659747781,"BR"
"AT4G18710_AT4G04720",1.77174887010515,"Ca2+"
"AT4G26540_AT5G48380",1.75620176404932,""
"AT5G48380_AT4G26540",1.75620176404932,""
"AT1G06840_AT3G14350",1.7489902425574,""
"AT3G14350_AT1G06840",1.7489902425574,""
"AT4G30960_AT5G21274",1.74713543618029,"Ca2+"
"AT2G04700_AT2G16640",1.74342448125773,""
"AT2G32950_AT4G18130",1.74115799375858,""
"AT4G30960_AT5G55990",1.73863244818323,"Ca2+"
"AT3G14350_AT5G10020",1.71501075348836,""
"AT5G10020_AT3G14350",1.71501075348836,""
"AT1G54610_AT3G51800",1.70797323013031,"Ca2+"
"AT5G63770_AT3G51800",1.69442983077281,"Ca2+"
"AT5G50920_AT4G09570",1.69018901446235,"Ca2+"
"AT1G53430_AT4G23740",1.68378211763125,""
"AT4G23740_AT1G53430",1.68378211763125,""
"AT5G19010_AT5G19450",1.67826669407494,"Ca2+"
"AT5G37780_AT5G49760",1.66970745766616,""
"AT3G54890_AT1G08590",1.66785566206253,""
"AT1G51800_AT3G14350",1.66693988674438,""
"AT3G14350_AT1G51800",1.66693988674438,""
"AT3G15354_AT1G04400",1.66507680974698,""
"AT1G31812_AT2G28960",1.66464021008674,""
"AT2G26330_AT3G14350",1.65591075069065,""
"AT3G14350_AT2G26330",1.65591075069065,""
"AT1G54410_AT1G08590",1.64212776938696,""
"AT1G09970_AT5G65700",1.63462850354104,""
"AT5G65700_AT1G09970",1.63462850354104,""
"AT4G03390_AT5G16000",1.61843889203809,""
"AT5G16000_AT4G03390",1.61843889203809,""
"AT4G35450_AT1G02280",1.61409521737057,""
"AT4G35230_AT4G39400",1.61399444123524,"BR"
"AT1G09970_AT2G26330",1.59614526651357,""
"AT2G26330_AT1G09970",1.59614526651357,""
"AT3G14350_AT5G48380",1.58451572101182,""
"AT5G48380_AT3G14350",1.58451572101182,""
"AT2G28840_AT2G01950",1.5667992813372,""
"AT1G27190_AT3G14350",1.55258799647136,""
"AT1G60950_AT3G21630",1.54309999795266,"chitin"
"AT3G11410_AT5G46790",1.53816599214491,"ABA"
"AT5G10020_AT5G23060",1.53446846642017,""
"AT2G26650_AT5G24270",1.52952612370272,"Ca2+"
"AT5G24270_AT2G26650",1.52952612370272,"K+"
"AT2G18960_AT4G30360",1.52715281345971,"Ca2+"
"AT1G09970_AT5G48380",1.52634559944429,""
"AT5G48380_AT1G09970",1.52634559944429,""
"AT3G11410_AT2G38310",1.5164880694043,"ABA"
"AT1G09970_AT2G31880",1.5155319760219,""
"AT2G31880_AT1G09970",1.5155319760219,""
"AT3G55450_AT5G46330",1.51235899262511,"flg22"
"AT1G14700_AT5G49760",1.51155343883548,""
"AT1G48410_AT5G21274",1.49601252538921,"Ca2+"
"AT1G72300_AT3G23750",1.4920002833424,""
"AT3G23750_AT1G72300",1.4920002833424,""
"AT1G72770_AT5G46790",1.48171793256969,"ABA"
"AT5G56030_AT3G43810",1.48072563368547,"Ca2+"
"AT4G11110_AT5G63860",1.47676951497402,""
"AT1G06840_AT4G03390",1.47657168775564,""
"AT4G03390_AT1G06840",1.47657168775564,""
"AT3G23820_AT4G09570",1.47458697148393,"Ca2+"
"AT1G17280_AT5G63930",1.4642401790734,""
"AT1G72770_AT2G38310",1.46164262911419,"ABA"
"AT1G07890_AT3G21630",1.45518016709016,"chitin"
"AT1G53510_AT5G21274",1.45223755371673,"Ca2+"
"AT4G03390_AT5G10020",1.4484374963159,""
"AT5G10020_AT4G03390",1.4484374963159,""
"AT4G18640_AT4G26540",1.44580314760041,""
"AT4G26540_AT4G18640",1.44580314760041,""
"AT5G16000_AT5G46330",1.43892520650516,"flg22"
"AT5G46330_AT5G16000",1.43892520650516,""
"AT1G60800_AT4G18640",1.43579066018764,""
"AT4G18640_AT1G60800",1.43579066018764,""
"AT4G03390_AT5G65700",1.4323150631979,""
"AT5G65700_AT4G03390",1.4323150631979,""
"AT1G12460_AT4G26540",1.42908236689662,""
"AT4G26540_AT1G12460",1.42908236689662,""
"AT3G28040_AT5G63930",1.41939070225831,""
"AT5G63930_AT3G28040",1.41939070225831,""
"AT5G10290_AT5G63930",1.419090763469,""
"AT5G63930_AT5G10290",1.419090763469,""
"AT2G26080_AT5G63860",1.41540135450966,""
"AT4G35450_AT5G05000",1.41391004949588,""
"AT2G26650_AT5G46240",1.41255759826481,"K+"
"AT5G46240_AT2G26650",1.41255759826481,"K+"
"AT1G08110_AT2G16640",1.40135725267393,""
"AT1G68400_AT3G51920",1.38802277649337,"Ca2+"
"AT3G51920_AT1G68400",1.38802277649337,""
"AT1G53730_AT5G16000",1.37806265698663,""
"AT5G16000_AT1G53730",1.37806265698663,""
"AT2G26730_AT5G63930",1.37792909169389,""
"AT5G63930_AT2G26730",1.37792909169389,""
"AT1G12220_AT5G46330",1.37153946463954,"flg22"
"AT2G43850_AT3G51920",1.36876090792929,"Ca2+"
"AT1G01140_AT5G55990",1.36710704736814,"Ca2+"
"AT1G66150_AT5G65700",1.36589261498923,""
"AT5G65700_AT1G66150",1.36589261498923,""
"AT3G47470_AT1G08590",1.36367669871033,""
"AT3G17510_AT5G55990",1.3633739234334,"Ca2+"
"AT4G18710_AT1G06840",1.36161599239311,""
"AT1G31812_AT3G21630",1.36082399528788,"chitin"
"AT5G52240_AT1G53730",1.36057301370756,""
"AT3G51920_AT4G23650",1.34765747634726,"Ca2+"
"AT4G23650_AT3G51920",1.34765747634726,"Ca2+"
"AT4G03390_AT5G48380",1.33789071190236,""
"AT5G48380_AT4G03390",1.33789071190236,""
"AT2G24940_AT1G53730",1.33125728878688,""
"AT1G31420_AT2G28960",1.31547715992896,""
"AT2G28960_AT1G31420",1.31547715992896,""
"AT3G14350_AT4G18640",1.3030525125967,""
"AT4G18640_AT3G14350",1.3030525125967,""
"AT4G18700_AT5G55990",1.29955961678435,"Ca2+"
"AT1G68400_AT3G51800",1.2988178873856,"Ca2+"
"AT1G68520_AT2G18915",1.29594438817898,""
"AT1G53430_AT2G02780",1.28940419177989,""
"AT2G02780_AT1G53430",1.28940419177989,""
"AT3G18520_AT4G23650",1.28832282090994,"Ca2+"
"AT2G26730_AT3G51800",1.28502941627004,"Ca2+"
"AT5G63310_AT1G09570",1.2824711062537,""
"AT5G21274_AT5G49760",1.28160175072832,""
"AT5G49760_AT5G21274",1.28160175072832,"Ca2+"
"AT2G43850_AT3G51800",1.27994721500001,"Ca2+"
"AT5G46330_AT5G65700",1.27023781904044,""
"AT5G65700_AT5G46330",1.27023781904044,"flg22"
"AT1G64210_AT4G08850",1.26826212811998,""
"AT1G17280_AT1G72300",1.2679878978912,""
"AT1G66150_AT3G51740",1.26327520861049,""
"AT3G51740_AT1G66150",1.26327520861049,""
"AT4G23650_AT3G51800",1.26118385008965,"Ca2+"
"AT1G09970_AT4G18640",1.25491188335956,""
"AT4G18640_AT1G09970",1.25491188335956,""
"AT1G31420_AT2G35620",1.25142175585538,""
"AT2G35620_AT1G31420",1.25142175585538,""
"AT4G18710_AT3G46290",1.25024505835369,""
"AT1G31812_AT2G41820",1.24290197580534,""
"AT3G01090_AT2G46450",1.23967189113096,"Ca2+"
"AT4G30960_AT3G43810",1.22464667372904,"Ca2+"
"AT1G31420_AT1G48480",1.22199797048934,""
"AT1G48480_AT1G31420",1.22199797048934,""
"AT3G14420_AT5G56290",1.21941304361526,""
"AT5G57050_AT4G17870",1.21847221071985,"ABA"
"AT1G53730_AT5G65700",1.21707074671977,""
"AT5G65700_AT1G53730",1.21707074671977,""
"AT4G35090_AT2G01950",1.20867231522041,""
"AT1G51800_AT1G53730",1.19561541143561,""
"AT1G53730_AT1G51800",1.19561541143561,""
"AT4G37870_AT5G21274",1.19315005846435,"Ca2+"
"AT1G53730_AT2G26330",1.19059762586561,""
"AT2G26330_AT1G53730",1.19059762586561,""
"AT5G21170_AT4G21400",1.18780929847253,""
"AT5G46330_AT5G48380",1.18439557947039,""
"AT5G48380_AT5G46330",1.18439557947039,"flg22"
"AT1G56140_AT2G26730",1.18339296534662,""
"AT2G26730_AT1G56140",1.18339296534662,""
"AT5G28900_AT2G38310",1.18113140104517,"ABA"
"AT4G26540_AT5G63710",1.17671607647709,""
"AT5G63710_AT4G26540",1.17671607647709,""
"AT1G60800_AT5G63710",1.1681780018177,""
"AT5G63710_AT1G60800",1.1681780018177,""
"AT3G14350_AT5G58300",1.16386651361841,""
"AT5G58300_AT3G14350",1.16386651361841,""
"AT1G27190_AT5G46330",1.16015801401932,"flg22"
"AT1G17280_AT3G28040",1.15786985439082,""
"AT5G16000_AT5G63930",1.15321848229439,""
"AT5G63930_AT5G16000",1.15321848229439,""
"AT1G17280_AT5G10290",1.15228037336159,""
"AT4G20140_AT4G26540",1.14795774691519,""
"AT4G26540_AT4G20140",1.14795774691519,""
"AT1G07560_AT3G23750",1.14759450417221,""
"AT3G23750_AT1G07560",1.14759450417221,""
"AT4G08920_AT5G57360",1.14488907033859,""
"AT5G57360_AT4G08920",1.14488907033859,""
"AT3G19170_AT5G63860",1.14246148464257,""
"AT4G18950_AT3G51920",1.12099468862186,"Ca2+"
"AT1G09970_AT5G58300",1.12078400668272,""
"AT5G58300_AT1G09970",1.12078400668272,""
"AT1G17280_AT2G26730",1.11975487567147,""
"AT5G42650_AT5G35750",1.11791166905905,"CTK"
"AT5G03940_AT2G45770",1.11440601876409,""
"AT1G14700_AT2G23980",1.11022423683377,"Ca2+"
"AT4G23180_AT5G57940",1.10994168293888,"Ca2+"
"AT5G57940_AT4G23180",1.10994168293888,""
"AT3G13380_AT4G26540",1.10664662158024,""
"AT4G26540_AT3G13380",1.10664662158024,""
"AT3G19820_AT1G18880",1.10384082268662,"NO3-"
"AT4G38460_AT2G16640",1.0987719957532,""
"AT1G53440_AT1G74360",1.09761805451185,""
"AT1G74360_AT1G53440",1.09761805451185,""
"AT1G48480_AT5G46330",1.09623768833198,"flg22"
"AT5G46330_AT1G48480",1.09623768833198,""
"AT5G49760_AT5G63710",1.09027898596731,""
"AT5G63710_AT5G49760",1.09027898596731,""
"AT2G26730_AT3G28040",1.08968808972127,""
"AT3G28040_AT2G26730",1.08968808972127,""
"AT1G05700_AT4G26540",1.08465928186193,""
"AT4G26540_AT1G05700",1.08465928186193,""
"AT2G26730_AT5G10290",1.08409084182551,""
"AT5G10290_AT2G26730",1.08409084182551,""
"AT1G60800_AT4G23740",1.07952369146666,""
"AT4G23740_AT1G60800",1.07952369146666,""
"AT1G05700_AT1G60800",1.07729086874236,""
"AT1G60800_AT1G05700",1.07729086874236,""
"AT1G30270_AT5G55990",1.07415275747839,"Ca2+"
"AT3G13380_AT3G51550",1.0740998423032,""
"AT3G51550_AT3G13380",1.0740998423032,""
"AT3G11410_AT5G05440",1.07071262190755,"ABA"
"AT4G20140_AT5G49760",1.06092292769241,""
"AT5G49760_AT4G20140",1.06092292769241,""
"AT1G17280_AT4G36180",1.05997577735129,""
"AT1G34210_AT3G28040",1.05972248985299,""
"AT3G28040_AT1G34210",1.05972248985299,""
"AT2G39360_AT4G23650",1.05271649586355,"Ca2+"
"AT4G18950_AT3G51800",1.04934926711766,"Ca2+"
"AT1G53430_AT4G30520",1.04849063015437,""
"AT4G30520_AT1G53430",1.04849063015437,""
"AT1G51890_AT1G60800",1.03666564672893,""
"AT1G60800_AT1G51890",1.03666564672893,""
"AT3G12200_AT3G51920",1.03523880120819,"Ca2+"
"AT5G54160_AT2G01950",1.0341189408474,""
"AT5G21170_AT2G38310",1.03401482754758,"ABA"
"AT1G72770_AT5G05440",1.03346749178865,"ABA"
"AT1G60800_AT4G20270",1.03340130402411,""
"AT4G20270_AT1G60800",1.03340130402411,""
"AT3G47570_AT5G53890",1.02898750702553,""
"AT5G53890_AT3G47570",1.02898750702553,""
"AT1G75820_AT5G10290",1.02798865597373,""
"AT5G10290_AT1G75820",1.02798865597373,""
"AT1G18890_AT3G51920",1.02717246790762,"Ca2+"
"AT3G51920_AT1G18890",1.02717246790762,"Ca2+"
"AT3G15354_AT5G63860",1.02639131051705,""
"AT4G08920_AT3G63010",1.02235725681951,"GA"
"AT1G53510_AT3G43810",1.01608170251237,"Ca2+"
"AT1G60800_AT2G28990",1.01316388107624,""
"AT2G28990_AT1G60800",1.01316388107624,""
"AT1G68400_AT4G36180",1.00712139458002,""
"AT4G36180_AT1G68400",1.00712139458002,""
"AT4G22200_AT5G46240",1.00618556410726,"K+"
"AT5G10290_AT2G20850",1.0050692997427,""
"AT1G01140_AT4G00340",0.999428941653852,""
"AT3G13380_AT3G14350",0.99686654096198,""
"AT3G14350_AT3G13380",0.99686654096198,""
"AT1G09970_AT4G20140",0.994214357269406,""
"AT4G20140_AT1G09970",0.994214357269406,""
"AT2G41820_AT4G03390",0.993278937029109,""
"AT4G03390_AT2G41820",0.993278937029109,""
"AT1G56140_AT5G16000",0.989106731084897,""
"AT5G16000_AT1G56140",0.989106731084897,""
"AT1G63430_AT1G68400",0.984726636270892,""
"AT1G68400_AT1G63430",0.984726636270892,""
"AT4G13020_AT5G21274",0.984553099729106,"Ca2+"
"AT1G71830_AT4G39400",0.981765495312836,"BR"
"AT4G39400_AT1G71830",0.981765495312836,""
"AT3G11410_AT5G55990",0.980864997966313,"Ca2+"
"AT4G26090_AT5G46330",0.977562290253258,"flg22"
"AT3G14350_AT4G23740",0.977124206784098,""
"AT4G23740_AT3G14350",0.977124206784098,""
"AT1G17230_AT1G60800",0.97642538470663,""
"AT1G60800_AT1G17230",0.97642538470663,""
"AT1G17280_AT1G07560",0.974544115130842,""
"AT4G39400_AT5G20480",0.972985654475874,"elf18"
"AT3G23750_AT5G65700",0.971398395834067,""
"AT5G65700_AT3G23750",0.971398395834067,""
"AT1G31812_AT2G28990",0.9706161319328,""
"AT1G53430_AT2G23950",0.969560829608506,""
"AT2G23950_AT1G53430",0.969560829608506,""
"AT3G12200_AT3G51800",0.969216577351634,"Ca2+"
"AT1G34210_AT4G36180",0.967485099418602,""
"AT4G36180_AT1G34210",0.967485099418602,""
"AT4G30960_AT4G17615",0.964779374694396,"Ca2+"
"AT5G21170_AT5G46240",0.964321818529914,"K+"
"AT1G18890_AT3G51800",0.961634628561834,"Ca2+"
"AT5G48380_AT5G63930",0.946302093952402,""
"AT5G63930_AT5G48380",0.946302093952402,""
"AT1G34210_AT1G63430",0.946059344156919,""
"AT1G63430_AT1G34210",0.946059344156919,""
"AT1G07560_AT5G10290",0.943375011647468,""
"AT5G10290_AT1G07560",0.943375011647468,""
"AT2G28960_AT5G63930",0.942439860577494,""
"AT5G63930_AT2G28960",0.942439860577494,""
"AT1G05700_AT1G09970",0.940818561276315,""
"AT1G09970_AT1G05700",0.940818561276315,""
"AT1G51890_AT3G14350",0.939256122172805,""
"AT3G14350_AT1G51890",0.939256122172805,""
"AT3G07040_AT5G46330",0.925052022286648,"flg22"
"AT1G27190_AT3G51920",0.922516805579499,"Ca2+"
"AT4G35230_AT5G46330",0.920960865397253,"flg22"
"AT3G28040_AT5G16000",0.912669670390001,""
"AT5G16000_AT3G28040",0.912669670390001,""
"AT5G07340_AT1G72300",0.912341352611963,""
"AT1G34210_AT2G01820",0.911948681435009,""
"AT2G01820_AT1G34210",0.911948681435009,""
"AT2G46500_AT3G51850",0.906498110329312,"Ca2+"
"AT1G17280_AT5G12480",0.90489200988054,"Ca2+"
"AT1G53430_AT4G31250",0.903151075498321,""
"AT4G31250_AT1G53430",0.903151075498321,""
"AT4G30190_AT1G01340",0.90071992578152,"Ca2+"
"AT4G03390_AT5G63710",0.897085636553902,""
"AT5G63710_AT4G03390",0.897085636553902,""
"AT3G43810_AT5G49760",0.896023000625248,""
"AT5G49760_AT3G43810",0.896023000625248,"Ca2+"
"AT1G68400_AT5G16000",0.887883874018888,""
"AT5G16000_AT1G68400",0.887883874018888,""
"AT1G31420_AT5G63710",0.88658417766977,""
"AT5G63710_AT1G31420",0.88658417766977,""
"AT3G11410_AT4G01026",0.883761771810424,"ABA"
"AT4G36290_AT5G46330",0.883153165024272,"flg22"
"AT1G31812_AT4G22130",0.882989147723803,""
"AT1G72300_AT5G65700",0.876896429810437,""
"AT5G65700_AT1G72300",0.876896429810437,""
"AT1G17550_AT5G53160",0.874088972645231,"ABA"
"AT2G24940_AT5G10290",0.872488778005895,""
"AT4G01900_AT2G16640",0.865040920039544,""
"AT1G27190_AT3G51800",0.863819249225045,"Ca2+"
"AT1G64210_AT5G49760",0.86356924085965,""
"AT1G12680_AT3G51920",0.861897073050636,"Ca2+"
"AT1G72300_AT2G26330",0.861271749303262,""
"AT2G26330_AT1G72300",0.861271749303262,""
"AT1G31420_AT4G20140",0.859295820802131,""
"AT4G20140_AT1G31420",0.859295820802131,""
"AT1G59870_AT1G76650",0.858710882716925,"Ca2+"
"AT1G66150_AT5G63710",0.854931245179011,""
"AT5G63710_AT1G66150",0.854931245179011,""
"AT3G47570_AT5G63710",0.85324185469134,""
"AT5G63710_AT3G47570",0.85324185469134,""
"AT1G72770_AT4G01026",0.853200836666881,"ABA"
"AT4G00710_AT5G10290",0.85175230304866,""
"AT1G53090_AT1G04400",0.847620288475799,""
"AT1G17280_AT3G49670",0.847398483042931,""
"AT4G18710_AT5G56290",0.847360857863281,""
"AT1G17280_AT5G10020",0.84435389512169,""
"AT3G13380_AT4G03390",0.841952498121084,""
"AT4G03390_AT3G13380",0.841952498121084,""
"AT4G37870_AT3G43810",0.833917384611984,"Ca2+"
"AT2G02780_AT4G26540",0.832334627702103,""
"AT4G26540_AT2G02780",0.832334627702103,""
"AT4G36180_AT5G16000",0.831375252099612,""
"AT5G16000_AT4G36180",0.831375252099612,""
"AT5G07340_AT5G10290",0.827752374032082,""
"AT5G13160_AT5G46330",0.824590311010239,"flg22"
"AT1G52290_AT5G23060",0.823549794351544,""
"AT3G17210_AT1G70520",0.822439833001658,""
"AT4G26540_AT5G20480",0.820283846405237,"elf18"
"AT5G20480_AT4G26540",0.820283846405237,""
"AT5G16000_AT2G20850",0.814604170550666,""
"AT1G31420_AT4G23740",0.812753790666089,""
"AT4G23740_AT1G31420",0.812753790666089,""
"AT1G18150_AT4G23650",0.810675338195478,"Ca2+"
"AT1G72300_AT2G31880",0.81034380011686,""
"AT2G31880_AT1G72300",0.81034380011686,""
"AT1G34470_AT1G31420",0.809165666583296,""
"AT1G64210_AT1G09970",0.808957030162465,""
"AT1G17280_AT2G26330",0.808113229290194,""
"AT1G12680_AT3G51800",0.806878880304338,"Ca2+"
"AT1G68400_AT3G49670",0.804763887111199,""
"AT3G49670_AT1G68400",0.804763887111199,""
"AT4G35600_AT3G51920",0.799272764942108,"Ca2+"
"AT1G27190_AT1G72300",0.798930194988481,""
"AT5G46330_AT5G63710",0.794918108303282,""
"AT5G63710_AT5G46330",0.794918108303282,"flg22"
"AT2G25790_AT3G14350",0.788542398403257,""
"AT3G14350_AT2G25790",0.788542398403257,""
"AT5G47910_AT2G26330",0.785659293976959,""
"AT5G55120_AT2G02710",0.785616451775695,""
"AT2G26330_AT5G10290",0.781747518431421,""
"AT5G10290_AT2G26330",0.781747518431421,""
"AT1G68400_AT5G65700",0.781092704778028,""
"AT5G65700_AT1G68400",0.781092704778028,""
"AT2G40540_AT2G26330",0.780296603860273,""
"AT3G09840_AT1G71830",0.779650663752568,""
"AT5G37740_AT5G53160",0.777875941361597,"ABA"
"AT2G28990_AT4G03390",0.775668065525414,""
"AT4G03390_AT2G28990",0.775668065525414,""
"AT2G02780_AT5G49760",0.769085766289476,""
"AT5G49760_AT2G02780",0.769085766289476,""
"AT1G51800_AT1G68400",0.76701735981003,""
"AT1G68400_AT1G51800",0.76701735981003,""
"AT1G17280_AT5G48380",0.765358231175856,""
"AT1G17280_AT2G28960",0.762444161903282,""
"AT1G17280_AT2G31880",0.760110786010922,""
"AT1G75820_AT3G49670",0.755390195706349,""
"AT3G49670_AT1G75820",0.755390195706349,""
"AT1G54610_AT5G21274",0.755076436353351,"Ca2+"
"AT5G37780_AT1G68400",0.754273818762725,""
"AT1G66150_AT4G20270",0.752165571188686,""
"AT4G20270_AT1G66150",0.752165571188686,""
"AT1G01140_AT4G17615",0.750449017299395,"Ca2+"
"AT1G34210_AT5G65700",0.749838452497211,""
"AT5G65700_AT1G34210",0.749838452497211,""
"AT3G28040_AT5G48380",0.749476289606471,""
"AT5G48380_AT3G28040",0.749476289606471,""
"AT4G35600_AT3G51800",0.748035433764074,"Ca2+"
"AT3G17510_AT4G17615",0.748025331863259,"Ca2+"
"AT5G37780_AT2G26730",0.74701599883679,""
"AT2G02800_AT3G51920",0.745256483249641,"Ca2+"
"AT1G71830_AT3G14350",0.744139424690326,""
"AT3G14350_AT1G71830",0.744139424690326,""
"AT3G13380_AT5G46330",0.743278360192325,"flg22"
"AT5G46330_AT3G13380",0.743278360192325,""
"AT5G56030_AT2G41090",0.743083021914577,"Ca2+"
"AT5G10290_AT5G48380",0.739762826576928,""
"AT5G48380_AT5G10290",0.739762826576928,""
"AT4G38520_AT5G12480",0.738531562287079,"Ca2+"
"AT3G51920_AT5G21274",0.7376876930689,"Ca2+"
"AT5G21274_AT3G51920",0.7376876930689,"Ca2+"
"AT3G14350_AT5G20480",0.737241345217613,"elf18"
"AT5G20480_AT3G14350",0.737241345217613,""
"AT2G28960_AT5G10290",0.73701633774754,""
"AT5G10290_AT2G28960",0.73701633774754,""
"AT1G75820_AT5G65700",0.733130185106257,""
"AT5G65700_AT1G75820",0.733130185106257,""
"AT5G37780_AT4G23650",0.731316069905765,"Ca2+"
"AT3G23000_AT3G21630",0.729130911306589,"chitin"
"AT1G66410_AT3G17700",0.726302248055717,"Ca2+"
"AT3G17700_AT1G66410",0.726302248055717,"Ca2+"
"AT1G09840_AT3G51800",0.725806442160378,"Ca2+"
"AT1G75840_AT2G28250",0.724935748659981,""
"AT1G17280_AT2G35620",0.723985020154479,""
"AT4G26540_AT5G59680",0.723777077403909,""
"AT5G59680_AT4G26540",0.723777077403909,""
"AT4G35000_AT4G23650",0.718350784400289,"Ca2+"
"AT2G26730_AT2G28960",0.717160366620721,""
"AT2G28960_AT2G26730",0.717160366620721,""
"AT3G23000_AT5G55990",0.715593587149626,"Ca2+"
"AT1G53730_AT3G13380",0.712782712421227,""
"AT3G13380_AT1G53730",0.712782712421227,""
"AT5G44090_AT5G12480",0.71035607077289,"Ca2+"
"AT2G01820_AT3G49670",0.709747026851161,""
"AT3G49670_AT2G01820",0.709747026851161,""
"AT1G09970_AT5G20480",0.709557129192997,"elf18"
"AT5G20480_AT1G09970",0.709557129192997,""
"AT1G63430_AT5G65240",0.703717654946861,""
"AT5G65240_AT1G63430",0.703717654946861,""
"AT2G18960_AT1G01340",0.6991469827725,"Ca2+"
"AT3G13380_AT3G57530",0.698962358484649,"Ca2+"
"AT3G57530_AT3G13380",0.698962358484649,""
"AT2G41820_AT5G63930",0.698245674653832,""
"AT5G63930_AT2G41820",0.698245674653832,""
"AT2G02800_AT3G51800",0.698000051368383,"Ca2+"
"AT1G34210_AT5G48380",0.697299548981673,""
"AT5G48380_AT1G34210",0.697299548981673,""
"AT1G06840_AT1G07560",0.695260896462769,""
"AT1G07560_AT1G06840",0.695260896462769,""
"AT1G48480_AT3G28040",0.69468981452793,""
"AT3G28040_AT1G48480",0.69468981452793,""
"AT1G34210_AT2G31880",0.692540893664627,""
"AT2G31880_AT1G34210",0.692540893664627,""
"AT1G60800_AT3G03770",0.689030242702656,""
"AT2G01820_AT5G65700",0.688580958986067,""
"AT5G65700_AT2G01820",0.688580958986067,""
"AT1G68400_AT2G35620",0.687216056943608,""
"AT2G35620_AT1G68400",0.687216056943608,""
"AT4G13020_AT3G43810",0.687083706336596,"Ca2+"
"AT1G17280_AT1G69870",0.685974657338121,"NO3-"
"AT5G59010_AT4G39400",0.682639423322911,"BR"
"AT1G60800_AT5G61480",0.677703757111315,""
"AT5G61480_AT1G60800",0.677703757111315,""
"AT1G64210_AT1G66150",0.673403196641136,""
"AT1G07560_AT5G65700",0.673130917953641,""
"AT5G65700_AT1G07560",0.673130917953641,""
"AT1G14700_AT5G10530",0.668002807301073,""
"AT5G48380_AT2G20850",0.666182828819169,""
"AT3G49670_AT5G16000",0.663508596867264,""
"AT5G16000_AT3G49670",0.663508596867264,""
"AT3G51630_AT2G01830",0.652541954798083,"CTK"
"AT1G27190_AT2G20850",0.652218009346468,""
"AT3G14350_AT5G59680",0.64959121894585,""
"AT5G59680_AT3G14350",0.64959121894585,""
"AT3G11410_AT2G40330",0.645664178530312,"ABA"
"AT5G16000_AT5G65700",0.643685902169865,""
"AT5G65700_AT5G16000",0.643685902169865,""
"AT1G17280_AT5G57940",0.639261594582092,"Ca2+"
"AT2G01820_AT2G28960",0.637857203489192,""
"AT2G28960_AT2G01820",0.637857203489192,""
"AT5G35410_AT3G51920",0.634543696745534,"Ca2+"
"AT1G51800_AT5G16000",0.632029077976642,""
"AT5G16000_AT1G51800",0.632029077976642,""
"AT1G17230_AT1G53730",0.629865428493743,""
"AT1G53730_AT1G17230",0.629865428493743,""
"AT5G05660_AT5G57360",0.629242278130276,""
"AT4G36800_AT3G62980",0.627943995949334,"IAA"
"AT4G00710_AT1G06840",0.627158070192253,""
"AT1G09970_AT5G59680",0.625003577106826,""
"AT5G59680_AT1G09970",0.625003577106826,""
"AT1G64210_AT5G46330",0.624671177067846,"flg22"
"AT5G52240_AT2G26330",0.623980551369127,""
"AT1G72770_AT2G40330",0.623767498905529,"ABA"
"AT4G03390_AT5G20480",0.622951612531509,"elf18"
"AT5G20480_AT4G03390",0.622951612531509,""
"AT2G38280_AT2G01830",0.622783503375922,"CTK"
"AT1G31812_AT1G18880",0.622393573897991,"NO3-"
"AT3G14350_AT3G03770",0.622367671504387,""
"AT5G37740_AT5G46790",0.621079935112476,"ABA"
"AT2G23950_AT4G26540",0.621028588917171,""
"AT4G26540_AT2G23950",0.621028588917171,""
"AT1G17280_AT5G58150",0.619370372877341,""
"AT1G60800_AT2G23950",0.617310002902434,""
"AT2G23950_AT1G60800",0.617310002902434,""
"AT3G14350_AT5G61480",0.61222873132408,""
"AT5G61480_AT3G14350",0.61222873132408,""
"AT5G37740_AT2G38310",0.609299635366054,"ABA"
"AT4G30960_AT2G41090",0.6081483156296,"Ca2+"
"AT4G36250_AT3G51920",0.607800836399014,"Ca2+"
"AT3G23750_AT5G63710",0.607622614788292,""
"AT5G63710_AT3G23750",0.607622614788292,""
"AT3G14350_AT4G30520",0.605217481269186,""
"AT4G30520_AT3G14350",0.605217481269186,""
"AT4G31500_AT3G05120",0.602701486793825,"GA"
"AT2G02780_AT3G47570",0.602243168990903,""
"AT3G47570_AT2G02780",0.602243168990903,""
"AT1G18150_AT3G51740",0.599223572338303,""
"AT1G09970_AT3G03770",0.598862086693051,""
"AT1G56140_AT2G41820",0.597655516939868,""
"AT2G41820_AT1G56140",0.597655516939868,""
"AT4G00710_AT1G51800",0.596143957199781,""
"AT1G53730_AT4G22130",0.594573762679186,""
"AT4G22130_AT1G53730",0.594573762679186,""
"AT5G35410_AT3G51800",0.594412080475902,"Ca2+"
"AT4G26540_AT5G45780",0.593104402021434,""
"AT5G45780_AT4G26540",0.593104402021434,""
"AT1G60800_AT5G45780",0.589781768379916,""
"AT5G45780_AT1G60800",0.589781768379916,""
"AT1G30270_AT4G17615",0.583141590263406,"Ca2+"
"AT1G07560_AT1G48480",0.581501321346132,""
"AT1G48480_AT1G07560",0.581501321346132,""
"AT4G23740_AT5G63930",0.578433943328501,""
"AT5G63930_AT4G23740",0.578433943328501,""
"AT1G06840_AT2G26330",0.575087211935636,""
"AT2G26330_AT1G06840",0.575087211935636,""
"AT2G24940_AT2G28960",0.575045319074807,""
"AT3G61160_AT3G51920",0.574863635371015,"Ca2+"
"AT2G26330_AT3G49670",0.573730122915628,""
"AT3G49670_AT2G26330",0.573730122915628,""
"AT1G60800_AT4G31250",0.573654156631745,""
"AT4G31250_AT1G60800",0.573654156631745,""
"AT1G68400_AT5G21274",0.568003788502853,"Ca2+"
"AT5G21274_AT1G68400",0.568003788502853,""
"AT1G68400_AT2G01950",0.566394073153497,""
"AT2G01950_AT1G68400",0.566394073153497,""
"AT1G07550_AT4G26540",0.565086320329234,""
"AT4G26540_AT1G07550",0.565086320329234,""
"AT1G17280_AT2G41820",0.563752183501688,""
"AT1G07550_AT1G60800",0.561442706179287,""
"AT1G60800_AT1G07550",0.561442706179287,""
"AT1G55490_AT1G29260",0.558113253420576,""
"AT2G23950_AT3G14350",0.557640373600259,""
"AT3G14350_AT2G23950",0.557640373600259,""
"AT2G26330_AT5G65700",0.556614045824702,""
"AT5G65700_AT2G26330",0.556614045824702,""
"AT5G37780_AT1G18890",0.555225336602129,"Ca2+"
"AT3G23750_AT4G23740",0.552579908194146,""
"AT4G23740_AT3G23750",0.552579908194146,""
"AT3G56370_AT5G46330",0.550644666732791,"flg22"
"AT5G46330_AT3G56370",0.550644666732791,""
"AT1G70490_AT2G41820",0.550642170532329,""
"AT4G23650_AT5G21274",0.550071863642677,"Ca2+"
"AT5G21274_AT4G23650",0.550071863642677,"Ca2+"
"AT4G03390_AT5G59680",0.549085529914606,""
"AT5G59680_AT4G03390",0.549085529914606,""
"AT2G33170_AT5G10290",0.547868699327659,""
"AT5G10290_AT2G33170",0.547868699327659,""
"AT5G20480_AT5G46330",0.547761150373971,"flg22"
"AT5G46330_AT5G20480",0.547761150373971,"elf18"
"AT5G23860_AT1G04310",0.547593220751157,"ET"
"AT5G07340_AT5G48380",0.54725037113214,""
"AT5G45780_AT5G49760",0.546780467594755,""
"AT5G49760_AT5G45780",0.546780467594755,""
"AT2G37130_AT2G01950",0.546136176457692,""
"AT2G41820_AT5G10290",0.544564096778112,""
"AT5G10290_AT2G41820",0.544564096778112,""
"AT1G34210_AT2G01950",0.543457810874274,""
"AT2G01950_AT1G34210",0.543457810874274,""
"AT1G14700_AT5G12480",0.54273572144477,"Ca2+"
"AT1G14390_AT1G53430",0.540650368614735,""
"AT1G53430_AT1G14390",0.540650368614735,""
"AT2G45910_AT5G45780",0.538854338171258,""
"AT5G57050_AT5G53160",0.538841215138834,"ABA"
"AT3G61160_AT3G51800",0.538225192984646,"Ca2+"
"AT3G53130_AT5G10290",0.537162400894595,""
"AT3G11200_AT5G57940",0.537059700475757,"Ca2+"
"AT1G68400_AT2G41820",0.534918187333692,""
"AT2G41820_AT1G68400",0.534918187333692,""
"AT1G17280_AT2G20300",0.532345517364788,""
"AT3G14350_AT5G45780",0.531812548298821,""
"AT5G45780_AT3G14350",0.531812548298821,""
"AT3G11410_AT4G17615",0.530446329888208,"Ca2+"
"AT2G26650_AT4G17615",0.53013076634852,"Ca2+"
"AT4G17615_AT2G26650",0.53013076634852,"K+"
"AT1G01120_AT2G01950",0.53010957192888,""
"AT1G54610_AT3G43810",0.5263306532787,"Ca2+"
"AT4G03390_AT3G03770",0.526011301513947,""
"AT1G14700_AT5G53130",0.525696900661634,"Ca2+"
"AT1G53730_AT5G20480",0.5256929701503,"elf18"
"AT5G20480_AT1G53730",0.5256929701503,""
"AT5G07070_AT5G24270",0.524168358246352,"Ca2+"
"AT3G54050_AT4G09570",0.523455827342291,"Ca2+"
"AT1G07560_AT5G53890",0.522495322904889,""
"AT5G53890_AT1G07560",0.522495322904889,""
"AT2G31880_AT5G65700",0.521845043923423,""
"AT5G65700_AT2G31880",0.521845043923423,""
"AT1G66150_AT5G59680",0.519612267803643,""
"AT5G59680_AT1G66150",0.519612267803643,""
"AT1G75820_AT3G59420",0.519337473904071,""
"AT3G59420_AT1G75820",0.519337473904071,""
"AT2G26330_AT5G48380",0.517450984860702,""
"AT5G48380_AT2G26330",0.517450984860702,""
"AT4G03390_AT5G61480",0.517431161097454,""
"AT5G61480_AT4G03390",0.517431161097454,""
"AT3G17000_AT5G49760",0.515530146111856,""
"AT4G17170_AT2G01950",0.515046530628119,""
"AT1G17280_AT5G63710",0.514453649742493,""
"AT1G34210_AT2G41820",0.513142370668664,""
"AT2G41820_AT1G34210",0.513142370668664,""
"AT4G03390_AT4G30520",0.511464311335253,""
"AT4G30520_AT4G03390",0.511464311335253,""
"AT1G53090_AT5G63860",0.511200537208609,""
"AT1G72300_AT3G13380",0.510478350751541,""
"AT3G13380_AT1G72300",0.510478350751541,""
"AT1G60800_AT2G36570",0.510204644942215,""
"AT2G36570_AT1G60800",0.510204644942215,""
"AT1G56140_AT3G13380",0.507446881996589,""
"AT3G13380_AT1G56140",0.507446881996589,""
"AT1G27190_AT2G26330",0.506573436726003,""
"AT1G27190_AT1G51800",0.504943475533614,""
"AT1G31420_AT4G30520",0.5030170641823,""
"AT4G30520_AT1G31420",0.5030170641823,""
"AT1G53510_AT2G41090",0.501319722157488,"Ca2+"
"AT5G27600_AT5G56290",0.50101251062008,""
"AT3G60190_AT3G13380",0.500584813040377,""
"AT2G41820_AT4G36180",0.500356156081394,""
"AT4G36180_AT2G41820",0.500356156081394,""
"AT4G39540_AT3G51920",0.499509823587664,"Ca2+"
"AT1G72300_AT4G23740",0.497582275183777,""
"AT4G23740_AT1G72300",0.497582275183777,""
"AT5G58380_AT5G55990",0.497130692021079,"Ca2+"
"AT1G17280_AT4G20140",0.493763137222431,""
"AT4G22130_AT5G63930",0.49224066471755,""
"AT5G63930_AT4G22130",0.49224066471755,""
"AT2G41820_AT2G20850",0.490248594865983,""
"AT1G04690_AT4G23650",0.487568576324966,"Ca2+"
"AT2G28960_AT5G48380",0.486440335498984,""
"AT5G48380_AT2G28960",0.486440335498984,""
"AT3G28040_AT4G20140",0.485143947466911,""
"AT4G20140_AT3G28040",0.485143947466911,""
"AT1G67720_AT4G26540",0.483202171025236,""
"AT4G26540_AT1G67720",0.483202171025236,""
"AT2G28960_AT2G31880",0.48315269684217,""
"AT2G31880_AT2G28960",0.48315269684217,""
"AT1G60800_AT1G67720",0.480468198177225,""
"AT1G67720_AT1G60800",0.480468198177225,""
"AT1G17550_AT5G05440",0.480432155505024,"ABA"
"AT3G16620_AT5G05000",0.479321199640218,""
"AT5G05000_AT3G16620",0.479321199640218,""
"AT3G17000_AT1G05200",0.478421394426983,""
"AT2G30360_AT5G55990",0.477895335810945,"Ca2+"
"AT3G51920_AT5G01890",0.476334447528105,""
"AT5G01890_AT3G51920",0.476334447528105,"Ca2+"
"AT5G24930_AT2G18915",0.475340321609241,""
"AT3G46830_AT5G10290",0.474921884617568,""
"AT1G47240_AT1G34210",0.472902563224522,""
"AT4G18710_AT5G61480",0.471518872211918,""
"AT2G23950_AT4G03390",0.471305029053575,""
"AT4G03390_AT2G23950",0.471305029053575,""
"AT1G17280_AT1G05700",0.469205070881645,""
"AT3G45640_AT4G23650",0.468471426414158,"Ca2+"
"AT3G16800_AT4G30360",0.468421049833664,"Ca2+"
"AT4G39540_AT3G51800",0.467939673160008,"Ca2+"
"AT1G17280_AT4G23740",0.466587306090387,""
"AT4G34100_AT2G01950",0.464870641596184,""
"AT5G01820_AT5G55990",0.461392259388295,"Ca2+"
"AT3G13320_AT3G51800",0.459972778551491,"Ca2+"
"AT2G28960_AT2G35620",0.459926048451627,""
"AT2G35620_AT2G28960",0.459926048451627,""
"AT3G28040_AT4G23740",0.458628052622585,""
"AT4G23740_AT3G28040",0.458628052622585,""
"AT1G14700_AT5G48380",0.458044215687091,""
"AT4G36180_AT5G63710",0.457178862395165,""
"AT5G63710_AT4G36180",0.457178862395165,""
"AT3G01910_AT5G56290",0.45684053057166,""
"AT1G14700_AT2G28960",0.456448237406497,""
"AT1G17280_AT5G66160",0.455766756941375,""
"AT4G18950_AT5G21274",0.455241738452875,"Ca2+"
"AT4G30520_AT5G46330",0.449510944260497,"flg22"
"AT5G46330_AT4G30520",0.449510944260497,""
"AT1G69270_AT4G26540",0.449433799802501,""
"AT4G26540_AT1G69270",0.449433799802501,""
"AT2G27030_AT5G54590",0.44882779110452,""
"AT5G54590_AT2G27030",0.44882779110452,"Ca2+"
"AT5G10520_AT3G51920",0.448663374655557,"Ca2+"
"AT1G20950_AT3G51920",0.448493826276642,"Ca2+"
"AT5G01890_AT3G51800",0.446297535085092,"Ca2+"
"AT1G66150_AT2G23950",0.446275574050614,""
"AT2G23950_AT1G66150",0.446275574050614,""
"AT1G35720_AT3G21630",0.443585004710247,"chitin"
"AT3G49670_AT4G18640",0.443483595514847,""
"AT4G18640_AT3G49670",0.443483595514847,""
"AT1G53730_AT3G03770",0.443250412354486,""
"AT2G41090_AT5G49760",0.440937422575485,""
"AT5G49760_AT2G41090",0.440937422575485,"Ca2+"
"AT1G17280_AT2G28990",0.440154856917132,""
"AT2G41820_AT5G16000",0.440026824489558,""
"AT5G16000_AT2G41820",0.440026824489558,""
"AT3G13380_AT4G23650",0.440010564555116,"Ca2+"
"AT4G23650_AT3G13380",0.440010564555116,""
"AT2G17390_AT5G05000",0.438604039253347,""
"AT4G20140_AT4G36180",0.43809077415333,""
"AT4G36180_AT4G20140",0.43809077415333,""
"AT1G12440_AT2G01950",0.43793918930865,""
"AT5G16000_AT5G58300",0.436885880740025,""
"AT5G58300_AT5G16000",0.436885880740025,""
"AT5G53890_AT5G65240",0.435352718819753,""
"AT5G65240_AT5G53890",0.435352718819753,""
"AT5G41990_AT3G21630",0.435254972279212,"chitin"
"AT5G38990_AT2G28250",0.43075686364013,""
"AT1G31420_AT4G31250",0.429947978088803,""
"AT4G31250_AT1G31420",0.429947978088803,""
"AT4G18640_AT5G65700",0.42991640666803,""
"AT5G65700_AT4G18640",0.42991640666803,""
"AT3G14350_AT3G47110",0.429314173543975,""
"AT3G47110_AT3G14350",0.429314173543975,""
"AT5G57050_AT5G46790",0.429191524607919,"ABA"
"AT3G20110_AT3G51920",0.426764597237857,"Ca2+"
"AT1G68400_AT4G20270",0.426699602900089,""
"AT4G20270_AT1G68400",0.426699602900089,""
"AT3G17840_AT4G26540",0.425582890519551,""
"AT4G26540_AT3G17840",0.425582890519551,""
"AT1G64210_AT1G56140",0.425052268605492,""
"AT2G24940_AT2G41820",0.42427342717829,""
"AT1G51890_AT2G26730",0.422939602069519,""
"AT2G26730_AT1G51890",0.422939602069519,""
"AT1G07560_AT5G63710",0.420959777418732,""
"AT5G63710_AT1G07560",0.420959777418732,""
"AT5G57050_AT2G38310",0.420413907617715,"ABA"
"AT5G10520_AT3G51800",0.420322062541215,"Ca2+"
"AT3G12200_AT5G21274",0.419259444367941,"Ca2+"
"AT1G12460_AT1G51800",0.41786279261346,""
"AT1G51800_AT1G12460",0.41786279261346,""
"AT1G09970_AT1G67720",0.416889311168267,""
"AT1G67720_AT1G09970",0.416889311168267,""
"AT1G72300_AT3G13065",0.416437899795871,""
"AT3G13065_AT1G72300",0.416437899795871,""
"AT3G17000_AT1G31420",0.416336010746912,""
"AT4G35600_AT2G31880",0.415480723764479,""
"AT2G26730_AT2G28990",0.413960197056088,""
"AT2G28990_AT2G26730",0.413960197056088,""
"AT4G23740_AT4G36180",0.413917676109547,""
"AT4G36180_AT4G23740",0.413917676109547,""
"AT2G01820_AT4G20140",0.412134766093286,""
"AT4G20140_AT2G01820",0.412134766093286,""
"AT4G39950_AT3G43810",0.411623990362891,"Ca2+"
"AT1G08830_AT3G21630",0.410284478371832,"chitin"
"AT5G35410_AT5G24270",0.410241654160228,"Ca2+"
"AT2G28960_AT5G53890",0.410093287399239,""
"AT5G53890_AT2G28960",0.410093287399239,""
"AT4G37870_AT2G41090",0.409926079157547,"Ca2+"
"AT5G42080_AT1G29260",0.405927963653805,""
"AT3G19960_AT1G12310",0.405566152568915,"Ca2+"
"AT1G69270_AT3G14350",0.402834377782882,""
"AT3G14350_AT1G69270",0.402834377782882,""
"AT1G68400_AT1G74360",0.402497478701734,""
"AT1G74360_AT1G68400",0.402497478701734,""
"AT3G17210_AT2G41820",0.402397050066551,""
"AT3G14350_AT5G05160",0.402301305544919,""
"AT5G05160_AT3G14350",0.402301305544919,""
"AT5G25900_AT3G05120",0.40171023314002,"GA"
"AT3G26830_AT1G12110",0.400671872250582,"NO3-"
"AT3G20110_AT3G51800",0.399283450250041,"Ca2+"
"AT4G20270_AT4G36180",0.399154853920045,""
"AT4G36180_AT4G20270",0.399154853920045,""
"AT2G41820_AT3G49670",0.398341616327789,""
"AT3G49670_AT2G41820",0.398341616327789,""
"AT1G09840_AT2G31880",0.398326831134717,""
"AT1G78920_AT4G16444",0.398300857370091,""
"AT1G17550_AT4G01026",0.39620930462848,"ABA"
"AT1G79630_AT1G51800",0.395894759121106,""
"AT1G68400_AT3G43810",0.395548770301053,"Ca2+"
"AT3G43810_AT1G68400",0.395548770301053,""
"AT3G24240_AT4G26540",0.395031918455625,""
"AT4G26540_AT3G24240",0.395031918455625,""
"AT1G60800_AT3G24240",0.392867610519943,""
"AT3G24240_AT1G60800",0.392867610519943,""
"AT3G17840_AT5G49760",0.392227174761202,""
"AT5G49760_AT3G17840",0.392227174761202,""
"AT2G26730_AT3G43810",0.392116482949961,"Ca2+"
"AT3G43810_AT2G26730",0.392116482949961,""
"AT2G48010_AT3G51920",0.391931038192793,"Ca2+"
"AT3G51920_AT2G48010",0.391931038192793,""
"AT3G28040_AT4G22130",0.390463057036485,""
"AT4G22130_AT3G28040",0.390463057036485,""
"AT1G04690_AT5G46240",0.389482801213458,"K+"
"AT2G01820_AT4G23740",0.389356394425571,""
"AT4G23740_AT2G01820",0.389356394425571,""
"AT1G07430_AT4G17870",0.386959641530855,"ABA"
"AT5G45750_AT1G70520",0.385418265606876,""
"AT4G20140_AT5G16000",0.385166566411401,""
"AT5G16000_AT4G20140",0.385166566411401,""
"AT3G23000_AT4G17615",0.383393306644852,"Ca2+"
"AT3G43810_AT4G23650",0.382968660123806,"Ca2+"
"AT4G23650_AT3G43810",0.382968660123806,"Ca2+"
"AT1G14700_AT5G57940",0.382831549015557,"Ca2+"
"AT2G28990_AT2G20850",0.382757283747477,""
"AT1G48480_AT5G53890",0.381895724693267,""
"AT5G53890_AT1G48480",0.381895724693267,""
"AT2G26330_AT2G41820",0.380564881915643,""
"AT2G41820_AT2G26330",0.380564881915643,""
"AT2G18170_AT5G19450",0.380095341123959,"Ca2+"
"AT1G56140_AT2G02780",0.379262654361729,""
"AT2G02780_AT1G56140",0.379262654361729,""
"AT2G01950_AT2G28960",0.378751558361753,""
"AT2G28960_AT2G01950",0.378751558361753,""
"AT1G71830_AT1G72300",0.378271166742011,""
"AT1G72300_AT1G71830",0.378271166742011,""
"AT1G56140_AT1G71830",0.376265361105425,""
"AT1G71830_AT1G56140",0.376265361105425,""
"AT1G68400_AT4G22130",0.376151202007496,""
"AT4G22130_AT1G68400",0.376151202007496,""
"AT3G61750_AT5G63930",0.374975104519017,""
"AT3G17000_AT2G23980",0.374621921627091,"Ca2+"
"AT1G55610_AT3G14350",0.372790103255548,""
"AT3G14350_AT1G55610",0.372790103255548,""
"AT1G27190_AT5G21274",0.37259217579398,"Ca2+"
"AT1G14700_AT1G12460",0.37110989797281,""
"AT2G26800_AT5G56290",0.37066730268656,""
"AT1G21270_AT1G04310",0.368473674522827,"ET"
"AT1G07560_AT4G20270",0.367811360739388,""
"AT4G20270_AT1G07560",0.367811360739388,""
"AT2G01820_AT2G28990",0.367578084315347,""
"AT2G28990_AT2G01820",0.367578084315347,""
"AT2G48010_AT3G51800",0.366981069037326,"Ca2+"
"AT1G09970_AT3G17840",0.366903802345885,""
"AT3G17840_AT1G09970",0.366903802345885,""
"AT1G06840_AT5G63710",0.365327749777576,""
"AT5G63710_AT1G06840",0.365327749777576,""
"AT3G49670_AT5G63710",0.364519886943201,""
"AT5G63710_AT3G49670",0.364519886943201,""
"AT2G25790_AT5G10290",0.364072813906511,""
"AT5G10290_AT2G25790",0.364072813906511,""
"AT1G63500_AT3G13380",0.359111187231596,""
"AT2G41820_AT5G48380",0.358446056621791,""
"AT5G48380_AT2G41820",0.358446056621791,""
"AT5G21170_AT4G17615",0.358242536498543,"Ca2+"
"AT1G68400_AT2G25790",0.357645063231341,""
"AT2G25790_AT1G68400",0.357645063231341,""
"AT4G30520_AT5G63930",0.357399271962317,""
"AT5G63930_AT4G30520",0.357399271962317,""
"AT3G17000_AT1G53730",0.356930784479637,""
"AT1G14000_AT2G01950",0.355012209582817,""
"AT1G48480_AT2G01950",0.353751364983363,""
"AT2G01950_AT1G48480",0.353751364983363,""
"AT5G63710_AT5G65700",0.353501595288478,""
"AT5G65700_AT5G63710",0.353501595288478,""
"AT4G00710_AT3G13380",0.352907128977207,""
"AT4G20270_AT5G16000",0.351062848300314,""
"AT5G16000_AT4G20270",0.351062848300314,""
"AT4G20140_AT5G10020",0.350196197294398,""
"AT5G10020_AT4G20140",0.350196197294398,""
"AT4G23290_AT3G51800",0.349595191961544,"Ca2+"
"AT1G12680_AT5G21274",0.349456678264017,"Ca2+"
"AT1G06840_AT4G20140",0.349308505894856,""
"AT4G20140_AT1G06840",0.349308505894856,""
"AT3G01970_AT3G51920",0.348792280976645,"Ca2+"
"AT3G49670_AT4G20140",0.348632100005459,""
"AT4G20140_AT3G49670",0.348632100005459,""
"AT1G64210_AT1G63430",0.347792338126847,""
"AT1G17280_AT5G64560",0.347450644385515,"Mg2+"
"AT5G48380_AT5G49660",0.345252164629831,""
"AT5G49660_AT5G48380",0.345252164629831,""
"AT3G17840_AT5G23060",0.34362323977846,""
"AT1G34210_AT2G25790",0.343025374038303,""
"AT2G25790_AT1G34210",0.343025374038303,""
"AT1G14390_AT4G26540",0.342659784434995,""
"AT4G26540_AT1G14390",0.342659784434995,""
"AT5G65710_AT4G39400",0.342356285304496,"BR"
"AT1G68400_AT2G02780",0.33923789931902,""
"AT2G02780_AT1G68400",0.33923789931902,""
"AT1G06840_AT3G13380",0.339128195305881,""
"AT3G13380_AT1G06840",0.339128195305881,""
"AT4G13770_AT5G62680",0.338078467840022,"NO3-"
"AT4G20140_AT5G65700",0.337845465803854,""
"AT5G65700_AT4G20140",0.337845465803854,""
"AT1G14700_AT2G41820",0.33670922940146,""
"AT4G13020_AT2G41090",0.335959049386627,"Ca2+"
"AT1G68400_AT3G56370",0.335454851156962,""
"AT3G56370_AT1G68400",0.335454851156962,""
"AT1G63430_AT5G01890",0.334994914509774,""
"AT5G01890_AT1G63430",0.334994914509774,""
"AT1G60800_AT3G56100",0.333542809056569,""
"AT3G56100_AT1G60800",0.333542809056569,""
"AT1G20630_AT5G56290",0.332149409512589,""
"AT1G05700_AT3G49670",0.33168863417518,""
"AT3G49670_AT1G05700",0.33168863417518,""
"AT2G24940_AT2G28990",0.331239896529336,""
"AT4G35950_AT1G34210",0.331099289195186,""
"AT1G06840_AT4G23740",0.32996797995173,""
"AT4G23740_AT1G06840",0.32996797995173,""
"AT1G64210_AT1G07560",0.3276687145458,""
"AT4G35600_AT5G21274",0.327076898830971,"Ca2+"
"AT3G01970_AT3G51800",0.326749854729101,"Ca2+"
"AT2G31880_AT5G63710",0.326231603875693,""
"AT5G63710_AT2G31880",0.326231603875693,""
"AT3G26170_AT5G49760",0.322842399988222,""
"AT1G34210_AT1G71830",0.322614980485173,""
"AT1G71830_AT1G34210",0.322614980485173,""
"AT1G60800_AT5G53320",0.322428467357825,""
"AT5G53320_AT1G60800",0.322428467357825,""
"AT4G18710_AT1G12310",0.322184319686496,"Ca2+"
"AT5G63570_AT2G01950",0.322101629601285,""
"AT4G01370_AT4G23650",0.321807447876102,"Ca2+"
"AT1G05700_AT5G65700",0.321505957514673,""
"AT5G65700_AT1G05700",0.321505957514673,""
"AT1G48480_AT5G49660",0.32034617677638,""
"AT5G49660_AT1G48480",0.32034617677638,""
"AT1G17280_AT2G33580",0.319541081557496,"chitin"
"AT1G07560_AT3G13065",0.319341000998683,""
"AT3G13065_AT1G07560",0.319341000998683,""
"AT4G23740_AT5G65700",0.31912609048877,""
"AT5G65700_AT4G23740",0.31912609048877,""
"AT4G18950_AT3G43810",0.316798883949931,"Ca2+"
"AT1G31420_AT3G17840",0.316360003705115,""
"AT3G17840_AT1G31420",0.316360003705115,""
"AT5G16070_AT2G01830",0.316011073968538,"CTK"
"AT1G14390_AT5G49760",0.315705696350261,""
"AT5G49760_AT1G14390",0.315705696350261,""
"AT1G07560_AT5G01890",0.315641878692176,""
"AT5G01890_AT1G07560",0.315641878692176,""
"AT1G55610_AT4G03390",0.315230895051758,""
"AT4G03390_AT1G55610",0.315230895051758,""
"AT5G26360_AT1G29260",0.313308008450018,""
"AT1G51800_AT4G23740",0.313276486358372,""
"AT4G23740_AT1G51800",0.313276486358372,""
"AT3G46830_AT2G28960",0.311219772439133,""
"AT2G35620_AT5G63710",0.310565400968508,""
"AT5G63710_AT2G35620",0.310565400968508,""
"AT1G63430_AT2G02780",0.31045057487506,""
"AT2G02780_AT1G63430",0.31045057487506,""
"AT4G22130_AT5G16000",0.3090073115471,""
"AT5G16000_AT4G22130",0.3090073115471,""
"AT3G56800_AT5G54590",0.308413854393012,""
"AT5G54590_AT3G56800",0.308413854393012,"Ca2+"
"AT1G53430_AT5G24100",0.306338237723021,""
"AT5G24100_AT1G53430",0.306338237723021,""
"AT5G20890_AT1G29260",0.306252585106289,""
"AT1G31420_AT1G56130",0.305749529076899,""
"AT1G56130_AT1G31420",0.305749529076899,""
"AT5G20480_AT2G20850",0.305171754449709,""
"AT4G31250_AT5G63930",0.304782345653609,""
"AT5G63930_AT4G31250",0.304782345653609,""
"AT1G66150_AT3G17840",0.304713873522734,""
"AT3G17840_AT1G66150",0.304713873522734,""
"AT3G13380_AT5G48380",0.304612098211611,""
"AT5G48380_AT3G13380",0.304612098211611,""
"AT3G28040_AT5G59680",0.303414775085271,""
"AT5G59680_AT3G28040",0.303414775085271,""
"AT1G51890_AT5G65240",0.302681492450653,""
"AT5G65240_AT1G51890",0.302681492450653,""
"AT1G51800_AT4G20270",0.302422171630276,""
"AT4G20270_AT1G51800",0.302422171630276,""
"AT5G01890_AT5G16000",0.300813388685763,""
"AT5G16000_AT5G01890",0.300813388685763,""
"AT1G51820_AT4G26540",0.30073809959292,""
"AT4G26540_AT1G51820",0.30073809959292,""
"AT2G30020_AT5G46240",0.300091853758849,"K+"
"AT1G51820_AT1G60800",0.299134965597328,""
"AT1G60800_AT1G51820",0.299134965597328,""
"AT3G23750_AT5G45780",0.298177677332741,""
"AT5G45780_AT3G23750",0.298177677332741,""
"AT1G27190_AT3G13380",0.298143224276347,""
"AT1G69270_AT5G46330",0.298059910516916,"flg22"
"AT5G46330_AT1G69270",0.298059910516916,""
"AT4G08500_AT5G54590",0.297292168943468,""
"AT5G10290_AT5G59680",0.297173586604171,""
"AT5G59680_AT5G10290",0.297173586604171,""
"AT1G17280_AT4G30560",0.296458144106571,"Ca2+"
"AT1G09970_AT1G14390",0.29526429151862,""
"AT1G14390_AT1G09970",0.29526429151862,""
"AT2G31880_AT4G23740",0.294219117091881,""
"AT4G23740_AT2G31880",0.294219117091881,""
"AT2G25790_AT5G16000",0.294073417277088,""
"AT5G16000_AT2G25790",0.294073417277088,""
"AT1G08650_AT2G31880",0.29360044387981,""
"AT5G57050_AT5G05440",0.292724547294521,"ABA"
"AT5G57660_AT2G18915",0.292216315101035,""
"AT3G12200_AT3G43810",0.291685010454228,"Ca2+"
"AT2G25090_AT2G26650",0.291605603090475,"K+"
"AT1G21690_AT5G45110",0.290911814009639,"SA"
"AT1G60800_AT5G16900",0.290720557944473,""
"AT5G16900_AT1G60800",0.290720557944473,""
"AT3G14350_AT5G53320",0.290413517710352,""
"AT5G53320_AT3G14350",0.290413517710352,""
"AT1G31812_AT1G08590",0.290165497483808,""
"AT2G47060_AT2G28990",0.289556535390692,""
"AT1G17550_AT2G40330",0.28830639706779,"ABA"
"AT1G07550_AT3G23750",0.287882193382707,""
"AT3G23750_AT1G07550",0.287882193382707,""
"AT3G17700_AT5G21274",0.286587158556609,"Ca2+"
"AT5G21274_AT3G17700",0.286587158556609,"Ca2+"
"AT4G19380_AT5G57940",0.285145603910899,"Ca2+"
"AT5G10290_AT3G03770",0.285134110413234,""
"AT5G20570_AT5G57360",0.283849129538531,""
"AT1G17280_AT4G30360",0.282824356370333,"Ca2+"
"AT1G64210_AT3G49670",0.282702986381448,""
"AT4G22130_AT5G10020",0.281307337859402,""
"AT5G10020_AT4G22130",0.281307337859402,""
"AT1G68400_AT3G03770",0.280142648588962,""
"AT1G06840_AT4G22130",0.280127326943538,""
"AT4G22130_AT1G06840",0.280127326943538,""
"AT1G09970_AT5G53320",0.279309864303475,""
"AT5G53320_AT1G09970",0.279309864303475,""
"AT1G17280_AT1G18880",0.279167235723048,"NO3-"
"AT1G64210_AT3G51740",0.278803529339986,""
"AT2G28990_AT2G31880",0.277960187665006,""
"AT2G31880_AT2G28990",0.277960187665006,""
"AT2G43850_AT4G30360",0.277603117328001,"Ca2+"
"AT1G71830_AT5G16000",0.276497054819076,""
"AT5G16000_AT1G71830",0.276497054819076,""
"AT3G56370_AT5G16000",0.27579495308465,""
"AT5G16000_AT3G56370",0.27579495308465,""
"AT1G55610_AT5G46330",0.275789264671075,"flg22"
"AT5G46330_AT1G55610",0.275789264671075,""
"AT3G13065_AT3G49670",0.275574095340404,""
"AT3G49670_AT3G13065",0.275574095340404,""
"AT4G32010_AT1G29260",0.275301545973875,""
"AT3G07740_AT2G40330",0.274712550271925,"ABA"
"AT1G64210_AT1G29750",0.274086049411812,""
"AT4G36180_AT5G59680",0.272929098745551,""
"AT5G59680_AT4G36180",0.272929098745551,""
"AT1G17280_AT1G34110",0.27279995440608,""
"AT2G26730_AT4G30520",0.27091286991675,""
"AT4G30520_AT2G26730",0.27091286991675,""
"AT2G35620_AT4G20270",0.270390135355592,""
"AT4G20270_AT2G35620",0.270390135355592,""
"AT1G64210_AT2G26330",0.270179662820271,""
"AT4G18640_AT5G63710",0.268747883662656,""
"AT5G63710_AT4G18640",0.268747883662656,""
"AT1G74360_AT2G28960",0.268652150410825,""
"AT2G28960_AT1G74360",0.268652150410825,""
"AT3G48890_AT5G10290",0.267654014763335,""
"AT3G13065_AT5G65700",0.267020177411297,""
"AT5G65700_AT3G13065",0.267020177411297,""
"AT1G17230_AT2G28960",0.266195960699563,""
"AT2G28960_AT1G17230",0.266195960699563,""
"AT5G58380_AT4G17615",0.264414164187765,"Ca2+"
"AT2G18170_AT4G23650",0.261491388197207,"Ca2+"
"AT5G35410_AT5G55990",0.261044524337322,"Ca2+"
"AT1G27190_AT3G43810",0.259153348435417,"Ca2+"
"AT1G09970_AT1G51820",0.259099441934705,""
"AT1G51820_AT1G09970",0.259099441934705,""
"AT3G10190_AT3G21630",0.258781794935219,"chitin"
"AT3G21630_AT3G10190",0.258781794935219,"Ca2+"
"AT1G34110_AT1G68400",0.258687668858065,""
"AT1G68400_AT1G34110",0.258687668858065,""
"AT5G65710_AT3G14350",0.257651193626873,""
"AT1G48260_AT5G24270",0.257048502176913,"Ca2+"
"AT1G54610_AT2G41090",0.256332106638538,"Ca2+"
"AT2G01950_AT5G63710",0.255777785938294,""
"AT5G63710_AT2G01950",0.255777785938294,""
"AT5G37780_AT5G01890",0.255615721573122,""
"AT3G25560_AT5G10020",0.255581957666604,""
"AT5G10020_AT3G25560",0.255581957666604,""
"AT5G37740_AT2G40330",0.255120838075537,"ABA"
"AT1G67720_AT5G63930",0.254604159638332,""
"AT5G63930_AT1G67720",0.254604159638332,""
"AT5G35410_AT5G21274",0.254587124926817,"Ca2+"
"AT1G14390_AT1G31420",0.254523978625809,""
"AT1G31420_AT1G14390",0.254523978625809,""
"AT1G12460_AT4G20140",0.253876312438315,""
"AT4G20140_AT1G12460",0.253876312438315,""
"AT3G17000_AT1G72300",0.253396977137885,""
"AT5G01810_AT4G17615",0.252361691722255,"Ca2+"
"AT4G23740_AT5G53890",0.251614857082884,""
"AT5G53890_AT4G23740",0.251614857082884,""
"AT4G22130_AT5G48380",0.251337220278565,""
"AT5G48380_AT4G22130",0.251337220278565,""
"AT1G17280_AT5G45780",0.251269692111868,""
"AT1G11130_AT5G63930",0.251240744150286,""
"AT5G63930_AT1G11130",0.251240744150286,""
"AT3G11830_AT1G29260",0.25081308079389,""
"AT4G30520_AT2G20850",0.250304032356818,""
"AT2G02780_AT3G51740",0.248283589723987,""
"AT3G51740_AT2G02780",0.248283589723987,""
"AT1G30120_AT3G63010",0.248267340419057,"GA"
"AT3G20050_AT1G29260",0.248041959770361,""
"AT1G34470_AT3G53380",0.247923723385263,""
"AT3G28040_AT5G45780",0.247859693560964,""
"AT5G45780_AT3G28040",0.247859693560964,""
"AT5G65710_AT1G09970",0.247801453884665,""
"AT1G27190_AT4G22130",0.245965284546982,""
"AT4G03390_AT5G53320",0.245602188197812,""
"AT5G53320_AT4G03390",0.245602188197812,""
"AT1G17280_AT4G31250",0.24542083071741,""
"AT4G36250_AT5G21274",0.245241663184719,"Ca2+"
"AT1G29750_AT2G02780",0.244700030073519,""
"AT2G02780_AT1G29750",0.244700030073519,""
"AT2G02780_AT5G65700",0.244613894138006,""
"AT5G65700_AT2G02780",0.244613894138006,""
"AT2G01950_AT4G20140",0.243981676184896,""
"AT4G20140_AT2G01950",0.243981676184896,""
"AT1G17280_AT1G07550",0.243160428593082,""
"AT1G12680_AT3G43810",0.243147679594956,"Ca2+"
"AT2G31880_AT5G01890",0.243095036816357,""
"AT5G01890_AT2G31880",0.243095036816357,""
"AT1G17280_AT1G61420",0.243069137353745,""
"AT1G66150_AT3G56100",0.241378966584365,""
"AT3G56100_AT1G66150",0.241378966584365,""
"AT2G41820_AT5G63710",0.241329039429179,""
"AT5G63710_AT2G41820",0.241329039429179,""
"AT1G20930_AT3G51920",0.241112992712822,"Ca2+"
"AT1G04310_AT1G69870",0.240784732981266,"NO3-"
"AT1G64210_AT2G35620",0.240273213295798,""
"AT5G20480_AT5G65700",0.240021682224327,""
"AT5G65700_AT5G20480",0.240021682224327,"elf18"
"AT5G16000_AT5G59680",0.239761260726519,""
"AT5G59680_AT5G16000",0.239761260726519,""
"AT1G71830_AT2G26330",0.239152075162927,""
"AT2G26330_AT1G71830",0.239152075162927,""
"AT1G07550_AT3G28040",0.238894318145022,""
"AT3G28040_AT1G07550",0.238894318145022,""
"AT2G25790_AT2G28960",0.238693715738524,""
"AT2G28960_AT2G25790",0.238693715738524,""
"AT1G22920_AT1G66980",0.238259019542975,""
"AT5G20480_AT2G26330",0.236772602794812,""
"AT4G35230_AT3G13380",0.236650451159468,""
"AT5G55630_AT4G23650",0.236555235320106,"Ca2+"
"AT1G24280_AT2G40330",0.236514127944853,"ABA"
"AT3G17000_AT3G28040",0.23413451800635,""
"AT3G61160_AT5G21274",0.23308302495239,"Ca2+"
"AT3G60245_AT1G08590",0.231729618812416,""
"AT1G12460_AT4G20270",0.231593948700955,""
"AT4G20270_AT1G12460",0.231593948700955,""
"AT2G01950_AT4G23740",0.230423221337854,""
"AT4G23740_AT2G01950",0.230423221337854,""
"AT2G38170_AT4G01010",0.230407067598976,"Ca2+"
"AT4G35950_AT2G28960",0.230253290107795,""
"AT5G16000_AT3G03770",0.230088078010804,""
"AT2G41820_AT4G20140",0.230001846782475,""
"AT4G20140_AT2G41820",0.230001846782475,""
"AT3G17000_AT5G10290",0.229248365890778,""
"AT3G17000_AT1G70520",0.227936120264507,""
"AT4G35600_AT3G43810",0.227780655688134,"Ca2+"
"AT3G17210_AT2G33580",0.227471457060357,"chitin"
"AT5G10930_AT5G24270",0.227263901324373,"Ca2+"
"AT1G08590_AT1G31420",0.226958388556707,""
"AT1G31420_AT1G08590",0.226958388556707,""
"AT1G12460_AT2G28990",0.226569213983392,""
"AT2G28990_AT1G12460",0.226569213983392,""
"AT5G16000_AT5G61480",0.226462095694044,""
"AT5G61480_AT5G16000",0.226462095694044,""
"AT5G20570_AT1G72930",0.226072789531749,""
"AT1G20930_AT3G51800",0.225895568113547,"Ca2+"
"AT1G71830_AT5G48380",0.225004652387515,""
"AT5G48380_AT1G71830",0.225004652387515,""
"AT1G27190_AT3G25560",0.223931069396098,""
"AT2G28960_AT3G56370",0.223831803801047,""
"AT3G56370_AT2G28960",0.223831803801047,""
"AT1G14700_AT2G19130",0.223609978464162,""
"AT2G41820_AT3G13380",0.223541168772183,""
"AT3G13380_AT2G41820",0.223541168772183,""
"AT3G17000_AT2G26730",0.22338599581063,""
"AT2G24790_AT2G18915",0.22326493971177,""
"AT4G36180_AT5G45780",0.22261987754671,""
"AT5G45780_AT4G36180",0.22261987754671,""
"AT3G46060_AT1G29260",0.222533002862094,""
"AT2G01820_AT2G23950",0.22070957822132,""
"AT2G23950_AT2G01820",0.22070957822132,""
"AT1G02280_AT4G09570",0.220646110018131,"Ca2+"
"AT4G09570_AT1G02280",0.220646110018131,""
"AT4G39890_AT5G10290",0.220416058889876,""
"AT1G27190_AT1G71830",0.220203840443126,""
"AT1G69270_AT3G51800",0.220174674133941,"Ca2+"
"AT2G14510_AT4G39400",0.219824082700025,"BR"
"AT4G39400_AT2G14510",0.219824082700025,""
"AT4G39890_AT1G70520",0.21915929393419,""
"AT2G34590_AT3G63010",0.218539350686044,"GA"
"AT5G65710_AT4G03390",0.217895280447538,""
"AT2G28190_AT3G21630",0.217525730980438,"chitin"
"AT2G41820_AT4G23740",0.21720332731727,""
"AT4G23740_AT2G41820",0.21720332731727,""
"AT3G49670_AT5G59680",0.216930130143303,""
"AT5G59680_AT3G49670",0.216930130143303,""
"AT1G56140_AT3G47110",0.215388309494103,""
"AT3G47110_AT1G56140",0.215388309494103,""
"AT3G17840_AT3G23750",0.213631931248787,""
"AT3G23750_AT3G17840",0.213631931248787,""
"AT1G34110_AT5G16000",0.212462590121278,""
"AT5G16000_AT1G34110",0.212462590121278,""
"AT4G22756_AT1G07560",0.212385507684866,""
"AT2G33170_AT4G20270",0.211725253551909,""
"AT4G20270_AT2G33170",0.211725253551909,""
"AT5G37780_AT2G48010",0.211667199983154,""
"AT4G18710_AT1G11330",0.210720249550081,""
"AT5G59680_AT5G65700",0.210120213996885,""
"AT5G65700_AT5G59680",0.210120213996885,""
"AT5G58270_AT4G30360",0.209854481026719,"Ca2+"
"AT1G51890_AT2G41820",0.209635738374121,""
"AT2G41820_AT1G51890",0.209635738374121,""
"AT2G01820_AT5G45780",0.20923533379387,""
"AT5G45780_AT2G01820",0.20923533379387,""
"AT1G64210_AT4G18640",0.207772150581571,""
"AT3G43810_AT5G21274",0.206263127758891,"Ca2+"
"AT5G21274_AT3G43810",0.206263127758891,"Ca2+"
"AT2G23950_AT5G16000",0.206242947573823,""
"AT5G16000_AT2G23950",0.206242947573823,""
"AT1G29720_AT1G60800",0.205557848834028,""
"AT1G60800_AT1G29720",0.205557848834028,""
"AT2G28990_AT2G41820",0.205308372689898,""
"AT2G41820_AT2G28990",0.205308372689898,""
"AT2G01820_AT4G31250",0.204489331317338,""
"AT4G31250_AT2G01820",0.204489331317338,""
"AT4G30520_AT5G10020",0.204323233444701,""
"AT5G10020_AT4G30520",0.204323233444701,""
"AT3G49670_AT4G30520",0.203174374415695,""
"AT4G30520_AT3G49670",0.203174374415695,""
"AT3G51740_AT5G61480",0.203169922173889,""
"AT5G61480_AT3G51740",0.203169922173889,""
"AT4G20270_AT5G49660",0.20301281483597,""
"AT5G49660_AT4G20270",0.20301281483597,""
"AT3G20290_AT4G09570",0.202700249094097,"Ca2+"
"AT5G65700_AT3G03770",0.201669950146835,""
"AT1G35720_AT4G30360",0.201615809025587,"Ca2+"
"AT4G39540_AT5G21274",0.200258233906986,"Ca2+"
"AT5G37780_AT4G23290",0.200173744256267,""
"AT4G18640_AT5G01890",0.200002389263377,""
"AT5G01890_AT4G18640",0.200002389263377,""
"AT4G23740_AT5G63710",0.19946941952847,""
"AT5G63710_AT4G23740",0.19946941952847,""
"AT1G11130_AT3G28040",0.199415766046804,""
"AT3G28040_AT1G11130",0.199415766046804,""
"AT3G17700_AT3G43810",0.19931092046312,"Ca2+"
"AT3G43810_AT3G17700",0.19931092046312,"Ca2+"
"AT3G03960_AT1G29260",0.198720069996487,""
"AT3G22890_AT1G08590",0.198476416634776,""
"AT1G64210_AT2G01950",0.197732900352489,""
"AT1G67720_AT5G10290",0.197707810959648,""
"AT5G10290_AT1G67720",0.197707810959648,""
"AT4G30520_AT5G65700",0.19684173759965,""
"AT5G65700_AT4G30520",0.19684173759965,""
"AT2G26330_AT5G61480",0.195884548054664,""
"AT5G61480_AT2G26330",0.195884548054664,""
"AT3G13380_AT4G20140",0.195520945155015,""
"AT4G20140_AT3G13380",0.195520945155015,""
"AT5G16000_AT5G45780",0.195504370946912,""
"AT5G45780_AT5G16000",0.195504370946912,""
"AT1G11130_AT5G10290",0.19506710062348,""
"AT5G10290_AT1G11130",0.19506710062348,""
"AT3G17000_AT1G07560",0.194225396736137,""
"AT2G26330_AT4G30520",0.194191449270751,""
"AT4G30520_AT2G26330",0.194191449270751,""
"AT4G38460_AT5G05000",0.193674004414835,""
"AT1G51890_AT5G63710",0.192422535522402,""
"AT5G63710_AT1G51890",0.192422535522402,""
"AT1G68400_AT2G41090",0.192002336433622,"Ca2+"
"AT2G41090_AT1G68400",0.192002336433622,""
"AT5G01890_AT5G21274",0.190532582829886,"Ca2+"
"AT5G21274_AT5G01890",0.190532582829886,""
"AT5G65710_AT5G46330",0.19050858420918,"flg22"
"AT1G11130_AT2G26730",0.190108411394567,""
"AT2G26730_AT1G11130",0.190108411394567,""
"AT4G20140_AT4G23740",0.189923880389175,""
"AT4G23740_AT4G20140",0.189923880389175,""
"AT4G22200_AT4G18290",0.188656493586527,"K+"
"AT1G53440_AT3G46330",0.187740132265387,""
"AT3G46330_AT1G53440",0.187740132265387,""
"AT1G55610_AT1G72300",0.187581152966201,""
"AT1G72300_AT1G55610",0.187581152966201,""
"AT2G23950_AT3G49670",0.186618553315848,""
"AT3G49670_AT2G23950",0.186618553315848,""
"AT3G51850_AT4G18290",0.186452840635475,"K+"
"AT4G18290_AT3G51850",0.186452840635475,"Ca2+"
"AT2G41090_AT4G23650",0.185740910149539,"Ca2+"
"AT4G23650_AT2G41090",0.185740910149539,"Ca2+"
"AT3G21630_AT4G16444",0.185034542469467,""
"AT2G41820_AT4G22130",0.184189511097746,""
"AT4G22130_AT2G41820",0.184189511097746,""
"AT4G22130_AT5G58300",0.183107999833729,""
"AT5G58300_AT4G22130",0.183107999833729,""
"AT5G65710_AT1G53730",0.183042204512758,""
"AT1G48480_AT5G59680",0.181765727340753,""
"AT5G59680_AT1G48480",0.181765727340753,""
"AT1G74360_AT5G63710",0.181465057189179,""
"AT5G63710_AT1G74360",0.181465057189179,""
"AT1G17280_AT3G17840",0.179977006516734,""
"AT1G17230_AT5G63710",0.17982772604357,""
"AT5G63710_AT1G17230",0.17982772604357,""
"AT5G10520_AT5G21274",0.179786648602694,"Ca2+"
"AT3G17000_AT5G12480",0.178830410915543,"Ca2+"
"AT1G09970_AT1G29720",0.177988836980946,""
"AT1G29720_AT1G09970",0.177988836980946,""
"AT2G23950_AT5G65240",0.177700191538411,""
"AT5G65240_AT2G23950",0.177700191538411,""
"AT2G41110_AT5G54590",0.177258901171763,""
"AT5G54590_AT2G41110",0.177258901171763,"Ca2+"
"AT5G35410_AT3G43810",0.176968939802293,"Ca2+"
"AT3G49670_AT5G45780",0.176859675729189,""
"AT5G45780_AT3G49670",0.176859675729189,""
"AT1G14700_AT3G45430",0.176792095166002,""
"AT2G01950_AT2G02780",0.176631324450878,""
"AT2G02780_AT2G01950",0.176631324450878,""
"AT3G48890_AT5G48380",0.17556606248389,""
"AT3G20110_AT5G21274",0.175388139719845,"Ca2+"
"AT5G57050_AT2G40330",0.175165565189572,"ABA"
"AT3G48890_AT2G28960",0.175055150515538,""
"AT4G08470_AT4G30360",0.174020148759281,"Ca2+"
"AT5G07340_AT1G07550",0.173408962916401,""
"AT1G51890_AT4G23740",0.173123457170078,""
"AT4G23740_AT1G51890",0.173123457170078,""
"AT1G07550_AT3G49670",0.171714457284238,""
"AT3G49670_AT1G07550",0.171714457284238,""
"AT4G36250_AT3G43810",0.170561602686271,"Ca2+"
"AT4G22130_AT5G63710",0.169302371144182,""
"AT5G63710_AT4G22130",0.169302371144182,""
"AT2G26730_AT3G17840",0.169228426946501,""
"AT3G17840_AT2G26730",0.169228426946501,""
"AT1G07430_AT5G53160",0.168294283701185,"ABA"
"AT3G05350_AT1G01340",0.167776765967738,"Ca2+"
"AT1G07560_AT1G67720",0.167518700207115,""
"AT1G67720_AT1G07560",0.167518700207115,""
"AT4G31250_AT5G65700",0.167452761934672,""
"AT5G65700_AT4G31250",0.167452761934672,""
"AT3G13065_AT5G63710",0.166900098230688,""
"AT5G63710_AT3G13065",0.166900098230688,""
"AT1G71330_AT5G65700",0.166776952637594,""
"AT2G23950_AT2G31880",0.166604508561203,""
"AT2G31880_AT2G23950",0.166604508561203,""
"AT2G02780_AT2G41820",0.166501493421467,""
"AT2G41820_AT2G02780",0.166501493421467,""
"AT1G07550_AT5G65700",0.166407418099983,""
"AT5G65700_AT1G07550",0.166407418099983,""
"AT1G14700_AT1G18880",0.166293921027322,"NO3-"
"AT3G48750_AT1G11410",0.165253113900941,""
"AT2G14510_AT3G14350",0.164975515042753,""
"AT3G14350_AT2G14510",0.164975515042753,""
"AT1G69270_AT2G20850",0.164969250469917,""
"AT1G71830_AT2G41820",0.164953605358341,""
"AT2G41820_AT1G71830",0.164953605358341,""
"AT5G01890_AT5G63710",0.164838616192775,""
"AT5G63710_AT5G01890",0.164838616192775,""
"AT1G48260_AT5G55990",0.163477677175953,"Ca2+"
"AT2G33580_AT3G21630",0.163291471525893,"chitin"
"AT3G21630_AT2G33580",0.163291471525893,"chitin"
"AT1G74360_AT4G23740",0.163217831009137,""
"AT4G23740_AT1G74360",0.163217831009137,""
"AT1G64210_AT4G20140",0.162949667830602,""
"AT1G13270_AT3G04110",0.16250699864513,""
"AT4G28980_AT4G16444",0.162092183500921,""
"AT3G48260_AT2G23980",0.161777129682087,"Ca2+"
"AT1G01510_AT1G11130",0.16138581920834,""
"AT2G25790_AT5G63710",0.161230287778599,""
"AT5G63710_AT2G25790",0.161230287778599,""
"AT4G20140_AT4G22130",0.161019486709255,""
"AT4G22130_AT4G20140",0.161019486709255,""
"AT1G17280_AT2G24230",0.158876439467883,""
"AT2G48010_AT5G21274",0.158600842641325,"Ca2+"
"AT5G21274_AT2G48010",0.158600842641325,""
"AT2G23950_AT2G35620",0.158514163389758,""
"AT2G35620_AT2G23950",0.158514163389758,""
"AT1G64210_AT3G13380",0.158443569974987,""
"AT3G08770_AT3G21630",0.158066673985606,"chitin"
"AT2G31880_AT5G45780",0.157797187434015,""
"AT5G45780_AT2G31880",0.157797187434015,""
"AT1G74360_AT4G20270",0.157752378261831,""
"AT4G20270_AT1G74360",0.157752378261831,""
"AT5G58940_AT3G51800",0.157591180035127,"Ca2+"
"AT2G41110_AT3G21630",0.157384598410715,"chitin"
"AT3G21630_AT2G41110",0.157384598410715,"Ca2+"
"AT1G11130_AT5G16000",0.157317937445035,""
"AT5G16000_AT1G11130",0.157317937445035,""
"AT5G13290_AT1G75820",0.157149795563677,""
"AT3G13380_AT4G22130",0.156605148657305,""
"AT4G22130_AT3G13380",0.156605148657305,""
"AT3G10670_AT3G51850",0.156515743368116,"Ca2+"
"AT1G48480_AT2G23950",0.156371498253298,""
"AT2G23950_AT1G48480",0.156371498253298,""
"AT1G17230_AT4G20270",0.156235124461176,""
"AT4G20270_AT1G17230",0.156235124461176,""
"AT3G17840_AT2G20850",0.156204413805902,""
"AT1G47240_AT4G16444",0.155835042416999,""
"AT1G64210_AT1G05700",0.155283236528075,""
"AT4G11840_AT4G21940",0.155168425940185,"Ca2+"
"AT1G24510_AT1G29260",0.154550763304156,""
"AT1G14390_AT1G56140",0.153640523172198,""
"AT1G56140_AT1G14390",0.153640523172198,""
"AT2G25790_AT4G20140",0.153559928912282,""
"AT4G20140_AT2G25790",0.153559928912282,""
"AT4G18950_AT2G41090",0.153404553333177,"Ca2+"
"AT2G02780_AT5G63710",0.152896509512198,""
"AT5G63710_AT2G02780",0.152896509512198,""
"AT1G17230_AT2G28990",0.152808786396431,""
"AT2G28990_AT1G17230",0.152808786396431,""
"AT1G05700_AT3G13065",0.151400429996875,""
"AT3G13065_AT1G05700",0.151400429996875,""
"AT2G35620_AT5G45780",0.150113936741141,""
"AT5G45780_AT2G35620",0.150113936741141,""
"AT3G13065_AT4G23740",0.150031110177426,""
"AT4G23740_AT3G13065",0.150031110177426,""
"AT3G17000_AT2G28960",0.149900721136872,""
"AT2G01820_AT3G17840",0.149827683248877,""
"AT3G17840_AT2G01820",0.149827683248877,""
"AT3G47500_AT2G18915",0.149360300745551,""
"AT1G64210_AT4G20270",0.148753472180526,""
"AT1G64210_AT1G51890",0.148541135073045,""
"AT2G29360_AT1G08590",0.148521210007618,""
"AT2G24765_AT4G16444",0.147083688807578,""
"AT3G48890_AT5G57940",0.146905234175529,"Ca2+"
"AT2G35620_AT4G31250",0.146804455713027,""
"AT4G31250_AT2G35620",0.146804455713027,""
"AT1G51890_AT4G22130",0.146792607080071,""
"AT4G22130_AT1G51890",0.146792607080071,""
"AT3G25560_AT4G20140",0.146721381185433,""
"AT4G20140_AT3G25560",0.146721381185433,""
"AT4G26070_AT3G51920",0.14634428564659,"Ca2+"
"AT1G14700_AT4G31250",0.146127635895731,""
"AT2G18170_AT3G21630",0.145616266411177,"chitin"
"AT1G56140_AT5G53320",0.145315970082339,""
"AT5G53320_AT1G56140",0.145315970082339,""
"AT1G14700_AT1G07550",0.145145271290569,""
"AT2G25790_AT4G23740",0.145006352636746,""
"AT4G23740_AT2G25790",0.145006352636746,""
"AT1G56130_AT2G01820",0.14472612496098,""
"AT2G01820_AT1G56130",0.14472612496098,""
"AT1G17280_AT1G14390",0.144644945852527,""
"AT1G67720_AT3G49670",0.144256003170836,""
"AT3G49670_AT1G67720",0.144256003170836,""
"AT4G39890_AT2G28960",0.14397844548803,""
"AT3G56370_AT4G20140",0.143976756332087,""
"AT4G20140_AT3G56370",0.143976756332087,""
"AT1G31420_AT5G24100",0.143275773588879,""
"AT5G24100_AT1G31420",0.143275773588879,""
"AT4G20270_AT5G01890",0.143178871661554,""
"AT5G01890_AT4G20270",0.143178871661554,""
"AT5G57050_AT4G17615",0.143119446145587,"Ca2+"
"AT2G43290_AT4G16444",0.143083711398595,""
"AT1G51890_AT5G01890",0.142963837906636,""
"AT5G01890_AT1G51890",0.142963837906636,""
"AT2G23950_AT5G53890",0.142960168021001,""
"AT5G53890_AT2G23950",0.142960168021001,""
"AT1G14390_AT3G28040",0.142818271125428,""
"AT3G28040_AT1G14390",0.142818271125428,""
"AT3G02530_AT1G29260",0.142761479089267,""
"AT3G17000_AT2G35620",0.142073449894781,""
"AT1G11130_AT3G51740",0.142045541001372,""
"AT3G51740_AT1G11130",0.142045541001372,""
"AT2G25090_AT5G24270",0.14175261619489,"Ca2+"
"AT3G12200_AT2G41090",0.141121110581958,"Ca2+"
"AT1G64210_AT1G74360",0.140037951963683,""
"AT3G01970_AT5G21274",0.139907150153886,"Ca2+"
"AT1G67720_AT5G65700",0.139708264545502,""
"AT5G65700_AT1G67720",0.139708264545502,""
"AT2G14510_AT4G03390",0.139574826772426,""
"AT4G03390_AT2G14510",0.139574826772426,""
"AT2G33500_AT1G71830",0.13940745607083,""
"AT3G04720_AT2G01950",0.139214514949999,""
"AT4G39540_AT3G43810",0.139194121870153,"Ca2+"
"AT2G01820_AT3G24240",0.139048784467773,""
"AT3G24240_AT2G01820",0.139048784467773,""
"AT3G13380_AT5G20480",0.138818694360254,"elf18"
"AT5G20480_AT3G13380",0.138818694360254,""
"AT1G27190_AT2G36570",0.137679521421522,""
"AT5G35410_AT4G17615",0.137671136952324,"Ca2+"
"AT2G02780_AT4G23740",0.137480212186558,""
"AT4G23740_AT2G02780",0.137480212186558,""
"AT4G26070_AT3G51800",0.137193099779379,"Ca2+"
"AT2G41820_AT3G03770",0.137091358819802,""
"AT1G60800_AT2G19190",0.136987931753425,""
"AT2G19190_AT1G60800",0.136987931753425,""
"AT1G09970_AT4G29180",0.136786131855798,""
"AT4G29180_AT1G09970",0.136786131855798,""
"AT2G26330_AT3G47110",0.136521434239164,""
"AT3G47110_AT2G26330",0.136521434239164,""
"AT3G13320_AT3G43810",0.13634011889747,"Ca2+"
"AT3G56370_AT4G23740",0.135954800614798,""
"AT4G23740_AT3G56370",0.135954800614798,""
"AT3G47110_AT5G65240",0.135890320885746,""
"AT5G65240_AT3G47110",0.135890320885746,""
"AT1G08650_AT3G56370",0.135812871827485,""
"AT2G19940_AT2G01950",0.135129892647391,""
"AT3G17000_AT1G69870",0.13462536899894,"NO3-"
"AT2G39050_AT4G23650",0.134323065617934,"Ca2+"
"AT1G07560_AT1G35710",0.133937879701176,""
"AT1G35710_AT1G07560",0.133937879701176,""
"AT2G41820_AT4G30520",0.133889907497816,""
"AT4G30520_AT2G41820",0.133889907497816,""
"AT1G69270_AT3G49670",0.13373935227003,""
"AT3G49670_AT1G69270",0.13373935227003,""
"AT4G30520_AT5G58300",0.133093479118102,""
"AT5G58300_AT4G30520",0.133093479118102,""
"AT4G31250_AT5G53890",0.132558805012077,""
"AT5G53890_AT4G31250",0.132558805012077,""
"AT3G43810_AT5G01890",0.132406888864615,""
"AT5G01890_AT3G43810",0.132406888864615,"Ca2+"
"AT1G61420_AT5G53890",0.131319267094843,""
"AT5G53890_AT1G61420",0.131319267094843,""
"AT1G28050_AT2G18915",0.131028131011599,""
"AT2G28990_AT3G25560",0.13099038447216,""
"AT3G25560_AT2G28990",0.13099038447216,""
"AT1G07430_AT2G38310",0.130794407693322,"ABA"
"AT1G69270_AT5G65700",0.129508312396509,""
"AT5G65700_AT1G69270",0.129508312396509,""
"AT1G17280_AT1G11330",0.129319502876509,""
"AT1G17280_AT1G08590",0.12883986049562,""
"AT4G29120_AT5G53160",0.128829419350005,"ABA"
"AT1G64210_AT3G13065",0.12871597309083,""
"AT3G48890_AT2G41820",0.128617712879396,""
"AT1G14390_AT4G36180",0.128109701903897,""
"AT4G36180_AT1G14390",0.128109701903897,""
"AT3G06370_AT1G04310",0.127936541702498,"ET"
"AT1G11130_AT5G48380",0.127831431736128,""
"AT5G48380_AT1G11130",0.127831431736128,""
"AT3G53130_AT1G18880",0.127709014803141,"NO3-"
"AT3G14350_AT4G20940",0.127682384940913,""
"AT4G20940_AT3G14350",0.127682384940913,""
"AT1G64210_AT5G01890",0.127027811695373,""
"AT1G06840_AT3G17840",0.126845291397788,""
"AT3G17840_AT1G06840",0.126845291397788,""
"AT2G47890_AT2G18915",0.125953131053135,""
"AT3G17000_AT5G57940",0.125798059542171,"Ca2+"
"AT5G37780_AT1G69270",0.125641012034918,""
"AT4G14480_AT1G31420",0.125432628701412,""
"AT1G51820_AT3G28040",0.125290205158088,""
"AT3G28040_AT1G51820",0.125290205158088,""
"AT1G27190_AT2G41090",0.12527567132209,"Ca2+"
"AT1G74360_AT2G02780",0.125119877046958,""
"AT2G02780_AT1G74360",0.125119877046958,""
"AT5G10520_AT3G43810",0.124959539782365,"Ca2+"
"AT5G24010_AT2G23770",0.124654055128134,"chitin"
"AT2G01950_AT5G45780",0.123485036708396,""
"AT5G45780_AT2G01950",0.123485036708396,""
"AT1G17280_AT5G16900",0.123245057453473,""
"AT3G17840_AT5G65700",0.122626567678995,""
"AT5G65700_AT3G17840",0.122626567678995,""
"AT1G51820_AT5G10290",0.122374322944922,""
"AT5G10290_AT1G51820",0.122374322944922,""
"AT3G20110_AT3G43810",0.122187793011541,"Ca2+"
"AT1G08590_AT1G68400",0.12210991173261,""
"AT1G68400_AT1G08590",0.12210991173261,""
"AT2G14510_AT5G46330",0.12174363428762,"flg22"
"AT5G46330_AT2G14510",0.12174363428762,""
"AT1G08590_AT2G26730",0.121140525613722,""
"AT2G26730_AT1G08590",0.121140525613722,""
"AT1G48480_AT1G67720",0.120867743202499,""
"AT1G67720_AT1G48480",0.120867743202499,""
"AT4G18290_AT5G46240",0.120446771266509,"K+"
"AT5G46240_AT4G18290",0.120446771266509,"K+"
"AT1G55610_AT5G65700",0.119796251425174,""
"AT5G65700_AT1G55610",0.119796251425174,""
"AT1G68400_AT5G45840",0.119569004924105,""
"AT5G45840_AT1G68400",0.119569004924105,""
"AT1G64210_AT3G25560",0.118866476035704,""
"AT1G56130_AT5G65700",0.118443484716081,""
"AT5G65700_AT1G56130",0.118443484716081,""
"AT1G55610_AT2G26330",0.11830863135945,""
"AT2G26330_AT1G55610",0.11830863135945,""
"AT2G20110_AT3G51920",0.118250227741085,"Ca2+"
"AT1G12680_AT2G41090",0.117680150370284,"Ca2+"
"AT1G53730_AT2G14510",0.117028713203294,""
"AT2G14510_AT1G53730",0.117028713203294,""
"AT1G34110_AT5G63710",0.116386893855057,""
"AT5G63710_AT1G34110",0.116386893855057,""
"AT2G41820_AT5G45780",0.116321932388546,""
"AT5G45780_AT2G41820",0.116321932388546,""
"AT1G31812_AT5G27210",0.11571121402427,""
"AT1G71830_AT4G22130",0.115425969371089,""
"AT4G22130_AT1G71830",0.115425969371089,""
"AT1G68400_AT3G24660",0.114811563380654,""
"AT3G13380_AT5G61480",0.114742831537112,""
"AT5G61480_AT3G13380",0.114742831537112,""
"AT3G25560_AT5G01890",0.114395853104622,""
"AT5G01890_AT3G25560",0.114395853104622,""
"AT4G22130_AT5G20480",0.11424534438234,"elf18"
"AT5G20480_AT4G22130",0.11424534438234,""
"AT5G63870_AT3G56800",0.113870050934867,"Ca2+"
"AT3G24240_AT5G65700",0.113803194008215,""
"AT5G65700_AT3G24240",0.113803194008215,""
"AT2G41820_AT4G31250",0.113795278627307,""
"AT4G31250_AT2G41820",0.113795278627307,""
"AT1G07550_AT2G41820",0.113304168769058,""
"AT2G41820_AT1G07550",0.113304168769058,""
"AT2G23950_AT5G63710",0.112986059333962,""
"AT5G63710_AT2G23950",0.112986059333962,""
"AT1G51820_AT4G36180",0.112362680955921,""
"AT4G36180_AT1G51820",0.112362680955921,""
"AT5G02760_AT4G30520",0.111439293775203,""
"AT2G20110_AT3G51800",0.110846496984019,"Ca2+"
"AT1G79570_AT4G28650",0.110637782652021,""
"AT4G35600_AT2G41090",0.110589198433047,"Ca2+"
"AT2G48010_AT3G43810",0.110334810253714,"Ca2+"
"AT3G43810_AT2G48010",0.110334810253714,""
"AT3G17000_AT2G41820",0.110121914260778,""
"AT5G35080_AT1G11130",0.109547769405321,""
"AT1G17280_AT3G59730",0.109479842577292,""
"AT1G63430_AT5G45840",0.109371118944272,""
"AT5G45840_AT1G63430",0.109371118944272,""
"AT1G27190_AT1G55610",0.108707412290598,""
"AT4G03390_AT4G20940",0.108035985222294,""
"AT4G20940_AT4G03390",0.108035985222294,""
"AT3G51790_AT5G64560",0.107734573656138,"Mg2+"
"AT2G35620_AT3G17840",0.107460805115178,""
"AT3G17840_AT2G35620",0.107460805115178,""
"AT4G20270_AT4G30520",0.106869134318534,""
"AT4G30520_AT4G20270",0.106869134318534,""
"AT5G16000_AT5G53320",0.106375037006978,""
"AT5G53320_AT5G16000",0.106375037006978,""
"AT4G35950_AT1G71830",0.106150557478604,""
"AT1G70760_AT5G64560",0.105920467076595,"Mg2+"
"AT4G39890_AT2G41820",0.105712829443142,""
"AT3G01090_AT4G01010",0.105418530966431,"Ca2+"
"AT1G08590_AT4G35310",0.105113800565137,"Ca2+"
"AT4G35310_AT1G08590",0.105113800565137,""
"AT5G01540_AT5G46330",0.10507938751053,"flg22"
"AT5G46330_AT5G01540",0.10507938751053,""
"AT2G01820_AT5G45840",0.104966382220956,""
"AT5G45840_AT2G01820",0.104966382220956,""
"AT1G34110_AT4G23740",0.104473493111116,""
"AT4G23740_AT1G34110",0.104473493111116,""
"AT1G74720_AT1G11130",0.104245177274467,""
"AT3G17000_AT2G20300",0.103915971770997,""
"AT5G23170_AT3G51800",0.103799905342683,"Ca2+"
"AT1G21270_AT4G01010",0.103292223996634,"Ca2+"
"AT1G14390_AT5G10020",0.102591505732348,""
"AT5G10020_AT1G14390",0.102591505732348,""
"AT1G14390_AT3G49670",0.10173615908922,""
"AT3G49670_AT1G14390",0.10173615908922,""
"AT4G20140_AT5G45780",0.10165985105546,""
"AT5G45780_AT4G20140",0.10165985105546,""
"AT1G60800_AT3G21340",0.101592889523802,""
"AT3G21340_AT1G60800",0.101592889523802,""
"AT1G08650_AT2G23950",0.101385864109186,""
"AT1G64210_AT5G59680",0.101082735039186,""
"AT5G44700_AT5G65700",0.100776526551741,""
"AT5G65700_AT5G44700",0.100776526551741,""
"AT1G60630_AT2G31880",0.100460576559322,""
"AT2G31880_AT1G60630",0.100460576559322,""
"AT1G08590_AT5G16000",0.100154975094447,""
"AT5G16000_AT1G08590",0.100154975094447,""
"AT3G28040_AT4G28650",0.100080723834307,""
"AT4G28650_AT3G28040",0.100080723834307,""
"AT2G24230_AT2G28960",0.100057850346964,""
"AT2G28960_AT2G24230",0.100057850346964,""
"AT4G20140_AT4G31250",0.0994664109795098,""
"AT4G31250_AT4G20140",0.0994664109795098,""
"AT1G60800_AT2G01210",0.0990538406780775,""
"AT5G16070_AT1G29260",0.098711068270604,""
"AT1G14390_AT5G65700",0.0985100728561836,""
"AT5G65700_AT1G14390",0.0985100728561836,""
"AT1G75820_AT1G65380",0.0984780563364218,""
"AT1G66150_AT2G19190",0.0982258441381107,""
"AT2G19190_AT1G66150",0.0982258441381107,""
"AT4G18640_AT5G05160",0.0981493199617636,""
"AT5G05160_AT4G18640",0.0981493199617636,""
"AT1G51890_AT2G23950",0.0979429243623493,""
"AT2G23950_AT1G51890",0.0979429243623493,""
"AT4G18710_AT4G20940",0.0976871462232444,""
"AT1G09970_AT5G07280",0.0976382418095982,""
"AT5G07280_AT1G09970",0.0976382418095982,""
"AT3G01970_AT3G43810",0.0972511396915996,"Ca2+"
"AT1G31420_AT5G48740",0.097206405057412,""
"AT5G48740_AT1G31420",0.097206405057412,""
"AT1G64210_AT3G03770",0.0970556028831674,""
"AT1G20930_AT5G21274",0.0965604463261271,"Ca2+"
"AT1G06840_AT5G53320",0.0963750326496922,""
"AT5G53320_AT1G06840",0.0963750326496922,""
"AT1G59870_AT5G42380",0.0963046815869855,"Ca2+"
"AT3G17000_AT4G20140",0.0962532000870341,""
"AT4G23740_AT5G45780",0.095972721747802,""
"AT5G45780_AT4G23740",0.095972721747802,""
"AT1G54370_AT4G01010",0.0959291931792797,"Ca2+"
"AT4G22130_AT3G03770",0.0958683340508512,""
"AT2G23420_AT1G12310",0.0958303956361623,"Ca2+"
"AT5G16000_AT5G16900",0.0958186821679711,""
"AT5G16900_AT5G16000",0.0958186821679711,""
"AT3G48260_AT5G10530",0.0947946139397345,""
"AT1G53730_AT4G21380",0.0946452945339926,""
"AT4G21380_AT1G53730",0.0946452945339926,""
"AT4G22130_AT5G61480",0.0943774529530487,""
"AT5G61480_AT4G22130",0.0943774529530487,""
"AT4G20940_AT5G46330",0.0941742754310944,"flg22"
"AT5G46330_AT4G20940",0.0941742754310944,""
"AT5G16000_AT3G24660",0.0941626741371288,""
"AT1G48480_AT2G24230",0.0936255657663591,""
"AT2G24230_AT1G48480",0.0936255657663591,""
"AT1G66150_AT5G48740",0.0936170250039819,""
"AT5G48740_AT1G66150",0.0936170250039819,""
"AT3G47110_AT5G58300",0.0933776658380247,""
"AT5G58300_AT3G47110",0.0933776658380247,""
"AT5G53320_AT5G65700",0.0931646400831513,""
"AT5G65700_AT5G53320",0.0931646400831513,""
"AT1G51890_AT5G45780",0.0926908503547633,""
"AT5G45780_AT1G51890",0.0926908503547633,""
"AT1G01340_AT5G53130",0.092211609555192,"Ca2+"
"AT5G53130_AT1G01340",0.092211609555192,"Ca2+"
"AT2G26330_AT5G53320",0.0920212277700283,""
"AT5G53320_AT2G26330",0.0920212277700283,""
"AT3G17000_AT1G05700",0.0917722533470468,""
"AT3G14350_AT3G21340",0.091310589423303,""
"AT3G21340_AT3G14350",0.091310589423303,""
"AT4G30520_AT5G01890",0.0912411021586252,""
"AT5G01890_AT4G30520",0.0912411021586252,""
"AT1G07430_AT5G05440",0.0907871822227944,"ABA"
"AT1G14390_AT2G31880",0.090740542453586,""
"AT2G31880_AT1G14390",0.090740542453586,""
"AT1G51890_AT4G31250",0.0906843357966783,""
"AT4G31250_AT1G51890",0.0906843357966783,""
"AT2G31880_AT3G56100",0.0902821215531144,""
"AT3G56100_AT2G31880",0.0902821215531144,""
"AT2G25090_AT5G55990",0.0900877333692665,"Ca2+"
"AT2G39840_AT3G21630",0.0894706049887614,"chitin"
"AT2G25790_AT4G30520",0.0893724244716305,""
"AT4G30520_AT2G25790",0.0893724244716305,""
"AT1G06840_AT5G45840",0.0888445522725707,""
"AT5G45840_AT1G06840",0.0888445522725707,""
"AT5G09690_AT5G64560",0.0885299402176535,"Mg2+"
"AT5G64560_AT5G09690",0.0885299402176535,"Mg2+"
"AT1G71330_AT2G28990",0.0884598882370528,""
"AT2G01950_AT3G17840",0.0883926362044413,""
"AT3G17840_AT2G01950",0.0883926362044413,""
"AT5G58270_AT4G01010",0.0882304895474006,"Ca2+"
"AT4G35950_AT3G03770",0.0881862941959412,""
"AT1G61420_AT2G28990",0.0879319329032615,""
"AT2G28990_AT1G61420",0.0879319329032615,""
"AT1G74360_AT5G45780",0.0873706783698355,""
"AT5G45780_AT1G74360",0.0873706783698355,""
"AT1G08590_AT2G26330",0.0866417999056465,""
"AT2G26330_AT1G08590",0.0866417999056465,""
"AT1G51820_AT5G65700",0.0863932775627776,""
"AT5G65700_AT1G51820",0.0863932775627776,""
"AT1G14390_AT2G35620",0.0863158034276297,""
"AT2G35620_AT1G14390",0.0863158034276297,""
"AT4G35950_AT4G30520",0.0861508050873222,""
"AT1G48260_AT4G17615",0.0860272868599891,"Ca2+"
"AT3G17000_AT2G28990",0.0859666125179233,""
"AT3G45640_AT1G67720",0.0859582036680653,""
"AT1G71830_AT3G03770",0.0858990048616203,""
"AT2G31880_AT5G53320",0.0858155479322909,""
"AT5G53320_AT2G31880",0.0858155479322909,""
"AT1G60630_AT5G53890",0.0856473891672554,""
"AT5G53890_AT1G60630",0.0856473891672554,""
"AT1G74360_AT4G31250",0.0854839098729003,""
"AT4G31250_AT1G74360",0.0854839098729003,""
"AT3G25560_AT4G30520",0.0853872476566285,""
"AT4G30520_AT3G25560",0.0853872476566285,""
"AT1G12460_AT3G24240",0.0853834625411663,""
"AT3G24240_AT1G12460",0.0853834625411663,""
"AT5G35410_AT2G41090",0.0853721510425621,"Ca2+"
"AT5G16900_AT5G65700",0.0839139993786784,""
"AT5G65700_AT5G16900",0.0839139993786784,""
"AT3G56370_AT4G30520",0.0837903161664939,""
"AT4G30520_AT3G56370",0.0837903161664939,""
"AT2G23950_AT5G01890",0.0837224224378027,""
"AT5G01890_AT2G23950",0.0837224224378027,""
"AT2G41820_AT3G17840",0.0832578816197098,""
"AT3G17840_AT2G41820",0.0832578816197098,""
"AT4G29180_AT5G63930",0.0831724910568193,""
"AT5G63930_AT4G29180",0.0831724910568193,""
"AT1G17280_AT1G51880",0.0830552897657921,""
"AT1G07560_AT4G28650",0.0827990864074489,""
"AT4G28650_AT1G07560",0.0827990864074489,""
"AT1G28390_AT3G51920",0.0827112769299932,"Ca2+"
"AT3G51920_AT1G28390",0.0827112769299932,""
"AT5G65710_AT5G65700",0.0826642575594234,""
"AT1G72300_AT2G14510",0.0825485215422941,""
"AT2G14510_AT1G72300",0.0825485215422941,""
"AT4G36250_AT2G41090",0.0824276246016528,"Ca2+"
"AT1G51890_AT2G36570",0.0822596734334471,""
"AT2G36570_AT1G51890",0.0822596734334471,""
"AT1G17280_AT3G45440",0.0821772002263106,""
"AT2G23950_AT2G25790",0.0820247886120778,""
"AT2G25790_AT2G23950",0.0820247886120778,""
"AT2G28930_AT5G16900",0.0818689983111867,""
"AT2G35620_AT5G53320",0.0816305050019606,""
"AT5G53320_AT2G35620",0.0816305050019606,""
"AT4G22130_AT5G45780",0.0812875064039793,""
"AT5G45780_AT4G22130",0.0812875064039793,""
"AT1G35710_AT2G01950",0.080444138029734,""
"AT2G01950_AT1G35710",0.080444138029734,""
"AT4G40010_AT2G23950",0.0804365214240151,""
"AT3G28040_AT5G24100",0.0802806227351221,""
"AT5G24100_AT3G28040",0.0802806227351221,""
"AT1G64210_AT1G07550",0.0802784578563569,""
"AT2G18915_AT5G57360",0.079839411507838,""
"AT5G57360_AT2G18915",0.079839411507838,""
"AT1G11130_AT3G13380",0.0796045985742998,""
"AT3G13380_AT1G11130",0.0796045985742998,""
"AT1G59870_AT4G14640",0.0794623739429823,"Ca2+"
"AT3G23750_AT4G29180",0.0794029314744505,""
"AT4G29180_AT3G23750",0.0794029314744505,""
"AT5G01890_AT5G45780",0.0791921160052574,""
"AT5G45780_AT5G01890",0.0791921160052574,""
"AT2G31880_AT5G45840",0.0791004302002122,""
"AT5G45840_AT2G31880",0.0791004302002122,""
"AT3G13065_AT4G31250",0.0785545102504298,""
"AT4G31250_AT3G13065",0.0785545102504298,""
"AT3G61160_AT2G41090",0.0785030091921317,"Ca2+"
"AT1G07550_AT3G13065",0.0782764270587027,""
"AT3G13065_AT1G07550",0.0782764270587027,""
"AT2G25790_AT5G45780",0.0776171673592273,""
"AT5G45780_AT2G25790",0.0776171673592273,""
"AT1G28390_AT3G51800",0.07754296744223,"Ca2+"
"AT3G56100_AT5G53890",0.077390140941038,""
"AT5G53890_AT3G56100",0.077390140941038,""
"AT1G11130_AT4G23740",0.0772354902687894,""
"AT4G23740_AT1G11130",0.0772354902687894,""
"AT2G23950_AT3G56370",0.0768989829947108,""
"AT3G56370_AT2G23950",0.0768989829947108,""
"AT1G69270_AT4G20140",0.0768424672929514,""
"AT4G20140_AT1G69270",0.0768424672929514,""
"AT2G28960_AT3G24660",0.0762397974305348,""
"AT5G10930_AT4G17615",0.0760205472303413,"Ca2+"
"AT2G25790_AT4G31250",0.0759424249766662,""
"AT4G31250_AT2G25790",0.0759424249766662,""
"AT1G67720_AT4G20270",0.0757551358579408,""
"AT4G20270_AT1G67720",0.0757551358579408,""
"AT1G17145_AT4G23210",0.0756451230186603,""
"AT2G35620_AT5G45840",0.0752403576746319,""
"AT5G45840_AT2G35620",0.0752403576746319,""
"AT1G07430_AT4G01026",0.0748212822609136,"ABA"
"AT1G48480_AT1G51820",0.0747547443134727,""
"AT1G51820_AT1G48480",0.0747547443134727,""
"AT2G28070_AT1G01340",0.0745455214476829,"Ca2+"
"AT3G48260_AT5G53130",0.0741862513373899,"Ca2+"
"AT5G53320_AT5G53890",0.0739891803611425,""
"AT5G53890_AT5G53320",0.0739891803611425,""
"AT1G12460_AT1G14390",0.0738985122529411,""
"AT1G14390_AT1G12460",0.0738985122529411,""
"AT2G02780_AT5G45780",0.0735768442480018,""
"AT5G45780_AT2G02780",0.0735768442480018,""
"AT3G14350_AT4G20450",0.0735170297767286,""
"AT4G20450_AT3G14350",0.0735170297767286,""
"AT2G24230_AT2G41820",0.0734464660393019,""
"AT2G41820_AT2G24230",0.0734464660393019,""
"AT1G14700_AT5G16900",0.0732521881859528,""
"AT4G35950_AT4G31250",0.0731901634556773,""
"AT1G71830_AT5G45780",0.0728508787772201,""
"AT5G45780_AT1G71830",0.0728508787772201,""
"AT3G56370_AT5G45780",0.0727621331046515,""
"AT5G45780_AT3G56370",0.0727621331046515,""
"AT2G14510_AT2G26730",0.0727431495526571,""
"AT2G26730_AT2G14510",0.0727431495526571,""
"AT4G30520_AT5G59680",0.0725980370597742,""
"AT5G59680_AT4G30520",0.0725980370597742,""
"AT4G36180_AT5G24100",0.0718987445488335,""
"AT5G24100_AT4G36180",0.0718987445488335,""
"AT2G45790_AT2G41090",0.0718501159686813,"Ca2+"
"AT2G33810_AT3G21630",0.0717600048937867,"chitin"
"AT1G48480_AT3G24660",0.0713509871177415,""
"AT3G56370_AT4G31250",0.0711949405706151,""
"AT4G31250_AT3G56370",0.0711949405706151,""
"AT1G55610_AT4G20140",0.0710741075256905,""
"AT4G20140_AT1G55610",0.0710741075256905,""
"AT1G14390_AT2G01950",0.07099532136863,""
"AT2G01950_AT1G14390",0.07099532136863,""
"AT1G05260_AT2G01950",0.0709724288029999,""
"AT1G09970_AT4G20450",0.070682991122732,""
"AT4G20450_AT1G09970",0.070682991122732,""
"AT1G63430_AT5G24100",0.0703926424713829,""
"AT5G24100_AT1G63430",0.0703926424713829,""
"AT1G68400_AT5G49770",0.0701244544269152,""
"AT5G49770_AT1G68400",0.0701244544269152,""
"AT1G35710_AT5G63710",0.069751398794641,""
"AT5G63710_AT1G35710",0.069751398794641,""
"AT4G30520_AT3G03770",0.0697079765291579,""
"AT4G00900_AT1G01340",0.0695754010265775,"Ca2+"
"AT1G55610_AT3G13380",0.0691673226131486,""
"AT3G13380_AT1G55610",0.0691673226131486,""
"AT1G47240_AT1G60630",0.0687075615885232,""
"AT4G30520_AT5G61480",0.0686230272127861,""
"AT5G61480_AT4G30520",0.0686230272127861,""
"AT2G01820_AT5G24100",0.0675431501171095,""
"AT5G24100_AT2G01820",0.0675431501171095,""
"AT1G64210_AT1G67720",0.0671583832254668,""
"AT2G01950_AT5G53320",0.0671409910842183,""
"AT5G53320_AT2G01950",0.0671409910842183,""
"AT4G39540_AT2G41090",0.067133248807749,"Ca2+"
"AT1G20930_AT3G43810",0.0671103782563539,"Ca2+"
"AT1G14390_AT2G41820",0.0668654155504441,""
"AT2G41820_AT1G14390",0.0668654155504441,""
"AT1G17280_AT5G01540",0.0667667189645259,""
"AT1G68400_AT3G46330",0.066694831366636,""
"AT3G46330_AT1G68400",0.066694831366636,""
"AT5G62430_AT2G18915",0.0664811351904756,""
"AT3G13320_AT2G41090",0.0656950646672367,"Ca2+"
"AT1G11130_AT4G22130",0.0654189023146932,""
"AT4G22130_AT1G11130",0.0654189023146932,""
"AT2G33500_AT2G18915",0.0653501294440798,""
"AT2G42540_AT3G21630",0.0650813744412374,"chitin"
"AT2G23950_AT3G03770",0.0639558479528361,""
"AT4G28650_AT5G48380",0.063924350227434,""
"AT5G48380_AT4G28650",0.063924350227434,""
"AT2G41090_AT5G01890",0.0638154727847408,""
"AT5G01890_AT2G41090",0.0638154727847408,"Ca2+"
"AT3G48890_AT1G18880",0.0632357460897964,"NO3-"
"AT2G41820_AT5G53320",0.0632344802786197,""
"AT5G53320_AT2G41820",0.0632344802786197,""
"AT5G16000_AT5G24100",0.0631042298045092,""
"AT5G24100_AT5G16000",0.0631042298045092,""
"AT4G11460_AT4G21940",0.0629969260842512,"Ca2+"
"AT4G21940_AT4G11460",0.0629969260842512,""
"AT2G23950_AT5G61480",0.0629617468848011,""
"AT5G61480_AT2G23950",0.0629617468848011,""
"AT2G23950_AT4G30520",0.0624938641292971,""
"AT4G30520_AT2G23950",0.0624938641292971,""
"AT4G18640_AT3G24660",0.0624282482223575,""
"AT5G55630_AT4G30560",0.0623340080081157,"Ca2+"
"AT4G03390_AT4G20450",0.0622022614117789,""
"AT4G20450_AT4G03390",0.0622022614117789,""
"AT3G17000_AT2G33580",0.0618977475021945,"chitin"
"AT3G24240_AT4G20270",0.0616828150895294,""
"AT4G20270_AT3G24240",0.0616828150895294,""
"AT1G72300_AT2G19190",0.061632999502008,""
"AT2G19190_AT1G72300",0.061632999502008,""
"AT1G69270_AT4G22130",0.0614349424288282,""
"AT4G22130_AT1G69270",0.0614349424288282,""
"AT1G34210_AT4G29180",0.0606908578605806,""
"AT4G29180_AT1G34210",0.0606908578605806,""
"AT5G45780_AT3G03770",0.0604809590876626,""
"AT1G56130_AT1G74360",0.0603910541007599,""
"AT1G74360_AT1G56130",0.0603910541007599,""
"AT5G10520_AT2G41090",0.0602593004522834,"Ca2+"
"AT1G01340_AT3G17700",0.0602135599935136,"Ca2+"
"AT3G17700_AT1G01340",0.0602135599935136,"Ca2+"
"AT1G17280_AT4G20940",0.0598087734408605,""
"AT5G45780_AT5G61480",0.0595432633864454,""
"AT5G61480_AT5G45780",0.0595432633864454,""
"AT1G17280_AT4G23210",0.0594087688658245,""
"AT3G20110_AT2G41090",0.0593958951158473,"Ca2+"
"AT1G60630_AT4G20270",0.05923031077147,""
"AT4G20270_AT1G60630",0.05923031077147,""
"AT1G51890_AT1G60630",0.0591634653295156,""
"AT1G60630_AT1G51890",0.0591634653295156,""
"AT1G01140_AT1G64480",0.0591240287188165,"Ca2+"
"AT4G30520_AT5G45780",0.0591137506654128,""
"AT5G45780_AT4G30520",0.0591137506654128,""
"AT1G34110_AT2G23950",0.0590535452739936,""
"AT2G23950_AT1G34110",0.0590535452739936,""
"AT5G47530_AT1G31420",0.0588904241311578,""
"AT2G24230_AT4G20270",0.0586352120468444,""
"AT4G20270_AT2G24230",0.0586352120468444,""
"AT5G57940_AT1G65380",0.058494459166491,""
"AT4G31250_AT5G61480",0.0582796110503747,""
"AT5G61480_AT4G31250",0.0582796110503747,""
"AT3G17840_AT4G22130",0.0581696713497629,""
"AT4G22130_AT3G17840",0.0581696713497629,""
"AT4G26070_AT5G21274",0.058062896926763,"Ca2+"
"AT1G63430_AT4G29180",0.0579417090806778,""
"AT4G29180_AT1G63430",0.0579417090806778,""
"AT1G17280_AT2G19190",0.0577664820028848,""
"AT3G17000_AT4G30560",0.0575142832654376,"Ca2+"
"AT5G16000_AT5G49770",0.0574938709254737,""
"AT5G49770_AT5G16000",0.0574938709254737,""
"AT1G55610_AT4G22130",0.0568212924608631,""
"AT4G22130_AT1G55610",0.0568212924608631,""
"AT3G17840_AT5G01890",0.0566720463825155,""
"AT5G01890_AT3G17840",0.0566720463825155,""
"AT1G68400_AT4G20940",0.0566695232069289,""
"AT4G20940_AT1G68400",0.0566695232069289,""
"AT3G23750_AT5G07280",0.056531939968852,""
"AT5G07280_AT3G23750",0.056531939968852,""
"AT4G23740_AT5G44700",0.0564390073607526,""
"AT5G44700_AT4G23740",0.0564390073607526,""
"AT1G34110_AT5G45780",0.0558445307899626,""
"AT5G45780_AT1G34110",0.0558445307899626,""
"AT2G25790_AT3G17840",0.0555510889934409,""
"AT3G17840_AT2G25790",0.0555510889934409,""
"AT1G56130_AT3G13065",0.0554851225571937,""
"AT3G13065_AT1G56130",0.0554851225571937,""
"AT5G24100_AT5G65700",0.0552494214809976,""
"AT5G65700_AT5G24100",0.0552494214809976,""
"AT2G30490_AT2G19190",0.0551845529622834,""
"AT1G08590_AT5G63710",0.0548107738643859,""
"AT5G63710_AT1G08590",0.0548107738643859,""
"AT1G34110_AT4G31250",0.0546610069703887,""
"AT4G31250_AT1G34110",0.0546610069703887,""
"AT4G20270_AT5G44700",0.0546176658585186,""
"AT5G44700_AT4G20270",0.0546176658585186,""
"AT3G28040_AT5G48740",0.0545162490971025,""
"AT5G48740_AT3G28040",0.0545162490971025,""
"AT1G69270_AT5G20480",0.0544950162938194,"elf18"
"AT5G20480_AT1G69270",0.0544950162938194,""
"AT1G07430_AT2G40330",0.0542369185422604,"ABA"
"AT1G51800_AT5G24100",0.0542270426382255,""
"AT5G24100_AT1G51800",0.0542270426382255,""
"AT3G13380_AT5G53320",0.0537790436575694,""
"AT5G53320_AT3G13380",0.0537790436575694,""
"AT5G45840_AT5G63710",0.0536705605858105,""
"AT5G63710_AT5G45840",0.0536705605858105,""
"AT3G17820_AT3G24660",0.0534245697920232,""
"AT2G41090_AT2G48010",0.0533726865951142,""
"AT2G48010_AT2G41090",0.0533726865951142,"Ca2+"
"AT5G65800_AT1G31420",0.0533291518190695,""
"AT5G10290_AT5G48740",0.0532301319176536,""
"AT5G48740_AT5G10290",0.0532301319176536,""
"AT3G56100_AT4G20270",0.0531712436675242,""
"AT4G20270_AT3G56100",0.0531712436675242,""
"AT1G51890_AT3G56100",0.053090096361151,""
"AT3G56100_AT1G51890",0.053090096361151,""
"AT1G47240_AT1G48270",0.0528039876983223,""
"AT2G02780_AT3G17840",0.0526583097326908,""
"AT3G17840_AT2G02780",0.0526583097326908,""
"AT3G24240_AT5G01890",0.052592575417029,""
"AT5G01890_AT3G24240",0.052592575417029,""
"AT4G18640_AT4G28650",0.0522010441034019,""
"AT4G28650_AT4G18640",0.0522010441034019,""
"AT3G17840_AT3G56370",0.0520753881670344,""
"AT3G56370_AT3G17840",0.0520753881670344,""
"AT2G14510_AT2G26330",0.0519958012039163,""
"AT2G26330_AT2G14510",0.0519958012039163,""
"AT2G14510_AT5G65240",0.0517001461472305,""
"AT5G65240_AT2G14510",0.0517001461472305,""
"AT5G65710_AT5G63710",0.0516608159845481,""
"AT1G51800_AT2G14510",0.0516411268117525,""
"AT2G14510_AT1G51800",0.0516411268117525,""
"AT5G47810_AT3G51920",0.0515648672740579,"Ca2+"
"AT5G63710_AT3G24660",0.0515289812040774,""
"AT3G26170_AT3G43810",0.0514631190615857,"Ca2+"
"AT2G19190_AT4G36180",0.0511342255470655,""
"AT4G36180_AT2G19190",0.0511342255470655,""
"AT1G17280_AT5G27210",0.0511020462710992,""
"AT4G20140_AT5G45840",0.0509208289820998,""
"AT5G45840_AT4G20140",0.0509208289820998,""
"AT2G31880_AT5G24100",0.0508803360180891,""
"AT5G24100_AT2G31880",0.0508803360180891,""
"AT1G56130_AT2G02780",0.0508546107398407,""
"AT2G02780_AT1G56130",0.0508546107398407,""
"AT3G47110_AT5G59680",0.0508389828062437,""
"AT5G59680_AT3G47110",0.0508389828062437,""
"AT1G72300_AT5G07280",0.0507437115438769,""
"AT5G07280_AT1G72300",0.0507437115438769,""
"AT3G61880_AT3G51920",0.0504316101095219,"Ca2+"
"AT1G51890_AT5G53320",0.0503845601639921,""
"AT5G53320_AT1G51890",0.0503845601639921,""
"AT1G27190_AT5G24100",0.0501162105743869,""
"AT5G49770_AT5G65240",0.0494599921853573,""
"AT5G65240_AT5G49770",0.0494599921853573,""
"AT3G30180_AT4G20940",0.0491614880552453,""
"AT4G20140_AT3G24660",0.0488837706654598,""
"AT1G05700_AT5G45840",0.0485761617041454,""
"AT5G45840_AT1G05700",0.0485761617041454,""
"AT3G13380_AT5G16900",0.0484340441646562,""
"AT5G16900_AT3G13380",0.0484340441646562,""
"AT5G47810_AT3G51800",0.0483524846443551,"Ca2+"
"AT2G01820_AT2G19190",0.0480319212456808,""
"AT2G19190_AT2G01820",0.0480319212456808,""
"AT3G46330_AT5G65700",0.0478611091551133,""
"AT5G65700_AT3G46330",0.0478611091551133,""
"AT2G18170_AT1G67720",0.0475423090622931,""
"AT3G17000_AT4G31250",0.0475331664353676,""
"AT3G17000_AT1G07550",0.0474238679641387,""
"AT3G61880_AT3G51800",0.0472876919656571,"Ca2+"
"AT3G51740_AT4G29180",0.0472672675942744,""
"AT4G29180_AT3G51740",0.0472672675942744,""
"AT2G25090_AT4G17615",0.0472660489437348,"Ca2+"
"AT1G07560_AT2G19190",0.0472138931253085,""
"AT2G19190_AT1G07560",0.0472138931253085,""
"AT1G64210_AT3G56100",0.0471703861221372,""
"AT5G56030_AT4G14640",0.047001512432086,"Ca2+"
"AT2G20110_AT5G21274",0.0469734464095218,"Ca2+"
"AT3G01970_AT2G41090",0.0469136398940024,"Ca2+"
"AT1G51820_AT4G20270",0.0468112933322143,""
"AT4G20270_AT1G51820",0.0468112933322143,""
"AT2G41820_AT4G28650",0.0467812301019594,""
"AT4G28650_AT2G41820",0.0467812301019594,""
"AT3G17000_AT5G01550",0.0466296380541191,""
"AT2G28960_AT5G49770",0.0465358163230164,""
"AT5G49770_AT2G28960",0.0465358163230164,""
"AT4G20940_AT5G16000",0.0464492698523343,""
"AT5G16000_AT4G20940",0.0464492698523343,""
"AT2G02780_AT2G24230",0.0464490212242924,""
"AT2G24230_AT2G02780",0.0464490212242924,""
"AT4G23740_AT3G24660",0.0461445541480567,""
"AT1G69270_AT3G03770",0.0457084638386349,""
"AT1G29750_AT4G29180",0.0456048745685184,""
"AT4G29180_AT1G29750",0.0456048745685184,""
"AT1G14390_AT5G01890",0.0455061281025513,""
"AT5G01890_AT1G14390",0.0455061281025513,""
"AT2G28990_AT5G45840",0.0454926701886932,""
"AT5G45840_AT2G28990",0.0454926701886932,""
"AT1G68400_AT5G07280",0.0450615945798261,""
"AT5G07280_AT1G68400",0.0450615945798261,""
"AT1G29720_AT4G18640",0.0448975208395972,""
"AT4G18640_AT1G29720",0.0448975208395972,""
"AT4G14480_AT5G48380",0.044820890121238,""
"AT1G64210_AT5G53320",0.044734634170531,""
"AT4G29180_AT5G65240",0.0446964672869209,""
"AT5G65240_AT4G29180",0.0446964672869209,""
"AT1G14390_AT2G25790",0.0446108451078602,""
"AT2G25790_AT1G14390",0.0446108451078602,""
"AT4G22130_AT5G53320",0.0441695035350533,""
"AT5G53320_AT4G22130",0.0441695035350533,""
"AT5G37780_AT1G28390",0.0441692749210384,""
"AT1G14700_AT5G49770",0.0439462603359401,""
"AT1G01340_AT1G04310",0.0438496497288856,"ET"
"AT1G04310_AT1G01340",0.0438496497288856,"Ca2+"
"AT3G17840_AT3G03770",0.0432790194145181,""
"AT4G20450_AT5G63930",0.0428968119279712,""
"AT5G63930_AT4G20450",0.0428968119279712,""
"AT3G17840_AT5G61480",0.0426084977023623,""
"AT5G61480_AT3G17840",0.0426084977023623,""
"AT3G21090_AT4G09570",0.0425173684830726,"Ca2+"
"AT1G17230_AT5G16900",0.042306448249795,""
"AT5G16900_AT1G17230",0.042306448249795,""
"AT3G17840_AT4G30520",0.0423037227148669,""
"AT4G30520_AT3G17840",0.0423037227148669,""
"AT2G25790_AT5G53320",0.0421879577441027,""
"AT5G53320_AT2G25790",0.0421879577441027,""
"AT2G31880_AT4G29180",0.0418901972140883,""
"AT4G29180_AT2G31880",0.0418901972140883,""
"AT1G17280_AT2G01210",0.0416584218045992,""
"AT1G08590_AT4G22130",0.0415633502583038,""
"AT4G22130_AT1G08590",0.0415633502583038,""
"AT1G64210_AT1G51820",0.0414798455641308,""
"AT4G29120_AT2G40330",0.041414289364388,"ABA"
"AT5G15840_AT1G72390",0.0410749586369143,""
"AT5G07340_AT2G19190",0.0409762449103289,""
"AT2G19190_AT5G10020",0.0409730600278092,""
"AT5G10020_AT2G19190",0.0409730600278092,""
"AT4G20140_AT4G28650",0.0408754620175145,""
"AT4G28650_AT4G20140",0.0408754620175145,""
"AT3G21720_AT2G01950",0.0406247954732599,""
"AT1G68400_AT3G21340",0.0405264004863475,""
"AT3G21340_AT1G68400",0.0405264004863475,""
"AT1G51820_AT3G13065",0.0404563524430712,""
"AT3G13065_AT1G51820",0.0404563524430712,""
"AT4G26070_AT3G43810",0.0403200460937086,"Ca2+"
"AT1G64210_AT5G16900",0.0402854064847263,""
"AT1G51800_AT4G20940",0.0399043628737907,""
"AT4G20940_AT1G51800",0.0399043628737907,""
"AT2G01950_AT5G24100",0.0397988740924384,""
"AT5G24100_AT2G01950",0.0397988740924384,""
"AT3G13380_AT4G28650",0.039788048255299,""
"AT4G28650_AT3G13380",0.039788048255299,""
"AT1G14700_AT5G01540",0.0396398265281634,""
"AT3G56370_AT5G53320",0.0395475692245088,""
"AT5G53320_AT3G56370",0.0395475692245088,""
"AT1G68400_AT2G01210",0.0394700115741027,""
"AT3G13065_AT5G16900",0.0392916178354704,""
"AT5G16900_AT3G13065",0.0392916178354704,""
"AT5G65710_AT4G22130",0.0391926673571266,""
"AT5G10020_AT5G48740",0.0391447717362604,""
"AT5G48740_AT5G10020",0.0391447717362604,""
"AT3G06030_AT5G21274",0.0387345026293269,"Ca2+"
"AT1G08590_AT2G02780",0.0376346549228082,""
"AT2G02780_AT1G08590",0.0376346549228082,""
"AT3G02380_AT2G18915",0.0372089697678455,""
"AT4G01370_AT3G22930",0.0370561823811047,"Ca2+"
"AT2G28990_AT4G28650",0.0365188693764914,""
"AT4G28650_AT2G28990",0.0365188693764914,""
"AT4G35950_AT1G48270",0.0364977330191701,""
"AT2G19190_AT2G28960",0.036317882958495,""
"AT2G28960_AT2G19190",0.036317882958495,""
"AT2G19190_AT2G31880",0.036174367735123,""
"AT2G31880_AT2G19190",0.036174367735123,""
"AT1G12460_AT3G46330",0.0358829596034238,""
"AT3G46330_AT1G12460",0.0358829596034238,""
"AT3G21720_AT5G56290",0.0357886828565404,""
"AT5G65710_AT3G25560",0.035759629538163,""
"AT1G35710_AT2G23950",0.0353073205752626,""
"AT2G23950_AT1G35710",0.0353073205752626,""
"AT1G14700_AT4G23210",0.0352917261656624,""
"AT3G17000_AT3G17840",0.0347450238811982,""
"AT2G28960_AT5G48740",0.0347414272752898,""
"AT5G48740_AT2G28960",0.0347414272752898,""
"AT4G18640_AT4G29180",0.0344339537641069,""
"AT4G29180_AT4G18640",0.0344339537641069,""
"AT2G23950_AT2G24230",0.0342222373845155,""
"AT2G24230_AT2G23950",0.0342222373845155,""
"AT4G12250_AT2G20300",0.0339757734038617,""
"AT5G39660_AT2G18915",0.0335721011529068,""
"AT1G35710_AT5G45780",0.0333698246137825,""
"AT5G45780_AT1G35710",0.0333698246137825,""
"AT4G14480_AT2G33170",0.033162218609381,""
"AT1G64210_AT4G28650",0.0330895864669733,""
"AT1G28390_AT5G21274",0.0327949871694424,"Ca2+"
"AT5G21274_AT1G28390",0.0327949871694424,""
"AT1G48470_AT1G63430",0.0326926512069392,""
"AT2G20110_AT3G43810",0.0326228937469194,"Ca2+"
"AT2G41820_AT3G46330",0.0324543148786088,""
"AT3G46330_AT2G41820",0.0324543148786088,""
"AT2G26730_AT4G20450",0.0323928249295949,""
"AT4G20450_AT2G26730",0.0323928249295949,""
"AT1G20930_AT2G41090",0.0323574294941043,"Ca2+"
"AT2G24230_AT5G45780",0.0323426432152806,""
"AT5G45780_AT2G24230",0.0323426432152806,""
"AT5G07280_AT5G65700",0.0323273616017847,""
"AT5G65700_AT5G07280",0.0323273616017847,""
"AT4G30520_AT5G53320",0.0321235947052443,""
"AT5G53320_AT4G30520",0.0321235947052443,""
"AT1G14390_AT1G34110",0.032085651048482,""
"AT1G34110_AT1G14390",0.032085651048482,""
"AT2G26330_AT5G07280",0.0319519145736991,""
"AT5G07280_AT2G26330",0.0319519145736991,""
"AT1G20490_AT1G61420",0.0316891089011858,""
"AT5G45840_AT5G59680",0.0315257381560276,""
"AT5G59680_AT5G45840",0.0315257381560276,""
"AT4G01010_AT4G17615",0.0315058794834034,"Ca2+"
"AT4G17615_AT4G01010",0.0315058794834034,"Ca2+"
"AT5G49770_AT5G63710",0.0314551689523677,""
"AT5G63710_AT5G49770",0.0314551689523677,""
"AT1G34210_AT4G20450",0.0312720952624205,""
"AT4G20450_AT1G34210",0.0312720952624205,""
"AT1G53270_AT1G75820",0.0306498522018597,""
"AT4G00710_AT2G01210",0.0306109854919913,""
"AT1G01340_AT4G30560",0.0305732659184395,"Ca2+"
"AT4G30560_AT1G01340",0.0305732659184395,"Ca2+"
"AT1G34110_AT5G53320",0.0303422182051022,""
"AT5G53320_AT1G34110",0.0303422182051022,""
"AT1G17280_AT3G59740",0.0303405006780947,""
"AT5G59680_AT3G24660",0.0302625825787338,""
"AT1G08590_AT4G30520",0.0302292675898921,""
"AT4G30520_AT1G08590",0.0302292675898921,""
"AT1G55730_AT1G01340",0.0299024139942447,"Ca2+"
"AT4G20450_AT2G20850",0.0298781194119315,""
"AT1G51890_AT5G24100",0.0298578243321802,""
"AT5G24100_AT1G51890",0.0298578243321802,""
"AT2G02780_AT4G28650",0.0295818192956644,""
"AT4G28650_AT2G02780",0.0295818192956644,""
"AT5G10020_AT2G01210",0.0295483385101228,""
"AT4G31250_AT5G44700",0.0295041776074896,""
"AT5G44700_AT4G31250",0.0295041776074896,""
"AT1G14390_AT5G45780",0.0294442985765417,""
"AT5G45780_AT1G14390",0.0294442985765417,""
"AT2G14510_AT4G23740",0.0294234624636791,""
"AT4G23740_AT2G14510",0.0294234624636791,""
"AT3G48890_AT1G08590",0.028998779518833,""
"AT4G28650_AT5G20480",0.028981913891395,"elf18"
"AT5G20480_AT4G28650",0.028981913891395,""
"AT4G30520_AT3G24660",0.0284155329185239,""
"AT5G65700_AT2G01210",0.028312394850031,""
"AT2G01950_AT2G19190",0.0282932992911695,""
"AT2G19190_AT2G01950",0.0282932992911695,""
"AT3G14350_AT1G66830",0.0282050564473058,""
"AT4G23740_AT5G49770",0.0281529242437802,""
"AT5G49770_AT4G23740",0.0281529242437802,""
"AT1G48480_AT5G07280",0.0279788133818102,""
"AT5G07280_AT1G48480",0.0279788133818102,""
"AT3G17000_AT1G14390",0.0278962215184593,""
"AT1G80900_AT5G64560",0.0278266366511975,"Mg2+"
"AT5G64560_AT1G80900",0.0278266366511975,"Mg2+"
"AT5G48485_AT3G21630",0.0277961613706329,"chitin"
"AT4G14640_AT5G49760",0.0274121629404515,""
"AT5G49760_AT4G14640",0.0274121629404515,"Ca2+"
"AT1G55610_AT1G69270",0.0270701549041236,""
"AT1G69270_AT1G55610",0.0270701549041236,""
"AT3G21340_AT5G48380",0.0269501674387671,""
"AT5G48380_AT3G21340",0.0269501674387671,""
"AT3G46330_AT4G23740",0.0267625502614729,""
"AT4G23740_AT3G46330",0.0267625502614729,""
"AT2G19190_AT2G41820",0.0266396544021568,""
"AT2G41820_AT2G19190",0.0266396544021568,""
"AT2G23950_AT5G16900",0.0265312812307419,""
"AT5G16900_AT2G23950",0.0265312812307419,""
"AT5G48380_AT2G01210",0.0262411622852634,""
"AT1G08590_AT5G45780",0.0261977404012926,""
"AT5G45780_AT1G08590",0.0261977404012926,""
"AT1G05700_AT4G29180",0.0257218155333864,""
"AT4G29180_AT1G05700",0.0257218155333864,""
"AT1G08590_AT4G31250",0.0256541994683336,""
"AT4G31250_AT1G08590",0.0256541994683336,""
"AT5G45780_AT5G45840",0.0256530087327138,""
"AT5G45840_AT5G45780",0.0256530087327138,""
"AT4G20940_AT5G63710",0.0254074228551552,""
"AT5G63710_AT4G20940",0.0254074228551552,""
"AT4G28650_AT5G59680",0.0253048580687282,""
"AT5G59680_AT4G28650",0.0253048580687282,""
"AT1G64210_AT2G14510",0.0252309545009352,""
"AT1G07550_AT5G45840",0.025090943594398,""
"AT5G45840_AT1G07550",0.025090943594398,""
"AT5G16900_AT5G45780",0.0250722572836133,""
"AT5G45780_AT5G16900",0.0250722572836133,""
"AT2G25790_AT5G24100",0.0249986703486859,""
"AT5G24100_AT2G25790",0.0249986703486859,""
"AT3G17000_AT1G11330",0.0249180401339793,""
"AT2G14510_AT4G22130",0.0249063540161193,""
"AT4G22130_AT2G14510",0.0249063540161193,""
"AT3G17000_AT1G08590",0.0248219188918202,""
"AT5G65710_AT5G45780",0.0247068637277019,""
"AT5G45780_AT3G24660",0.0246245407418468,""
"AT1G51890_AT4G29180",0.0245852468120447,""
"AT4G29180_AT1G51890",0.0245852468120447,""
"AT3G49670_AT4G20450",0.0241989875591821,""
"AT4G20450_AT3G49670",0.0241989875591821,""
"AT4G31250_AT3G24660",0.0241141689932727,""
"AT2G28990_AT4G29180",0.0240880567101698,""
"AT4G29180_AT2G28990",0.0240880567101698,""
"AT4G20140_AT4G20940",0.0240805205591702,""
"AT4G20940_AT4G20140",0.0240805205591702,""
"AT4G03390_AT1G66830",0.0238705223883265,""
"AT4G21380_AT4G23740",0.0237764945388374,""
"AT4G23740_AT4G21380",0.0237764945388374,""
"AT3G17000_AT5G16900",0.023754891169632,""
"AT4G37640_AT1G01340",0.0235901462417848,"Ca2+"
"AT3G48260_AT4G11460",0.0235578457066393,""
"AT3G56370_AT5G24100",0.0234331424648945,""
"AT5G24100_AT3G56370",0.0234331424648945,""
"AT4G20450_AT5G65700",0.0234249094976689,""
"AT5G65700_AT4G20450",0.0234249094976689,""
"AT1G14700_AT1G74200",0.0233924761041967,""
"AT1G08590_AT2G36570",0.0233471249654986,""
"AT2G36570_AT1G08590",0.0233471249654986,""
"AT5G52240_AT3G59740",0.0231731501793531,""
"AT2G24230_AT3G17840",0.0231397770929405,""
"AT3G17840_AT2G24230",0.0231397770929405,""
"AT1G05700_AT4G20940",0.0229796487663384,""
"AT4G20940_AT1G05700",0.0229796487663384,""
"AT1G64210_AT3G46330",0.0229489976826342,""
"AT1G71230_AT3G63010",0.022919927282577,"GA"
"AT1G28390_AT3G43810",0.0227721885745896,"Ca2+"
"AT3G43810_AT1G28390",0.0227721885745896,""
"AT4G20940_AT4G23740",0.0227292770311405,""
"AT4G23740_AT4G20940",0.0227292770311405,""
"AT2G34180_AT5G55990",0.0223978096179848,"Ca2+"
"AT3G46330_AT5G01890",0.0220734022836579,""
"AT5G01890_AT3G46330",0.0220734022836579,""
"AT3G21340_AT4G18640",0.0220021665581636,""
"AT4G18640_AT3G21340",0.0220021665581636,""
"AT1G12460_AT3G21340",0.0217968184801026,""
"AT3G21340_AT1G12460",0.0217968184801026,""
"AT2G24230_AT3G24240",0.021473729309719,""
"AT3G24240_AT2G24230",0.021473729309719,""
"AT1G35710_AT2G24230",0.0210535310119107,""
"AT2G24230_AT1G35710",0.0210535310119107,""
"AT1G69270_AT5G53320",0.0210393787607387,""
"AT5G53320_AT1G69270",0.0210393787607387,""
"AT5G46330_AT1G66830",0.0207828835033888,""
"AT4G13020_AT4G14640",0.0207725988485047,"Ca2+"
"AT4G28270_AT4G02980",0.0205203654484889,""
"AT2G02780_AT3G46330",0.0205183581737844,""
"AT3G46330_AT2G02780",0.0205183581737844,""
"AT5G47810_AT5G21274",0.0203899077644326,"Ca2+"
"AT5G07280_AT5G63710",0.0202016411754504,""
"AT5G63710_AT5G07280",0.0202016411754504,""
"AT3G48260_AT1G61420",0.0200908682976357,""
"AT5G38280_AT1G61420",0.0200626962592399,""
"AT3G61880_AT5G21274",0.0199538336358016,"Ca2+"
"AT1G17230_AT2G19190",0.0197824603693001,""
"AT2G19190_AT1G17230",0.0197824603693001,""
"AT2G41820_AT3G21340",0.0197126606044937,""
"AT3G21340_AT2G41820",0.0197126606044937,""
"AT1G01140_AT4G26560",0.0195393651242358,"Ca2+"
"AT2G02780_AT4G29180",0.0195114474427831,""
"AT4G29180_AT2G02780",0.0195114474427831,""
"AT4G26070_AT2G41090",0.0193846735040187,"Ca2+"
"AT2G41820_AT2G01210",0.0191921755382863,""
"AT5G24100_AT5G61480",0.0191635477647088,""
"AT5G61480_AT5G24100",0.0191635477647088,""
"AT1G74360_AT5G48740",0.019147531257467,""
"AT5G48740_AT1G74360",0.019147531257467,""
"AT1G17230_AT5G48740",0.0189402205215204,""
"AT5G48740_AT1G17230",0.0189402205215204,""
"AT5G01820_AT1G64480",0.0188552819067768,"Ca2+"
"AT4G19380_AT3G21340",0.0188013046357247,""
"AT1G14390_AT2G24230",0.0185763156055314,""
"AT2G24230_AT1G14390",0.0185763156055314,""
"AT2G14510_AT3G03770",0.0185280892929036,""
"AT3G17840_AT5G45840",0.0183529939950848,""
"AT5G45840_AT3G17840",0.0183529939950848,""
"AT1G69270_AT4G01010",0.0182856470566498,"Ca2+"
"AT4G01010_AT1G69270",0.0182856470566498,""
"AT5G03260_AT1G04310",0.0181823090575215,"ET"
"AT3G21340_AT5G63710",0.0181697586814817,""
"AT5G63710_AT3G21340",0.0181697586814817,""
"AT4G23740_AT5G07280",0.0180709677884841,""
"AT5G07280_AT4G23740",0.0180709677884841,""
"AT1G64210_AT5G48740",0.0180354663683966,""
"AT1G14700_AT3G59740",0.0180060520478041,""
"AT1G34110_AT5G24100",0.0179720665731781,""
"AT5G24100_AT1G34110",0.0179720665731781,""
"AT5G65800_AT2G35620",0.0179396386486855,""
"AT3G17840_AT3G24660",0.0176170101590751,""
"AT3G25560_AT4G20940",0.0175617610093784,""
"AT4G20940_AT3G25560",0.0175617610093784,""
"AT2G02780_AT4G20940",0.0174262203119451,""
"AT4G20940_AT2G02780",0.0174262203119451,""
"AT5G01890_AT5G48740",0.017349252247092,""
"AT5G48740_AT5G01890",0.017349252247092,""
"AT4G30520_AT5G49770",0.0173344985708795,""
"AT5G49770_AT4G30520",0.0173344985708795,""
"AT1G71830_AT4G20940",0.0172485389172099,""
"AT4G20940_AT1G71830",0.0172485389172099,""
"AT1G67720_AT4G28650",0.0168022983212135,""
"AT4G28650_AT1G67720",0.0168022983212135,""
"AT2G19190_AT3G56370",0.0166562835951471,""
"AT3G56370_AT2G19190",0.0166562835951471,""
"AT3G21340_AT4G23740",0.016254523154217,""
"AT4G23740_AT3G21340",0.016254523154217,""
"AT4G29180_AT3G03770",0.0160290260123767,""
"AT3G17000_AT1G51880",0.0159760993958657,""
"AT2G23950_AT5G49770",0.0158959366496706,""
"AT5G49770_AT2G23950",0.0158959366496706,""
"AT5G13290_AT1G65380",0.0158066579326942,""
"AT1G54610_AT4G14640",0.0157965555005367,"Ca2+"
"AT4G29180_AT5G61480",0.015781195946651,""
"AT5G61480_AT4G29180",0.015781195946651,""
"AT2G14510_AT5G45780",0.0156936551279981,""
"AT5G45780_AT2G14510",0.0156936551279981,""
"AT2G20110_AT2G41090",0.0156899438930908,"Ca2+"
"AT2G23950_AT3G46330",0.015109487653591,""
"AT3G46330_AT2G23950",0.015109487653591,""
"AT5G45780_AT5G49770",0.0150177588079733,""
"AT5G49770_AT5G45780",0.0150177588079733,""
"AT5G15840_AT5G57360",0.0149018987039391,""
"AT4G20940_AT5G59680",0.0148989798442779,""
"AT5G59680_AT4G20940",0.0148989798442779,""
"AT3G17840_AT4G28650",0.0147309278141556,""
"AT4G28650_AT3G17840",0.0147309278141556,""
"AT4G31250_AT5G49770",0.0147080999134014,""
"AT5G49770_AT4G31250",0.0147080999134014,""
"AT4G18430_AT1G29260",0.0142959884210367,""
"AT3G46330_AT5G45780",0.0142736034939428,""
"AT5G45780_AT3G46330",0.0142736034939428,""
"AT1G29230_AT5G24270",0.0142381521885685,"Ca2+"
"AT5G47810_AT3G43810",0.014154890322892,"Ca2+"
"AT1G14390_AT3G24660",0.014142090496927,""
"AT4G20940_AT4G30520",0.0139936857386216,""
"AT4G30520_AT4G20940",0.0139936857386216,""
"AT3G46330_AT4G31250",0.013979980375079,""
"AT4G31250_AT3G46330",0.013979980375079,""
"AT1G64210_AT3G21340",0.0139379866361068,""
"AT3G61880_AT3G43810",0.0138529127876366,"Ca2+"
"AT3G11410_AT4G26560",0.01363385795303,"Ca2+"
"AT2G26650_AT4G26560",0.0136305106222452,"Ca2+"
"AT4G26560_AT2G26650",0.0136305106222452,"K+"
"AT4G29180_AT5G45780",0.0135789962411616,""
"AT5G45780_AT4G29180",0.0135789962411616,""
"AT1G64210_AT2G01210",0.0135689818791009,""
"AT1G07550_AT4G29180",0.0132849864574818,""
"AT4G29180_AT1G07550",0.0132849864574818,""
"AT1G11130_AT5G24100",0.0132702915098733,""
"AT5G24100_AT1G11130",0.0132702915098733,""
"AT3G17000_AT5G01540",0.012830318900944,""
"AT4G22756_AT4G23210",0.0125088890467733,""
"AT2G02780_AT3G21340",0.0124621165707595,""
"AT3G21340_AT2G02780",0.0124621165707595,""
"AT3G48260_AT4G38830",0.0123610798236452,""
"AT5G45840_AT3G24660",0.0123197566858776,""
"AT1G78860_AT4G30360",0.0122215694011791,"Ca2+"
"AT1G01340_AT4G01010",0.0121773001358476,"Ca2+"
"AT4G01010_AT1G01340",0.0121773001358476,"Ca2+"
"AT4G20940_AT5G45780",0.0121205693949422,""
"AT5G45780_AT4G20940",0.0121205693949422,""
"AT2G24180_AT5G27210",0.0118804689477922,""
"AT4G20940_AT4G31250",0.0118717712219315,""
"AT4G31250_AT4G20940",0.0118717712219315,""
"AT1G14390_AT4G28650",0.0118252820287962,""
"AT4G28650_AT1G14390",0.0118252820287962,""
"AT5G55470_AT1G01340",0.0118244621065673,"Ca2+"
"AT1G17230_AT4G20450",0.011793843976954,""
"AT4G20450_AT1G17230",0.011793843976954,""
"AT3G48260_AT4G35290",0.0116768480029774,""
"AT3G48890_AT5G27210",0.0114633973040991,""
"AT4G14640_AT4G23650",0.0114069624313792,"Ca2+"
"AT4G23650_AT4G14640",0.0114069624313792,"Ca2+"
"AT1G64210_AT4G20450",0.0112307523291352,""
"AT1G65790_AT1G18880",0.0112078978798702,"NO3-"
"AT3G17000_AT2G19190",0.0111033058800877,""
"AT1G67720_AT4G29180",0.0110808918151937,""
"AT4G29180_AT1G67720",0.0110808918151937,""
"AT1G28390_AT2G41090",0.010946068064232,"Ca2+"
"AT2G41090_AT1G28390",0.010946068064232,""
"AT3G17840_AT5G49770",0.0107435502993383,""
"AT5G49770_AT3G17840",0.0107435502993383,""
"AT5G35410_AT1G64480",0.0105402269257285,"Ca2+"
"AT1G51820_AT4G28650",0.0103681021049637,""
"AT4G28650_AT1G51820",0.0103681021049637,""
"AT5G16000_AT1G66830",0.0102328447548419,""
"AT4G35950_AT4G20450",0.0102050683530565,""
"AT3G25560_AT4G20450",0.0101194773107227,""
"AT4G20450_AT3G25560",0.0101194773107227,""
"AT3G21340_AT4G30520",0.010007389258243,""
"AT4G30520_AT3G21340",0.010007389258243,""
"AT3G56370_AT4G20450",0.00993037591348103,""
"AT4G20450_AT3G56370",0.00993037591348103,""
"AT4G28650_AT3G24660",0.00988814345258959,""
"AT3G17240_AT4G14640",0.00987111360271805,"Ca2+"
"AT3G17000_AT5G27210",0.00981161426086481,""
"AT2G34180_AT4G21940",0.00975832155166984,"Ca2+"
"AT3G17840_AT4G29180",0.00971457751291657,""
"AT4G29180_AT3G17840",0.00971457751291657,""
"AT5G24100_AT5G44700",0.00969090199974333,""
"AT5G44700_AT5G24100",0.00969090199974333,""
"AT1G60630_AT5G49770",0.00963881340481171,""
"AT5G49770_AT1G60630",0.00963881340481171,""
"AT5G07280_AT5G45780",0.00963602190644151,""
"AT5G45780_AT5G07280",0.00963602190644151,""
"AT5G47530_AT3G56370",0.00960790696014796,""
"AT1G14390_AT5G24100",0.00946866962694969,""
"AT5G24100_AT1G14390",0.00946866962694969,""
"AT4G31250_AT5G07280",0.00943835388004581,""
"AT5G07280_AT4G31250",0.00943835388004581,""
"AT1G11130_AT2G19190",0.00943039090922331,""
"AT2G19190_AT1G11130",0.00943039090922331,""
"AT4G18950_AT4G14640",0.00940875427916778,"Ca2+"
"AT2G23950_AT3G21340",0.00917613516855692,""
"AT3G21340_AT2G23950",0.00917613516855692,""
"AT1G69270_AT4G20940",0.0091573497946154,""
"AT4G20940_AT1G69270",0.0091573497946154,""
"AT1G29230_AT5G55990",0.00904116001166654,"Ca2+"
"AT3G24240_AT4G29180",0.00901509554196049,""
"AT4G29180_AT3G24240",0.00901509554196049,""
"AT2G26330_AT1G66830",0.00885289435394777,""
"AT1G35710_AT4G29180",0.00883843987662168,""
"AT4G29180_AT1G35710",0.00883843987662168,""
"AT1G51800_AT1G66830",0.00878881883956482,""
"AT3G17840_AT4G20940",0.0086705604324586,""
"AT4G20940_AT3G17840",0.0086705604324586,""
"AT3G21340_AT5G45780",0.00866785864900903,""
"AT5G45780_AT3G21340",0.00866785864900903,""
"AT3G12200_AT4G14640",0.00864917558521514,"Ca2+"
"AT3G21340_AT4G31250",0.00848993284549812,""
"AT4G31250_AT3G21340",0.00848993284549812,""
"AT1G08590_AT5G24100",0.00842336688219681,""
"AT5G24100_AT1G08590",0.00842336688219681,""
"AT1G56130_AT4G20940",0.00837203667555976,""
"AT4G20940_AT1G56130",0.00837203667555976,""
"AT1G53270_AT4G30560",0.00828371921529396,"Ca2+"
"AT2G28960_AT1G66830",0.00827750347967992,""
"AT3G46330_AT3G56100",0.00819549592846629,""
"AT3G56100_AT3G46330",0.00819549592846629,""
"AT5G49770_AT5G53320",0.00815506495211676,""
"AT5G53320_AT5G49770",0.00815506495211676,""
"AT2G24230_AT4G21380",0.00799801555703871,""
"AT4G21380_AT2G24230",0.00799801555703871,""
"AT5G24100_AT3G24660",0.00791718857429819,""
"AT1G67720_AT5G07280",0.00786365393146212,""
"AT5G07280_AT1G67720",0.00786365393146212,""
"AT1G14390_AT4G29180",0.00779826109258318,""
"AT4G29180_AT1G14390",0.00779826109258318,""
"AT3G56100_AT4G29180",0.00779460734098719,""
"AT4G29180_AT3G56100",0.00779460734098719,""
"AT3G46330_AT5G53320",0.00775059994751761,""
"AT5G53320_AT3G46330",0.00775059994751761,""
"AT5G65710_AT2G14510",0.00756180003652878,""
"AT1G35710_AT5G48740",0.0073059018391786,""
"AT5G48740_AT1G35710",0.0073059018391786,""
"AT1G14390_AT4G20940",0.0069596902940109,""
"AT4G20940_AT1G14390",0.0069596902940109,""
"AT1G51820_AT4G29180",0.00683727106412352,""
"AT4G29180_AT1G51820",0.00683727106412352,""
"AT5G47810_AT2G41090",0.00679833389152912,"Ca2+"
"AT4G35600_AT4G14640",0.00679798991067209,"Ca2+"
"AT4G29180_AT5G45840",0.00679326029018181,""
"AT5G45840_AT4G29180",0.00679326029018181,""
"AT1G56130_AT5G07280",0.00665582836567941,""
"AT5G07280_AT1G56130",0.00665582836567941,""
"AT3G61880_AT2G41090",0.00665451244486423,"Ca2+"
"AT3G24240_AT5G07280",0.00639680694927586,""
"AT5G07280_AT3G24240",0.00639680694927586,""
"AT3G48260_AT5G49770",0.00607106478721478,""
"AT3G59740_AT4G31250",0.00601955587947571,""
"AT4G31250_AT3G59740",0.00601955587947571,""
"AT4G01010_AT4G21380",0.00598295547228031,""
"AT4G21380_AT4G01010",0.00598295547228031,"Ca2+"
"AT3G17000_AT3G59740",0.00582401173573609,""
"AT5G07280_AT5G44700",0.0056630459116981,""
"AT5G44700_AT5G07280",0.0056630459116981,""
"AT5G35410_AT4G14640",0.005219950612095,"Ca2+"
"AT3G13380_AT1G66830",0.00516233307710327,""
"AT4G36250_AT4G14640",0.00504731291722184,"Ca2+"
"AT5G03260_AT4G01010",0.00504371503127616,"Ca2+"
"AT4G23740_AT1G66830",0.00500320275653815,""
"AT3G21340_AT3G56100",0.00497733749672819,""
"AT3G56100_AT3G21340",0.00497733749672819,""
"AT3G17000_AT5G27060",0.00484633559449557,""
"AT5G24100_AT5G49770",0.00482740245692345,""
"AT5G49770_AT5G24100",0.00482740245692345,""
"AT1G56130_AT4G20450",0.00482467309809875,""
"AT4G20450_AT1G56130",0.00482467309809875,""
"AT3G61160_AT4G14640",0.00481346865215565,"Ca2+"
"AT1G29720_AT4G29180",0.00469089335020669,""
"AT4G29180_AT1G29720",0.00469089335020669,""
"AT3G24240_AT4G20450",0.00463688733964884,""
"AT4G20450_AT3G24240",0.00463688733964884,""
"AT3G46330_AT5G24100",0.00458774315810307,""
"AT5G24100_AT3G46330",0.00458774315810307,""
"AT1G35710_AT4G20450",0.00454589849371376,""
"AT4G20450_AT1G35710",0.00454589849371376,""
"AT4G22130_AT1G66830",0.00423395370225733,""
"AT5G15840_AT2G18915",0.0042126838698043,""
"AT4G39540_AT4G14640",0.00410396462146778,"Ca2+"
"AT4G14640_AT5G01890",0.00389893673176151,""
"AT5G01890_AT4G14640",0.00389893673176151,"Ca2+"
"AT4G20940_AT5G24100",0.00389537638240694,""
"AT5G24100_AT4G20940",0.00389537638240694,""
"AT1G51170_AT4G14640",0.00388566407165662,"Ca2+"
"AT3G25560_AT1G66830",0.00386578639344144,""
"AT2G02780_AT1G66830",0.00383594092888421,""
"AT1G71830_AT1G66830",0.00379650490295005,""
"AT5G10520_AT4G14640",0.00368332406496614,"Ca2+"
"AT1G20950_AT4G14640",0.00367636094371251,"Ca2+"
"AT3G20110_AT4G14640",0.00365466072197353,"Ca2+"
"AT1G53270_AT1G01340",0.00351460268635598,"Ca2+"
"AT5G35410_AT4G26560",0.00346905652122254,"Ca2+"
"AT4G21470_AT4G14640",0.00332288294623584,"Ca2+"
"AT2G48010_AT4G14640",0.0032708034415318,"Ca2+"
"AT4G14640_AT2G48010",0.0032708034415318,""
"AT2G19190_AT4G29180",0.00310194958211147,""
"AT4G29180_AT2G19190",0.00310194958211147,""
"AT4G30520_AT1G66830",0.00307996024559325,""
"AT4G29180_AT5G48740",0.0029722923908476,""
"AT5G48740_AT4G29180",0.0029722923908476,""
"AT3G21340_AT5G24100",0.00278572582909923,""
"AT5G24100_AT3G21340",0.00278572582909923,""
"AT5G24100_AT2G01210",0.00271144647571007,""
"AT4G20940_AT5G48740",0.00265249691408974,""
"AT5G48740_AT4G20940",0.00265249691408974,""
"AT4G31250_AT1G66830",0.00261248695927312,""
"AT1G67820_AT3G24660",0.00252829652642839,""
"AT4G26770_AT1G60630",0.00204054638912689,""
"AT1G69270_AT1G66830",0.00201482561523438,""
"AT1G20930_AT4G14640",0.00197758458258438,"Ca2+"
"AT3G17840_AT1G66830",0.00190771844521476,""
"AT1G55610_AT1G66830",0.00186334607306429,""
"AT4G20450_AT4G29180",0.00184901375909597,""
"AT4G29180_AT4G20450",0.00184901375909597,""
"AT4G20450_AT4G20940",0.00164972018762697,""
"AT4G20940_AT4G20450",0.00164972018762697,""
"AT4G26200_AT2G17890",0.00159280289019228,"Ca2+"
"AT4G26770_AT1G48270",0.00154741306882058,""
"AT5G47530_AT2G19190",0.00154328658887266,""
"AT1G14390_AT1G66830",0.00153121267878938,""
"AT5G24100_AT1G66830",0.000856920437241208,""
"AT1G28390_AT4G14640",0.000667314938727317,"Ca2+"
"AT4G14640_AT1G28390",0.000667314938727317,""
"AT2G19190_AT1G66830",0.00060882439391863,""
