cell_id,CellType,scplantllm_pred,scplantllm_pred_top1_prob,leiden,leiden_0.3,leiden_0.5,leiden_0.8,leiden_1.0,leiden_1.5
AAACCCAAGGTCGACA-1_5,Epidermal,Mesophyll,,3,1,3,2,5,5
AAACCCAAGTGGACTG-1_2,Mesophyll,Mesophyll,,1,0,1,6,6,6
AAACCCACAACTGATC-1_2,Epidermal,Mesophyll,,3,1,3,6,6,6
AAACCCACAGAAGCGT-1_1,Mesophyll,Mesophyll,,1,2,1,7,9,11
AAACCCACAGTCTTCC-1_2,Mesophyll,Mesophyll,,1,2,1,7,9,11
AAACCCAGTCCTACAA-1_2,Epidermal,Mesophyll,,1,2,1,2,5,5
AAACCCAGTGCCTTTC-1_4,Mesophyll,Root endodermis,,0,0,0,5,1,8
AAACCCATCCATTTGT-1_5,Mesophyll,Mesophyll,,1,2,1,1,7,0
AAACCCATCGAGTGAG-1_2,Mesophyll,Root cap,,1,0,1,7,9,11
AAACGAAAGCTTAGTC-1_5,Mesophyll,Root cortex,,2,1,2,2,2,1
AAACGAAAGTAGGATT-1_1,Mesophyll,Vascular cambium,,4,3,4,8,10,12
AAACGAACAACAGAGC-1_6,Epidermal,Root endodermis,,2,1,2,3,2,3
AAACGAACAGTAGAGC-1_3,Mesophyll,Root endodermis,,1,0,1,7,9,11
AAACGAACATGGCTGC-1_6,Mesophyll,Mesophyll,,3,1,3,2,5,5
AAACGAAGTAAGTTAG-1_2,Epidermal,Mesophyll,,5,2,5,9,4,17
AAACGAAGTAGTGGCA-1_4,Mesophyll,Mesophyll,,1,2,1,7,9,11
AAACGAATCGTGGGAA-1_6,Mesophyll,Mesophyll,,0,0,0,5,1,8
AAACGAATCTTGATTC-1_2,Epidermal,Mesophyll,,3,1,3,2,8,10
AAACGCTAGACCTCAT-1_1,Epidermal,Mesophyll,,1,2,1,0,0,2
AAACGCTAGGCCCACT-1_1,Epidermal,Mesophyll,,1,2,1,0,0,2
AAACGCTAGGGTTAAT-1_3,Mesophyll,Root cortex,,2,1,2,4,2,1
AAACGCTAGTACCATC-1_5,Stele,Vascular cambium,,4,3,4,8,10,12
AAACGCTCACAGTACT-1_4,Epidermal,Phloem parenchyma,,0,0,0,5,1,8
AAACGCTCACCCAATA-1_2,Stele,Mesophyll,,3,1,3,1,4,9
AAACGCTCACGTAACT-1_3,Stele,Vascular cambium,,0,0,0,1,7,13
AAACGCTGTAACCCTA-1_4,Stele,Root endodermis,,0,0,0,5,1,13
AAACGCTGTACTGCCG-1_3,Mesophyll,Phloem parenchyma,,1,2,1,0,0,2
AAACGCTGTCCCAAAT-1_4,Meristematic,Root procambium,,0,0,0,1,1,4
AAACGCTGTCTACATG-1_4,Epidermal,Phloem pole pericycle,,0,0,0,1,1,4
AAACGCTGTTCATCTT-1_6,Stele,Root endodermis,,0,0,0,1,4,13
AAACGCTGTTCCGGTG-1_4,Meristematic,Leaf pavement cell,,2,1,2,3,3,3
AAACGCTGTTTGCCGG-1_2,Epidermal,Columella root cap,,1,1,1,1,7,14
AAACGCTTCTATCCAT-1_4,Epidermal,Mesophyll,,1,2,1,0,0,0
AAAGAACAGTTGGAAT-1_2,Epidermal,Root cap,,2,0,2,3,1,9
AAAGAACCAAAGGATT-1_4,Epidermal,Phloem,,3,1,3,3,2,15
AAAGAACCACTTCAAG-1_1,Epidermal,Leaf pavement cell,,2,1,2,3,3,3
AAAGAACCACTTCAAG-1_5,Mesophyll,Mesophyll,,3,1,3,2,5,5
AAAGAACCAGTCGTTA-1_2,Mesophyll,Mesophyll,,0,0,0,6,6,6
AAAGAACCATCTCATT-1_2,Mesophyll,Root procambium,,0,0,0,5,1,8
AAAGAACGTATCGCTA-1_2,Stele,Explant vasculature and callus founder cell,,0,1,0,1,4,9
AAAGAACGTCACCGCA-1_1,Epidermal,Root cortex,,2,1,2,4,2,1
AAAGAACGTGCAGGAT-1_6,Epidermal,Leaf pavement cell,,2,1,2,3,3,3
AAAGAACTCAACGTGT-1_3,Epidermal,Mesophyll,,0,0,0,6,6,6
AAAGAACTCACGGACC-1_3,Mesophyll,Root cortex,,1,2,1,0,0,2
AAAGAACTCAGCCTTC-1_5,Epidermal,Root cortex,,2,1,2,4,2,1
AAAGGATAGGATATGT-1_1,Epidermal,Root cortex,,2,1,2,4,2,1
AAAGGATCAATCGCGC-1_4,Mesophyll,Root procambium,,0,0,0,1,7,4
AAAGGATCATGAGATA-1_2,Meristematic,Mesophyll,,1,2,1,11,12,19
AAAGGATCATTGCCTC-1_6,Mesophyll,Mesophyll,,3,1,3,2,5,5
AAAGGATGTGACCGTC-1_1,Epidermal,Flower meristem,,0,0,0,1,4,13
AAAGGATGTGGAAGTC-1_3,Mesophyll,Mesophyll,,3,1,3,3,8,3
AAAGGATGTGTGTTTG-1_2,Epidermal,Mesophyll,,1,2,1,0,0,0
AAAGGATTCGAACACT-1_3,Guard,Root cortex,,2,1,2,3,3,3
AAAGGGCCACATAGCT-1_1,Epidermal,Mesophyll,,1,2,1,0,3,3
AAAGGGCGTCACTTCC-1_4,Epidermal,Root cortex,,1,2,1,0,0,7
AAAGGGCGTCGACTGC-1_5,Epidermal,Root endodermis,,0,0,0,3,1,8
AAAGGGCTCAAAGCCT-1_1,Mesophyll,Mesophyll,,1,2,1,0,0,2
AAAGGTAAGACTCTTG-1_4,Epidermal,Mesophyll,,3,1,3,2,5,5
AAAGGTAAGCCGTTAT-1_6,Mesophyll,Mesophyll,,1,2,1,0,0,2
AAAGGTAAGCGCCCAT-1_4,Epidermal,Phloem parenchyma,,0,0,0,5,1,8
AAAGGTAAGGCGATAC-1_4,Stele,Mesophyll,,1,2,1,0,0,2
AAAGGTAAGTACAGCG-1_2,Epidermal,Root cortex,,2,0,2,3,3,3
AAAGGTAGTCACGTGC-1_4,Mesophyll,Mesophyll,,1,2,1,0,0,2
AAAGGTATCCTGCCAT-1_6,Epidermal,Root endodermis,,3,1,3,2,6,6
AAAGGTATCGTTACCC-1_3,Epidermal,Columella root cap,,1,2,1,0,0,15
AAAGGTATCGTTCTAT-1_2,Stele,Mesophyll,,3,1,3,2,8,10
AAAGTCCAGCCACCGT-1_5,Mesophyll,Root cortex,,3,1,3,2,8,10
AAAGTCCCAACCTATG-1_3,Meristematic,Root cortex,,2,0,2,4,2,7
AAAGTCCCAAGACGAC-1_1,Epidermal,Phloem pole pericycle,,0,0,0,1,1,4
AAAGTCCCACATATGC-1_2,Mesophyll,Mesophyll,,1,2,1,0,0,0
AAAGTCCCACTCCTGT-1_5,Epidermal,Mesophyll,,0,0,0,4,1,16
AAAGTCCCAGAGCTAG-1_5,Epidermal,Mesophyll,,3,1,3,2,5,5
AAAGTCCGTTGTCATG-1_3,Mesophyll,Mesophyll,,1,2,1,0,0,2
AAAGTCCTCAAGGTGG-1_2,Mesophyll,Mesophyll,,3,1,3,4,5,7
AAAGTCCTCACCCTTG-1_6,Epidermal,Non-hair,,0,0,0,5,1,4
AAAGTCCTCCAGCTCT-1_5,Epidermal,Root cortex,,2,0,2,3,3,3
AAAGTCCTCCGGTAGC-1_3,Mesophyll,Mesophyll,,0,0,0,5,1,16
AAAGTCCTCCGTCCTA-1_3,Epidermal,Root endodermis,,0,0,0,6,1,8
AAAGTGACAACTCGTA-1_1,Stele,Root endodermis,,0,0,0,4,1,7
AAAGTGACAAGTTTGC-1_5,Epidermal,Mesophyll,,1,2,1,0,4,0
AAAGTGACATGAGAAT-1_1,Epidermal,Root endodermis,,0,0,0,5,1,8
AAAGTGAGTAACCCGC-1_5,Meristematic,Root procambium,,0,0,0,5,4,8
AAAGTGATCAACCGAT-1_2,Mesophyll,Mesophyll,,0,0,0,6,6,6
AAAGTGATCCATCACC-1_2,Meristematic,Root procambium,,0,0,0,1,1,4
AAAGTGATCCGATCTC-1_4,Mesophyll,Mesophyll,,3,1,3,2,5,5
AAAGTGATCTGTACAG-1_6,Mesophyll,Cortex,,2,0,2,4,5,5
AAATGGAAGACTCAAA-1_6,Mesophyll,Mesophyll,,1,2,1,0,0,2
AAATGGAAGCTTTCCC-1_1,Epidermal,Mesophyll,,1,2,1,0,0,2
AAATGGAAGGTACCTT-1_2,Meristematic,Mesophyll,,1,2,1,0,0,16
AAATGGATCCTACAAG-1_6,Epidermal,Root cortex,,2,0,2,4,3,0
AAATGGATCGTGGGTC-1_3,Stele,Phloem,,2,1,2,4,2,1
AAATGGATCTCCGATC-1_5,Epidermal,Mesophyll,,3,1,3,2,5,5
AAATGGATCTGGCCAG-1_6,Stele,Phloem parenchyma,,0,0,0,5,1,8
AACAAAGAGATACATG-1_5,Stele,Mesophyll,,3,2,3,2,5,11
AACAAAGCAAGGCGTA-1_4,Meristematic,Mesophyll,,1,2,1,11,12,19
AACAAAGCAGTGGGTA-1_5,Epidermal,Vascular cambium,,0,0,0,1,1,9
AACAAAGGTCGTACTA-1_2,Epidermal,Root cap,,0,0,0,1,1,4
AACAAAGGTGCCAAGA-1_1,Stele,Flower meristem,,4,2,4,8,10,12
AACAAAGTCGGCATAT-1_4,Epidermal,Root endodermis,,5,4,5,9,11,18
AACAAAGTCTGCTTTA-1_1,Meristematic,Root procambium,,1,2,1,0,4,16
AACAACCAGAAATGGG-1_5,Stele,Columella root cap,,0,0,0,5,1,4
AACAACCCACAGGATG-1_2,Epidermal,Root endodermis,,0,0,0,5,1,3
AACAACCGTAATTAGG-1_5,Mesophyll,Non-hair,,2,0,2,3,3,14
AACAACCGTAGTATAG-1_6,Stele,Phloem parenchyma,,0,0,0,6,1,4
AACAACCGTGTGTGTT-1_3,Mesophyll,Root endodermis,,2,1,2,4,2,1
AACAACCTCCAAAGGG-1_4,Epidermal,Leaf pavement cell,,0,0,0,1,7,4
AACAACCTCTCACGAA-1_2,Stele,Root cap,,1,2,1,0,7,13
AACAACCTCTGCCTCA-1_1,Stele,Lateral root cap,,0,0,0,5,1,8
AACAACCTCTTGCAGA-1_6,Mesophyll,Root endodermis,,2,0,2,5,1,8
AACAAGACAAACACCT-1_4,Epidermal,Leaf pavement cell,,2,1,2,3,3,3
AACAAGACAGATCATC-1_6,Stele,Mesophyll,,1,2,1,0,0,2
AACAAGACATGTGCTA-1_3,Mesophyll,Mesophyll,,1,2,1,0,9,11
AACAAGAGTATGATCC-1_4,Mesophyll,Phloem parenchyma,,0,0,0,5,1,8
AACAAGAGTATTTCCT-1_1,Epidermal,Root endodermis,,2,0,2,5,7,7
AACAAGAGTCACAATC-1_6,Stele,Mesophyll,,3,2,3,2,4,0
AACAAGAGTCTTAGTG-1_3,Mesophyll,Root cortex,,3,1,3,2,8,10
AACAAGAGTGAGAACC-1_1,Mesophyll,Explant vasculature and callus founder cell,,2,1,2,3,2,7
AACAAGATCAACACGT-1_1,Epidermal,Mesophyll,,3,1,3,2,8,10
AACAAGATCCGATCTC-1_1,Epidermal,Leaf pavement cell,,3,1,3,2,8,10
AACAAGATCTTCGATT-1_4,Epidermal,Root cortex,,2,0,2,1,7,7
AACACACAGGTGAGAA-1_6,Mesophyll,Cortex,,4,2,4,8,10,12
AACACACAGTCTAACC-1_3,Stele,Phloem,,3,1,3,10,4,9
AACACACAGTGCACTT-1_3,Epidermal,Mesophyll,,1,2,1,0,0,0
AACACACCATGGCCAC-1_1,Mesophyll,Root cortex,,3,1,3,2,8,1
AACACACGTGGCTTGC-1_4,Epidermal,Root cap,,1,2,1,0,7,19
AACACACTCACACGAT-1_5,Epidermal,Phloem parenchyma,,0,0,0,5,1,8
AACACACTCGCTGACG-1_3,Stele,Mesophyll,,1,2,1,0,0,2
AACACACTCGTGCACG-1_3,Epidermal,Leaf pavement cell,,2,1,2,3,2,1
AACAGGGAGACTTGTC-1_5,Mesophyll,Mesophyll,,3,1,3,2,5,5
AACAGGGAGCATTGTC-1_1,Mesophyll,Leaf pavement cell,,2,1,2,3,3,3
AACAGGGAGCCAGTAG-1_4,Epidermal,Leaf pavement cell,,0,0,0,6,6,6
AACAGGGCACTGCACG-1_3,Mesophyll,Mesophyll,,0,0,0,6,6,6
AACAGGGCATAACCCA-1_6,Epidermal,Mesophyll,,1,2,1,0,0,0
AACAGGGCATTGAAGA-1_3,Mesophyll,Root endodermis,,0,0,0,6,6,19
AACAGGGGTGACCGAA-1_4,Stele,Mesophyll,,2,1,2,1,3,3
AACAGGGGTTGTAAAG-1_5,Epidermal,Root cortex,,3,1,3,2,5,5
AACAGGGTCCTCTAAT-1_2,Epidermal,Non-hair,,0,0,0,1,7,17
AACAGGGTCTCTTAAC-1_5,Mesophyll,Root cortex,,1,2,1,0,0,0
AACAGGGTCTGACGCG-1_4,Meristematic,Root cortex,,2,1,2,4,2,1
AACCAACAGCGCCTAC-1_1,Epidermal,Flower meristem,,5,2,5,1,4,17
AACCAACAGGTCATAA-1_5,Mesophyll,Mesophyll,,1,2,1,0,0,0
AACCAACAGTAACCTC-1_1,Meristematic,Sieve element,,1,2,1,1,4,16
AACCAACCACTACACA-1_3,Mesophyll,Mesophyll,,2,1,2,4,2,1
AACCAACCAGAGTTGG-1_1,Stele,Root cortex,,2,1,2,4,2,1
AACCAACGTATCGCAT-1_4,Mesophyll,Root endodermis,,0,0,0,6,6,6
AACCAACGTCTTGCGG-1_5,Epidermal,Non-hair,,2,1,2,3,3,3
AACCAACTCAAGTTGC-1_2,Epidermal,Root endodermis,,3,1,3,2,5,5
AACCAACTCGAACCAT-1_4,Mesophyll,Phloem parenchyma,,2,0,2,5,1,8
AACCACAAGCACACAG-1_2,Epidermal,Root endodermis,,0,0,0,5,1,8
AACCACACAACTGAAA-1_2,Epidermal,Cortex,,2,0,2,3,1,7
AACCACAGTACGACAG-1_5,Epidermal,Root cap,,0,0,0,1,1,9
AACCACAGTCTTCGAA-1_2,Meristematic,Root cortex,,3,1,3,2,8,15
AACCACATCCGAACGC-1_2,Epidermal,Root endodermis,,0,0,0,5,1,7
AACCACATCCTGTACC-1_2,Stele,Leaf pavement cell,,0,0,0,3,3,3
AACCACATCGCTACAA-1_5,Meristematic,Root cap,,3,1,3,2,8,10
AACCACATCTGAGGTT-1_4,Epidermal,Root cortex,,3,1,3,2,2,1
AACCACATCTGCGGAC-1_5,Meristematic,Root cap,,1,2,1,1,9,11
AACCATGAGACCAGCA-1_4,Mesophyll,Mesophyll,,1,2,1,7,9,11
AACCATGCACTACCGG-1_1,Mesophyll,Flower meristem,,4,3,4,8,10,12
AACCATGCAGAAGTTA-1_4,Epidermal,Mesophyll,,1,2,1,0,0,2
AACCATGCATCCGTGG-1_3,Epidermal,Cortex,,3,1,3,2,2,1
AACCATGGTCACGACC-1_6,Epidermal,Root endodermis,,0,0,0,5,1,8
AACCATGGTCAGGAGT-1_1,Mesophyll,Mesophyll,,1,2,1,7,9,2
AACCATGGTGCGTGCT-1_3,Mesophyll,Root endodermis,,2,1,2,4,2,1
AACCATGGTGCTGCAC-1_2,Epidermal,Root cortex,,2,1,2,4,2,1
AACCATGGTGGAAATT-1_5,Mesophyll,Mesophyll,,1,2,1,7,9,2
AACCATGTCATCACAG-1_4,Mesophyll,Mesophyll,,1,2,1,0,0,2
AACCATGTCGTGTTCC-1_3,Epidermal,Root hair,,5,4,5,9,11,18
AACCCAAAGATTAGCA-1_2,Epidermal,Root cortex,,2,1,2,4,2,1
AACCCAACAAAGGGTC-1_5,Epidermal,Root procambium,,4,3,4,8,10,12
AACCCAACAGAGACTG-1_1,Stele,Mesophyll,,3,1,3,2,5,5
AACCCAATCTTAGCAG-1_2,Mesophyll,Mesophyll,,0,0,0,6,6,6
AACCCAATCTTGCAAG-1_4,Mesophyll,Mesophyll,,1,2,1,0,0,2
AACCTGAAGCATTGAA-1_3,Epidermal,Root endodermis,,5,4,5,9,11,18
AACCTGAAGCTATCTG-1_4,Mesophyll,Explant vasculature and callus founder cell,,3,1,3,2,5,5
AACCTGACAAATGATG-1_5,Epidermal,Columella root cap,,0,0,0,5,1,8
AACCTGACACAGAGAC-1_4,Mesophyll,Mesophyll,,4,3,4,8,10,12
AACCTGAGTGACACAG-1_3,Epidermal,Columella root cap,,0,0,0,3,1,9
AACCTGAGTTACCTGA-1_5,Mesophyll,Root endodermis,,0,0,0,6,6,6
AACCTGATCATGAAAG-1_3,Meristematic,Flower meristem,,1,2,1,0,4,17
AACCTGATCATGAGGG-1_3,Epidermal,Root cortex,,2,1,2,4,3,0
AACCTTTAGAACGTGC-1_1,Epidermal,Root cortex,,2,1,2,4,2,1
AACCTTTAGGAAGAAC-1_2,Mesophyll,Mesophyll,,1,2,1,0,0,2
AACCTTTCACAGAGCA-1_5,Epidermal,Mesophyll,,3,1,3,2,8,10
AACCTTTCACCCTATC-1_3,Epidermal,Mesophyll,,0,0,0,1,4,9
AACCTTTCACTACTTT-1_4,Epidermal,Bundle sheath,,0,0,0,1,7,13
AACCTTTCATGCTGCG-1_5,Epidermal,Root cortex,,2,1,2,3,3,3
AACCTTTCATGGGAAC-1_2,Epidermal,Leaf pavement cell,,0,0,0,3,3,3
AACCTTTCATTCTCTA-1_1,Mesophyll,Mesophyll,,1,2,1,2,5,5
AACCTTTGTGTCTTGA-1_6,Mesophyll,Root cap,,1,2,1,0,0,0
AACCTTTTCAGTGGGA-1_5,Epidermal,Phloem,,0,1,0,1,7,7
AACCTTTTCCCATACC-1_2,Epidermal,Root cortex,,2,1,2,4,2,1
AACCTTTTCTGGAAGG-1_6,Epidermal,Mesophyll,,3,2,3,2,5,5
AACCTTTTCTTACACT-1_4,Epidermal,Non-hair,,0,0,0,1,7,4
AACGAAAAGAAGATCT-1_6,Mesophyll,Mesophyll,,0,0,0,6,6,6
AACGAAAAGGTGCTGA-1_4,Epidermal,Root cap,,0,0,0,6,4,7
AACGAAACACGACAGA-1_4,Epidermal,Leaf pavement cell,,2,1,2,3,3,3
AACGAAACAGTGACCC-1_4,Mesophyll,Root cortex,,2,1,2,4,2,1
AACGAAAGTCCCAAAT-1_6,Mesophyll,Explant vasculature and callus founder cell,,0,0,0,0,1,7
AACGAAAGTGGAACAC-1_5,Epidermal,Non-hair,,1,0,1,1,7,14
AACGAAAGTTGCATTG-1_4,Epidermal,Root cortex,,1,2,1,3,3,0
AACGAAAGTTTGTTCT-1_4,Epidermal,Leaf pavement cell,,1,2,1,7,9,11
AACGAAATCCGGCAAC-1_5,Mesophyll,Mesophyll,,3,1,3,2,5,5
AACGGGAAGATCCTAC-1_5,Mesophyll,Sieve element,,0,0,0,1,1,4
AACGGGAAGCGAACTG-1_4,Epidermal,Mesophyll,,1,2,1,0,0,2
AACGGGACAATCCAGT-1_6,Epidermal,Flower meristem,,0,0,0,1,4,13
AACGGGACAGACATCT-1_4,Epidermal,Mesophyll,,2,1,2,3,3,3
AACGGGAGTTAAGCAA-1_3,Epidermal,Root cortex,,2,1,2,3,3,14
AACGGGATCTGGAAGG-1_5,Stele,Mesophyll,,3,0,3,6,6,6
AACGTCAAGAAATTCG-1_1,Mesophyll,Hydathodes,,4,3,4,8,10,12
AACGTCAAGCCTCTCT-1_5,Epidermal,Root cortex,,3,1,3,2,8,10
AACGTCAAGCGAAACC-1_1,Stele,Root cortex,,1,2,1,0,0,2
AACGTCAAGGGCCAAT-1_2,Meristematic,Root procambium,,0,0,0,1,7,4
AACGTCAAGGGTAATT-1_5,Meristematic,Root endodermis,,0,0,0,1,7,4
AACGTCAAGGTACATA-1_2,Epidermal,Mesophyll,,1,2,1,0,0,0
AACGTCACAATCAGCT-1_2,Epidermal,Non-hair,,4,3,4,8,10,12
AACGTCACACTGCATA-1_4,Epidermal,Root procambium,,0,0,0,1,7,7
AACGTCACATGGCTGC-1_2,Mesophyll,Mesophyll,,1,2,1,0,4,0
AACGTCAGTCTGCGCA-1_2,Epidermal,Cortex,,4,3,4,8,10,12
AACGTCATCATGCCAA-1_4,Epidermal,Non-hair,,1,0,1,1,7,14
AACGTCATCTATTGTC-1_2,Stele,Root endodermis,,0,0,0,3,7,7
AACGTCATCTTCCGTG-1_4,Mesophyll,Root cortex,,2,1,2,4,2,1
AACTTCTAGATGCTGG-1_2,Epidermal,Root cortex,,2,1,2,4,2,1
AACTTCTAGCTAGATA-1_6,Stele,Mesophyll,,1,2,1,0,7,13
AACTTCTAGGACACTG-1_5,Mesophyll,Mesophyll,,3,1,3,2,8,10
AACTTCTAGTAATACG-1_2,Epidermal,Mesophyll,,1,2,1,0,0,2
AACTTCTAGTTGGCGA-1_6,Stele,Root cap,,0,0,0,3,3,7
AACTTCTCAAATGCGG-1_3,Epidermal,Companion cell,,3,1,3,4,2,9
AACTTCTCAACGTATC-1_5,Mesophyll,Cortex,,3,1,3,2,5,5
AACTTCTCACTAGAGG-1_6,Epidermal,Cortex,,2,1,2,4,2,1
AACTTCTGTACACGTT-1_6,Epidermal,Root endodermis,,0,0,0,5,1,8
AACTTCTGTAGCTTGT-1_5,Mesophyll,Mesophyll,,4,3,4,8,10,12
AACTTCTGTCATGACT-1_1,Mesophyll,Root cortex,,3,1,3,2,5,5
AACTTCTGTCGACTTA-1_6,Mesophyll,Mesophyll,,1,2,1,0,0,14
AACTTCTGTTACACAC-1_1,Epidermal,Root cortex,,2,1,2,5,1,1
AACTTCTTCAGCAGAG-1_6,Stele,Mesophyll,,1,2,1,0,0,2
AACTTCTTCCTCTCTT-1_2,Meristematic,Root cortex,,1,2,1,0,0,2
AACTTCTTCGAACTCA-1_4,Epidermal,Mesophyll,,1,1,1,7,9,11
AACTTCTTCGCACGGT-1_6,Meristematic,Root cortex,,2,1,2,4,2,1
AACTTCTTCTTGGCTC-1_4,Mesophyll,Mesophyll,,1,0,1,0,0,6
AAGAACAAGCCTGAGA-1_3,Epidermal,Root procambium,,0,0,0,1,3,3
AAGAACACAAGTGGAC-1_4,Mesophyll,Mesophyll,,1,2,1,7,9,11
AAGAACAGTCAGGTGA-1_6,Mesophyll,Mesophyll,,1,2,1,7,9,2
AAGAACAGTCATAACC-1_1,Mesophyll,Mesophyll,,3,1,3,2,5,5
AAGAACAGTTCACCGG-1_2,Epidermal,Root procambium,,0,0,0,5,1,8
AAGAACAGTTGCTCCT-1_2,Stele,Root cortex,,1,1,1,0,7,14
AAGAACATCAAGCGTT-1_2,Epidermal,Root cortex,,2,1,2,4,2,1
AAGAACATCCACTTTA-1_5,Stele,Mesophyll,,1,2,1,0,0,2
AAGAACATCGCCATAA-1_2,Epidermal,Root cortex,,2,1,2,4,2,1
AAGACAAAGCGCCCAT-1_2,Epidermal,Mesophyll,,3,1,3,2,8,10
AAGACAAAGCTGACAG-1_2,Stele,Xylem,,2,0,2,3,4,9
AAGACAAAGGATCATA-1_2,Meristematic,Xylem,,2,0,2,3,3,9
AAGACAACATAGGCGA-1_1,Epidermal,Leaf pavement cell,,2,1,2,3,3,3
AAGACAAGTCCAGAAG-1_1,Mesophyll,Mesophyll,,1,2,1,0,0,13
AAGACAATCCCATACC-1_2,Epidermal,Root endodermis,,2,0,2,4,2,8
AAGACAATCGTCACCT-1_6,Epidermal,Mesophyll,,2,0,2,3,3,6
AAGACTCAGGGCGAAG-1_5,Epidermal,Leaf pavement cell,,1,1,1,1,7,13
AAGACTCAGGTTACAA-1_3,Mesophyll,Root endodermis,,0,0,0,4,1,7
AAGACTCCAAGCTACT-1_4,Mesophyll,Mesophyll,,1,2,1,0,0,10
AAGACTCCACTACAGT-1_1,Mesophyll,Mesophyll,,3,1,3,2,5,5
AAGACTCCAGGTATGG-1_4,Stele,Non-hair,,1,2,1,7,9,11
AAGACTCTCACGACTA-1_5,Epidermal,Root procambium,,0,0,0,1,7,4
AAGACTCTCACTTATC-1_3,Mesophyll,Root endodermis,,0,0,0,5,1,8
AAGACTCTCCGAAGGA-1_3,Stele,Phloem,,0,0,0,1,1,4
AAGACTCTCTACACTT-1_6,Meristematic,Mesophyll,,3,1,3,2,8,10
AAGACTCTCTCCGTGT-1_5,Stele,Mesophyll,,1,2,1,0,0,0
AAGACTCTCTCTAAGG-1_3,Epidermal,Shoot system epidermis,,2,1,2,3,3,3
AAGATAGAGACAGCTG-1_6,Epidermal,Root procambium,,3,1,3,1,4,14
AAGATAGAGATCCGAG-1_1,Mesophyll,Root cortex,,3,1,3,2,4,15
AAGATAGAGTCATTGC-1_1,Epidermal,Mesophyll,,1,2,1,0,0,0
AAGATAGCACCCAATA-1_4,Epidermal,Mesophyll,,0,0,0,6,6,6
AAGATAGCATAATGCC-1_5,Mesophyll,Mesophyll,,0,0,0,6,6,6
AAGATAGCATCTATCT-1_5,Epidermal,Root cortex,,2,0,2,3,3,9
AAGATAGGTAAGTTGA-1_1,Epidermal,Flower meristem,,1,1,1,1,7,14
AAGATAGTCGAAGTGG-1_6,Mesophyll,Mesophyll,,3,1,3,2,5,5
AAGCATCAGATCGCTT-1_2,Epidermal,Mesophyll,,1,2,1,0,0,2
AAGCATCAGCCTGAGA-1_4,Epidermal,Root cortex,,2,1,2,4,2,1
AAGCATCCAAGAGTAT-1_5,Mesophyll,Mesophyll,,3,1,3,2,8,15
AAGCATCCAAGATGTA-1_2,Mesophyll,Non-hair,,2,1,2,3,3,3
AAGCATCCACGCCACA-1_6,Mesophyll,Mesophyll,,3,1,3,2,8,14
AAGCATCGTAGGTCAG-1_2,Stele,Mesophyll,,1,2,1,0,0,2
AAGCATCTCCCGATCT-1_4,Epidermal,Vascular cambium,,4,3,4,8,10,12
AAGCATCTCCGCTGTT-1_4,Epidermal,Leaf pavement cell,,2,1,2,3,3,3
AAGCATCTCGTCCATC-1_6,Stele,Root procambium,,0,0,0,1,7,13
AAGCCATAGACGCCAA-1_3,Epidermal,Mesophyll,,1,2,1,1,4,9
AAGCCATAGCCATGCC-1_5,Epidermal,Leaf pavement cell,,2,0,2,3,3,3
AAGCCATAGGCCTTCG-1_4,Mesophyll,Mesophyll,,1,2,1,7,9,11
AAGCCATCACTTGTCC-1_3,Meristematic,Mesophyll,,3,1,3,2,5,5
AAGCCATCATAACCCA-1_5,Epidermal,Mesophyll,,3,1,3,2,8,10
AAGCCATCATCGGAAG-1_1,Epidermal,Non-hair,,4,3,4,8,10,12
AAGCCATGTAGCACGA-1_4,Epidermal,Mesophyll,,1,2,1,1,4,15
AAGCCATGTTTGCAGT-1_2,Meristematic,Columella root cap,,0,2,0,1,4,17
AAGCCATTCACTCACC-1_1,Mesophyll,Root procambium,,0,0,0,6,1,7
AAGCCATTCCGAGATT-1_3,Mesophyll,Mesophyll,,3,1,3,2,0,5
AAGCCATTCCGTGGTG-1_4,Epidermal,Xylem,,2,1,2,4,2,1
AAGCCATTCTGCGGAC-1_1,Mesophyll,Mesophyll,,3,1,3,1,4,9
AAGCGAGAGCTCACTA-1_3,Epidermal,Mesophyll,,0,0,0,1,4,0
AAGCGAGAGTTCAACC-1_5,Epidermal,Root endodermis,,0,0,0,5,1,8
AAGCGAGCAGCACAAG-1_5,Stele,Root endodermis,,0,0,0,5,1,8
AAGCGAGGTCAGACGA-1_1,Epidermal,Root endodermis,,2,1,2,4,2,1
AAGCGAGGTTTGTTGG-1_3,Epidermal,Mesophyll,,1,2,1,0,8,0
AAGCGAGTCAGACCCG-1_1,Mesophyll,Root endodermis,,0,0,0,6,6,6
AAGCGAGTCATGCCGG-1_3,Stele,Mesophyll,,1,2,1,0,0,2
AAGCGAGTCCATCAGA-1_3,Mesophyll,Mesophyll,,3,0,3,6,6,6
AAGCGAGTCGGCTGTG-1_4,Mesophyll,Cortex,,3,1,3,2,8,12
AAGCGTTCAGGCTTGC-1_6,Epidermal,Mesophyll,,0,0,0,1,4,9
AAGCGTTCAGTGGCTC-1_4,Epidermal,Cortex,,2,0,2,4,2,7
AAGCGTTGTTCGTACA-1_6,Epidermal,Non-hair,,0,0,0,1,1,4
AAGCGTTTCCTTCTTC-1_5,Mesophyll,Microspore nuclei,,0,0,0,1,4,0
AAGGAATAGCAATAGT-1_3,Mesophyll,Root cap,,3,0,3,1,4,9
AAGGAATAGCCACCGT-1_3,Epidermal,Mesophyll,,0,0,0,6,6,6
AAGGAATAGCTCTATG-1_5,Epidermal,Root endodermis,,0,0,0,5,1,16
AAGGAATCAAACTAAG-1_4,Mesophyll,Columella root cap,,0,0,0,5,1,8
AAGGAATCAGGTGGAT-1_1,Epidermal,Xylem,,0,0,0,1,1,9
AAGGAATGTCACTTCC-1_5,Epidermal,Root endodermis,,0,0,0,1,7,13
AAGGAATGTTCAGGTT-1_5,Epidermal,Non-hair,,0,0,0,1,1,4
AAGGAATTCCGCAGTG-1_2,Stele,Mesophyll,,1,2,1,0,0,2
AAGGAATTCGCGATCG-1_2,Mesophyll,Mesophyll,,1,2,1,0,0,2
AAGGAATTCGGTCTGG-1_4,Meristematic,Root procambium,,0,0,0,1,1,4
AAGGTAAAGATGACAT-1_1,Mesophyll,Non-hair,,3,1,3,2,5,5
AAGGTAAAGCGATGAC-1_2,Stele,Mesophyll,,1,2,1,0,0,0
AAGGTAACAATGCTCA-1_3,Epidermal,Leaf pavement cell,,2,1,2,3,3,3
AAGGTAACAGCGCGTT-1_3,Stele,Root endodermis,,0,0,0,1,1,4
AAGGTAAGTACTTGTG-1_3,Epidermal,Root endodermis,,2,0,2,3,3,3
AAGGTAAGTAGTTACC-1_5,Stele,Guard cell,,3,1,3,2,2,15
AAGGTAAGTCGTCGGT-1_3,Mesophyll,Root cortex,,3,1,3,2,8,10
AAGGTAAGTGTGTCGC-1_2,Mesophyll,Mesophyll,,3,1,3,2,5,5
AAGGTAAGTTAGGGTG-1_2,Stele,Mesophyll,,1,2,1,0,0,2
AAGGTAAGTTGGTGTT-1_2,Epidermal,Leaf pavement cell,,3,1,3,3,3,10
AAGGTAAGTTTGACAC-1_2,Mesophyll,Mesophyll,,1,2,1,7,9,11
AAGGTAATCAGCGCGT-1_2,Epidermal,Root cortex,,2,1,2,4,2,1
AAGGTAATCGGCTATA-1_2,Epidermal,Root endodermis,,0,0,0,6,6,6
AAGTACCAGCCGGAAT-1_6,Epidermal,Root endodermis,,2,0,2,6,6,6
AAGTACCAGCCTGAGA-1_2,Epidermal,Root procambium,,0,0,0,1,7,13
AAGTACCCAAGACAAT-1_5,Stele,Root cortex,,0,0,0,5,1,7
AAGTACCCATACAGAA-1_4,Mesophyll,Mesophyll,,1,2,1,7,9,11
AAGTACCTCACCGGGT-1_2,Meristematic,Mesophyll,,3,1,3,2,5,5
AAGTACCTCCACGGGT-1_4,Epidermal,Root cortex,,0,0,0,3,1,0
AAGTACCTCGACGCGT-1_5,Mesophyll,Mesophyll,,1,2,1,0,0,16
AAGTACCTCTCGAACA-1_3,Epidermal,Xylem,,0,2,0,5,1,4
AAGTACCTCTTACACT-1_5,Mesophyll,Mesophyll,,0,0,0,6,6,6
AAGTCGTAGAAGTCCG-1_5,Epidermal,Leaf pavement cell,,3,1,3,3,3,14
AAGTCGTAGCGCCATC-1_3,Epidermal,Flower meristem,,0,0,0,5,1,17
AAGTCGTAGCTAGAAT-1_3,Epidermal,Flower meristem,,0,0,0,5,1,0
AAGTCGTAGGAGTACC-1_2,Epidermal,Leaf pavement cell,,2,1,2,3,3,3
AAGTCGTCACGACGTC-1_3,Epidermal,Leaf pavement cell,,2,1,2,3,3,3
AAGTCGTCAGCTGGTC-1_2,Epidermal,Mesophyll,,0,0,0,6,6,6
AAGTCGTGTATTTCTC-1_5,Mesophyll,Mesophyll,,1,2,1,7,9,11
AAGTCGTGTCGTATGT-1_2,Epidermal,Root cap,,0,0,0,1,4,9
AAGTCGTGTGAGTGAC-1_3,Epidermal,Sieve element,,0,0,0,1,1,4
AAGTCGTGTTCTCAGA-1_1,Meristematic,Mesophyll,,1,2,1,0,0,0
AAGTCGTTCAGTCAGT-1_3,Mesophyll,Mesophyll,,3,1,3,2,5,10
AAGTCGTTCGTAACCA-1_3,Epidermal,Root endodermis,,0,0,0,5,1,8
AAGTCGTTCTCCTGTG-1_2,Mesophyll,Leaf guard cell,,0,0,0,1,7,13
AAGTGAACATAGAATG-1_3,Epidermal,Columella root cap,,0,0,0,5,1,4
AAGTGAAGTCATACCA-1_1,Epidermal,Mesophyll,,1,0,1,6,6,6
AAGTGAAGTGACAGCA-1_4,Epidermal,Root endodermis,,2,1,2,4,2,1
AAGTGAAGTTCCTAGA-1_5,Mesophyll,Root endodermis,,1,2,1,0,0,7
AAGTGAATCAAGAGTA-1_5,Epidermal,Mesophyll,,1,2,1,0,0,2
AAGTGAATCAGCGCAC-1_4,Epidermal,Pericycle,,0,0,0,1,7,13
AAGTTCGAGGCACGAT-1_1,Meristematic,Root cortex,,2,1,2,4,2,1
AAGTTCGAGGTCACTT-1_3,Stele,Guard cell,,3,1,3,2,4,15
AAGTTCGCAAAGAACT-1_1,Epidermal,Mesophyll,,1,2,1,0,0,0
AAGTTCGCAATACAGA-1_3,Stele,Mesophyll,,0,0,0,1,1,4
AAGTTCGCAGCGACAA-1_1,Epidermal,Root cortex,,2,0,2,3,2,8
AAGTTCGGTCGTGGTC-1_4,Epidermal,Root cap,,0,0,0,1,1,4
AAGTTCGGTTCGGTTA-1_5,Mesophyll,Mesophyll,,1,2,1,0,0,0
AAGTTCGGTTCTGACA-1_1,Stele,Xylem,,2,1,2,3,3,3
AAGTTCGTCGCTACAA-1_3,Epidermal,Bundle sheath,,0,0,0,1,1,4
AAGTTCGTCTAACACG-1_2,Epidermal,Root cortex,,2,1,2,4,2,1
AAGTTCGTCTGGGCAC-1_3,Epidermal,Mesophyll,,1,2,1,3,4,0
AAGTTCGTCTTCCACG-1_4,Mesophyll,Root cortex,,0,0,0,1,4,15
AATAGAGAGGGCGAAG-1_2,Epidermal,Mesophyll,,1,2,1,0,0,2
AATAGAGAGTCGGCCT-1_6,Meristematic,Columella root cap,,0,0,0,1,1,7
AATAGAGCACAGTCCG-1_5,Epidermal,Mesophyll,,1,0,1,1,7,14
AATAGAGCATAGCTGT-1_5,Epidermal,Root endodermis,,2,0,2,3,3,3
AATAGAGGTCAAAGTA-1_2,Mesophyll,Mesophyll,,4,3,4,8,10,12
AATAGAGTCGGAAGGT-1_5,Epidermal,Root endodermis,,2,1,2,3,3,3
AATCACGAGACGACTG-1_2,Mesophyll,Mesophyll,,1,2,1,0,0,2
AATCACGCAAGGTCGA-1_1,Mesophyll,Mesophyll,,0,0,0,6,1,7
AATCACGCAAGTGATA-1_4,Meristematic,Root cap,,3,1,3,2,5,16
AATCACGCAGAGATGC-1_1,Mesophyll,Mesophyll,,1,2,1,7,9,5
AATCACGCAGAGGCAT-1_6,Mesophyll,Mesophyll,,3,2,3,7,9,11
AATCACGTCACGTCCT-1_6,Epidermal,Non-hair,,1,0,1,1,7,14
AATCACGTCATTTGCT-1_4,Epidermal,Root cortex,,3,1,3,2,2,1
AATCACGTCCAACCAA-1_2,Epidermal,Cortex,,3,1,3,2,8,10
AATCACGTCCACTGAA-1_3,Stele,Mesophyll,,3,1,3,2,5,5
AATCACGTCCCTCAAC-1_5,Meristematic,Shoot system epidermis,,3,1,3,2,8,10
AATCACGTCCTGTTGC-1_1,Mesophyll,Mesophyll,,1,2,1,0,0,16
AATCGACAGTAGTCAA-1_4,Meristematic,Root cortex,,2,1,2,3,3,3
AATCGACAGTAGTCTC-1_3,Epidermal,Mesophyll,,0,2,0,5,4,16
AATCGACCAGAGGTAC-1_1,Epidermal,Columella root cap,,0,0,0,1,1,16
AATCGACGTACAGGTG-1_4,Epidermal,Mesophyll,,0,0,0,6,6,6
AATCGACGTCCTGTTC-1_2,Mesophyll,Mesophyll,,1,2,1,0,0,2
AATCGACTCGGCATAT-1_2,Stele,Mesophyll,,1,2,1,0,0,2
AATCGTGAGAGTGGCT-1_2,Mesophyll,Root cortex,,3,1,3,2,8,10
AATCGTGAGATCGCCC-1_2,Meristematic,Explant vasculature and callus founder cell,,1,2,1,0,0,2
AATCGTGAGCTCAGAG-1_4,Epidermal,Flower meristem,,0,0,0,5,1,4
AATCGTGAGGCACGAT-1_4,Epidermal,Mesophyll,,1,2,1,6,5,5
AATGAAGAGCAACCAG-1_4,Epidermal,Root endodermis,,0,0,0,6,6,6
AATGAAGAGCGTGTCC-1_2,Epidermal,Mesophyll,,5,2,5,9,4,17
AATGAAGAGGTTCCAT-1_1,Epidermal,Root endodermis,,0,0,0,1,1,4
AATGAAGCAAGATCCT-1_4,Epidermal,Mesophyll,,1,2,1,0,0,2
AATGAAGCACGCTATA-1_5,Epidermal,Root cortex,,2,1,2,4,2,1
AATGAAGCATCGTGCG-1_2,Mesophyll,Mesophyll,,1,2,1,0,0,2
AATGAAGGTCAGCTTA-1_3,Mesophyll,Mesophyll,,1,2,1,7,9,11
AATGAAGTCACCTGTC-1_2,Epidermal,Mesophyll,,0,2,0,6,6,6
AATGACCAGAACAGGA-1_1,Epidermal,Non-hair,,0,0,0,1,7,4
AATGACCAGAACAGGA-1_2,Stele,Mesophyll,,1,2,1,0,0,2
AATGACCAGAACCGCA-1_5,Mesophyll,Mesophyll,,1,2,1,0,0,0
AATGACCAGAATCCCT-1_2,Mesophyll,Root cortex,,2,1,2,4,2,1
AATGACCAGACCATTC-1_3,Epidermal,Non-hair,,2,1,2,3,3,3
AATGACCAGCCATTGT-1_4,Mesophyll,Mesophyll,,0,0,0,6,6,6
AATGACCAGGCCGCTT-1_5,Mesophyll,Mesophyll,,1,2,1,0,0,2
AATGACCCAACGCCCA-1_5,Mesophyll,Phloem pole pericycle,,0,0,0,5,1,8
AATGACCCAAGAAACT-1_5,Stele,Bundle sheath,,0,0,0,1,4,9
AATGACCCAATGTCTG-1_4,Epidermal,Flower meristem,,4,3,4,8,10,12
AATGACCCACAGTCGC-1_5,Epidermal,Phloem,,3,1,3,4,2,1
AATGACCCACCAAAGG-1_2,Stele,Explant vasculature and callus founder cell,,0,0,0,1,7,13
AATGACCCACCAGCGT-1_4,Epidermal,Leaf pavement cell,,0,0,0,6,6,6
AATGACCGTAGGTTTC-1_4,Epidermal,Root endodermis,,1,0,1,0,0,8
AATGACCGTGTTAACC-1_2,Mesophyll,Mesophyll,,3,1,3,2,8,10
AATGACCGTTAGAAAC-1_5,Stele,Sieve element,,3,2,3,10,4,9
AATGACCTCCAAATGC-1_5,Stele,Root cortex,,0,0,0,0,1,16
AATGACCTCCTAGAGT-1_4,Epidermal,Mesophyll,,1,2,1,0,4,0
AATGACCTCTAGTCAG-1_1,Epidermal,Mesophyll,,1,2,1,0,0,0
AATGACCTCTCACCCA-1_5,Epidermal,Root procambium,,0,0,0,1,6,0
AATGCCAAGTCGGCCT-1_4,Epidermal,Mesophyll,,3,1,3,2,5,5
AATGCCACATGTTCAG-1_5,Mesophyll,Mesophyll,,1,2,1,0,0,0
AATGCCAGTATGATCC-1_4,Epidermal,Non-hair,,0,0,0,5,1,8
AATGCCAGTCGAAGCA-1_1,Mesophyll,Phloem,,0,0,0,1,4,9
AATGCCAGTCGGCACT-1_3,Mesophyll,Root endodermis,,0,0,0,5,1,8
AATGCCATCACAACCA-1_1,Mesophyll,Mesophyll,,1,2,1,7,9,11
AATGCCATCTTACACT-1_4,Epidermal,Mesophyll,,1,2,1,0,0,2
AATGGAACAATCCTAG-1_5,Mesophyll,Mesophyll,,1,2,1,0,0,2
AATGGAACACCGTGCA-1_4,Meristematic,Explant vasculature and callus founder cell,,0,0,0,1,7,13
AATGGAACACGCGTCA-1_5,Epidermal,Root endodermis,,2,1,2,4,2,1
AATGGAACAGAGTGTG-1_3,Epidermal,Root endodermis,,1,2,1,7,3,11
AATGGAACAGCATACT-1_5,Stele,Mesophyll,,1,2,1,0,0,2
AATGGAAGTCAGGAGT-1_6,Mesophyll,Leaf pavement cell,,2,0,2,3,3,3
AATGGAAGTGATCGTT-1_6,Meristematic,Root cortex,,1,2,1,7,9,14
AATGGAAGTTTACCAG-1_5,Epidermal,Root cortex,,2,0,2,5,1,8
AATGGAATCCCATACC-1_6,Mesophyll,Mesophyll,,3,1,3,2,5,5
AATGGAATCCCTAGGG-1_6,Stele,Mesophyll,,3,1,3,2,5,1
AATGGAATCGGTCACG-1_1,Stele,Mesophyll,,3,1,3,6,6,10
AATGGCTAGGACAAGA-1_5,Epidermal,Shoot system epidermis,,0,0,0,3,1,3
AATGGCTAGTGCCTCG-1_3,Epidermal,Root cap,,2,1,2,4,2,1
AATGGCTCAATACAGA-1_5,Epidermal,Xylem,,2,1,2,3,3,3
AATGGCTCATGACGAG-1_6,Mesophyll,Mesophyll,,1,2,1,7,9,11
AATGGCTCATGTCTAG-1_6,Meristematic,Root procambium,,1,2,1,0,0,11
AATGGCTGTCTCTCAC-1_6,Epidermal,Mesophyll,,3,1,3,2,5,5
AATGGCTGTCTTCCGT-1_2,Mesophyll,Explant vasculature and callus founder cell,,0,0,0,1,7,7
AATGGCTTCAGACATC-1_5,Epidermal,Mesophyll,,0,0,0,6,1,3
AATGGCTTCCGTGTAA-1_1,Mesophyll,Cortex,,3,1,3,2,8,10
AATGGCTTCGCCTTTG-1_4,Stele,Root endodermis,,1,2,1,0,0,2
AATTCCTAGAGCATTA-1_5,Epidermal,Mesophyll,,3,1,3,2,5,5
AATTCCTCACTTGTCC-1_6,Mesophyll,Mesophyll,,1,2,1,0,0,2
AATTCCTCAGCACACC-1_5,Mesophyll,Mesophyll,,0,0,0,6,6,0
AATTCCTCATTAGGCT-1_4,Mesophyll,Mesophyll,,1,2,1,0,0,0
AATTCCTGTATACAGA-1_1,Epidermal,Flower meristem,,0,2,0,1,7,13
AATTCCTGTCGAGCTC-1_2,Stele,Root endodermis,,1,0,1,0,0,6
AATTCCTGTGTCTTCC-1_6,Mesophyll,Mesophyll,,1,2,1,0,4,0
AATTCCTTCCATCTAT-1_1,Stele,Mesophyll,,3,1,3,4,5,7
AATTCCTTCCATGATG-1_1,Mesophyll,Root cap,,0,0,0,5,1,4
AATTCCTTCTCAGGCG-1_5,Mesophyll,Root endodermis,,2,0,2,5,1,7
AATTTCCAGCGTCGAA-1_1,Epidermal,Root procambium,,0,0,0,1,7,13
AATTTCCCAAAGACTA-1_4,Epidermal,Root endodermis,,0,0,0,6,6,6
AATTTCCCAGACCGCT-1_4,Epidermal,Root cortex,,2,1,2,3,3,3
AATTTCCCAGTCGGTC-1_4,Mesophyll,Mesophyll,,1,2,1,7,9,11
AATTTCCCATGAGAAT-1_2,Mesophyll,Mesophyll,,1,2,1,0,0,15
AATTTCCGTCCAATCA-1_3,Epidermal,Root cap,,1,2,1,7,9,11
AATTTCCGTTGCATAC-1_2,Epidermal,Root cap,,0,0,0,1,3,9
AATTTCCTCACCGGGT-1_4,Mesophyll,Mesophyll,,1,2,1,0,0,2
AATTTCCTCGAGTACT-1_2,Epidermal,Root cortex,,2,1,2,3,2,9
ACAAAGAAGCTGACCC-1_1,Mesophyll,Mesophyll,,3,1,3,2,5,5
ACAAAGACAATTTCGG-1_4,Epidermal,Root cortex,,2,1,2,4,2,1
ACAAAGACACATAACC-1_3,Epidermal,Mesophyll,,1,2,1,0,0,16
ACAAAGACATCGCTCT-1_1,Mesophyll,Leaf guard cell,,2,1,2,3,3,3
ACAAAGAGTCTAGGTT-1_4,Mesophyll,Mesophyll,,1,2,1,3,4,0
ACAAAGATCCGATCGG-1_4,Epidermal,Root hair,,5,2,5,9,4,17
ACAAAGATCCTGTAAG-1_5,Epidermal,Root endodermis,,5,4,5,9,11,18
ACAAAGATCGTCGATA-1_3,Meristematic,Cortex,,2,0,2,4,2,1
ACAAAGATCTCGCTTG-1_1,Meristematic,Leaf pavement cell,,2,0,2,3,1,9
ACAACCAAGATACTGA-1_4,Epidermal,Phloem pole pericycle,,0,0,0,5,1,8
ACAACCAAGTCTGGAG-1_1,Mesophyll,Mesophyll,,1,2,1,7,9,11
ACAACCACAAGTGGTG-1_1,Mesophyll,Mesophyll,,2,0,2,6,6,6
ACAACCACATTGACTG-1_3,Epidermal,Root cap,,2,1,2,4,5,5
ACAACCAGTCTGATCA-1_4,Mesophyll,Phloem parenchyma,,0,0,0,5,1,4
ACAACCAGTGACACAG-1_3,Mesophyll,Mesophyll,,1,2,1,0,0,0
ACAACCAGTGTTGCCG-1_5,Epidermal,Vascular cambium,,4,3,4,8,10,12
ACAACCATCAAGGTGG-1_5,Epidermal,Mesophyll,,1,2,1,1,8,15
ACAACCATCGTAGAGG-1_5,Epidermal,Phloem parenchyma,,0,0,0,5,1,8
ACAAGCTAGGGCAGTT-1_3,Mesophyll,Mesophyll,,1,2,1,0,0,2
ACAAGCTAGTTTAGGA-1_3,Mesophyll,Mesophyll,,1,2,1,7,9,11
ACAAGCTCAAGGTCAG-1_6,Epidermal,Non-hair,,2,0,2,1,7,14
ACAAGCTCACTAACCA-1_5,Epidermal,Non-hair,,1,3,1,1,7,14
ACAAGCTCATGACAAA-1_6,Meristematic,Leaf pavement cell,,2,0,2,3,3,3
ACAAGCTGTAGTGTGG-1_5,Epidermal,Flower meristem,,0,2,0,1,7,13
ACAAGCTGTGTAAATG-1_2,Mesophyll,Mesophyll,,4,3,4,8,10,12
ACAAGCTTCAAACCCA-1_6,Epidermal,Leaf guard cell,,0,2,0,1,7,13
ACAAGCTTCCGCTGTT-1_4,Mesophyll,Mesophyll,,3,1,3,2,5,5
ACAAGCTTCGATGCAT-1_5,Epidermal,Root hair,,5,4,5,9,11,18
ACACAGTAGGGCGAGA-1_4,Epidermal,Root cap,,2,1,2,3,3,3
ACACAGTCAAACCGGA-1_6,Epidermal,Non-hair,,0,0,0,1,3,14
ACACAGTCAACAGATA-1_3,Mesophyll,Mesophyll,,3,1,3,2,5,5
ACACAGTCACTTTATC-1_6,Epidermal,Mesophyll,,1,2,1,0,0,7
ACACAGTCAGAGATTA-1_5,Mesophyll,Mesophyll,,1,2,1,0,0,2
ACACAGTCATGTTCAG-1_5,Epidermal,Leaf pavement cell,,2,1,2,3,3,3
ACACAGTGTCATCCCT-1_4,Epidermal,Mesophyll,,0,0,0,6,6,6
ACACAGTGTTAAGGGC-1_4,Mesophyll,Mesophyll,,3,1,3,2,5,5
ACACAGTGTTCACCGG-1_1,Mesophyll,Mesophyll,,1,2,1,0,6,16
ACACAGTTCAAAGGAT-1_4,Mesophyll,Mesophyll,,0,0,0,6,6,6
ACACAGTTCCCTTTGG-1_4,Epidermal,Leaf pavement cell,,2,1,2,3,3,3
ACACAGTTCGCTAAAC-1_4,Epidermal,Leaf pavement cell,,0,0,0,3,3,3
ACACAGTTCGGTCATA-1_5,Mesophyll,Mesophyll,,1,2,1,0,0,2
ACACAGTTCTATCGCC-1_6,Epidermal,Root endodermis,,0,0,0,5,1,8
ACACAGTTCTCTCCGA-1_6,Mesophyll,Non-hair,,0,0,0,3,3,4
ACACCAAAGCAGGTCA-1_5,Mesophyll,Mesophyll,,1,2,1,0,4,0
ACACCAAAGCCTTTCC-1_6,Mesophyll,Root endodermis,,0,0,0,5,1,8
ACACCAAAGTAAGGGA-1_5,Epidermal,Root endodermis,,0,0,0,5,1,3
ACACCAACAAATGAAC-1_2,Epidermal,Root cap,,3,1,3,1,4,7
ACACCAACACGGCACT-1_1,Mesophyll,Root endodermis,,0,0,0,6,1,8
ACACCAACAGACGGAT-1_2,Epidermal,Mesophyll,,3,1,3,2,5,5
ACACCAAGTCAACCTA-1_4,Epidermal,Root cortex,,2,1,2,4,2,1
ACACCAATCAAACTGC-1_6,Mesophyll,Mesophyll,,3,1,3,2,5,15
ACACCAATCAAGCCAT-1_1,Epidermal,Root procambium,,0,0,0,1,7,13
ACACCAATCCGATTAG-1_3,Mesophyll,Root endodermis,,2,0,2,6,6,6
ACACCAATCGATAACC-1_5,Epidermal,Microspore nuclei,,0,0,0,1,4,9
ACACCAATCTTTCAGT-1_4,Mesophyll,Mesophyll,,1,2,1,0,0,2
ACACGCGAGCAAACAT-1_5,Epidermal,Phloem,,0,0,0,1,7,4
ACACGCGAGCAGCGAT-1_1,Meristematic,Root procambium,,0,0,0,5,1,8
ACACGCGAGCGCCTTG-1_4,Meristematic,Vascular cambium,,0,0,0,1,7,13
ACACGCGAGCTGTTCA-1_3,Epidermal,Mesophyll,,1,2,1,0,0,5
ACACGCGAGTTGTAAG-1_4,Mesophyll,Root endodermis,,0,0,0,1,6,7
ACACGCGCAAACCGGA-1_1,Mesophyll,Mesophyll,,3,1,3,2,8,10
ACACGCGCAAAGGGCT-1_2,Epidermal,Leaf pavement cell,,0,0,0,6,6,6
ACACGCGCACCCAACG-1_2,Epidermal,Mesophyll,,1,2,1,7,9,11
ACACGCGCAGAAGTTA-1_4,Epidermal,Non-hair,,0,0,0,1,3,9
ACACGCGCAGACCAAG-1_3,Mesophyll,Mesophyll,,3,1,3,2,5,5
ACACGCGCAGGTTCAT-1_2,Mesophyll,Root endodermis,,0,0,0,5,1,8
ACACGCGGTACGATTC-1_4,Mesophyll,Mesophyll,,1,2,1,0,0,2
ACACGCGGTGGAGGTT-1_6,Epidermal,Non-hair,,3,1,3,2,8,11
ACACGCGTCTTGGCTC-1_3,Stele,Flower meristem,,3,1,3,2,4,15
ACACTGAAGAGGCTGT-1_3,Mesophyll,Root endodermis,,0,0,0,5,1,8
ACACTGAAGTGCACTT-1_2,Epidermal,Root endodermis,,0,0,0,6,6,6
ACACTGACAAGTGGAC-1_4,Epidermal,Root cortex,,2,1,2,4,2,1
ACACTGACACAGCTTA-1_4,Mesophyll,Explant vasculature and callus founder cell,,3,1,3,4,5,7
ACACTGACACCATTCC-1_6,Stele,Vascular cambium,,0,0,0,1,1,9
ACACTGACAGCTACAT-1_3,Mesophyll,Mesophyll,,3,1,3,2,5,12
ACACTGACATGAATCC-1_4,Mesophyll,Root cap,,0,2,0,1,7,13
ACACTGAGTCAGACTT-1_5,Epidermal,Root cap,,0,0,0,1,7,13
ACACTGAGTGATGGCA-1_1,Epidermal,Xylem,,1,1,1,1,7,13
ACACTGAGTTCCTAAG-1_4,Epidermal,Leaf pavement cell,,0,0,0,1,1,9
ACACTGAGTTTCGTTT-1_2,Mesophyll,Phloem,,3,1,3,2,8,10
ACACTGATCAAACGTC-1_5,Epidermal,Non-hair,,0,0,0,1,7,14
ACAGAAAAGATGGGCT-1_4,Epidermal,Root endodermis,,0,0,0,5,1,8
ACAGAAAAGGTTGCCC-1_5,Epidermal,Mesophyll,,1,2,1,0,0,0
ACAGAAACAGCCTTCT-1_5,Mesophyll,Mesophyll,,1,2,1,0,0,2
ACAGAAACATTGCTTT-1_5,Epidermal,Root cortex,,2,1,2,3,2,1
ACAGAAAGTATCAGCT-1_3,Epidermal,Non-hair,,0,0,0,1,1,7
ACAGAAAGTTAGAGTA-1_1,Mesophyll,Explant vasculature and callus founder cell,,3,1,3,2,5,5
ACAGAAAGTTCGAACT-1_1,Mesophyll,Mesophyll,,3,1,3,4,2,1
ACAGAAATCGATGCTA-1_6,Epidermal,Bundle sheath,,0,0,0,1,7,9
ACAGCCGAGGCGAAGG-1_3,Mesophyll,Mesophyll,,3,1,3,2,5,5
ACAGCCGCACAATGTC-1_1,Stele,Phloem,,4,3,4,8,10,12
ACAGCCGCACGTCATA-1_2,Epidermal,Mesophyll,,2,0,2,4,2,1
ACAGCCGTCACGGGCT-1_4,Mesophyll,Mesophyll,,1,2,1,0,0,16
ACAGCCGTCAGTCTTT-1_6,Mesophyll,Mesophyll,,1,2,1,6,5,5
ACAGCCGTCTCAGTCC-1_1,Epidermal,Mesophyll,,3,0,3,2,5,16
ACAGGGAAGACAGTCG-1_3,Epidermal,Root cap,,5,2,5,1,4,17
ACAGGGAAGGGCAATC-1_2,Epidermal,Root cortex,,2,0,2,5,1,7
ACAGGGAAGTCTAACC-1_4,Epidermal,Root endodermis,,0,0,0,5,1,8
ACAGGGACAAACTAGA-1_5,Epidermal,Non-hair,,0,0,0,1,3,14
ACAGGGACATGACTGT-1_1,Mesophyll,Mesophyll,,1,2,1,7,9,11
ACAGGGAGTACAGTCT-1_3,Epidermal,Shoot system epidermis,,2,1,2,3,3,3
ACAGGGAGTCGTGGTC-1_4,Epidermal,Mesophyll,,0,0,0,5,1,8
ACAGGGAGTTCGGTTA-1_4,Meristematic,Vascular cambium,,3,1,3,1,4,9
ACAGGGATCAAAGACA-1_4,Meristematic,Mesophyll,,3,1,3,2,8,15
ACAGGGATCATATGGC-1_2,Mesophyll,Mesophyll,,1,2,1,1,4,9
ACAGGGATCCTCTCTT-1_4,Stele,Mesophyll,,1,0,1,1,6,0
ACATCCCAGACGACGT-1_1,Epidermal,Root cortex,,2,1,2,4,2,1
ACATCCCAGCTCTTCC-1_5,Mesophyll,Mesophyll,,1,2,1,7,9,11
ACATCCCAGGCTGGAT-1_3,Epidermal,Flower meristem,,0,0,0,0,7,16
ACATCCCAGGTCGTAG-1_3,Mesophyll,Mesophyll,,0,0,0,6,6,6
ACATCCCCAACCGACC-1_5,Epidermal,Non-hair,,0,0,0,1,3,4
ACATCCCCACAAGTTC-1_3,Mesophyll,Root endodermis,,0,0,0,5,1,8
ACATCCCCACCGTGAC-1_2,Epidermal,Mesophyll,,2,0,2,3,6,6
ACATCCCCAGGCTCTG-1_3,Mesophyll,Root endodermis,,2,0,2,5,1,7
ACATCCCGTACCGTCG-1_3,Stele,Mesophyll,,0,0,0,5,6,0
ACATCCCGTATTTCCT-1_1,Epidermal,Root cortex,,0,0,0,1,7,4
ACATCCCTCACTGAAC-1_4,Epidermal,Columella root cap,,1,1,1,1,7,14
ACATCCCTCTAAGCCA-1_4,Mesophyll,Root cap,,0,0,0,5,1,9
ACATCCCTCTAGTTCT-1_1,Mesophyll,Mesophyll,,1,2,1,0,0,2
ACATCCCTCTCTCTAA-1_2,Epidermal,Root endodermis,,0,0,0,1,1,7
ACATCCCTCTTCCCAG-1_3,Mesophyll,Root endodermis,,2,0,2,4,2,1
ACATCGAAGCCTCAAT-1_1,Mesophyll,Columella root cap,,0,0,0,1,1,4
ACATCGAAGCTGACAG-1_6,Stele,Cortex,,2,1,2,4,2,1
ACATCGACAATAACGA-1_3,Epidermal,Root cortex,,2,1,2,4,2,1
ACATCGACACAGTCAT-1_3,Epidermal,Root cortex,,1,3,1,1,7,14
ACATCGATCAGCGCAC-1_4,Mesophyll,Mesophyll,,0,0,0,6,6,6
ACATCGATCGATACTG-1_2,Mesophyll,Columella root cap,,2,0,2,3,3,3
ACATCGATCTAGTTCT-1_3,Mesophyll,Phloem parenchyma,,0,0,0,5,1,8
ACATCGATCTGTCGTC-1_1,Mesophyll,Mesophyll,,0,0,0,6,6,6
ACATGCAAGGACAACC-1_1,Stele,Root cap,,0,0,0,1,4,9
ACATGCAAGGTGGGTT-1_6,Epidermal,Root cortex,,2,1,2,4,2,1
ACATGCACACTAGAGG-1_2,Mesophyll,Leaf pavement cell,,1,2,1,7,9,11
ACATGCAGTACCTAGT-1_4,Epidermal,Pericycle,,2,1,2,1,7,13
ACATGCAGTCGCCACA-1_6,Mesophyll,Root endodermis,,0,0,0,1,1,7
ACATGCAGTCTCCCTA-1_3,Epidermal,Root cortex,,2,1,2,3,3,3
ACATGCAGTCTGTCCT-1_2,Epidermal,Root cortex,,2,1,2,2,5,5
ACATGCAGTTACGGAG-1_5,Epidermal,Leaf pavement cell,,2,1,2,3,3,3
ACATGCATCCGTATAG-1_1,Epidermal,Leaf pavement cell,,2,1,2,3,2,3
ACATTTCAGATGTTCC-1_5,Stele,Phloem parenchyma,,0,0,0,3,3,9
ACATTTCAGGCCTTCG-1_1,Mesophyll,Mesophyll,,3,1,3,2,4,15
ACATTTCAGTGGACGT-1_4,Epidermal,Bundle sheath,,3,1,3,4,2,1
ACATTTCCACGCGCAT-1_3,Epidermal,Mesophyll,,5,2,5,1,4,17
ACATTTCCACTACGGC-1_1,Epidermal,Mesophyll,,3,1,3,2,8,10
ACATTTCCAGATCATC-1_3,Epidermal,Mesophyll,,1,2,1,0,0,2
ACATTTCCAGCTCTGG-1_6,Epidermal,Root procambium,,0,0,0,1,7,4
ACATTTCCATATCTGG-1_4,Mesophyll,Root cap,,1,2,1,1,4,9
ACATTTCCATTGACAC-1_5,Mesophyll,Root cortex,,3,1,3,2,8,1
ACATTTCGTATGATCC-1_6,Meristematic,Microspore nuclei,,1,2,1,0,0,0
ACATTTCGTATTGACC-1_4,Epidermal,Cortex,,4,3,4,8,10,12
ACATTTCGTCCCGTGA-1_3,Epidermal,Mesophyll,,4,3,4,8,10,12
ACATTTCTCAAACCCA-1_5,Stele,Mesophyll,,3,1,3,2,4,0
ACATTTCTCACGAGGA-1_1,Mesophyll,Mesophyll,,0,0,0,6,6,6
ACATTTCTCAGAACCT-1_5,Mesophyll,Mesophyll,,3,1,3,2,5,5
ACATTTCTCAGCTTCC-1_1,Epidermal,Root cortex,,3,1,3,2,4,15
ACATTTCTCGGTAACT-1_4,Mesophyll,Mesophyll,,1,2,1,0,0,2
ACATTTCTCTAGACAC-1_5,Epidermal,Flower meristem,,0,0,0,6,6,6
ACCAAACAGACTCAAA-1_5,Epidermal,Root cortex,,2,1,2,4,2,1
ACCAAACAGTAAGCAT-1_5,Epidermal,Mesophyll,,2,1,2,3,2,9
ACCAAACAGTACCATC-1_4,Epidermal,Root endodermis,,0,0,0,5,6,0
ACCAAACCACAGTCAT-1_1,Mesophyll,Bundle sheath,,2,0,2,4,2,1
ACCAAACCACGTAACT-1_3,Epidermal,Root endodermis,,0,0,0,5,1,8
ACCAAACCATGAGTAA-1_3,Mesophyll,Root cap,,1,0,1,0,0,8
ACCAAACGTGCTCCGA-1_5,Epidermal,Root procambium,,0,0,0,1,7,13
ACCAAACGTGGTCTTA-1_1,Mesophyll,Mesophyll,,0,1,0,3,3,3
ACCAAACTCCATGATG-1_6,Meristematic,Cortex,,3,1,3,2,5,5
ACCAAACTCCTTCTGG-1_2,Epidermal,Root endodermis,,0,0,0,5,1,8
ACCAAACTCGCATTGA-1_2,Mesophyll,Flower meristem,,0,0,0,1,4,9
ACCAACAAGCACTGGA-1_4,Mesophyll,Mesophyll,,1,2,1,0,0,2
ACCAACAAGCCTGAGA-1_6,Mesophyll,Mesophyll,,1,2,1,0,0,2
ACCAACAAGCGTTCAT-1_3,Epidermal,Mesophyll,,0,2,0,1,7,13
ACCAACAAGTCACGAG-1_1,Stele,Explant vasculature and callus founder cell,,0,0,0,1,7,13
ACCAACACATGTGACT-1_1,Epidermal,Root cap,,0,0,0,5,1,7
ACCAACAGTAACCCTA-1_3,Epidermal,Cortex,,2,1,2,3,3,3
ACCAACAGTAAGCAAT-1_6,Guard,Root cortex,,3,1,3,2,5,5
ACCAACAGTCCTCAGG-1_5,Epidermal,Root cortex,,2,1,2,3,3,3
ACCAACATCACAAGAA-1_4,Stele,Mesophyll,,0,0,0,6,6,6
ACCAACATCATCTACT-1_5,Mesophyll,Cortex,,3,1,3,2,5,5
ACCAACATCATGTCAG-1_1,Mesophyll,Mesophyll,,3,1,3,2,5,5
ACCAACATCATTACCT-1_5,Mesophyll,Flower meristem,,0,0,0,5,1,4
ACCAACATCCATCACC-1_4,Epidermal,Root cortex,,2,1,2,3,2,1
ACCACAAGTCATGGCC-1_6,Epidermal,Shoot system epidermis,,2,1,2,3,3,3
ACCACAATCGTAATGC-1_4,Mesophyll,Mesophyll,,1,2,1,0,0,0
ACCATTTAGAGAGCAA-1_2,Mesophyll,Mesophyll,,1,2,1,0,0,2
ACCATTTCAAAGTGTA-1_2,Epidermal,Cortex,,3,1,3,2,2,1
ACCATTTCATCTGTTT-1_6,Mesophyll,Mesophyll,,3,1,3,2,5,6
ACCATTTCATTAAGCC-1_1,Mesophyll,Mesophyll,,3,1,3,6,6,6
ACCATTTGTCTAGGTT-1_3,Epidermal,Mesophyll,,1,2,1,0,0,15
ACCATTTGTGCAGGAT-1_5,Meristematic,Mesophyll,,1,2,1,0,0,2
ACCATTTGTGGTTCTA-1_4,Mesophyll,Root procambium,,0,0,0,3,3,14
ACCATTTGTTGGGAAC-1_5,Mesophyll,Root endodermis,,2,0,2,4,2,6
ACCATTTGTTTATGCG-1_4,Stele,Xylem,,2,0,2,5,1,7
ACCATTTTCCAAGGGA-1_2,Mesophyll,Mesophyll,,1,2,1,0,0,16
ACCATTTTCCTTTGAT-1_4,Meristematic,Mesophyll,,1,2,1,0,7,13
ACCATTTTCGACATCA-1_2,Mesophyll,Mesophyll,,1,2,1,0,4,0
ACCATTTTCTGGCCTT-1_3,Epidermal,Mesophyll,,1,2,1,0,0,2
ACCCAAAAGCTGGCCT-1_5,Mesophyll,Mesophyll,,0,0,0,1,4,9
ACCCAAAAGGTCCCGT-1_3,Mesophyll,Root cortex,,3,1,3,2,5,5
ACCCAAACAAATACAG-1_4,Mesophyll,Leaf pavement cell,,2,1,2,3,3,3
ACCCAAACAACTGATC-1_5,Epidermal,Root cap,,1,2,1,0,0,16
ACCCAAACAGTAGTGG-1_5,Mesophyll,Mesophyll,,3,1,3,2,5,5
ACCCAAAGTGAACCGA-1_1,Mesophyll,Mesophyll,,0,0,0,1,6,0
ACCCAAAGTGCATACT-1_1,Mesophyll,Root cortex,,2,1,2,4,2,1
ACCCAAAGTGTCCAAT-1_2,Epidermal,Root endodermis,,0,0,0,7,9,11
ACCCAAATCGAGATAA-1_4,Stele,Mesophyll,,1,2,1,0,0,2
ACCCAAATCTTCACAT-1_3,Mesophyll,Root cortex,,2,0,2,4,3,3
ACCCTCAAGCGATTCT-1_4,Epidermal,Leaf pavement cell,,0,2,0,0,4,0
ACCCTCACACATTACG-1_3,Mesophyll,Mesophyll,,1,2,1,7,9,16
ACCCTCACACGCCAGT-1_4,Mesophyll,Mesophyll,,1,2,1,0,4,0
ACCCTCACATAACGGG-1_2,Mesophyll,Leaf pavement cell,,0,1,0,2,4,11
ACCCTCACATTCTTCA-1_1,Mesophyll,Mesophyll,,3,1,3,2,8,10
ACCCTCAGTGTACGCC-1_4,Epidermal,Non-hair,,0,0,0,1,1,7
ACCCTCAGTTGGTAGG-1_4,Mesophyll,Mesophyll,,3,2,3,2,8,10
ACCCTCAGTTTGTGGT-1_1,Stele,Mesophyll,,3,1,3,10,4,9
ACCCTCATCAAGGACG-1_6,Epidermal,Leaf pavement cell,,2,1,2,3,3,3
ACCCTCATCACTCGAA-1_3,Meristematic,Root endodermis,,0,0,0,1,1,4
ACCCTCATCGTTCAGA-1_1,Mesophyll,Mesophyll,,1,2,1,0,0,2
ACCCTCATCTAGATCG-1_1,Epidermal,Root cortex,,1,2,1,0,0,0
ACCCTCATCTAGGAAA-1_5,Stele,Phloem,,3,0,3,1,4,9
ACCCTCATCTCGTCGT-1_5,Epidermal,Root endodermis,,1,2,1,0,0,16
ACCCTCATCTTAAGGC-1_3,Epidermal,Non-hair,,1,1,1,1,7,14
ACCCTCATCTTGTGCC-1_6,Stele,Root endodermis,,0,0,0,5,1,16
ACCCTTGAGGGATCTG-1_5,Epidermal,Root procambium,,0,0,0,1,7,4
ACCCTTGCAACGAGGT-1_2,Epidermal,Root cortex,,2,1,2,3,3,7
ACCCTTGCAACGGTAG-1_5,Mesophyll,Root cortex,,3,1,3,2,5,5
ACCCTTGCAGTCTCTC-1_6,Epidermal,Root endodermis,,0,0,0,5,1,8
ACCCTTGCATACGCAT-1_5,Stele,Mesophyll,,3,1,3,2,8,10
ACCCTTGGTAAGTTGA-1_4,Mesophyll,Phloem parenchyma,,0,0,0,6,6,6
ACCCTTGGTATGTCAC-1_5,Epidermal,Non-hair,,0,0,0,1,1,4
ACCCTTGGTCTCCTGT-1_5,Meristematic,Mesophyll,,0,2,0,5,6,0
ACCCTTGGTGCTATTG-1_3,Epidermal,Mesophyll,,1,2,1,0,0,2
ACCCTTGTCACATACG-1_3,Epidermal,Mesophyll,,1,1,1,2,0,0
ACCCTTGTCCCAGGAC-1_4,Mesophyll,Phloem,,0,1,0,3,1,3
ACCCTTGTCGCACGAC-1_4,Mesophyll,Leaf guard cell,,0,0,0,6,6,19
ACCCTTGTCGTGGCTG-1_5,Mesophyll,Root cortex,,2,1,2,4,2,1
ACCGTTCAGATCGACG-1_6,Meristematic,Root endodermis,,2,1,2,3,3,3
ACCGTTCAGCCTTTCC-1_4,Stele,Root procambium,,0,0,0,1,7,13
ACCGTTCAGTAGCATA-1_4,Mesophyll,Cortex,,1,2,1,0,0,7
ACCGTTCCACTACAGT-1_4,Epidermal,Mesophyll,,1,2,1,1,7,0
ACCGTTCCATCCCGTT-1_5,Epidermal,Root cortex,,2,1,2,4,5,1
ACCGTTCGTATCCCAA-1_1,Epidermal,Root cortex,,2,1,2,4,2,1
ACCGTTCGTCTGCGCA-1_4,Epidermal,Root cortex,,1,3,1,1,7,14
ACCGTTCGTTCCCAAA-1_4,Meristematic,Leaf pavement cell,,2,1,2,3,3,3
ACCGTTCTCCAAGCAT-1_5,Epidermal,Root cortex,,2,1,2,4,2,1
ACCGTTCTCCTGTAGA-1_6,Mesophyll,Mesophyll,,1,2,1,7,9,11
ACCGTTCTCGGCTTCT-1_4,Mesophyll,Sieve element,,3,1,3,0,4,15
ACCGTTCTCTACGCAA-1_5,Epidermal,Root endodermis,,2,0,2,3,3,3
ACCTACCAGATGAAGG-1_3,Mesophyll,Root cortex,,2,1,2,4,2,1
ACCTACCAGCCACCGT-1_2,Epidermal,Columella root cap,,0,0,0,1,1,4
ACCTACCCAAGAGTGC-1_3,Epidermal,Root cortex,,0,0,0,5,1,8
ACCTACCCAGTGCCTG-1_4,Epidermal,Shoot system epidermis,,2,1,2,3,3,3
ACCTACCCATGACAGG-1_3,Epidermal,Mesophyll,,5,2,5,9,4,17
ACCTACCGTGACAACG-1_5,Mesophyll,Root cortex,,2,0,2,5,1,7
ACCTACCGTTTCGATG-1_6,Mesophyll,Mesophyll,,2,1,2,3,3,3
ACCTACCTCCACCTCA-1_5,Mesophyll,Cortex,,1,2,1,0,0,2
ACCTACCTCCGATAGT-1_1,Mesophyll,Mesophyll,,1,2,1,0,0,2
ACCTGAACAAATGAAC-1_5,Mesophyll,Cortex,,2,1,2,4,2,1
ACCTGAACACCTCTGT-1_6,Mesophyll,Mesophyll,,3,1,3,2,5,5
ACCTGAACAGCCTTCT-1_4,Mesophyll,Mesophyll,,1,1,1,0,0,0
ACCTGAACATGACTAC-1_1,Epidermal,Root cortex,,3,1,3,2,5,5
ACCTGAAGTACTGACT-1_3,Meristematic,Mesophyll,,1,2,1,0,0,2
ACCTGAAGTAGCACAG-1_5,Epidermal,Mesophyll,,3,1,3,2,5,5
ACCTGAAGTGTACATC-1_5,Epidermal,Flower meristem,,0,0,0,1,4,0
ACCTGAATCAGGGTAG-1_4,Stele,Mesophyll,,3,1,3,2,5,5
ACCTGAATCATTGCCC-1_5,Epidermal,Root endodermis,,0,0,0,6,6,6
ACCTGAATCCAGTGTA-1_5,Mesophyll,Mesophyll,,1,2,1,1,7,13
ACCTGAATCGCGTGAC-1_3,Epidermal,Columella root cap,,1,2,1,0,0,0
ACCTGAATCTTCACGC-1_1,Epidermal,Mesophyll,,1,2,1,0,0,2
ACCTGTCCAACTCCAA-1_3,Epidermal,Root endodermis,,2,1,2,4,2,1
ACCTGTCCAAGAGGCT-1_4,Mesophyll,Mesophyll,,1,2,1,0,0,0
ACCTGTCCACAATGCT-1_1,Mesophyll,Mesophyll,,3,1,3,2,8,10
ACCTGTCCACGCTGAC-1_5,Meristematic,Mesophyll,,1,2,1,0,0,2
ACCTGTCCAGCTGCCA-1_4,Stele,Companion cell,,3,1,3,10,4,9
ACCTGTCCATCAGTCA-1_4,Epidermal,Mesophyll,,0,0,0,5,1,4
ACCTGTCCATGAAGGC-1_1,Mesophyll,Root cortex,,2,1,2,3,7,7
ACCTGTCGTGCTCCGA-1_2,Stele,Mesophyll,,3,2,3,1,4,9
ACCTGTCTCACCTCAC-1_5,Mesophyll,Root procambium,,0,0,0,1,1,4
ACCTGTCTCATTACCT-1_5,Meristematic,Flower meristem,,1,2,1,0,0,16
ACCTGTCTCTTTCAGT-1_3,Mesophyll,Root endodermis,,0,0,0,1,4,11
ACGATCAAGAGCAGCT-1_3,Epidermal,Root procambium,,0,0,0,1,7,13
ACGATCAAGCCTCACG-1_5,Mesophyll,Mesophyll,,1,2,1,0,0,2
ACGATCACAAGAGATT-1_1,Epidermal,Non-hair,,0,0,0,1,1,8
ACGATCACAGTATTCG-1_3,Meristematic,Root epidermis,,2,1,2,3,3,3
ACGATCACATCCGGCA-1_2,Epidermal,Phloem parenchyma,,0,0,0,5,1,4
ACGATCAGTCATATGC-1_6,Epidermal,Mesophyll,,0,0,0,1,4,9
ACGATCAGTGTCATGT-1_5,Epidermal,Root endodermis,,0,0,0,1,7,8
ACGATCAGTTCCGGTG-1_3,Mesophyll,Mesophyll,,1,2,1,7,9,11
ACGATCAGTTTACGTG-1_4,Stele,Leaf pavement cell,,0,0,0,1,4,9
ACGATCATCAGACCCG-1_2,Mesophyll,Sperm nuclei,,4,3,4,8,10,12
ACGATCATCCAGCAAT-1_2,Mesophyll,Generative nuclei,,3,1,3,2,5,5
ACGATCATCGCACGAC-1_2,Stele,Root cap,,0,0,0,4,5,6
ACGATGTCAAGTCCAT-1_6,Stele,Mesophyll,,0,0,0,0,0,16
ACGATGTCATCGCCTT-1_5,Meristematic,Root cortex,,2,1,2,4,2,1
ACGATGTCATGTTCGA-1_1,Epidermal,Mesophyll,,2,1,2,0,3,3
ACGATGTGTGCAGATG-1_2,Epidermal,Root endodermis,,0,0,0,5,6,0
ACGATGTGTTTACCTT-1_3,Mesophyll,Mesophyll,,1,2,1,0,0,2
ACGATGTGTTTCCAAG-1_5,Meristematic,Shoot system epidermis,,2,1,2,3,3,3
ACGATGTTCACTCTTA-1_1,Epidermal,Cortex,,1,2,1,1,7,7
ACGATGTTCACTGAAC-1_3,Mesophyll,Cortex,,2,0,2,4,5,6
ACGATGTTCGGACAAG-1_4,Stele,Root cortex,,0,0,0,5,1,7
ACGATGTTCGGAGCAA-1_4,Mesophyll,Root cap,,1,2,1,7,9,11
ACGCACGCAACTAGAA-1_1,Meristematic,Root procambium,,0,0,0,1,7,0
ACGCACGCAGGTTTAC-1_5,Stele,Mesophyll,,3,1,3,4,3,0
ACGCACGGTACAGTCT-1_5,Epidermal,Phloem pole pericycle,,0,0,0,5,1,4
ACGCACGGTCCTACGG-1_2,Stele,Root cap,,0,0,0,5,1,4
ACGCACGGTCGCTCGA-1_3,Mesophyll,Root cap,,1,2,1,7,9,11
ACGCACGGTGACACGA-1_1,Epidermal,Leaf pavement cell,,3,1,3,2,8,10
ACGCACGGTGTAAATG-1_3,Mesophyll,Mesophyll,,3,2,3,7,9,10
ACGCACGTCACCTTGC-1_6,Mesophyll,Mesophyll,,1,2,1,0,0,2
ACGCACGTCATGCCGG-1_5,Mesophyll,Mesophyll,,3,1,3,2,5,5
ACGCACGTCCCGAGGT-1_3,Epidermal,Mesophyll,,3,1,3,2,5,5
ACGCACGTCGATTCCC-1_1,Epidermal,Mesophyll,,1,2,1,1,4,15
ACGCACGTCGTCTACC-1_1,Mesophyll,Root cap,,0,0,0,0,1,16
ACGCACGTCTACACTT-1_1,Mesophyll,Flower meristem,,0,0,0,5,1,4
ACGGAAGGTGCCGTAC-1_6,Mesophyll,Mesophyll,,1,2,1,0,0,2
ACGGAAGGTTCAGCTA-1_2,Epidermal,Flower meristem,,0,0,0,1,7,4
ACGGGTCAGACCAGAC-1_3,Mesophyll,Root cortex,,3,1,3,2,8,10
ACGGGTCAGAGTCAGC-1_1,Mesophyll,Mesophyll,,1,2,1,0,0,2
ACGGGTCAGGCGCTTC-1_4,Meristematic,Mesophyll,,1,2,1,11,12,19
ACGGGTCAGTCATGAA-1_3,Epidermal,Mesophyll,,1,2,1,0,0,2
ACGGGTCCACCAGACC-1_2,Mesophyll,Flower meristem,,1,0,1,0,0,0
ACGGGTCGTTCTCGTC-1_2,Mesophyll,Root endodermis,,2,0,2,6,6,6
ACGGGTCGTTGAGAGC-1_5,Mesophyll,Mesophyll,,3,1,3,2,2,1
ACGGGTCTCAGTGTTG-1_1,Meristematic,Root endodermis,,0,0,0,6,6,6
ACGGTCGAGACATATG-1_5,Mesophyll,Mesophyll,,3,1,3,2,5,0
ACGGTCGAGCCGAACA-1_5,Stele,Leaf pavement cell,,2,1,2,3,3,3
ACGGTCGCACTTTAGG-1_3,Stele,Root endodermis,,0,0,0,6,6,6
ACGGTCGCAGTCTCTC-1_1,Meristematic,Mesophyll,,1,2,1,0,0,0
ACGGTCGGTATAATGG-1_6,Mesophyll,Mesophyll,,1,2,1,7,9,11
ACGGTCGGTGTCTTGA-1_4,Epidermal,Root cap,,2,0,2,4,2,9
ACGGTCGTCAACTTTC-1_4,Mesophyll,Phloem,,0,1,0,1,7,13
ACGGTCGTCCACGGAC-1_6,Epidermal,Root cortex,,1,1,1,1,7,14
ACGGTCGTCCCTCGTA-1_1,Mesophyll,Root cortex,,1,2,1,7,9,11
ACGGTCGTCCTCTCTT-1_4,Epidermal,Leaf pavement cell,,0,0,0,5,1,4
ACGGTCGTCGTGGCGT-1_4,Epidermal,Root endodermis,,4,3,4,8,10,12
ACGGTCGTCTTGCGCT-1_3,Mesophyll,Mesophyll,,1,2,1,7,9,11
ACGGTTAAGCGTGAGT-1_4,Mesophyll,Mesophyll,,1,2,1,7,9,11
ACGGTTAAGGGTGGGA-1_2,Mesophyll,Root cortex,,2,1,2,3,3,3
ACGGTTACAGGTTCCG-1_4,Epidermal,Root cortex,,2,0,2,4,2,7
ACGGTTAGTAATTGGA-1_5,Stele,Root procambium,,1,2,1,0,0,19
ACGGTTAGTACCTTCC-1_5,Mesophyll,Root endodermis,,2,0,2,4,2,7
ACGGTTAGTCATTGCA-1_4,Mesophyll,Mesophyll,,1,2,1,0,0,2
ACGGTTAGTCCAAGAG-1_1,Stele,Explant vasculature and callus founder cell,,0,0,0,1,7,13
ACGGTTAGTGGCCCAT-1_5,Mesophyll,Root endodermis,,0,0,0,5,1,8
ACGGTTAGTGTCTTGA-1_6,Epidermal,Root endodermis,,2,0,2,4,2,7
ACGGTTAGTTTAAGGA-1_1,Mesophyll,Mesophyll,,3,2,3,2,4,0
ACGGTTATCACGGGAA-1_3,Epidermal,Mesophyll,,3,1,3,4,2,1
ACGGTTATCGGTCACG-1_5,Epidermal,Mesophyll,,1,2,1,0,0,0
ACGTAACCAAGAGCTG-1_1,Mesophyll,Root cortex,,2,1,2,3,3,7
ACGTAACCACGCGCTA-1_1,Epidermal,Root cap,,0,0,0,1,1,4
ACGTAACCAGGCCCTA-1_3,Epidermal,Non-hair,,2,1,2,3,3,3
ACGTAACCAGTCCCGA-1_1,Mesophyll,Root cap,,0,0,0,1,7,13
ACGTAACGTAGGGAGG-1_2,Epidermal,Cortex,,2,1,2,4,2,1
ACGTAACGTGGAAATT-1_5,Epidermal,Mesophyll,,3,1,3,2,5,5
ACGTAACGTTCTATCT-1_3,Mesophyll,Shoot system epidermis,,2,1,2,3,3,3
ACGTAACTCCCATTCG-1_6,Epidermal,Root cortex,,2,1,2,4,5,1
ACGTAACTCGAAATCC-1_3,Mesophyll,Mesophyll,,1,2,1,7,9,2
ACGTAACTCTCCAATT-1_1,Meristematic,Columella root cap,,0,0,0,1,1,9
ACGTACAAGAGTCACG-1_6,Epidermal,Non-hair,,4,3,4,8,10,12
ACGTACACAAAGAGTT-1_3,Mesophyll,Root cortex,,1,2,1,0,7,19
ACGTACACAGCGCTTG-1_1,Epidermal,Mesophyll,,3,2,3,2,5,5
ACGTACACATGTGACT-1_3,Mesophyll,Mesophyll,,1,2,1,0,4,0
ACGTACAGTAACGATA-1_1,Mesophyll,Mesophyll,,3,1,3,2,5,5
ACGTACAGTAGAATAC-1_1,Mesophyll,Mesophyll,,1,2,1,0,0,2
ACGTACAGTGCTTCAA-1_6,Epidermal,Mesophyll,,5,2,5,1,4,17
ACGTACAGTTGGGCCT-1_2,Mesophyll,Root endodermis,,2,1,2,6,5,6
ACGTACATCATTGGTG-1_6,Epidermal,Root cortex,,2,1,2,4,2,1
ACGTACATCTCGCTCA-1_6,Epidermal,Root cortex,,2,1,2,3,3,3
ACGTACATCTTAGCCC-1_3,Stele,Root cortex,,3,1,3,2,8,1
ACGTACATCTTTACAC-1_3,Epidermal,Mesophyll,,3,1,3,2,8,10
ACGTAGTAGACATAAC-1_3,Epidermal,Mesophyll,,1,2,1,0,0,7
ACGTAGTCAACACAAA-1_2,Mesophyll,Mesophyll,,2,1,2,2,5,5
ACGTAGTTCAAAGAAC-1_5,Stele,Non-hair,,0,0,0,1,7,4
ACGTAGTTCAGAACCT-1_3,Mesophyll,Mesophyll,,3,1,3,2,8,10
ACGTAGTTCAGTCTTT-1_3,Mesophyll,Mesophyll,,1,2,1,0,0,2
ACGTAGTTCAGTGATC-1_4,Epidermal,Root cortex,,2,1,2,3,2,1
ACGTAGTTCGTAGCCG-1_4,Mesophyll,Root endodermis,,2,0,2,4,2,1
ACGTCCTAGCAGCGAT-1_1,Mesophyll,Guard cell,,1,1,1,2,8,15
ACGTCCTAGCTTTCTT-1_6,Meristematic,Mesophyll,,1,2,1,0,6,0
ACGTCCTAGGCGTTGA-1_3,Mesophyll,Leaf pavement cell,,2,1,2,3,3,3
ACGTCCTAGGGATGTC-1_3,Mesophyll,Root cap,,1,2,1,0,0,7
ACGTCCTCACCTGAAT-1_3,Epidermal,Mesophyll,,1,2,1,0,10,0
ACGTCCTCACTACAGT-1_6,Epidermal,Flower meristem,,0,0,0,1,4,0
ACGTCCTCACTTCCTG-1_5,Epidermal,Mesophyll,,1,2,1,0,0,6
ACGTCCTGTCTACAGT-1_3,Stele,Mesophyll,,2,1,2,3,3,3
ACGTCCTGTGTGCCTG-1_2,Mesophyll,Mesophyll,,0,0,0,6,1,4
ACGTCCTTCCTTGACC-1_2,Mesophyll,Mesophyll,,1,2,1,0,0,0
ACGTCCTTCTCCGATC-1_5,Mesophyll,Root cortex,,2,0,2,4,2,7
ACGTCCTTCTGGAAGG-1_4,Stele,Root endodermis,,1,2,1,0,0,0
ACGTCCTTCTTGCAGA-1_3,Epidermal,Leaf pavement cell,,2,1,2,3,3,3
ACGTTCCAGAAAGTCT-1_3,Epidermal,Vascular cambium,,4,3,4,8,10,12
ACGTTCCAGCTTGTGT-1_4,Epidermal,Root cortex,,2,1,2,4,2,1
ACGTTCCAGGATATAC-1_2,Mesophyll,Mesophyll,,1,2,1,7,9,11
ACGTTCCCACTCACTC-1_2,Mesophyll,Vascular cambium,,3,1,3,1,4,9
ACGTTCCGTCACAATC-1_5,Epidermal,Non-hair,,4,3,4,8,10,12
ACGTTCCGTCCATCTC-1_4,Mesophyll,Root cortex,,3,1,3,2,2,1
ACGTTCCGTGCAGATG-1_4,Epidermal,Mesophyll,,3,2,3,2,5,5
ACGTTCCGTTCTCACC-1_2,Stele,Mesophyll,,0,0,0,6,6,6
ACGTTCCTCCCTCAAC-1_4,Meristematic,Mesophyll,,3,1,3,0,2,1
ACGTTCCTCCGCCTAT-1_2,Epidermal,Leaf pavement cell,,2,0,2,3,3,3
ACGTTCCTCGCGCCAA-1_2,Mesophyll,Phloem,,1,2,1,0,4,0
ACGTTCCTCGTAGTGT-1_6,Mesophyll,Mesophyll,,1,2,1,7,9,11
ACGTTCCTCTGCTAGA-1_5,Mesophyll,Mesophyll,,3,1,3,2,5,5
ACTACGAAGCTCACTA-1_4,Mesophyll,Bundle sheath,,2,1,2,4,2,1
ACTACGAAGGCCTAAG-1_1,Epidermal,Columella root cap,,0,0,0,5,1,8
ACTACGACAAAGCTCT-1_2,Stele,Mesophyll,,3,1,3,2,8,10
ACTACGACACAAATCC-1_1,Mesophyll,Mesophyll,,3,1,3,2,5,2
ACTACGACATCAGCAT-1_2,Epidermal,Leaf pavement cell,,4,3,4,8,10,12
ACTACGAGTAGGTAGC-1_1,Epidermal,Mesophyll,,0,0,0,6,6,6
ACTACGAGTCACTCTC-1_1,Epidermal,Shoot system epidermis,,0,0,0,5,1,7
ACTACGAGTGAGATTA-1_5,Epidermal,Cortex,,3,1,3,2,5,5
ACTACGAGTTAGGCTT-1_4,Mesophyll,Mesophyll,,1,2,1,0,0,2
ACTACGATCATAGAGA-1_5,Epidermal,Flower meristem,,0,0,0,0,1,4
ACTACGATCCCTGTTG-1_5,Mesophyll,Mesophyll,,3,1,3,2,5,5
ACTACGATCCGATCGG-1_2,Epidermal,Lateral root cap,,0,0,0,5,1,8
ACTACGATCGGATAAA-1_4,Epidermal,Mesophyll,,3,1,3,2,5,5
ACTATCTAGCGACTGA-1_5,Epidermal,Mesophyll,,3,0,3,4,2,6
ACTATCTAGCTGTACT-1_4,Mesophyll,Root cortex,,3,1,3,4,5,1
ACTATCTAGGTTCTAC-1_1,Epidermal,Leaf pavement cell,,2,1,2,3,3,3
ACTATCTAGTAAGGGA-1_1,Stele,Root cortex,,3,1,3,2,5,5
ACTATCTAGTTTGCTG-1_6,Epidermal,Leaf pavement cell,,2,1,2,3,3,3
ACTATCTCAACTACGT-1_6,Epidermal,Mesophyll,,3,1,3,2,7,15
ACTATCTCAATAGTCC-1_2,Mesophyll,Non-hair,,3,1,3,2,8,10
ACTATCTCACCTTCGT-1_6,Mesophyll,Shoot system epidermis,,2,1,2,3,3,3
ACTATCTGTCCTGAAT-1_4,Epidermal,Root cortex,,1,1,1,1,7,14
ACTATCTGTTCGTAAC-1_5,Epidermal,Root cortex,,2,1,2,4,2,7
ACTATCTGTTGTAAAG-1_1,Mesophyll,Root cortex,,2,1,2,4,2,1
ACTATCTTCACTTCTA-1_6,Meristematic,Mesophyll,,1,2,1,0,0,2
ACTATCTTCAGAATAG-1_1,Mesophyll,Columella root cap,,0,0,0,5,1,8
ACTATCTTCTCAACGA-1_5,Mesophyll,Mesophyll,,3,1,3,2,5,5
ACTATGGAGCAGCGAT-1_3,Epidermal,Root endodermis,,5,4,5,9,11,18
ACTATGGAGCGTTACT-1_6,Mesophyll,Mesophyll,,1,2,1,0,0,2
ACTATGGCAATCGCAT-1_2,Mesophyll,Root endodermis,,0,0,0,6,6,6
ACTATGGCAATTCTCT-1_4,Epidermal,Mesophyll,,1,2,1,0,0,2
ACTATGGCACAAATCC-1_5,Stele,Mesophyll,,1,2,1,0,0,16
ACTATGGCACAACCGC-1_6,Epidermal,Non-hair,,0,0,0,1,7,4
ACTATGGCACAATTCG-1_2,Epidermal,Sieve element,,0,0,0,1,7,4
ACTATGGGTCTGTCAA-1_3,Stele,Root cortex,,0,0,0,5,1,7
ACTATGGTCGGCACTG-1_5,Epidermal,Mesophyll,,3,1,3,2,8,10
ACTATGGTCTAGACAC-1_5,Mesophyll,Root cortex,,2,1,2,6,5,5
ACTATTCAGAGTCAGC-1_1,Mesophyll,Mesophyll,,3,1,3,2,8,10
ACTATTCAGCCAAGGT-1_5,Epidermal,Mesophyll,,1,2,1,0,0,0
ACTATTCAGGGCGAAG-1_4,Mesophyll,Root endodermis,,2,0,2,5,0,7
ACTATTCAGTTAACAG-1_6,Epidermal,Mesophyll,,3,1,3,2,5,5
ACTATTCCACCGGTCA-1_6,Epidermal,Non-hair,,0,0,0,1,1,4
ACTATTCCAGACAAAT-1_3,Epidermal,Root cortex,,2,1,2,4,2,1
ACTATTCCAGCACACC-1_1,Meristematic,Phloem parenchyma,,0,0,0,6,1,4
ACTATTCCAGGCCCTA-1_2,Epidermal,Leaf pavement cell,,4,1,4,8,10,12
ACTATTCGTCCTCATC-1_4,Epidermal,Leaf pavement cell,,0,0,0,6,6,6
ACTATTCGTGTCTAAC-1_3,Mesophyll,Root cortex,,1,2,1,7,9,11
ACTATTCTCATGAGTC-1_3,Meristematic,Mesophyll,,1,2,1,1,4,0
ACTATTCTCCAACTGA-1_2,Epidermal,Explant vasculature and callus founder cell,,0,0,0,5,1,14
ACTATTCTCCGTCCTA-1_4,Epidermal,Mesophyll,,0,0,0,4,2,9
ACTATTCTCTCGACCT-1_5,Epidermal,Root endodermis,,0,0,0,1,1,9
ACTCCCAAGCATGAAT-1_3,Stele,Phloem,,3,1,3,10,4,9
ACTCCCAAGGATATAC-1_3,Mesophyll,Sieve element,,0,0,0,1,4,9
ACTCCCAAGTTCAACC-1_3,Epidermal,Mesophyll,,5,2,5,0,4,17
ACTCCCACAGTGTATC-1_1,Epidermal,Mesophyll,,1,2,1,0,0,2
ACTCCCATCACGGGAA-1_6,Mesophyll,Root endodermis,,1,2,1,0,0,2
ACTCCCATCACTCCGT-1_4,Stele,Root endodermis,,1,2,1,0,7,19
ACTCCCATCATTACCT-1_2,Epidermal,Phloem pole pericycle,,4,3,4,8,10,12
ACTCCCATCCATCTCG-1_1,Epidermal,Root cortex,,2,1,2,4,2,1
ACTCTCGAGAAGCTCG-1_3,Epidermal,Root endodermis,,0,0,0,6,1,4
ACTCTCGAGCAACAGC-1_2,Stele,Root cortex,,2,1,2,3,4,9
ACTCTCGAGGAGAGTA-1_6,Epidermal,Guard cell,,3,2,3,0,8,15
ACTCTCGAGTGATAGT-1_1,Mesophyll,Mesophyll,,1,2,1,0,0,2
ACTCTCGCACAAGCCC-1_4,Meristematic,Lateral root cap,,0,2,0,1,4,17
ACTCTCGCACATCCCT-1_5,Epidermal,Root endodermis,,0,0,0,5,1,8
ACTCTCGCACCGCTGA-1_4,Stele,Xylem,,0,0,0,5,1,13
ACTCTCGCACTTCTCG-1_3,Meristematic,Leaf pavement cell,,2,1,2,3,3,3
ACTCTCGCAGAAGCTG-1_6,Stele,Pericycle,,0,0,0,1,7,13
ACTCTCGCAGATTCGT-1_6,Epidermal,Root endodermis,,2,0,2,5,3,3
ACTCTCGCAGCGTGAA-1_2,Stele,Mesophyll,,3,3,3,2,5,5
ACTCTCGCAGGAACCA-1_4,Epidermal,Phloem,,2,1,2,3,3,3
ACTCTCGCAGTCTGGC-1_3,Mesophyll,Mesophyll,,3,1,3,2,5,5
ACTCTCGCATCCTAAG-1_2,Mesophyll,Root hair,,1,2,1,7,9,11
ACTCTCGCATGTGTCA-1_4,Mesophyll,Mesophyll,,0,0,0,1,4,9
ACTCTCGCATTCGGGC-1_1,Epidermal,Root endodermis,,5,2,5,1,4,13
ACTCTCGGTAGAAACT-1_2,Epidermal,Leaf pavement cell,,2,1,2,3,3,3
ACTCTCGGTTTACGAC-1_6,Mesophyll,Mesophyll,,1,2,1,0,0,2
ACTCTCGTCAAACGTC-1_6,Epidermal,Root cortex,,3,1,3,2,8,14
ACTCTCGTCAGACAAA-1_4,Mesophyll,Mesophyll,,1,2,1,7,9,11
ACTCTCGTCCAACACA-1_3,Mesophyll,Mesophyll,,0,0,0,6,6,6
ACTGATGAGACCAGCA-1_4,Mesophyll,Root endodermis,,2,0,2,3,3,7
ACTGATGAGCATACTC-1_6,Epidermal,Mesophyll,,1,2,1,0,4,13
ACTGATGAGGCGTTAG-1_2,Epidermal,Leaf pavement cell,,2,0,2,3,3,3
ACTGATGAGGTTCACT-1_2,Mesophyll,Mesophyll,,1,2,1,0,0,2
ACTGATGCAAGCACCC-1_5,Meristematic,Mesophyll,,1,2,1,6,6,19
ACTGATGCAAGTGGGT-1_6,Mesophyll,Mesophyll,,3,1,3,2,5,5
ACTGATGCACTCCTGT-1_1,Meristematic,Mesophyll,,1,2,1,0,0,11
ACTGATGCATCGCCTT-1_5,Stele,Root procambium,,0,0,0,5,4,16
ACTGATGCATGAAGCG-1_5,Meristematic,Root endodermis,,0,0,0,5,1,4
ACTGATGGTCAACCTA-1_4,Epidermal,Explant vasculature and callus founder cell,,0,0,0,1,7,13
ACTGATGGTGGAATGC-1_4,Mesophyll,Root endodermis,,2,0,2,5,1,8
ACTGATGTCATGCGGC-1_1,Meristematic,Root cortex,,3,1,3,2,8,10
ACTGATGTCTACACTT-1_6,Epidermal,Root endodermis,,0,0,0,1,1,4
ACTGCAAAGGTTGAGC-1_2,Mesophyll,Mesophyll,,1,2,1,0,0,2
ACTGCAACAATAGTCC-1_2,Stele,Bundle sheath,,0,0,0,1,4,9
ACTGCAACACATTCTT-1_3,Mesophyll,Mesophyll,,1,2,1,0,8,16
ACTGCAACAGTCGTTA-1_1,Mesophyll,Root cortex,,2,1,2,4,2,1
ACTGCAACATTGAAAG-1_6,Epidermal,Cortex,,0,0,0,5,1,7
ACTGCAAGTCAAACGG-1_4,Mesophyll,Root endodermis,,1,2,1,0,0,0
ACTGCAATCATGCATG-1_1,Mesophyll,Mesophyll,,1,2,1,0,0,2
ACTGCAATCCAATGCA-1_6,Epidermal,Root hair,,5,4,5,9,11,18
ACTGCAATCCACGTGG-1_6,Stele,Phloem,,0,0,0,1,7,13
ACTGTCCAGGGATCGT-1_5,Mesophyll,Mesophyll,,1,2,1,0,0,2
ACTGTCCAGGGTACAC-1_5,Epidermal,Mesophyll,,1,2,1,0,0,0
ACTGTCCAGTGAGGTC-1_6,Epidermal,Root endodermis,,0,0,0,3,1,8
ACTGTCCCAAATGCTC-1_2,Mesophyll,Non-hair,,3,1,3,2,4,15
ACTGTCCGTCCTGGGT-1_4,Epidermal,Mesophyll,,3,1,3,2,8,10
ACTGTCCGTTCGTGCG-1_3,Epidermal,Root endodermis,,0,0,0,5,1,8
ACTGTCCTCACGACTA-1_4,Mesophyll,Mesophyll,,1,2,1,0,0,2
ACTGTCCTCAGAGTGG-1_6,Meristematic,Leaf guard cell,,1,0,1,6,6,19
ACTGTCCTCATACGAC-1_4,Epidermal,Mesophyll,,5,2,5,9,4,17
ACTGTGAAGAGTACCG-1_1,Epidermal,Mesophyll,,1,2,1,0,0,0
ACTGTGAAGGTGAGCT-1_2,Meristematic,Mesophyll,,2,1,2,3,3,3
ACTGTGACAGTTGTCA-1_1,Mesophyll,Mesophyll,,1,2,1,0,0,16
ACTGTGAGTATCTCGA-1_1,Mesophyll,Cortex,,3,1,3,2,5,5
ACTGTGAGTCGGTGAA-1_5,Mesophyll,Mesophyll,,1,0,1,6,0,6
ACTGTGAGTGCATGTT-1_2,Meristematic,Mesophyll,,1,2,1,0,0,0
ACTGTGAGTTCCGCGA-1_6,Meristematic,Phloem parenchyma,,0,0,0,5,1,8
ACTGTGAGTTTACACG-1_5,Epidermal,Mesophyll,,4,3,4,8,10,12
ACTTAGGAGAAGGGAT-1_6,Meristematic,Phloem,,4,3,4,8,10,12
ACTTAGGCATGGAACG-1_2,Mesophyll,Explant vasculature and callus founder cell,,2,1,2,4,2,1
ACTTAGGGTAAGAACT-1_3,Mesophyll,Root cortex,,2,1,2,4,2,1
ACTTAGGGTGCATGTT-1_5,Mesophyll,Mesophyll,,3,1,3,2,5,5
ACTTAGGTCTCGTCAC-1_4,Mesophyll,Mesophyll,,3,1,3,2,5,5
ACTTATCAGATCCTAC-1_1,Mesophyll,Mesophyll,,1,2,1,7,9,11
ACTTATCAGGTGATCG-1_2,Epidermal,Mesophyll,,1,2,1,0,0,0
ACTTATCAGTAGGCCA-1_1,Epidermal,Columella root cap,,0,0,0,5,1,4
ACTTATCCAAGAAATC-1_4,Epidermal,Mesophyll,,3,1,3,2,5,5
ACTTATCCACCCTTAC-1_2,Mesophyll,Root cortex,,2,0,2,4,2,7
ACTTATCCAGCTCCTT-1_2,Stele,Mesophyll,,1,2,1,0,0,16
ACTTATCCATGACAGG-1_1,Mesophyll,Root cortex,,3,1,3,2,5,5
ACTTATCGTAGAGTTA-1_2,Mesophyll,Root cap,,3,2,3,0,0,0
ACTTATCGTATCTTCT-1_5,Meristematic,Root cap,,0,0,0,1,7,0
ACTTATCGTGTCACAT-1_3,Epidermal,Root procambium,,0,0,0,1,4,0
ACTTATCTCCTATTTG-1_3,Mesophyll,Mesophyll,,4,3,4,8,10,12
ACTTATCTCCTCAGGG-1_1,Epidermal,Leaf pavement cell,,0,0,0,1,3,4
ACTTATCTCTTAGCCC-1_4,Stele,Root procambium,,1,0,1,1,7,14
ACTTCCGAGACGCCCT-1_1,Mesophyll,Root cap,,2,0,2,4,2,1
ACTTCCGAGACGGTTG-1_6,Epidermal,Root cortex,,4,3,4,8,10,12
ACTTCCGAGCAAGTCG-1_3,Mesophyll,Mesophyll,,1,2,1,7,9,11
ACTTCCGAGGATAATC-1_2,Epidermal,Root cortex,,2,0,2,3,1,7
ACTTCCGCAACCGATT-1_3,Meristematic,Root cap,,3,1,3,2,8,10
ACTTCCGCAAGGGTCA-1_6,Epidermal,Root cortex,,2,0,2,4,5,6
ACTTCCGCACAATTCG-1_3,Mesophyll,Explant vasculature and callus founder cell,,0,0,0,1,7,13
ACTTCCGCAGGCTTGC-1_5,Mesophyll,Bundle sheath,,0,1,0,1,4,15
ACTTCCGCAGGTACGA-1_4,Epidermal,Root cap,,0,0,0,1,1,4
ACTTCCGCATACAGAA-1_2,Mesophyll,Mesophyll,,3,1,3,2,8,10
ACTTCCGGTATTGCCA-1_4,Mesophyll,Mesophyll,,1,2,1,0,0,0
ACTTCCGGTCCAATCA-1_2,Mesophyll,Mesophyll,,1,2,1,0,4,17
ACTTCCGGTGTGACCC-1_3,Meristematic,Root cortex,,2,1,2,3,3,3
ACTTCCGTCCAACTGA-1_5,Mesophyll,Sieve element,,0,0,0,1,4,0
ACTTCCGTCCACACAA-1_1,Epidermal,Leaf guard cell,,0,0,0,6,6,4
ACTTCCGTCCCTTGGT-1_4,Epidermal,Root cortex,,2,1,2,3,3,3
ACTTCCGTCTGCCCTA-1_3,Epidermal,Root endodermis,,2,1,2,4,2,1
ACTTCCGTCTTAGCCC-1_3,Mesophyll,Root cortex,,3,1,3,4,2,1
ACTTCGCAGACAGTCG-1_4,Epidermal,Root procambium,,0,0,0,1,4,0
ACTTCGCAGGTGCGAT-1_2,Mesophyll,Mesophyll,,1,2,1,7,9,11
ACTTCGCCAACCTAAC-1_1,Mesophyll,Mesophyll,,1,2,1,0,6,0
ACTTCGCCACAGCCTG-1_4,Mesophyll,Explant vasculature and callus founder cell,,0,0,0,1,1,4
ACTTCGCCACTGCATA-1_2,Epidermal,Root cortex,,0,2,0,1,4,13
ACTTCGCCAGCGACAA-1_3,Epidermal,Mesophyll,,3,1,3,2,8,10
ACTTCGCCATGTAACC-1_3,Mesophyll,Root cortex,,2,1,2,3,3,3
ACTTCGCTCACCTTAT-1_4,Mesophyll,Root cortex,,0,1,0,3,4,9
ACTTCGCTCACTTGGA-1_1,Mesophyll,Mesophyll,,1,2,1,7,9,11
ACTTCGCTCTAGACAC-1_6,Mesophyll,Mesophyll,,1,2,1,0,0,15
ACTTTCAAGAATTGTG-1_3,Meristematic,Vascular cambium,,0,2,0,1,4,17
ACTTTCAAGTTGGAGC-1_5,Mesophyll,Root endodermis,,0,0,0,5,1,8
ACTTTCACATCTATCT-1_1,Epidermal,Lateral root cap,,0,0,0,1,7,4
ACTTTCACATGTTCAG-1_2,Epidermal,Root endodermis,,2,1,2,3,2,1
ACTTTCACATTGTACG-1_2,Epidermal,Root cortex,,2,1,2,4,2,1
ACTTTCAGTGTTAACC-1_4,Epidermal,Root cortex,,2,0,2,4,2,1
ACTTTCAGTGTTACAC-1_2,Epidermal,Mesophyll,,0,0,0,6,6,6
ACTTTCAGTTCTTCAT-1_4,Epidermal,Root procambium,,0,0,0,1,4,13
ACTTTCATCACTGATG-1_4,Mesophyll,Root cortex,,2,0,2,1,3,1
ACTTTCATCCTGTAAG-1_6,Epidermal,Root cortex,,2,1,2,4,2,1
ACTTTCATCTAGTGAC-1_5,Epidermal,Root cap,,2,0,2,4,2,1
ACTTTCATCTCACGAA-1_3,Mesophyll,Non-hair,,0,2,0,7,9,11
ACTTTGTAGCTAGATA-1_3,Epidermal,Root endodermis,,2,1,2,4,2,1
ACTTTGTCAACGACAG-1_5,Stele,Mesophyll,,1,2,1,0,9,16
ACTTTGTCACCAGACC-1_2,Mesophyll,Mesophyll,,1,2,1,0,0,0
ACTTTGTCAGCCTTCT-1_4,Epidermal,Flower meristem,,0,0,0,1,1,4
ACTTTGTGTTATAGAG-1_2,Epidermal,Mesophyll,,1,2,1,3,0,0
ACTTTGTGTTGTTTGG-1_1,Epidermal,Root endodermis,,0,0,0,6,6,19
ACTTTGTTCACGACTA-1_4,Epidermal,Non-hair,,0,0,0,1,7,14
ACTTTGTTCATTCATC-1_1,Epidermal,Root endodermis,,0,0,0,5,1,7
ACTTTGTTCCGTTGAA-1_4,Mesophyll,Mesophyll,,1,2,1,0,0,2
ACTTTGTTCGCAATGT-1_6,Stele,Mesophyll,,3,1,3,2,5,5
ACTTTGTTCGCCGAGT-1_3,Epidermal,Root procambium,,0,0,0,1,1,4
ACTTTGTTCTTCCCAG-1_1,Mesophyll,Mesophyll,,1,2,1,0,0,2
AGAAATGAGACATCCT-1_2,Epidermal,Mesophyll,,1,2,1,0,0,2
AGAAATGAGCACGGAT-1_5,Stele,Root cortex,,2,1,2,4,2,1
AGAAATGCAAGGCCTC-1_1,Epidermal,Root endodermis,,2,1,2,3,3,3
AGAAATGCAAGGGTCA-1_6,Mesophyll,Mesophyll,,1,2,1,0,0,0
AGAAATGCAATTCTCT-1_5,Epidermal,Mesophyll,,0,0,0,6,1,8
AGAAATGGTAGCGTTT-1_5,Mesophyll,Root cortex,,3,1,3,2,5,5
AGAAATGGTGACGTCC-1_1,Mesophyll,Leaf pavement cell,,3,1,3,2,8,15
AGAAATGGTGTTGATC-1_1,Mesophyll,Leaf pavement cell,,2,1,2,3,2,1
AGAAATGTCTTGAGCA-1_5,Epidermal,Root cap,,0,0,0,1,7,7
AGAACAACACCGAATT-1_4,Epidermal,Root cortex,,0,0,0,5,1,8
AGAACAACACGCTGCA-1_6,Epidermal,Mesophyll,,0,0,0,6,6,6
AGAACAACAGCTGTTA-1_2,Mesophyll,Mesophyll,,0,0,0,1,4,0
AGAACAAGTACGTAGG-1_2,Mesophyll,Root cortex,,2,1,2,4,2,1
AGAACAAGTCTTACAG-1_5,Meristematic,Mesophyll,,1,2,1,0,4,0
AGAACAAGTGGTCCGT-1_5,Mesophyll,Mesophyll,,0,0,0,6,6,6
AGAACAATCTAACGCA-1_4,Epidermal,Mesophyll,,1,2,1,0,0,2
AGAACCTAGGATTCCT-1_2,Stele,Mesophyll,,3,1,3,2,5,5
AGAACCTAGGTCCCTG-1_6,Mesophyll,Mesophyll,,3,1,3,2,5,5
AGAACCTCAACACTAC-1_4,Epidermal,Non-hair,,4,3,4,8,10,12
AGAACCTCAAGAGAGA-1_4,Epidermal,Mesophyll,,1,0,1,6,6,6
AGAACCTCACAACGCC-1_5,Mesophyll,Mesophyll,,3,1,3,2,5,5
AGAACCTCACGACAAG-1_2,Epidermal,Columella root cap,,0,0,0,5,1,8
AGAACCTGTAAGGCTG-1_3,Epidermal,Cortex,,2,1,2,3,2,1
AGAACCTGTACAGTTC-1_5,Epidermal,Root endodermis,,2,0,2,5,1,7
AGAACCTGTAGTGCGA-1_2,Epidermal,Leaf pavement cell,,2,1,2,3,2,3
AGAACCTGTCCTGAAT-1_3,Epidermal,Root cortex,,2,1,2,4,2,1
AGAACCTGTGGTACAG-1_4,Stele,Phloem parenchyma,,0,0,0,5,1,4
AGAACCTGTTGCAAGG-1_4,Epidermal,Root cortex,,2,1,2,6,2,6
AGAACCTTCAGGGATG-1_3,Epidermal,Phloem,,3,1,3,4,2,1
AGAACCTTCCTACTGC-1_6,Epidermal,Mesophyll,,0,0,0,6,6,0
AGAAGCGAGAGGTGCT-1_3,Mesophyll,Mesophyll,,1,2,1,7,9,11
AGAAGCGAGTAGTCTC-1_3,Mesophyll,Mesophyll,,2,1,2,3,3,3
AGAAGCGCAGCGATTT-1_5,Mesophyll,Mesophyll,,3,1,3,2,5,5
AGAAGCGGTCAGCGTC-1_6,Meristematic,Mesophyll,,1,2,1,0,0,0
AGAAGCGGTCCGGATC-1_5,Mesophyll,Mesophyll,,1,2,1,0,0,2
AGAAGCGGTGTGTGGA-1_3,Epidermal,Root cortex,,3,1,3,2,8,3
AGAAGCGGTTCCGGTG-1_5,Mesophyll,Root cortex,,1,1,1,0,8,0
AGAAGCGGTTTGAAAG-1_4,Mesophyll,Root endodermis,,0,0,0,6,6,4
AGAAGTAAGGTTGGAC-1_5,Mesophyll,Mesophyll,,1,2,1,0,0,2
AGAAGTAAGTTTGTCG-1_5,Mesophyll,Root endodermis,,2,0,2,3,3,3
AGAAGTACACTCTGCT-1_3,Mesophyll,Mesophyll,,1,2,1,0,0,2
AGAAGTACACTTGTCC-1_5,Epidermal,Root cortex,,1,2,1,0,0,0
AGAAGTAGTCCGACGT-1_4,Stele,Mesophyll,,2,0,2,5,1,8
AGAAGTAGTTGTAAAG-1_1,Stele,Mesophyll,,1,2,1,0,0,2
AGAAGTATCCCTTTGG-1_3,Stele,Mesophyll,,3,1,3,2,8,10
AGACAAAAGGATGCGT-1_6,Mesophyll,Root endodermis,,0,0,0,4,1,7
AGACAAAAGGCGACAT-1_5,Mesophyll,Root endodermis,,0,0,0,6,6,6
AGACAAACAAGTGACG-1_5,Epidermal,Flower meristem,,3,1,3,1,4,0
AGACAAACAGGCCCTA-1_6,Mesophyll,Mesophyll,,3,2,3,2,5,5
AGACAAACATGGATCT-1_3,Epidermal,Vascular cambium,,0,0,0,1,1,4
AGACAAAGTCGCTCGA-1_1,Epidermal,Mesophyll,,1,2,1,0,0,0
AGACAAAGTGCAGATG-1_5,Epidermal,Root hair,,5,4,5,9,11,18
AGACAAAGTGGTCTGC-1_2,Epidermal,Root procambium,,0,0,0,6,1,4
AGACAAAGTGTAGGAC-1_1,Meristematic,Mesophyll,,3,1,3,2,5,5
AGACAAATCGATCCAA-1_2,Stele,Leaf pavement cell,,4,3,4,8,10,12
AGACAAATCGCGCCAA-1_5,Mesophyll,Mesophyll,,3,1,3,2,5,5
AGACACTAGCCGTAAG-1_2,Mesophyll,Mesophyll,,1,2,1,0,0,2
AGACACTCAACGGTAG-1_4,Stele,Root procambium,,0,0,0,1,4,9
AGACACTCAACTTGCA-1_1,Meristematic,Mesophyll,,1,2,1,11,12,19
AGACACTCACCAAATC-1_5,Meristematic,Mesophyll,,1,2,1,0,0,16
AGACACTCAGTTGTCA-1_5,Epidermal,Flower meristem,,0,0,0,6,6,4
AGACACTCATATGAAG-1_3,Epidermal,Root cortex,,2,1,2,3,3,3
AGACACTGTGCATTAC-1_1,Mesophyll,Mesophyll,,0,0,0,4,2,9
AGACACTTCACCTCAC-1_4,Mesophyll,Mesophyll,,0,0,0,7,9,11
AGACACTTCCGTATAG-1_3,Mesophyll,Mesophyll,,3,1,3,2,5,5
AGACAGGCACACACGC-1_1,Mesophyll,Xylem,,0,0,0,1,1,9
AGACAGGCACCAGCTG-1_5,Epidermal,Phloem,,1,2,1,0,0,0
AGACAGGCACTCCTTG-1_1,Mesophyll,Mesophyll,,1,2,1,0,0,2
AGACAGGGTAACCCTA-1_2,Epidermal,Root cortex,,2,1,2,4,2,1
AGACAGGGTCAAGCCC-1_5,Epidermal,Flower meristem,,5,2,5,1,4,13
AGACAGGGTCGCAACC-1_1,Mesophyll,Mesophyll,,3,1,3,2,6,10
AGACAGGGTGCCCACA-1_6,Epidermal,Columella root cap,,0,0,0,1,7,13
AGACAGGTCCTGTACC-1_4,Epidermal,Shoot system epidermis,,2,1,2,3,3,3
AGACCATAGACAACTA-1_5,Mesophyll,Root cortex,,2,1,2,4,2,1
AGACCATAGCACCCAC-1_4,Mesophyll,Mesophyll,,1,2,1,7,9,11
AGACCATAGCCAAGCA-1_5,Epidermal,Root procambium,,0,0,0,1,1,4
AGACCATAGCCGAACA-1_1,Epidermal,Root cortex,,2,1,2,3,3,3
AGACCATAGGAAAGTG-1_2,Mesophyll,Mesophyll,,1,2,1,7,9,2
AGACCATCAAATGATG-1_4,Mesophyll,Mesophyll,,1,2,1,0,0,0
AGACCATCAAGGCTTT-1_2,Mesophyll,Mesophyll,,2,1,2,3,3,3
AGACCATCAGAAATTG-1_5,Mesophyll,Non-hair,,0,0,0,1,7,4
AGACCATCAGCGGATA-1_1,Meristematic,Mesophyll,,1,2,1,11,12,19
AGACCATCAGCTCGGT-1_3,Mesophyll,Mesophyll,,3,1,3,2,5,5
AGACCATCATAACAGA-1_6,Mesophyll,Mesophyll,,3,1,3,2,8,10
AGACCATGTCCAGCCA-1_1,Meristematic,Mesophyll,,0,0,0,6,6,6
AGACCATGTGGGCTCT-1_4,Mesophyll,Mesophyll,,1,2,1,0,0,2
AGACCATGTTACCGTA-1_2,Epidermal,Mesophyll,,1,2,1,0,0,5
AGACCATGTTCCAGGC-1_6,Mesophyll,Mesophyll,,3,1,3,2,8,15
AGACCATGTTCGGTTA-1_6,Epidermal,Mesophyll,,2,1,2,4,2,1
AGACCATTCCGAGAAG-1_6,Epidermal,Root endodermis,,5,4,5,9,11,18
AGACCATTCCGTCAAA-1_5,Epidermal,Root cortex,,3,1,3,2,5,5
AGACCATTCTTCCGTG-1_4,Stele,Mesophyll,,3,1,3,4,2,1
AGACCCGAGATTGTGA-1_6,Mesophyll,Root cortex,,1,2,1,0,0,2
AGACCCGAGCCGCACT-1_5,Mesophyll,Mesophyll,,1,2,1,0,0,16
AGACCCGCAACCAATC-1_1,Epidermal,Phloem,,2,0,2,3,1,6
AGACCCGCAAGCCTGC-1_5,Mesophyll,Mesophyll,,0,0,0,6,6,6
AGACCCGCAAGTCATC-1_6,Mesophyll,Root endodermis,,0,0,0,6,1,7
AGACCCGGTCACGACC-1_2,Epidermal,Root cortex,,2,1,2,3,3,3
AGACCCGGTGTATCCA-1_5,Epidermal,Root cortex,,0,0,0,1,1,4
AGACCCGTCAAGCCAT-1_6,Epidermal,Mesophyll,,1,2,1,0,0,2
AGACCCGTCATGAGTC-1_5,Epidermal,Root endodermis,,0,0,0,5,1,4
AGACCCGTCCGGACTG-1_3,Epidermal,Root cortex,,0,0,0,5,1,8
AGACCCGTCCTATGGA-1_5,Epidermal,Root endodermis,,0,0,0,5,1,4
AGACCCGTCTGAGGCC-1_4,Epidermal,Cortex,,2,1,2,4,2,1
AGACCCGTCTTGGGCG-1_5,Meristematic,Mesophyll,,5,2,5,1,4,17
AGACTCAAGTAGGTTA-1_5,Epidermal,Mesophyll,,4,3,4,8,10,12
AGACTCACACGCCACA-1_5,Stele,Phloem,,0,0,0,1,7,13
AGACTCACACGTCTCT-1_1,Epidermal,Mesophyll,,0,0,0,1,4,9
AGACTCACAGGACAGT-1_2,Meristematic,Root cortex,,3,1,3,1,4,9
AGACTCAGTAACATCC-1_2,Mesophyll,Root procambium,,0,0,0,1,7,4
AGACTCAGTATGGTAA-1_2,Mesophyll,Phloem parenchyma,,0,0,0,6,6,6
AGACTCAGTCGCTCGA-1_6,Epidermal,Leaf pavement cell,,1,2,1,3,4,0
AGACTCAGTGAGCAGT-1_2,Stele,Mesophyll,,3,1,3,0,8,0
AGACTCAGTGTGTGGA-1_6,Epidermal,Mesophyll,,1,2,1,0,0,6
AGACTCATCGAGTACT-1_3,Epidermal,Root endodermis,,0,0,0,5,1,9
AGACTCATCTCCTGAC-1_3,Epidermal,Root cortex,,2,1,2,4,2,1
AGACTCATCTGGCCAG-1_6,Epidermal,Root cap,,3,1,3,2,8,10
AGAGAATAGCGTTAGG-1_5,Meristematic,Mesophyll,,0,0,0,6,6,6
AGAGAATAGTTGGAGC-1_5,Epidermal,Root cortex,,2,1,2,3,3,3
AGAGAATCAGCTGTTA-1_2,Epidermal,Non-hair,,2,0,2,3,3,9
AGAGAATCAGGTGTGA-1_3,Mesophyll,Root cortex,,3,1,3,2,8,12
AGAGAATGTAGCGCTC-1_3,Epidermal,Mesophyll,,1,2,1,0,0,0
AGAGAATGTAGCTGTT-1_5,Epidermal,Root cap,,0,0,0,6,4,7
AGAGAATGTCCTCCAT-1_3,Epidermal,Mesophyll,,1,2,1,0,0,2
AGAGAATTCGATTGGT-1_4,Epidermal,Vascular cambium,,0,0,0,1,4,13
AGAGAGCAGATCGCTT-1_5,Stele,Mesophyll,,1,2,1,0,0,0
AGAGAGCAGATGCTGG-1_3,Mesophyll,Cortex,,3,1,3,2,5,5
AGAGAGCAGTACCATC-1_5,Meristematic,Root cortex,,2,1,2,4,2,1
AGAGAGCCAAGTGTCT-1_4,Epidermal,Root endodermis,,0,2,0,1,4,17
AGAGAGCGTACCCACG-1_4,Epidermal,Flower meristem,,0,0,0,1,7,4
AGAGAGCGTAGATTAG-1_2,Stele,Phloem,,0,2,0,1,4,13
AGAGAGCGTAGCGTTT-1_2,Stele,Mesophyll,,1,0,1,6,6,6
AGAGAGCGTCTTTCTA-1_3,Stele,Root endodermis,,0,0,0,5,1,8
AGAGAGCGTGGCTTAT-1_1,Mesophyll,Root cortex,,4,3,4,8,10,12
AGAGAGCGTGGGCTCT-1_3,Mesophyll,Cortex,,0,0,0,3,1,7
AGAGAGCTCGCTGTCT-1_4,Mesophyll,Root endodermis,,0,0,0,5,1,8
AGAGAGCTCGTAATGC-1_3,Mesophyll,Bundle sheath,,0,0,0,1,7,13
AGAGAGCTCTACGCAA-1_5,Epidermal,Root endodermis,,0,0,0,5,1,8
AGAGAGCTCTAGCCTC-1_3,Stele,Mesophyll,,1,2,1,0,0,2
AGAGCAGCACCCTGTT-1_1,Stele,Root endodermis,,2,1,2,3,3,3
AGAGCAGCATCTCAAG-1_2,Mesophyll,Root cap,,1,2,1,0,0,7
AGAGCAGCATGGGCAA-1_3,Meristematic,Root endodermis,,0,0,0,1,1,8
AGAGCAGGTAGCGTAG-1_2,Mesophyll,Root cortex,,1,2,1,0,0,2
AGAGCAGGTCGTGCCA-1_2,Epidermal,Root cortex,,2,1,2,4,2,1
AGAGCAGGTCTTCTAT-1_5,Epidermal,Flower meristem,,5,2,5,1,4,17
AGAGCAGGTGAATATG-1_5,Mesophyll,Root cortex,,2,0,2,3,3,3
AGAGCAGTCGATGGAG-1_2,Mesophyll,Shoot system epidermis,,0,0,0,7,9,11
AGAGCCCAGCTTAGTC-1_4,Stele,Cortex,,3,1,3,2,8,12
AGAGCCCCAGAGCGTA-1_3,Epidermal,Mesophyll,,3,1,3,2,5,5
AGAGCCCCAGCATACT-1_1,Stele,Root cap,,2,1,2,3,3,3
AGAGCCCGTCTTGCGG-1_5,Mesophyll,Mesophyll,,3,1,3,2,8,10
AGAGCCCGTTTCCATT-1_1,Mesophyll,Mesophyll,,1,2,1,0,0,2
AGAGCCCTCAGGAAGC-1_2,Epidermal,Root endodermis,,2,1,2,4,2,1
AGAGCCCTCTAGATCG-1_1,Mesophyll,Cortex,,2,1,2,3,2,1
AGATAGAGTCCACATA-1_3,Mesophyll,Mesophyll,,3,1,3,2,5,5
AGATAGATCCCGTTGT-1_5,Epidermal,Xylem,,0,0,0,5,1,8
AGATAGATCCCTCTTT-1_5,Mesophyll,Mesophyll,,1,2,1,0,0,2
AGATCCACAAAGTATG-1_2,Epidermal,Root procambium,,0,0,0,1,7,13
AGATCCACACACACTA-1_5,Epidermal,Mesophyll,,1,2,1,0,0,2
AGATCCACACGCCAGT-1_1,Epidermal,Root cortex,,2,1,2,3,2,1
AGATCCAGTACGAGTG-1_1,Epidermal,Mesophyll,,1,2,1,0,0,16
AGATCCAGTCTCTCTG-1_2,Epidermal,Root endodermis,,0,0,0,5,1,8
AGATCCAGTGATATAG-1_2,Stele,Root procambium,,0,0,0,1,4,13
AGATCCAGTGTTAACC-1_5,Epidermal,Generative nuclei,,4,3,4,8,10,12
AGATCCAGTTGGCTAT-1_1,Mesophyll,Sieve element,,0,0,0,7,9,11
AGATCCATCAAAGGTA-1_1,Epidermal,Root endodermis,,1,2,1,0,0,19
AGATCCATCAAGTGGG-1_4,Meristematic,Bundle sheath,,0,0,0,1,1,9
AGATCCATCTCTCGCA-1_3,Mesophyll,Mesophyll,,1,2,1,1,6,0
AGATCGTAGCACCCAC-1_2,Epidermal,Cortex,,3,1,3,2,2,1
AGATCGTAGGGCAATC-1_3,Mesophyll,Bundle sheath,,0,0,0,1,7,13
AGATCGTAGTACTGTC-1_3,Epidermal,Mesophyll,,3,1,3,2,8,10
AGATCGTCAATGGCAG-1_4,Mesophyll,Mesophyll,,0,0,0,6,6,6
AGATCGTCACTGTGTA-1_2,Epidermal,Root cortex,,1,2,1,0,0,14
AGATCGTCATCCGAAT-1_5,Epidermal,Root endodermis,,0,0,0,5,1,8
AGATCGTGTCTGTGAT-1_2,Mesophyll,Mesophyll,,3,1,3,2,5,5
AGATCGTGTTATAGCC-1_3,Epidermal,Mesophyll,,0,0,0,5,1,4
AGATCGTGTTCTGAGT-1_6,Epidermal,Leaf pavement cell,,2,1,2,3,3,3
AGATCGTGTTCTTGCC-1_4,Mesophyll,Root cortex,,2,1,2,4,2,1
AGATCGTTCTTGTGCC-1_4,Epidermal,Root cap,,2,1,2,4,5,5
AGATGAAAGTGAGGTC-1_4,Stele,Mesophyll,,0,0,0,6,6,6
AGATGAACACACACGC-1_4,Mesophyll,Mesophyll,,3,1,3,2,4,15
AGATGAACACTGAGTT-1_2,Mesophyll,Meristematic cell,,2,0,2,4,2,7
AGATGAACATACCACA-1_5,Stele,Phloem,,4,0,4,8,10,12
AGATGAAGTAGTGCGA-1_4,Epidermal,Cortex,,0,0,0,1,7,7
AGATGAAGTGTACAGG-1_6,Epidermal,Mesophyll,,3,1,3,2,5,5
AGATGAAGTTGGGCCT-1_1,Epidermal,Mesophyll,,1,2,1,0,0,0
AGATGAATCCAGTGCG-1_1,Meristematic,Cortex,,3,1,3,2,8,10
AGATGCTAGTGCAGCA-1_4,Mesophyll,Mesophyll,,1,0,1,6,6,6
AGATGCTCACAGCCAC-1_4,Mesophyll,Mesophyll,,1,2,1,0,0,2
AGATGCTCACAGCTTA-1_5,Epidermal,Root cortex,,2,1,2,3,3,3
AGATGCTCACCCTTAC-1_1,Epidermal,Root cortex,,2,1,2,4,2,1
AGATGCTCACGGCTAC-1_6,Mesophyll,Mesophyll,,1,2,1,0,4,0
AGATGCTCAGAGAGGG-1_3,Meristematic,Mesophyll,,1,2,1,0,0,2
AGATGCTCAGCAATTC-1_6,Meristematic,Mesophyll,,3,1,3,1,4,9
AGATGCTCAGGGAGAG-1_2,Mesophyll,Mesophyll,,1,2,1,7,9,11
AGATGCTGTACTCCGG-1_4,Stele,Phloem,,4,3,4,8,10,12
AGATGCTGTACTCGAT-1_2,Mesophyll,Mesophyll,,1,2,1,0,0,2
AGATGCTGTGCGGTAA-1_3,Mesophyll,Root cortex,,3,1,3,4,2,1
AGATGCTGTTCAGCGC-1_4,Epidermal,Root cortex,,2,1,2,4,2,1
AGATGCTTCACCTGTC-1_2,Mesophyll,Non-hair,,0,0,0,1,7,14
AGATGCTTCCCGAACG-1_1,Stele,Companion cell,,0,0,0,1,1,4
AGATGCTTCCTAGCTC-1_5,Mesophyll,Mesophyll,,3,1,3,2,5,5
AGATGCTTCCTCTAAT-1_5,Stele,Phloem,,3,1,3,10,4,9
AGCATCACAAAGACGC-1_2,Mesophyll,Mesophyll,,0,0,0,1,1,4
AGCATCACACGGCGTT-1_4,Epidermal,Cortex,,2,0,2,3,3,3
AGCATCACATGTACGT-1_2,Meristematic,Mesophyll,,3,1,3,2,8,10
AGCATCAGTCCAGTTA-1_1,Mesophyll,Mesophyll,,1,2,1,0,0,2
AGCATCAGTGCGGCTT-1_3,Epidermal,Mesophyll,,1,2,1,0,0,2
AGCATCAGTGGAGGTT-1_4,Epidermal,Vascular cambium,,3,1,3,1,4,9
AGCATCAGTGTCTTGA-1_2,Epidermal,Root endodermis,,5,4,5,9,11,18
AGCATCATCAACTTTC-1_6,Mesophyll,Explant vasculature and callus founder cell,,0,1,0,1,7,13
AGCATCATCAATCTTC-1_2,Epidermal,Sieve element,,1,1,1,1,7,14
AGCATCATCAGTGTTG-1_1,Mesophyll,Mesophyll,,1,2,1,0,0,2
AGCATCATCATTGGTG-1_2,Mesophyll,Mesophyll,,1,0,1,7,9,11
AGCATCATCCCAACTC-1_5,Mesophyll,Root endodermis,,2,0,2,6,6,6
AGCATCATCCCATACC-1_5,Mesophyll,Mesophyll,,1,2,1,0,0,6
AGCATCATCTCGAACA-1_2,Meristematic,Non-hair,,4,3,4,8,10,12
AGCATCATCTCGTTTA-1_6,Meristematic,Columella root cap,,0,0,0,1,7,4
AGCATCATCTGCGAGC-1_4,Epidermal,Root cortex,,4,3,4,8,10,12
AGCCAATAGCCACCGT-1_5,Meristematic,Root cortex,,3,1,3,2,5,5
AGCCAATAGTATTAGG-1_4,Mesophyll,Mesophyll,,1,2,1,7,9,11
AGCCAATCAACTTCTT-1_2,Mesophyll,Mesophyll,,1,2,1,0,0,0
AGCCAATCAAGCCATT-1_4,Epidermal,Cortex,,2,1,2,4,2,1
AGCCAATCATATCTGG-1_5,Mesophyll,Columella root cap,,0,0,0,1,4,15
AGCCAATGTACAAACA-1_5,Mesophyll,Flower meristem,,0,0,0,1,1,4
AGCCAATGTCTCGCGA-1_5,Epidermal,Cortex,,2,0,2,3,3,3
AGCCAATGTTGCATCA-1_1,Epidermal,Mesophyll,,1,2,1,0,0,2
AGCCAATGTTTACACG-1_6,Epidermal,Root endodermis,,2,0,2,3,3,3
AGCCAATTCAGACCCG-1_3,Epidermal,Root cortex,,0,0,0,4,7,7
AGCCAATTCATCTCTA-1_4,Epidermal,Explant vasculature and callus founder cell,,2,0,2,3,3,7
AGCCAATTCGAACCAT-1_4,Epidermal,Root endodermis,,4,3,4,8,10,12
AGCCAATTCGCATTAG-1_6,Mesophyll,Cortex,,3,1,3,2,5,5
AGCCAATTCTAGTACG-1_5,Epidermal,Vascular cambium,,4,3,4,8,10,12
AGCCACGAGCCTAGGA-1_4,Stele,Vascular cambium,,0,0,0,1,7,13
AGCCACGAGCGACAGT-1_4,Mesophyll,Mesophyll,,1,2,1,0,0,2
AGCCACGAGCGCCTTG-1_4,Stele,Mesophyll,,3,1,3,2,5,5
AGCCACGAGGTAGTCG-1_1,Epidermal,Root endodermis,,0,0,0,6,6,6
AGCCACGAGGTCCCTG-1_3,Mesophyll,Root endodermis,,0,0,0,6,6,6
AGCCACGAGTCTGGTT-1_4,Epidermal,Non-hair,,2,1,2,1,7,14
AGCCACGCAAGCGAAC-1_1,Mesophyll,Mesophyll,,3,1,3,2,5,5
AGCCACGCAAGTGCAG-1_5,Mesophyll,Mesophyll,,1,2,1,0,0,0
AGCCACGGTAGAGCTG-1_3,Epidermal,Root cortex,,2,1,2,4,2,1
AGCCACGGTATCGTGT-1_5,Epidermal,Root endodermis,,0,0,0,5,1,8
AGCCACGGTCAGTCCG-1_2,Epidermal,Root cap,,5,4,5,9,11,18
AGCCACGGTCTATGAC-1_4,Stele,Root cap,,0,0,0,0,1,16
AGCCACGGTGAACTAA-1_5,Epidermal,Vascular cambium,,0,0,0,1,7,4
AGCCACGGTGCTCTCT-1_2,Mesophyll,Mesophyll,,3,1,3,2,5,5
AGCCACGTCCGATGCG-1_4,Epidermal,Xylem,,0,0,0,1,4,9
AGCCAGCAGGGTTGCA-1_4,Epidermal,Shoot system epidermis,,2,1,2,3,3,3
AGCCAGCAGTCACGAG-1_1,Epidermal,Root cortex,,2,0,2,1,3,14
AGCCAGCGTACCCAGC-1_3,Epidermal,Mesophyll,,1,2,1,0,0,2
AGCCAGCGTACCTAAC-1_5,Mesophyll,Mesophyll,,0,0,0,1,4,9
AGCCAGCGTCGCATGC-1_3,Mesophyll,Mesophyll,,3,1,3,2,8,10
AGCCAGCGTCTCACGG-1_4,Mesophyll,Mesophyll,,3,1,3,0,2,0
AGCCAGCGTGATACCT-1_1,Epidermal,Non-hair,,0,0,0,5,1,8
AGCCAGCGTGCATTAC-1_5,Mesophyll,Mesophyll,,1,2,1,7,9,2
AGCCAGCGTGTGATGG-1_1,Mesophyll,Mesophyll,,1,2,1,0,0,10
AGCCAGCGTGTTTGCA-1_4,Meristematic,Xylem,,2,1,2,4,2,1
AGCCAGCTCACTCTTA-1_4,Epidermal,Root endodermis,,0,0,0,5,1,8
AGCCAGCTCAGCAGAG-1_4,Mesophyll,Mesophyll,,0,0,0,5,1,4
AGCCAGCTCTGTCCGT-1_2,Epidermal,Leaf pavement cell,,2,0,2,3,3,14
AGCCAGCTCTTTGCGC-1_5,Mesophyll,Root procambium,,0,0,0,6,6,16
AGCGATTAGCCAACCC-1_2,Mesophyll,Mesophyll,,0,0,0,6,6,6
AGCGATTAGCTGTTAC-1_6,Epidermal,Mesophyll,,1,2,1,0,0,6
AGCGATTAGGTTGGAC-1_5,Mesophyll,Mesophyll,,3,1,3,2,8,15
AGCGATTCAACGGTAG-1_6,Epidermal,Root procambium,,0,0,0,5,1,8
AGCGATTCAATCTGCA-1_5,Epidermal,Mesophyll,,0,0,0,4,1,16
AGCGATTCACCACTGG-1_1,Mesophyll,Mesophyll,,1,2,1,0,0,2
AGCGATTCAGCCTACG-1_3,Mesophyll,Root cap,,3,1,3,4,4,9
AGCGATTCAGCTACCG-1_1,Mesophyll,Root cap,,3,1,3,2,8,10
AGCGATTTCCACTGGG-1_2,Epidermal,Mesophyll,,3,1,3,2,8,15
AGCGATTTCCTCTCGA-1_4,Mesophyll,Cortex,,2,1,2,4,3,0
AGCGATTTCGGAAACG-1_4,Epidermal,Generative nuclei,,4,3,4,8,10,12
AGCGCCAAGCACACCC-1_6,Epidermal,Shoot system epidermis,,2,1,2,3,3,3
AGCGCCAAGTTCGGTT-1_4,Mesophyll,Mesophyll,,1,2,1,0,0,14
AGCGCCAAGTTGGGAC-1_5,Epidermal,Flower meristem,,1,2,1,0,3,3
AGCGCCAGTGTCTAAC-1_3,Stele,Vascular cambium,,0,0,0,1,4,9
AGCGCCAGTTTCGTTT-1_4,Mesophyll,Mesophyll,,1,2,1,0,0,2
AGCGCCATCACTGTTT-1_2,Epidermal,Mesophyll,,0,0,0,6,6,6
AGCGCCATCATTGTGG-1_6,Mesophyll,Cortex,,3,1,3,4,5,5
AGCGCCATCTTCGTGC-1_3,Mesophyll,Mesophyll,,3,1,3,2,8,10
AGCGCTGAGATCCCGC-1_5,Epidermal,Mesophyll,,1,2,1,0,0,0
AGCGCTGAGGAGATAG-1_4,Mesophyll,Mesophyll,,0,0,0,1,4,0
AGCGCTGAGGATTTAG-1_3,Mesophyll,Root endodermis,,1,2,1,0,0,2
AGCGCTGCAACCCTAA-1_4,Mesophyll,Leaf pavement cell,,0,0,0,1,4,4
AGCGCTGCAGGTCCGT-1_6,Epidermal,Mesophyll,,1,2,1,0,4,0
AGCGCTGCATCCAACA-1_4,Epidermal,Root cortex,,0,0,0,5,1,8
AGCGCTGGTCTGCAAT-1_3,Mesophyll,Root endodermis,,0,0,0,0,0,16
AGCGTATAGCACCCAC-1_5,Mesophyll,Root cortex,,2,1,2,4,2,1
AGCGTATAGCATACTC-1_6,Mesophyll,Root procambium,,0,0,0,1,1,4
AGCGTATAGCCGATTT-1_6,Meristematic,Mesophyll,,3,1,3,2,8,10
AGCGTATCACAGTCAT-1_1,Mesophyll,Mesophyll,,3,1,3,2,5,5
AGCGTATCACCACTGG-1_5,Epidermal,Leaf pavement cell,,2,1,2,3,3,3
AGCGTATCAGCAGACA-1_3,Stele,Root cortex,,1,2,1,0,0,2
AGCGTATCAGCCGTCA-1_4,Epidermal,Generative nuclei,,1,1,1,1,7,14
AGCGTATCAGTAACAA-1_2,Epidermal,Root cortex,,3,1,3,4,4,9
AGCGTATGTAGATCGG-1_3,Mesophyll,Mesophyll,,3,2,3,2,5,5
AGCGTATGTGGCTAGA-1_1,Epidermal,Xylem,,0,0,0,3,3,3
AGCGTATTCAGCGGAA-1_2,Epidermal,Mesophyll,,4,3,4,8,10,12
AGCGTATTCATCCCGT-1_4,Mesophyll,Mesophyll,,1,2,1,7,9,11
AGCGTATTCGTAGCTA-1_4,Epidermal,Leaf pavement cell,,3,1,3,2,8,10
AGCGTCGCACTAACCA-1_4,Meristematic,Mesophyll,,1,2,1,0,0,0
AGCGTCGGTCAGTCGC-1_6,Epidermal,Shoot system epidermis,,2,1,2,3,3,3
AGCTACAAGAATTTGG-1_1,Stele,Root endodermis,,4,3,4,4,10,12
AGCTACAAGACGTCCC-1_5,Mesophyll,Vascular cambium,,0,0,0,1,7,13
AGCTACAAGCGACCCT-1_6,Epidermal,Root cortex,,1,2,1,4,0,0
AGCTACAAGCGTATAA-1_2,Epidermal,Xylem,,2,0,2,3,3,3
AGCTACAAGTAATCCC-1_3,Mesophyll,Mesophyll,,1,2,1,0,0,2
AGCTACAAGTAGGTTA-1_2,Mesophyll,Cortex,,4,3,4,8,10,12
AGCTACACAGGTTCCG-1_6,Epidermal,Root cortex,,2,1,2,3,3,3
AGCTACAGTAATGCTC-1_5,Epidermal,Root cortex,,2,1,2,3,3,3
AGCTACATCACTTGGA-1_2,Epidermal,Mesophyll,,1,2,1,0,0,2
AGCTCAAAGGCACGAT-1_5,Mesophyll,Mesophyll,,1,2,1,0,0,2
AGCTCAAAGGCGAAGG-1_1,Mesophyll,Mesophyll,,1,2,1,0,0,16
AGCTCAAAGGTTCTTG-1_3,Epidermal,Mesophyll,,3,1,3,2,5,5
AGCTCAACAAATGCTC-1_2,Epidermal,Root cortex,,0,0,0,5,1,7
AGCTCAACACGACGTC-1_4,Epidermal,Root cortex,,2,1,2,7,9,11
AGCTCAACATATGCGT-1_5,Mesophyll,Mesophyll,,3,1,3,2,5,10
AGCTCAACATTGCTGA-1_4,Epidermal,Root cap,,0,0,0,1,7,13
AGCTCAAGTCATAACC-1_2,Meristematic,Cortex,,3,1,3,2,5,5
AGCTCAAGTTTGGGTT-1_4,Epidermal,Leaf pavement cell,,2,1,2,3,3,3
AGCTCAATCATGAGAA-1_2,Epidermal,Root endodermis,,0,0,0,5,1,4
AGCTCAATCGAAGCAG-1_4,Epidermal,Mesophyll,,1,2,1,1,4,17
AGCTCAATCTCCAATT-1_5,Epidermal,Root cortex,,2,1,2,4,2,1
AGCTCAATCTGTTGGA-1_6,Epidermal,Guard cell,,2,1,2,4,2,1
AGCTTCCAGAGTCAAT-1_4,Mesophyll,Mesophyll,,3,1,3,2,5,5
AGCTTCCAGGAAGTAG-1_4,Epidermal,Root cap,,0,0,0,1,4,4
AGCTTCCAGGATATAC-1_3,Epidermal,Leaf pavement cell,,2,0,2,3,3,3
AGCTTCCCAAACGTGG-1_3,Mesophyll,Mesophyll,,3,1,3,2,5,5
AGCTTCCCACAACCGC-1_6,Mesophyll,Mesophyll,,3,1,3,2,5,5
AGCTTCCCATGCCGCA-1_3,Mesophyll,Phloem parenchyma,,0,0,0,5,1,8
AGCTTCCGTGAGCTCC-1_2,Mesophyll,Root cortex,,4,3,4,8,10,12
AGCTTCCTCGAGAACG-1_4,Stele,Shoot system epidermis,,0,1,0,1,4,14
AGGAAATAGCTCCGAC-1_4,Stele,Xylem,,0,0,0,1,1,4
AGGAAATAGGAAACGA-1_4,Epidermal,Mesophyll,,3,1,3,1,4,15
AGGAAATAGGTAAAGG-1_1,Epidermal,Root cap,,0,0,0,5,1,9
AGGAAATAGTCCTGCG-1_5,Epidermal,Mesophyll,,1,2,1,0,8,10
AGGAAATCAGGTTACT-1_4,Epidermal,Bundle sheath,,0,0,0,1,1,4
AGGAAATCATCGTTCC-1_4,Stele,Phloem,,2,1,2,4,2,1
AGGAAATGTCACATTG-1_3,Epidermal,Mesophyll,,0,0,0,5,1,4
AGGAAATGTCACCTTC-1_6,Mesophyll,Root cortex,,1,2,1,7,9,11
AGGAAATTCCCGTTGT-1_4,Mesophyll,Root cortex,,3,1,3,2,5,5
AGGAAATTCCGTATGA-1_3,Epidermal,Phloem parenchyma,,0,0,0,5,1,4
AGGAAATTCGACCACG-1_3,Epidermal,Shoot system epidermis,,2,1,2,3,2,1
AGGAAATTCGCCGAGT-1_4,Epidermal,Root cap,,0,0,0,1,7,4
AGGAATAAGACCAGAC-1_4,Epidermal,Leaf pavement cell,,2,1,2,3,3,3
AGGAATAAGAGGACTC-1_1,Epidermal,Mesophyll,,1,2,1,0,0,2
AGGAATAAGGCACTCC-1_2,Epidermal,Root cortex,,2,0,2,4,2,1
AGGAATAAGTAGACCG-1_3,Epidermal,Explant vasculature and callus founder cell,,0,2,0,1,7,13
AGGAATACACTAGGTT-1_2,Mesophyll,Mesophyll,,1,2,1,7,9,11
AGGAATACAGCTGCCA-1_4,Mesophyll,Mesophyll,,1,2,1,0,0,2
AGGAATACAGTCGGTC-1_1,Epidermal,Root endodermis,,0,0,0,6,3,7
AGGAATACAGTTAGAA-1_5,Mesophyll,Mesophyll,,1,2,1,0,0,0
AGGAATACATCTGCGG-1_4,Epidermal,Leaf pavement cell,,2,1,2,3,3,3
AGGAATACATGTGGCC-1_6,Mesophyll,Mesophyll,,3,2,3,2,5,5
AGGAATATCTCACCCA-1_2,Stele,Xylem,,0,0,0,1,4,13
AGGACGAAGATTAGCA-1_4,Mesophyll,Root cap,,0,0,0,1,4,9
AGGACGACAATGGCAG-1_4,Epidermal,Root cortex,,2,1,2,4,2,1
AGGACGACATCTCATT-1_5,Epidermal,Shoot system epidermis,,2,1,2,3,2,3
AGGACGAGTAACAAGT-1_4,Mesophyll,Root cortex,,3,1,3,1,4,7
AGGACGAGTAGGAGTC-1_4,Epidermal,Leaf pavement cell,,2,0,2,3,2,9
AGGACGAGTTCACGAT-1_2,Mesophyll,Sieve element,,0,0,0,1,7,7
AGGACGAGTTTCACTT-1_1,Mesophyll,Mesophyll,,1,2,1,0,0,2
AGGACTTAGCGACCCT-1_2,Stele,Mesophyll,,1,2,1,0,0,2
AGGACTTAGGTAAAGG-1_3,Epidermal,Mesophyll,,1,2,1,0,0,2
AGGACTTAGGTATTGA-1_4,Mesophyll,Mesophyll,,3,1,3,2,5,5
AGGACTTCACACTTAG-1_1,Mesophyll,Root endodermis,,4,0,4,5,10,12
AGGACTTGTGACAACG-1_1,Epidermal,Shoot system epidermis,,2,1,2,3,3,3
AGGACTTTCACCATCC-1_4,Mesophyll,Mesophyll,,1,2,1,0,0,2
AGGACTTTCCACATAG-1_4,Epidermal,Root cortex,,0,0,0,5,1,7
AGGAGGTAGATGGTAT-1_5,Epidermal,Root procambium,,0,2,0,1,7,13
AGGAGGTAGCATTTCG-1_3,Epidermal,Phloem parenchyma,,2,1,2,3,3,3
AGGAGGTAGCTACTGT-1_1,Epidermal,Bundle sheath,,0,0,0,1,1,4
AGGAGGTAGTGCAGCA-1_2,Mesophyll,Root endodermis,,0,0,0,6,6,6
AGGAGGTCAGGCGATA-1_3,Epidermal,Root cap,,0,0,0,5,1,7
AGGAGGTCATCGCTGG-1_2,Mesophyll,Root endodermis,,2,0,2,5,7,7
AGGAGGTGTAGCTTGT-1_4,Stele,Microspore nuclei,,0,0,0,1,1,4
AGGAGGTGTCGCATTA-1_5,Epidermal,Root endodermis,,0,0,0,1,1,4
AGGAGGTGTGGAATGC-1_6,Mesophyll,Mesophyll,,1,2,1,0,0,0
AGGAGGTGTTAACCTG-1_3,Epidermal,Cortex,,2,1,2,4,2,1
AGGAGGTGTTATGACC-1_3,Epidermal,Root cortex,,2,1,2,3,2,1
AGGAGGTTCACTCCGT-1_1,Epidermal,Root cortex,,2,1,2,4,2,1
AGGATAAAGACATACA-1_4,Epidermal,Mesophyll,,3,1,3,2,8,10
AGGATAAAGAGTCAAT-1_5,Epidermal,Mesophyll,,5,2,5,1,4,17
AGGATAAAGGTCCCGT-1_5,Mesophyll,Mesophyll,,3,1,3,2,8,10
AGGATAACAATATCCG-1_6,Mesophyll,Root cortex,,3,1,3,2,5,5
AGGATAAGTCGCTTGG-1_4,Mesophyll,Root cortex,,2,1,2,4,2,1
AGGATAATCACGATCA-1_2,Meristematic,Mesophyll,,1,2,1,0,0,16
AGGATAATCACTACTT-1_4,Mesophyll,Explant vasculature and callus founder cell,,3,1,3,0,7,15
AGGATAATCACTCTTA-1_1,Mesophyll,Leaf guard cell,,0,0,0,1,1,9
AGGATAATCAGCTGTA-1_5,Epidermal,Root hair,,5,4,5,9,11,18
AGGATAATCGAGTGAG-1_1,Mesophyll,Mesophyll,,2,1,2,2,5,5
AGGATAATCGGCCAAC-1_5,Epidermal,Mesophyll,,1,2,1,0,0,16
AGGATCTCAAACCATC-1_3,Epidermal,Root endodermis,,0,0,0,5,1,4
AGGATCTCAACCGATT-1_1,Stele,Root endodermis,,0,0,0,5,1,8
AGGATCTCATCGTCCT-1_2,Mesophyll,Flower meristem,,0,0,0,1,7,13
AGGATCTGTAACACGG-1_1,Mesophyll,Root cortex,,2,1,2,3,3,3
AGGATCTGTGCTGCAC-1_4,Epidermal,Mesophyll,,1,0,1,6,6,6
AGGATCTGTTAGTTCG-1_4,Epidermal,Generative nuclei,,1,1,1,0,8,0
AGGATCTTCTCCCTAG-1_4,Epidermal,Root cortex,,2,1,2,4,2,1
AGGCATTAGCCTCAAT-1_2,Stele,Root procambium,,0,0,0,1,7,4
AGGCATTAGTCCGCCA-1_3,Epidermal,Mesophyll,,1,2,1,0,0,16
AGGCATTCATACACCA-1_4,Mesophyll,Mesophyll,,1,2,1,0,0,0
AGGCATTGTGGCTTGC-1_2,Epidermal,Leaf guard cell,,0,0,0,1,7,13
AGGCATTGTTACGTAC-1_4,Epidermal,Root cortex,,1,1,1,1,7,14
AGGCATTTCTGAATGC-1_6,Mesophyll,Mesophyll,,1,2,1,0,0,2
AGGCCACAGCAATAGT-1_6,Stele,Mesophyll,,1,2,1,0,0,0
AGGCCACAGGATAATC-1_1,Epidermal,Root endodermis,,0,0,0,5,1,8
AGGCCACCACGCAGTC-1_1,Meristematic,Mesophyll,,1,2,1,0,0,0
AGGCCACCAGAAGCTG-1_4,Epidermal,Leaf pavement cell,,2,1,2,3,3,3
AGGCCACGTCGTTGCG-1_2,Epidermal,Root endodermis,,0,0,0,5,1,8
AGGCCACTCACCTCGT-1_6,Mesophyll,Cortex,,3,1,3,2,8,10
AGGCCACTCACTGGGC-1_2,Mesophyll,Cortex,,3,1,3,2,5,5
AGGCCACTCATGCATG-1_4,Mesophyll,Root cortex,,1,2,1,0,0,2
AGGCCACTCATGCCCT-1_4,Epidermal,Root endodermis,,2,1,2,3,3,3
AGGCCACTCTTTGATC-1_4,Mesophyll,Root cortex,,2,1,2,3,6,15
AGGCTGCAGACGCCCT-1_2,Mesophyll,Mesophyll,,1,2,1,7,9,11
AGGCTGCCAACCACGC-1_1,Epidermal,Xylem,,2,1,2,3,3,3
AGGCTGCCAACCGACC-1_5,Epidermal,Mesophyll,,3,1,3,2,5,5
AGGCTGCCAAGGTCTT-1_3,Mesophyll,Mesophyll,,1,2,1,7,9,11
AGGCTGCCACCCTTGT-1_1,Epidermal,Flower meristem,,1,2,1,1,4,0
AGGCTGCCAGTCGCAC-1_1,Mesophyll,Mesophyll,,1,2,1,0,0,2
AGGCTGCCAGTTTCAG-1_2,Stele,Root procambium,,0,0,0,5,1,7
AGGCTGCCATGGGTTT-1_2,Epidermal,Root cortex,,0,2,0,1,4,13
AGGCTGCGTGGTCTTA-1_5,Stele,Vascular cambium,,0,0,0,1,1,9
AGGCTGCGTGTCATGT-1_4,Epidermal,Mesophyll,,1,2,1,2,5,14
AGGCTGCTCGGTGCAC-1_1,Epidermal,Cortex,,4,3,4,8,10,12
AGGCTGCTCTCAACCC-1_2,Stele,Root endodermis,,0,0,0,6,6,6
AGGGAGTAGGTGAGCT-1_2,Stele,Vascular cambium,,2,0,2,1,4,1
AGGGAGTAGGTGGTTG-1_2,Mesophyll,Root endodermis,,2,0,2,3,3,3
AGGGAGTCAAGGACAC-1_1,Epidermal,Mesophyll,,3,1,3,1,7,15
AGGGAGTCACTCCTGT-1_5,Epidermal,Mesophyll,,3,1,3,6,6,6
AGGGAGTCAGCAATTC-1_2,Epidermal,Mesophyll,,1,2,1,0,0,2
AGGGAGTGTCATATGC-1_2,Mesophyll,Root cortex,,2,0,2,1,7,13
AGGGAGTGTGCATCTA-1_6,Epidermal,Mesophyll,,1,2,1,1,4,17
AGGGAGTTCGTGCACG-1_2,Epidermal,Xylem,,0,0,0,1,4,0
AGGGAGTTCGTTGTGA-1_1,Mesophyll,Root cortex,,2,1,2,3,3,3
AGGGCCTAGACATGCG-1_4,Epidermal,Leaf pavement cell,,2,1,2,3,3,3
AGGGCCTAGATGAACT-1_2,Mesophyll,Root cap,,1,2,1,0,0,2
AGGGCCTAGCGTGCTC-1_1,Epidermal,Mesophyll,,0,0,0,6,6,6
AGGGCCTAGCTAGCCC-1_5,Epidermal,Flower meristem,,0,0,0,1,1,4
AGGGCCTAGCTTAAGA-1_2,Meristematic,Cortex,,2,1,2,4,2,7
AGGGCCTCAATTCTTC-1_2,Stele,Root endodermis,,0,0,0,1,1,9
AGGGCCTCAGCAGTCC-1_4,Mesophyll,Cortex,,3,1,3,4,2,1
AGGGCCTCAGGTACGA-1_2,Mesophyll,Mesophyll,,0,0,0,6,6,6
AGGGCCTCAGTCAACT-1_1,Epidermal,Columella root cap,,2,1,2,4,2,1
AGGGCCTCATAACCCA-1_4,Epidermal,Root procambium,,0,0,0,5,7,7
AGGGCCTCATAAGCAA-1_4,Epidermal,Generative nuclei,,3,1,3,2,5,5
AGGGCCTGTTCCCACT-1_4,Epidermal,Root cortex,,2,1,2,3,3,3
AGGGCCTGTTGCTCAA-1_1,Meristematic,Columella root cap,,0,0,0,1,1,4
AGGGCCTGTTTCAGAC-1_2,Mesophyll,Leaf pavement cell,,2,0,2,3,3,3
AGGGCCTTCAACCTTT-1_2,Mesophyll,Mesophyll,,3,1,3,2,8,10
AGGGCCTTCGTGCAGC-1_4,Stele,Root endodermis,,0,0,0,5,1,4
AGGGCCTTCTCTAAGG-1_4,Meristematic,Mesophyll,,1,2,1,11,12,19
AGGGCCTTCTTCGGTC-1_2,Epidermal,Mesophyll,,1,2,1,0,0,16
AGGGCTCAGAGCCGAT-1_4,Epidermal,Mesophyll,,0,0,0,1,7,4
AGGGCTCAGATACCAA-1_4,Epidermal,Flower meristem,,0,0,0,5,1,0
AGGGCTCAGCCGCACT-1_5,Epidermal,Root endodermis,,0,0,0,1,9,11
AGGGCTCAGCTTTCCC-1_4,Epidermal,Mesophyll,,1,2,1,0,4,17
AGGGCTCAGGACTGGT-1_2,Meristematic,Mesophyll,,0,2,0,1,4,17
AGGGCTCAGTCTACCA-1_2,Mesophyll,Mesophyll,,0,0,0,6,6,6
AGGGCTCCAAGCGATG-1_4,Meristematic,Mesophyll,,3,1,3,2,5,5
AGGGCTCCAATCAAGA-1_5,Epidermal,Flower meristem,,0,2,0,1,4,0
AGGGCTCCAGACGATG-1_5,Epidermal,Root cortex,,2,1,2,3,3,3
AGGGCTCGTCCGTTTC-1_5,Epidermal,Cortex,,2,1,2,4,2,1
AGGGCTCGTTGCAACT-1_6,Mesophyll,Mesophyll,,3,1,3,2,5,5
AGGGCTCTCGTTCGCT-1_4,Epidermal,Root cortex,,2,1,2,3,3,3
AGGGTCCAGACCAGCA-1_5,Meristematic,Bundle sheath,,3,1,3,4,2,1
AGGGTCCAGCGCCTCA-1_2,Epidermal,Root procambium,,0,0,0,1,7,13
AGGGTCCAGGAGGCAG-1_2,Epidermal,Root procambium,,0,0,0,5,1,8
AGGGTCCAGTCAGGGT-1_1,Mesophyll,Root endodermis,,0,0,0,6,6,6
AGGGTCCCAGATACTC-1_6,Epidermal,Non-hair,,0,0,0,5,1,4
AGGGTCCCATGTGTCA-1_4,Mesophyll,Mesophyll,,1,2,1,7,9,11
AGGGTCCGTCAAAGCG-1_5,Meristematic,Phloem,,0,0,0,1,4,9
AGGGTCCGTTGATCGT-1_6,Mesophyll,Root cortex,,3,1,3,2,7,13
AGGGTCCTCACATCAG-1_5,Epidermal,Root endodermis,,2,0,2,4,2,7
AGGGTCCTCACCTGTC-1_2,Stele,Mesophyll,,3,1,3,4,2,1
AGGGTGAAGGATACAT-1_6,Stele,Cortex,,4,3,4,8,10,12
AGGGTGAAGGGTGAGG-1_5,Mesophyll,Root endodermis,,2,1,2,4,2,1
AGGGTGAAGGTTCCGC-1_6,Epidermal,Flower meristem,,0,0,0,1,1,4
AGGGTGACAACCCGCA-1_5,Mesophyll,Cortex,,3,1,3,2,8,10
AGGGTGAGTAATTAGG-1_4,Mesophyll,Mesophyll,,1,2,1,0,0,2
AGGGTGAGTCACTCTC-1_1,Mesophyll,Root endodermis,,0,0,0,5,1,8
AGGGTGAGTCCGGTCA-1_6,Epidermal,Root endodermis,,0,0,0,3,1,7
AGGGTGATCAAATAGG-1_4,Epidermal,Root cortex,,2,1,2,4,2,1
AGGGTGATCGATTGAC-1_3,Mesophyll,Mesophyll,,0,1,0,3,3,3
AGGGTTTAGAGCAAGA-1_2,Epidermal,Mesophyll,,0,0,0,5,6,0
AGGGTTTAGGTTCTAC-1_2,Mesophyll,Explant vasculature and callus founder cell,,1,2,1,0,0,2
AGGGTTTCAAGTTGGG-1_1,Epidermal,Root cap,,0,0,0,1,7,13
AGGGTTTGTATTGAGA-1_1,Mesophyll,Explant vasculature and callus founder cell,,3,1,3,2,5,5
AGGGTTTGTGTACAGG-1_2,Stele,Mesophyll,,1,2,1,1,4,9
AGGGTTTTCATGGTAC-1_3,Stele,Root procambium,,0,0,0,1,7,4
AGGGTTTTCCTCACCA-1_1,Epidermal,Mesophyll,,2,0,2,3,3,3
AGGGTTTTCTAACGCA-1_4,Mesophyll,Phloem parenchyma,,0,0,0,5,1,7
AGGTAGGAGGGATGTC-1_1,Epidermal,Mesophyll,,1,0,1,6,6,9
AGGTAGGGTGGAACAC-1_1,Mesophyll,Non-hair,,0,0,0,6,1,6
AGGTAGGGTTCGGACC-1_1,Mesophyll,Root cortex,,1,2,1,0,0,2
AGGTAGGGTTTACTTC-1_6,Mesophyll,Mesophyll,,1,2,1,7,9,11
AGGTAGGTCATAAGGA-1_4,Epidermal,Mesophyll,,0,0,0,6,6,6
AGGTCATAGATGCTTC-1_2,Epidermal,Vascular cambium,,0,0,0,1,9,11
AGGTCATAGGCTCAAG-1_6,Mesophyll,Mesophyll,,3,1,3,2,5,5
AGGTCATCAACTCATG-1_4,Mesophyll,Flower meristem,,0,0,0,1,7,13
AGGTCATCACCATTCC-1_4,Stele,Leaf pavement cell,,2,0,2,3,3,3
AGGTCATCAGACATCT-1_2,Epidermal,Root procambium,,0,0,0,6,6,6
AGGTCATCAGAGTAAT-1_4,Epidermal,Phloem,,4,3,4,8,10,12
AGGTCATGTGAGTAAT-1_4,Epidermal,Sieve element,,0,1,0,4,7,7
AGGTCATGTGGACTGA-1_5,Mesophyll,Root endodermis,,0,0,0,6,6,6
AGGTCATGTGTCTCCT-1_4,Mesophyll,Leaf pavement cell,,0,0,0,1,7,13
AGGTCATTCATGCGGC-1_6,Mesophyll,Mesophyll,,0,0,0,5,1,8
AGGTCATTCGCTATTT-1_2,Epidermal,Explant vasculature and callus founder cell,,0,0,0,5,1,8
AGGTCATTCTGAACGT-1_6,Epidermal,Mesophyll,,3,1,3,2,8,5
AGGTCTAAGTCAGCGA-1_1,Mesophyll,Companion cell,,0,0,0,3,3,14
AGGTCTAAGTCCTGCG-1_3,Mesophyll,Mesophyll,,1,2,1,7,9,11
AGGTCTACACACCGCA-1_6,Mesophyll,Non-hair,,0,0,0,5,1,8
AGGTCTACACTTCAAG-1_1,Epidermal,Root endodermis,,0,0,0,6,6,6
AGGTCTACATCGGAAG-1_1,Epidermal,Leaf pavement cell,,2,1,2,3,3,3
AGGTCTAGTACTTCCC-1_4,Mesophyll,Cortex,,4,3,4,8,10,12
AGGTCTAGTCCACTCT-1_2,Mesophyll,Mesophyll,,1,2,1,0,4,13
AGGTCTAGTCGGTGTC-1_1,Epidermal,Root procambium,,1,2,1,0,4,17
AGGTCTAGTCTAACTG-1_4,Epidermal,Root cortex,,3,1,3,2,8,0
AGGTCTAGTGCGGTAA-1_1,Epidermal,Root cortex,,4,3,4,8,10,12
AGGTCTAGTTAATCGC-1_1,Epidermal,Root cortex,,1,1,1,4,0,7
AGGTCTAGTTGTGGCC-1_4,Mesophyll,Mesophyll,,3,1,3,2,5,5
AGGTCTATCAACCGAT-1_4,Mesophyll,Root cortex,,4,3,4,8,10,12
AGGTCTATCCGACATA-1_1,Meristematic,Mesophyll,,3,2,3,2,4,0
AGGTCTATCGCCACTT-1_1,Epidermal,Mesophyll,,0,0,0,1,4,0
AGGTGTTAGAAACTAC-1_1,Mesophyll,Cortex,,3,1,3,4,5,5
AGGTGTTAGGTTCACT-1_1,Epidermal,Mesophyll,,0,0,0,6,6,6
AGGTGTTAGTAAGCAT-1_3,Epidermal,Leaf pavement cell,,2,1,2,3,3,3
AGGTGTTCAACCGATT-1_2,Epidermal,Root endodermis,,2,0,2,5,2,8
AGGTGTTCACTATGTG-1_2,Epidermal,Cortex,,3,1,3,2,5,5
AGGTGTTCATGAATCC-1_2,Stele,Mesophyll,,3,1,3,2,4,0
AGGTGTTGTAATCAAG-1_5,Mesophyll,Mesophyll,,1,2,1,7,9,11
AGGTGTTGTCCATACA-1_3,Epidermal,Root endodermis,,0,0,0,1,1,4
AGGTGTTGTCGAGCTC-1_6,Stele,Root cortex,,2,1,2,3,3,3
AGGTGTTGTGTACATC-1_2,Meristematic,Vascular cambium,,0,0,0,5,1,9
AGGTGTTGTTCGGTTA-1_5,Epidermal,Root cortex,,2,1,2,4,2,1
AGGTGTTTCAGCCTTC-1_3,Epidermal,Root endodermis,,0,0,0,6,6,6
AGGTGTTTCATCAGTG-1_2,Epidermal,Flower meristem,,0,2,0,1,4,0
AGGTTACAGGTCATCT-1_4,Mesophyll,Mesophyll,,3,1,3,2,8,15
AGGTTACCAGTCGGTC-1_5,Epidermal,Mesophyll,,0,0,0,6,6,6
AGGTTACGTGACACGA-1_1,Mesophyll,Mesophyll,,1,2,1,0,0,16
AGGTTACGTGTCCTAA-1_4,Stele,Generative nuclei,,4,3,4,8,10,12
AGGTTACGTTGACTGT-1_1,Mesophyll,Root cortex,,3,1,3,2,5,5
AGGTTACTCACACCCT-1_5,Epidermal,Root endodermis,,0,0,0,5,1,8
AGGTTACTCACTTTGT-1_2,Meristematic,Mesophyll,,1,2,1,0,0,0
AGGTTACTCCCTTGGT-1_4,Mesophyll,Mesophyll,,1,2,1,0,0,2
AGGTTACTCCTTCTGG-1_4,Epidermal,Root cortex,,2,1,2,4,2,1
AGGTTACTCGCCACTT-1_3,Epidermal,Mesophyll,,0,0,0,6,6,6
AGGTTACTCGCTTGCT-1_2,Mesophyll,Mesophyll,,0,0,0,6,6,6
AGGTTACTCGGCTGGT-1_4,Mesophyll,Root cap,,0,0,0,1,1,4
AGGTTGTAGAGGTCGT-1_1,Mesophyll,Mesophyll,,1,2,1,0,0,2
AGGTTGTAGATGACAT-1_4,Stele,Mesophyll,,3,1,3,2,8,10
AGGTTGTAGGGCAATC-1_2,Epidermal,Root procambium,,0,0,0,1,4,17
AGGTTGTAGGTGCTTT-1_4,Epidermal,Sieve element,,0,0,0,1,1,4
AGGTTGTCAGGCTACC-1_3,Stele,Explant vasculature and callus founder cell,,1,1,1,1,7,13
AGGTTGTTCATCACAG-1_5,Mesophyll,Root cortex,,3,1,3,4,2,1
AGGTTGTTCTCACGAA-1_5,Epidermal,Root procambium,,0,0,0,1,7,4
AGTAACCAGGAAAGTG-1_4,Epidermal,Non-hair,,1,2,1,1,7,14
AGTAACCAGGATCATA-1_6,Epidermal,Lateral root cap,,5,4,5,9,11,18
AGTAACCAGGATTTAG-1_5,Meristematic,Root cortex,,4,3,4,8,10,12
AGTAACCCAATCTCGA-1_2,Mesophyll,Root cortex,,4,3,4,8,10,12
AGTAACCTCATTGCCC-1_5,Mesophyll,Cortex,,2,1,2,3,2,1
AGTAACCTCATTTCCA-1_4,Mesophyll,Root cap,,1,2,1,2,7,15
AGTAACCTCGAACACT-1_1,Epidermal,Root endodermis,,4,3,4,8,10,12
AGTAACCTCTTCACGC-1_4,Epidermal,Root endodermis,,4,3,4,8,10,12
AGTACCAAGGGATGTC-1_2,Meristematic,Phloem parenchyma,,0,0,0,5,1,8
AGTACCAAGGGCATGT-1_6,Mesophyll,Mesophyll,,1,2,1,0,0,11
AGTACCAAGTTGGCTT-1_1,Mesophyll,Mesophyll,,1,2,1,0,0,0
AGTACCACAGTAGTTC-1_6,Epidermal,Root cortex,,1,2,1,0,0,0
AGTACCACATCATCTT-1_3,Stele,Root cortex,,4,3,4,8,10,12
AGTACCACATGAAGCG-1_6,Mesophyll,Mesophyll,,1,2,1,0,0,2
AGTACCAGTGGCTACC-1_3,Epidermal,Vascular cambium,,0,0,0,1,7,13
AGTACCATCATGGTAC-1_4,Mesophyll,Mesophyll,,1,2,1,0,0,16
AGTACTGCAACCGATT-1_3,Epidermal,Root cap,,0,0,0,1,1,4
AGTACTGCACGGTGTC-1_3,Epidermal,Root endodermis,,0,0,0,5,1,8
AGTACTGCAGCTGCCA-1_3,Mesophyll,Root endodermis,,1,2,1,0,0,2
AGTACTGCATGGATCT-1_4,Mesophyll,Mesophyll,,1,2,1,7,9,11
AGTACTGTCGACGAGA-1_5,Epidermal,Root cortex,,2,1,2,4,2,1
AGTAGCTCATGTGGTT-1_6,Mesophyll,Root cortex,,3,1,3,2,5,5
AGTAGCTGTGCGGTAA-1_4,Epidermal,Root endodermis,,2,1,2,4,2,1
AGTAGCTGTTGCATAC-1_4,Mesophyll,Mesophyll,,1,2,1,0,0,0
AGTAGCTTCCCTTTGG-1_3,Mesophyll,Root procambium,,0,0,0,5,1,4
AGTAGCTTCGTGACTA-1_6,Mesophyll,Mesophyll,,1,2,1,0,0,0
AGTAGCTTCTGCATAG-1_4,Epidermal,Companion cell,,0,2,0,1,3,14
AGTAGTCAGAAGCGGG-1_4,Epidermal,Root cortex,,2,1,2,3,3,3
AGTAGTCAGACGGTTG-1_3,Epidermal,Root cortex,,0,0,0,5,1,8
AGTAGTCAGGACATCG-1_5,Epidermal,Mesophyll,,1,2,1,0,0,2
AGTAGTCAGGCCTTGC-1_1,Epidermal,Root procambium,,0,0,0,1,1,4
AGTAGTCAGGGCATGT-1_4,Epidermal,Sieve element,,0,0,0,5,1,16
AGTAGTCAGGTTGGAC-1_6,Mesophyll,Leaf pavement cell,,2,1,2,4,2,1
AGTAGTCCAAGACCGA-1_1,Epidermal,Non-hair,,0,0,0,1,7,4
AGTAGTCCACTAGAGG-1_2,Meristematic,Mesophyll,,2,1,2,6,6,6
AGTAGTCCATGGCGCT-1_1,Mesophyll,Leaf pavement cell,,2,1,2,3,3,3
AGTAGTCGTCTTTCTA-1_6,Meristematic,Root cap,,3,1,3,2,8,10
AGTAGTCGTTGTATGC-1_5,Epidermal,Mesophyll,,3,1,3,2,9,11
AGTAGTCGTTTACCTT-1_3,Mesophyll,Mesophyll,,3,1,3,2,8,15
AGTAGTCTCGCATTAG-1_4,Epidermal,Mesophyll,,0,2,0,1,4,17
AGTAGTCTCGTTGTGA-1_4,Mesophyll,Mesophyll,,1,2,1,7,9,11
AGTCAACAGAGGTATT-1_2,Mesophyll,Mesophyll,,1,2,1,7,9,2
AGTCAACAGGGTACAC-1_2,Epidermal,Root endodermis,,0,0,0,6,6,6
AGTCAACAGGTCGTGA-1_5,Epidermal,Root cortex,,2,1,2,4,2,1
AGTCAACCAGAGATTA-1_5,Epidermal,Explant vasculature and callus founder cell,,0,0,0,4,7,7
AGTCAACCATGACAGG-1_4,Mesophyll,Mesophyll,,3,1,3,2,5,5
AGTCAACCATTACTCT-1_6,Epidermal,Phloem parenchyma,,2,0,2,5,3,8
AGTCAACGTAATGATG-1_3,Mesophyll,Root cortex,,2,0,2,4,2,7
AGTCAACGTTCCTAAG-1_3,Epidermal,Mesophyll,,1,2,1,0,0,0
AGTCAACTCATGCGGC-1_2,Stele,Phloem,,0,2,0,1,4,13
AGTCAACTCTCATGGA-1_4,Meristematic,Phloem,,4,1,4,8,10,12
AGTCACAAGACGGTCA-1_5,Epidermal,Mesophyll,,3,1,3,2,5,5
AGTCACAAGACTCATC-1_1,Epidermal,Root procambium,,0,2,0,1,7,4
AGTCACAGTATTCTCT-1_3,Mesophyll,Mesophyll,,1,2,1,0,5,5
AGTCACATCGCTACAA-1_4,Mesophyll,Mesophyll,,1,2,1,1,4,15
AGTCACATCTGCCCTA-1_5,Epidermal,Flower meristem,,0,0,0,1,4,9
AGTCATGAGACGCAGT-1_4,Mesophyll,Mesophyll,,2,0,2,3,3,3
AGTCATGAGAGCCGAT-1_5,Epidermal,Mesophyll,,1,2,1,0,0,2
AGTCATGAGCCTGCCA-1_4,Epidermal,Root endodermis,,0,0,0,6,6,6
AGTCATGAGGGTAGCT-1_3,Epidermal,Root cortex,,2,1,2,5,2,7
AGTCATGCAGCTGTAT-1_5,Epidermal,Mesophyll,,3,1,3,2,8,10
AGTCATGGTTGCTGAT-1_5,Mesophyll,Root cortex,,1,1,1,1,7,14
AGTCATGTCCTACCAC-1_3,Mesophyll,Non-hair,,2,1,2,3,3,3
AGTCTCCAGCGCACAA-1_3,Epidermal,Root cap,,3,1,3,2,8,10
AGTCTCCAGGGAGGCA-1_3,Mesophyll,Root cortex,,2,2,2,0,0,2
AGTCTCCAGGGCCAAT-1_6,Epidermal,Leaf guard cell,,0,0,0,1,4,4
AGTCTCCCAATTGCTG-1_5,Stele,Xylem,,2,1,2,4,2,1
AGTCTCCCATTCACCC-1_6,Mesophyll,Lateral root cap,,0,0,0,1,7,13
AGTCTCCGTAACCCTA-1_3,Epidermal,Mesophyll,,0,0,0,5,1,8
AGTCTCCGTCTGTAGT-1_4,Mesophyll,Mesophyll,,3,1,3,2,5,5
AGTCTCCGTGGTCCCA-1_2,Mesophyll,Mesophyll,,1,2,1,7,9,11
AGTCTCCGTTGTGCAT-1_5,Epidermal,Lateral root cap,,5,4,5,9,11,18
AGTCTCCTCCCGAGGT-1_4,Epidermal,Phloem,,0,2,0,1,4,0
AGTGACTAGCCAACCC-1_1,Epidermal,Root cortex,,2,1,2,4,2,1
AGTGACTAGCGTGTCC-1_2,Epidermal,Mesophyll,,3,2,3,2,8,15
AGTGACTAGGTACTGG-1_5,Epidermal,Non-hair,,2,1,2,3,3,14
AGTGACTGTCCCAAAT-1_4,Mesophyll,Root endodermis,,0,0,0,6,6,6
AGTGACTTCGTTCTCG-1_4,Mesophyll,Phloem parenchyma,,0,0,0,1,7,4
AGTGATCAGGTAAACT-1_4,Mesophyll,Columella root cap,,0,0,0,5,1,4
AGTGATCAGTGAATAC-1_2,Epidermal,Root endodermis,,0,0,0,5,1,8
AGTGATCAGTGATAAC-1_5,Meristematic,Columella root cap,,0,0,0,1,1,7
AGTGATCAGTGGGAAA-1_3,Epidermal,Root hair,,5,4,5,9,11,18
AGTGATCCACCTCTGT-1_2,Epidermal,Mesophyll,,0,0,0,6,6,6
AGTGATCGTACCCGAC-1_4,Mesophyll,Root cap,,0,2,0,1,9,11
AGTGATCGTGAACCGA-1_6,Epidermal,Mesophyll,,3,2,3,2,8,10
AGTGATCGTGTCCATA-1_2,Epidermal,Root endodermis,,2,0,2,5,3,7
AGTGATCTCAGTCAGT-1_3,Epidermal,Root cap,,1,2,1,0,7,19
AGTGCCGGTACAGAAT-1_6,Mesophyll,Root cortex,,2,1,2,4,2,1
AGTGCCGGTGTGCCTG-1_1,Epidermal,Root cap,,0,0,0,1,1,9
AGTGCCGGTTCAAACC-1_3,Epidermal,Non-hair,,0,0,0,1,7,4
AGTGCCGTCGAAGAAT-1_5,Epidermal,Mesophyll,,1,2,1,0,0,2
AGTGCCGTCGCCGAAC-1_4,Epidermal,Mesophyll,,0,0,0,5,1,4
AGTGTTGAGAGGGCGA-1_4,Epidermal,Mesophyll,,0,0,0,6,6,6
AGTGTTGAGGCGCTCT-1_5,Epidermal,Mesophyll,,1,2,1,0,0,2
AGTGTTGAGGTTCTTG-1_5,Epidermal,Mesophyll,,2,1,2,4,2,1
AGTGTTGCATGAGATA-1_4,Mesophyll,Explant vasculature and callus founder cell,,3,1,3,2,7,7
AGTGTTGGTGTTTCTT-1_3,Epidermal,Cortex,,4,3,4,8,10,12
AGTGTTGTCACGATCA-1_5,Meristematic,Root cortex,,2,1,2,4,2,1
AGTGTTGTCCCAACTC-1_4,Stele,Root hair,,0,1,0,3,10,3
AGTGTTGTCGTAGGGA-1_2,Mesophyll,Mesophyll,,1,2,1,0,0,16
AGTGTTGTCTTCTTCC-1_5,Mesophyll,Cortex,,3,1,3,2,5,5
AGTTAGCAGAAGGATG-1_4,Mesophyll,Mesophyll,,3,1,3,2,0,14
AGTTAGCAGGCCTTCG-1_5,Stele,Phloem parenchyma,,0,0,0,6,6,6
AGTTAGCGTATACAGA-1_5,Epidermal,Root cortex,,0,0,0,5,6,19
AGTTAGCGTGTATTGC-1_5,Epidermal,Root endodermis,,4,0,4,5,7,7
AGTTAGCTCGCCGAAC-1_6,Mesophyll,Phloem,,0,0,0,1,7,13
AGTTCCCAGCGCCCAT-1_5,Mesophyll,Root cortex,,2,1,2,4,2,1
AGTTCCCAGGTTACAA-1_5,Mesophyll,Mesophyll,,1,2,1,0,0,0
AGTTCCCCAACCAGAG-1_2,Epidermal,Root procambium,,0,0,0,1,7,13
AGTTCCCCACCTTCGT-1_2,Epidermal,Mesophyll,,3,1,3,2,5,5
AGTTCCCGTACATTGC-1_6,Mesophyll,Root endodermis,,3,1,3,6,6,6
AGTTCCCGTAGTGCGA-1_1,Epidermal,Leaf pavement cell,,2,0,2,5,3,3
AGTTCCCTCCTCAGAA-1_4,Epidermal,Non-hair,,1,1,1,1,7,14
AGTTCCCTCTTCCCAG-1_5,Meristematic,Meristematic cell,,2,1,2,3,2,3
AGTTCGAAGGGACTGT-1_3,Epidermal,Non-hair,,4,3,4,8,10,12
AGTTCGAAGTAAGACT-1_4,Epidermal,Mesophyll,,3,1,3,2,5,5
AGTTCGAGTATTCTCT-1_2,Meristematic,Root cortex,,1,2,1,0,0,0
AGTTCGAGTGAACCGA-1_5,Epidermal,Mesophyll,,1,2,1,0,0,2
AGTTCGATCCACCCTA-1_3,Mesophyll,Root cortex,,1,2,1,2,5,14
ATACCGAAGAAGCCAC-1_6,Epidermal,Leaf pavement cell,,2,1,2,3,3,3
ATACCGAAGCGAATGC-1_2,Epidermal,Root endodermis,,2,0,2,3,3,3
ATACCGAAGGATTTCC-1_4,Epidermal,Flower meristem,,4,3,4,8,10,12
ATACCGAAGTAGGAAG-1_6,Epidermal,Mesophyll,,1,2,1,0,0,2
ATACCGAAGTGATAAC-1_1,Epidermal,Flower meristem,,0,0,0,0,4,16
ATACCGACAAGAAACT-1_5,Epidermal,Leaf pavement cell,,0,0,0,6,1,4
ATACCGACAAGCGAAC-1_5,Epidermal,Mesophyll,,1,2,1,0,7,13
ATACCGACAGACGATG-1_1,Epidermal,Root cortex,,2,1,2,4,2,1
ATACCGACATAGCACT-1_2,Epidermal,Generative nuclei,,3,1,3,2,5,5
ATACCGAGTAACTTCG-1_6,Epidermal,Root cortex,,1,1,1,1,7,14
ATACCGAGTACTCAAC-1_1,Mesophyll,Root cortex,,4,3,4,8,10,12
ATACCGAGTCGGCACT-1_1,Epidermal,Leaf pavement cell,,2,1,2,3,3,3
ATACCGATCAGCCTTC-1_5,Mesophyll,Mesophyll,,0,0,0,6,6,6
ATACCTTAGAGGACTC-1_5,Epidermal,Root cortex,,2,1,2,3,3,3
ATACCTTAGCCACCGT-1_4,Epidermal,Phloem,,2,1,2,1,4,7
ATACCTTAGCCACTCG-1_4,Mesophyll,Flower meristem,,0,0,0,5,1,0
ATACCTTAGGACCCAA-1_3,Mesophyll,Generative nuclei,,1,2,1,0,0,16
ATACCTTAGTGGCAGT-1_4,Mesophyll,Mesophyll,,3,1,3,2,5,5
ATACCTTCACGGCCAT-1_6,Meristematic,Non-hair,,0,0,0,1,7,4
ATACCTTCAGCGACAA-1_5,Mesophyll,Phloem,,3,1,3,2,2,1
ATACCTTCATAAGATG-1_4,Mesophyll,Mesophyll,,1,2,1,0,0,0
ATACCTTCATCGATAC-1_1,Stele,Phloem,,3,2,3,2,4,0
ATACCTTGTAGACAGC-1_1,Mesophyll,Mesophyll,,1,0,1,6,6,6
ATACCTTGTCCAACGC-1_5,Epidermal,Columella root cap,,0,0,0,1,7,4
ATACCTTGTCCACTCT-1_1,Stele,Root cortex,,2,1,2,2,2,1
ATACCTTGTCTACGTA-1_1,Epidermal,Root endodermis,,0,0,0,6,6,6
ATACCTTGTGCTCTCT-1_5,Mesophyll,Mesophyll,,3,1,3,2,5,5
ATACCTTTCATTTCCA-1_5,Epidermal,Mesophyll,,0,0,0,6,6,6
ATACCTTTCCTATTGT-1_2,Stele,Root endodermis,,0,0,0,1,6,7
ATACCTTTCGGTGTTA-1_3,Epidermal,Cortex,,2,0,2,5,1,7
ATACTTCAGCTACGTT-1_2,Mesophyll,Mesophyll,,1,2,1,0,0,0
ATACTTCAGGTGCTTT-1_2,Stele,Root endodermis,,0,0,0,6,1,8
ATACTTCCACTCGATA-1_1,Mesophyll,Mesophyll,,3,1,3,2,8,10
ATACTTCCAGACGCTC-1_1,Stele,Root endodermis,,2,1,2,4,2,1
ATACTTCCAGCGACCT-1_1,Epidermal,Non-hair,,0,0,0,1,1,4
ATACTTCCATTGGCAT-1_5,Epidermal,Root cortex,,2,0,2,3,3,3
ATACTTCTCAAGGTGG-1_5,Epidermal,Flower meristem,,0,2,0,1,4,13
ATACTTCTCACCTCGT-1_4,Epidermal,Flower meristem,,0,0,0,5,1,16
ATACTTCTCAGCGTCG-1_6,Mesophyll,Mesophyll,,1,2,1,7,9,11
ATACTTCTCCAACTGA-1_2,Epidermal,Vascular cambium,,0,0,0,1,4,9
ATACTTCTCGGTAGAG-1_1,Mesophyll,Mesophyll,,0,0,0,7,9,11
ATACTTCTCTCTCTTC-1_5,Mesophyll,Mesophyll,,1,2,1,0,0,16
ATAGACCAGACTCCGC-1_5,Epidermal,Explant vasculature and callus founder cell,,3,1,3,2,8,10
ATAGACCAGAGGGTGG-1_3,Mesophyll,Root cap,,0,0,0,1,1,4
ATAGACCAGCACTGGA-1_2,Epidermal,Bundle sheath,,4,0,4,1,4,13
ATAGACCAGGATAATC-1_3,Epidermal,Mesophyll,,3,1,3,2,8,15
ATAGACCAGGGACAGG-1_3,Mesophyll,Mesophyll,,1,2,1,0,0,2
ATAGACCCACAGTCCG-1_5,Stele,Mesophyll,,3,1,3,2,8,15
ATAGACCCACGGCTAC-1_3,Mesophyll,Root endodermis,,2,1,2,4,2,1
ATAGACCCAGAACATA-1_6,Epidermal,Cortex,,2,1,2,4,2,1
ATAGACCCAGCTGTAT-1_2,Mesophyll,Mesophyll,,1,2,1,0,0,2
ATAGACCCATACTGAC-1_3,Mesophyll,Root procambium,,1,2,1,7,9,11
ATAGACCCATCCCGTT-1_1,Epidermal,Root procambium,,0,0,0,1,7,13
ATAGACCCATGAGGGT-1_2,Mesophyll,Cortex,,4,3,4,8,10,12
ATAGACCGTGACACAG-1_1,Epidermal,Root cortex,,2,1,2,3,2,1
ATAGACCGTGAGCCAA-1_4,Mesophyll,Mesophyll,,1,2,1,0,0,2
ATAGACCGTGCCCTTT-1_2,Epidermal,Leaf pavement cell,,0,0,0,1,4,9
ATAGACCGTTCTCCCA-1_1,Epidermal,Root endodermis,,0,0,0,5,1,8
ATAGACCTCAGCATTG-1_6,Epidermal,Root cap,,1,2,1,0,0,0
ATAGACCTCCACGTCT-1_3,Mesophyll,Root endodermis,,0,0,0,5,1,8
ATAGACCTCCCTCGAT-1_4,Mesophyll,Root endodermis,,3,1,3,2,8,10
ATAGACCTCGGCACTG-1_6,Meristematic,Microspore nuclei,,0,0,0,1,4,9
ATAGACCTCTGGAAGG-1_5,Meristematic,Root procambium,,0,0,0,1,7,4
ATAGAGAAGGTACAAT-1_4,Mesophyll,Mesophyll,,1,2,1,7,9,11
ATAGAGATCGATACGT-1_5,Stele,Mesophyll,,1,2,1,0,0,2
ATAGAGATCTCTCCGA-1_6,Epidermal,Mesophyll,,1,2,1,0,0,2
ATAGGCTAGCATCTTG-1_2,Mesophyll,Mesophyll,,1,2,1,0,0,2
ATAGGCTAGGGCTAAC-1_4,Stele,Root endodermis,,2,0,2,3,3,3
ATAGGCTAGTGCGACA-1_5,Epidermal,Mesophyll,,5,2,5,9,4,17
ATAGGCTAGTTCTCTT-1_1,Mesophyll,Mesophyll,,3,1,3,2,8,15
ATAGGCTCAACTTGGT-1_5,Mesophyll,Mesophyll,,1,2,1,0,0,2
ATAGGCTGTACCTAAC-1_2,Epidermal,Root cortex,,3,1,3,2,5,5
ATAGGCTTCGCCGAGT-1_1,Epidermal,Mesophyll,,1,2,1,0,0,2
ATAGGCTTCGTCTAAG-1_3,Epidermal,Root cortex,,2,1,2,4,2,1
ATATCCTAGATCCTAC-1_4,Epidermal,Cortex,,2,1,2,4,2,1
ATATCCTAGCGACAGT-1_4,Epidermal,Mesophyll,,1,2,1,0,0,2
ATATCCTAGCGTCTCG-1_4,Epidermal,Root cortex,,2,1,2,3,2,1
ATATCCTCACAAGGTG-1_1,Mesophyll,Mesophyll,,1,2,1,0,0,0
ATATCCTCAGTACTAC-1_4,Epidermal,Leaf pavement cell,,3,1,3,2,8,10
ATATCCTCATATCTGG-1_5,Epidermal,Non-hair,,0,0,0,1,1,4
ATATCCTGTCCTCATC-1_4,Epidermal,Vascular cambium,,0,1,0,1,7,13
ATATCCTGTGTATCCA-1_3,Epidermal,Bundle sheath,,0,0,0,1,7,13
ATCACAGAGCCACAAG-1_6,Mesophyll,Mesophyll,,1,2,1,0,0,2
ATCACAGCACAAACGG-1_5,Epidermal,Root cortex,,2,1,2,4,2,1
ATCACAGCACCAGGTC-1_4,Mesophyll,Mesophyll,,3,1,3,2,5,5
ATCACAGCACCTGAAT-1_3,Guard,Phloem,,0,0,0,1,3,3
ATCACAGCATATCGGT-1_1,Meristematic,Root cortex,,2,1,2,4,2,1
ATCACAGGTAAGGCTG-1_5,Epidermal,Root endodermis,,5,4,5,9,11,18
ATCACAGGTCATCCCT-1_3,Epidermal,Non-hair,,4,3,4,8,10,12
ATCACAGGTGCGTGCT-1_4,Epidermal,Root cortex,,2,1,2,4,2,1
ATCACAGTCAAGCCGC-1_6,Epidermal,Mesophyll,,0,0,0,5,1,8
ATCACAGTCGCCAACG-1_6,Epidermal,Cortex,,3,1,3,2,8,10
ATCACGAAGGCCTGCT-1_4,Mesophyll,Mesophyll,,1,2,1,0,0,11
ATCACGAAGGGTATAT-1_5,Mesophyll,Root cortex,,2,1,2,4,2,1
ATCACGACACCACATA-1_1,Epidermal,Flower meristem,,0,0,0,5,1,13
ATCACGACACCTGATA-1_6,Stele,Vascular cambium,,0,0,0,1,4,13
ATCACGACAGTATGAA-1_2,Stele,Shoot system epidermis,,2,1,2,3,3,3
ATCACGACATCCGCGA-1_2,Mesophyll,Mesophyll,,1,2,1,0,0,2
ATCACGAGTGGTATGG-1_5,Epidermal,Root endodermis,,1,2,1,5,0,2
ATCACGAGTGTCCGGT-1_5,Epidermal,Leaf pavement cell,,0,0,0,5,1,4
ATCACGATCCGTAGGC-1_5,Epidermal,Mesophyll,,2,1,2,3,7,7
ATCACGATCCGTTGGG-1_1,Mesophyll,Root endodermis,,0,0,0,6,6,6
ATCACTTCAACTGATC-1_2,Mesophyll,Root endodermis,,0,0,0,6,3,3
ATCACTTCAATCGAAA-1_2,Epidermal,Mesophyll,,2,1,2,4,2,1
ATCACTTCACAACGTT-1_3,Epidermal,Flower meristem,,1,2,1,1,0,0
ATCACTTCACAAGCCC-1_3,Mesophyll,Xylem,,0,2,0,0,4,0
ATCACTTCACTCATAG-1_6,Mesophyll,Explant vasculature and callus founder cell,,3,1,3,2,5,5
ATCACTTCAGACATCT-1_3,Mesophyll,Mesophyll,,3,1,3,2,8,10
ATCACTTCAGCGTATT-1_3,Mesophyll,Mesophyll,,1,2,1,0,0,0
ATCACTTCATAACCCA-1_3,Mesophyll,Shoot system epidermis,,0,0,0,3,1,3
ATCACTTCATTGAGGG-1_1,Epidermal,Root endodermis,,0,0,0,1,1,4
ATCACTTGTCACTAGT-1_1,Epidermal,Xylem,,0,0,0,1,1,9
ATCACTTGTGAGAGGG-1_2,Epidermal,Leaf pavement cell,,2,1,2,3,3,3
ATCACTTGTGGCTGCT-1_3,Mesophyll,Mesophyll,,1,2,1,0,0,16
ATCACTTGTGTGATGG-1_4,Epidermal,Mesophyll,,0,0,0,6,6,6
ATCACTTGTGTTGATC-1_3,Mesophyll,Root cortex,,1,2,1,0,0,2
ATCACTTGTTAACAGA-1_5,Meristematic,Mesophyll,,0,0,0,6,6,0
ATCACTTTCAGTGTCA-1_4,Mesophyll,Root cap,,3,1,3,2,8,10
ATCACTTTCTGCATGA-1_5,Mesophyll,Mesophyll,,1,2,1,0,0,2
ATCAGGTAGCAGCGAT-1_2,Mesophyll,Columella root cap,,0,0,0,1,1,9
ATCAGGTAGGTGCGAT-1_2,Epidermal,Mesophyll,,1,2,1,0,0,2
ATCAGGTAGTCCCTAA-1_1,Epidermal,Root endodermis,,2,0,2,5,1,7
ATCAGGTCAGGCTATT-1_2,Mesophyll,Mesophyll,,1,2,1,0,9,0
ATCAGGTGTACGATGG-1_2,Epidermal,Mesophyll,,4,3,4,8,10,12
ATCAGGTGTCACCTTC-1_6,Meristematic,Sieve element,,0,0,0,3,4,16
ATCAGGTGTGACATCT-1_1,Epidermal,Root cortex,,2,1,2,4,2,1
ATCAGGTTCGATGCAT-1_5,Epidermal,Mesophyll,,3,1,3,2,5,5
ATCAGGTTCGCCACTT-1_4,Epidermal,Xylem,,2,1,2,7,9,9
ATCAGGTTCGGTGTAT-1_1,Epidermal,Non-hair,,0,0,0,1,7,4
ATCAGGTTCGTGGCTG-1_5,Epidermal,Root endodermis,,0,0,0,6,1,4
ATCATTCAGGTTTACC-1_3,Epidermal,Shoot system epidermis,,2,1,2,3,3,3
ATCATTCCAGACCAAG-1_1,Epidermal,Root cortex,,2,1,2,3,3,3
ATCATTCCATGACTAC-1_2,Mesophyll,Mesophyll,,3,1,3,2,5,5
ATCATTCGTACGGGAT-1_5,Stele,Root procambium,,0,0,0,6,6,6
ATCATTCTCAGAGTGG-1_2,Mesophyll,Mesophyll,,4,3,4,8,10,12
ATCATTCTCCGAGAAG-1_6,Epidermal,Mesophyll,,5,4,5,9,11,18
ATCCACCCAACGGCTC-1_1,Mesophyll,Root endodermis,,0,0,0,6,6,6
ATCCACCCAAGCCCAC-1_3,Epidermal,Phloem pole pericycle,,0,0,0,5,1,4
ATCCACCCACCAAATC-1_4,Epidermal,Bundle sheath,,4,3,4,8,10,12
ATCCACCCACTCCGGA-1_4,Mesophyll,Root cap,,0,0,0,1,7,13
ATCCACCCAGACCTGC-1_2,Mesophyll,Mesophyll,,3,1,3,2,8,15
ATCCACCGTACCAGAG-1_3,Mesophyll,Mesophyll,,1,2,1,0,0,2
ATCCACCGTAGCTGAG-1_1,Epidermal,Root cortex,,2,1,2,3,3,3
ATCCACCGTAGTGTGG-1_4,Mesophyll,Sieve element,,0,0,0,1,4,9
ATCCACCGTATTTCGG-1_2,Epidermal,Root cortex,,1,0,1,4,0,7
ATCCACCGTGCCTATA-1_4,Meristematic,Cortex,,2,1,2,4,2,1
ATCCACCTCACACCCT-1_4,Epidermal,Mesophyll,,0,0,0,5,1,4
ATCCACCTCAGGCGAA-1_1,Epidermal,Mesophyll,,1,2,1,3,4,0
ATCCACCTCCACGTAA-1_1,Stele,Root procambium,,0,0,0,3,1,3
ATCCACCTCCTCTAGC-1_2,Epidermal,Mesophyll,,1,2,1,0,0,10
ATCCACCTCTAGTACG-1_2,Mesophyll,Root cap,,1,2,1,7,9,11
ATCCACCTCTGCAGCG-1_4,Epidermal,Vascular cambium,,0,0,0,1,4,9
ATCCATTAGCCGATTT-1_5,Mesophyll,Mesophyll,,3,1,3,2,5,5
ATCCATTAGCTATCTG-1_4,Meristematic,Mesophyll,,1,2,1,0,0,15
ATCCATTAGGGTCAAC-1_2,Mesophyll,Mesophyll,,3,1,3,2,5,5
ATCCATTCACGTAGTT-1_3,Mesophyll,Flower meristem,,1,2,1,0,4,0
ATCCATTGTACTCCGG-1_2,Epidermal,Leaf pavement cell,,2,1,2,3,3,3
ATCCATTTCCTCACTG-1_5,Mesophyll,Mesophyll,,0,0,0,6,6,6
ATCCATTTCGGCTTGG-1_3,Mesophyll,Mesophyll,,2,1,2,6,5,6
ATCCATTTCGTAACTG-1_1,Mesophyll,Root endodermis,,0,0,0,6,6,0
ATCCATTTCTTCACAT-1_1,Mesophyll,Leaf pavement cell,,2,1,2,3,3,3
ATCCCTGAGAGGGCGA-1_6,Epidermal,Root endodermis,,2,1,2,3,3,3
ATCCCTGAGCTTCTAG-1_5,Epidermal,Vascular cambium,,0,1,0,1,7,7
ATCCCTGAGGTCACCC-1_4,Epidermal,Root endodermis,,1,2,1,0,0,7
ATCCCTGAGGTCGAGT-1_2,Epidermal,Mesophyll,,1,2,1,7,9,11
ATCCCTGAGTCACTAC-1_3,Epidermal,Cortex,,4,3,4,8,10,12
ATCCCTGCATAACTCG-1_6,Meristematic,Phloem,,0,0,0,1,4,9
ATCCCTGGTTTACACG-1_5,Epidermal,Root cortex,,3,1,3,2,5,1
ATCCCTGTCAGACCTA-1_3,Meristematic,Xylem,,5,2,5,9,4,0
ATCCCTGTCAGCCTCT-1_2,Meristematic,Mesophyll,,3,1,3,2,8,14
ATCCGTCAGAGTTGAT-1_5,Stele,Root procambium,,0,0,0,5,1,8
ATCCGTCCAACTCGAT-1_4,Mesophyll,Mesophyll,,0,0,0,6,6,6
ATCCGTCCACACACGC-1_5,Epidermal,Non-hair,,0,0,0,1,3,14
ATCCGTCCACATACGT-1_3,Mesophyll,Mesophyll,,0,2,0,1,4,9
ATCCGTCCATGACTTG-1_1,Mesophyll,Mesophyll,,3,1,3,2,5,5
ATCCGTCGTCCACAGC-1_2,Mesophyll,Root cortex,,2,0,2,3,3,3
ATCCGTCTCGCAGAGA-1_1,Epidermal,Root endodermis,,0,0,0,6,1,6
ATCCGTCTCTCATTTG-1_5,Mesophyll,Leaf pavement cell,,3,1,3,1,4,9
ATCCTATAGAGTCTGG-1_4,Mesophyll,Mesophyll,,1,2,1,0,0,5
ATCCTATAGCAGAAAG-1_3,Mesophyll,Root endodermis,,1,2,1,0,0,0
ATCCTATAGTCATAGA-1_5,Meristematic,Root cortex,,3,1,3,2,8,10
ATCCTATCAGTCAACT-1_4,Epidermal,Phloem,,0,0,0,1,4,9
ATCCTATCATCAGTGT-1_4,Epidermal,Leaf pavement cell,,2,1,2,3,3,3
ATCCTATGTGTGTGTT-1_6,Stele,Flower meristem,,0,0,0,1,7,13
ATCGATGAGATAGTCA-1_5,Epidermal,Non-hair,,0,0,0,1,4,16
ATCGATGAGGCTGAAC-1_1,Epidermal,Non-hair,,1,2,1,2,5,5
ATCGATGAGTGTGTTC-1_5,Epidermal,Root endodermis,,2,0,2,5,1,8
ATCGATGCACATGACT-1_4,Mesophyll,Mesophyll,,1,2,1,0,0,0
ATCGATGCACTGAATC-1_6,Mesophyll,Mesophyll,,1,2,1,7,9,11
ATCGATGCAGCTGAAG-1_5,Mesophyll,Mesophyll,,1,2,1,7,9,11
ATCGATGCATCAGCAT-1_6,Mesophyll,Mesophyll,,0,0,0,1,1,4
ATCGATGGTCCGGATC-1_6,Epidermal,Root endodermis,,0,0,0,5,1,8
ATCGATGGTCTTACAG-1_3,Epidermal,Mesophyll,,4,3,4,8,10,12
ATCGATGTCAAGAAAC-1_4,Meristematic,Mesophyll,,1,2,1,0,0,0
ATCGATGTCGAGCCTG-1_5,Meristematic,Phloem parenchyma,,0,0,0,1,1,4
ATCGATGTCTTCGGAA-1_2,Mesophyll,Mesophyll,,1,2,1,0,8,15
ATCGCCTAGACGCCAA-1_5,Mesophyll,Guard cell,,3,1,3,2,5,5
ATCGCCTAGAGCATTA-1_4,Epidermal,Mesophyll,,0,0,0,1,3,14
ATCGCCTAGAGCCCAA-1_2,Stele,Mesophyll,,3,1,3,6,6,6
ATCGCCTAGAGCCCAA-1_6,Stele,Root cap,,2,0,2,4,2,7
ATCGCCTAGCTTGTTG-1_3,Epidermal,Root endodermis,,2,0,2,3,3,3
ATCGCCTCACGTCGGT-1_6,Meristematic,Mesophyll,,1,2,1,11,12,19
ATCGCCTCACTACGGC-1_4,Epidermal,Root endodermis,,0,0,0,1,7,4
ATCGCCTCAGCTATAC-1_4,Epidermal,Mesophyll,,1,2,1,0,0,5
ATCGCCTCAGTTAGAA-1_4,Epidermal,Non-hair,,0,0,0,6,6,4
ATCGCCTGTACATACC-1_3,Mesophyll,Mesophyll,,1,2,1,0,0,2
ATCGCCTGTCTTCATT-1_4,Epidermal,Leaf pavement cell,,2,1,2,3,3,3
ATCGCCTTCATGTCTT-1_1,Epidermal,Mesophyll,,3,1,3,2,6,6
ATCGCCTTCCAAACCA-1_3,Mesophyll,Sieve element,,3,1,3,1,4,9
ATCGCCTTCGCACGAC-1_2,Epidermal,Root cortex,,3,1,3,2,5,5
ATCGCCTTCGTAATGC-1_1,Stele,Columella root cap,,0,0,0,5,1,7
ATCGCCTTCTCGGTAA-1_4,Meristematic,Mesophyll,,4,2,4,1,4,15
ATCGGATAGACAGCGT-1_2,Stele,Mesophyll,,1,2,1,0,0,2
ATCGGATAGATGCTTC-1_4,Mesophyll,Bundle sheath,,4,3,4,8,10,12
ATCGGATAGGTGCAGT-1_1,Mesophyll,Mesophyll,,3,1,3,2,5,5
ATCGGATAGTGGTTAA-1_4,Epidermal,Root cortex,,3,1,3,2,5,5
ATCGGATCACCTGAAT-1_2,Mesophyll,Root procambium,,1,2,1,7,9,11
ATCGGATCAGTTAAAG-1_1,Epidermal,Root endodermis,,0,0,0,5,1,8
ATCGGATGTCCCGTGA-1_1,Mesophyll,Mesophyll,,1,2,1,0,0,2
ATCGGATGTGGACAGT-1_3,Epidermal,Root cortex,,3,1,3,3,9,15
ATCGGATGTTAGGCTT-1_5,Mesophyll,Mesophyll,,1,2,1,0,0,0
ATCGGATGTTCCGCAG-1_4,Epidermal,Root cortex,,2,1,2,4,2,1
ATCGGATTCATTGCTT-1_6,Meristematic,Mesophyll,,3,1,3,2,5,5
ATCGGATTCCCTTGGT-1_1,Epidermal,Root endodermis,,0,0,0,5,1,8
ATCGGATTCCTGTTGC-1_1,Epidermal,Explant vasculature and callus founder cell,,2,1,2,3,3,3
ATCGGATTCGCTGACG-1_4,Epidermal,Mesophyll,,0,0,0,6,6,6
ATCGGCGAGAGGTATT-1_2,Epidermal,Mesophyll,,1,2,1,2,8,14
ATCGGCGAGCAAATCA-1_4,Meristematic,Mesophyll,,3,1,3,2,5,5
ATCGGCGAGGCATTTC-1_4,Epidermal,Non-hair,,4,3,4,8,10,12
ATCGGCGAGGTCCCGT-1_1,Epidermal,Mesophyll,,0,1,0,1,7,7
ATCGGCGCACGCGGTT-1_6,Epidermal,Root endodermis,,0,0,0,6,1,4
ATCGGCGGTCGTCGGT-1_1,Mesophyll,Root cortex,,2,1,2,2,5,14
ATCGGCGGTGGAATGC-1_1,Mesophyll,Root cap,,3,1,3,2,8,10
ATCGGCGGTTATGTGC-1_3,Epidermal,Leaf pavement cell,,2,1,2,3,3,3
ATCGGCGGTTGAATCC-1_3,Epidermal,Root cortex,,0,0,0,5,1,7
ATCGGCGTCCGCAACG-1_4,Epidermal,Columella root cap,,0,0,0,1,1,4
ATCGTAGAGCACTCAT-1_5,Epidermal,Root endodermis,,0,0,0,5,1,8
ATCGTAGAGCGCACAA-1_1,Mesophyll,Mesophyll,,1,2,1,0,0,2
ATCGTAGAGCTAAATG-1_1,Mesophyll,Root cortex,,3,1,3,2,8,10
ATCGTAGCACAGCCTG-1_2,Stele,Root cortex,,2,1,2,4,2,1
ATCGTAGCATAATGAG-1_1,Mesophyll,Root cortex,,3,1,3,2,8,10
ATCGTAGGTAGGAGGG-1_2,Epidermal,Non-hair,,0,0,0,6,6,6
ATCGTAGGTGAGATAT-1_4,Mesophyll,Root cortex,,3,1,3,2,8,15
ATCGTAGGTTCGAACT-1_3,Meristematic,Mesophyll,,0,2,0,0,0,14
ATCGTAGTCACCATAG-1_5,Stele,Sieve element,,3,1,3,10,4,9
ATCGTAGTCAGTAGGG-1_1,Stele,Mesophyll,,1,2,1,0,4,17
ATCGTAGTCCACGTGG-1_2,Epidermal,Flower meristem,,0,0,0,1,1,4
ATCGTAGTCTATCCAT-1_5,Mesophyll,Mesophyll,,0,0,0,6,6,6
ATCGTCCAGCAATTAG-1_1,Epidermal,Leaf pavement cell,,4,1,4,8,10,12
ATCGTCCAGTCCCAAT-1_2,Mesophyll,Mesophyll,,3,1,3,2,2,1
ATCGTCCCAGGGAGAG-1_1,Mesophyll,Guard cell,,2,0,2,3,3,3
ATCGTCCGTTCCAGGC-1_3,Epidermal,Root cortex,,3,1,3,4,5,7
ATCGTCCGTTCGGCTG-1_1,Epidermal,Root endodermis,,2,0,2,5,2,8
ATCGTCCTCACCTCGT-1_5,Mesophyll,Mesophyll,,1,2,1,0,0,0
ATCGTCCTCGTGGTAT-1_4,Epidermal,Mesophyll,,3,1,3,2,8,15
ATCGTCCTCTCGCTTG-1_1,Epidermal,Root endodermis,,2,1,2,3,3,3
ATCGTGACACATGGTT-1_5,Epidermal,Root endodermis,,0,0,0,5,1,7
ATCGTGACACGCGTGT-1_1,Mesophyll,Mesophyll,,3,1,3,2,5,5
ATCGTGACACTTCATT-1_5,Mesophyll,Mesophyll,,2,1,2,2,5,5
ATCGTGACAGCTTTGA-1_3,Mesophyll,Root cap,,2,1,2,3,3,3
ATCGTGACATGTACGT-1_1,Epidermal,Root endodermis,,0,0,0,6,2,9
ATCGTGACATTAGGCT-1_3,Mesophyll,Root cortex,,3,1,3,2,8,15
ATCTCTAAGATGGCGT-1_3,Mesophyll,Root cortex,,2,0,2,5,1,8
ATCTCTACAAAGCTAA-1_4,Epidermal,Bundle sheath,,0,0,0,3,1,9
ATCTCTACATTGCTGA-1_2,Mesophyll,Mesophyll,,1,2,1,0,0,2
ATCTCTAGTCCTTGTC-1_1,Mesophyll,Mesophyll,,1,2,1,0,0,0
ATCTCTAGTCGAACGA-1_2,Epidermal,Columella root cap,,2,0,2,3,3,3
ATCTCTAGTGACACAG-1_4,Epidermal,Mesophyll,,5,2,5,9,4,17
ATCTCTAGTTCTCGTC-1_1,Epidermal,Mesophyll,,1,2,1,3,3,3
ATCTCTATCCGATCGG-1_1,Mesophyll,Non-hair,,0,0,0,1,7,13
ATCTTCAAGCGGCTCT-1_1,Epidermal,Root procambium,,0,0,0,1,7,13
ATCTTCACAACAAAGT-1_3,Epidermal,Flower meristem,,0,0,0,5,1,4
ATCTTCACAATTCACG-1_3,Meristematic,Root endodermis,,2,1,2,3,3,3
ATCTTCAGTATCGAAA-1_4,Epidermal,Shoot system epidermis,,0,0,0,1,4,13
ATCTTCAGTCAGGTGA-1_4,Epidermal,Mesophyll,,3,1,3,2,8,12
ATCTTCAGTCCACTCT-1_2,Mesophyll,Mesophyll,,1,2,1,0,0,0
ATCTTCATCTCGGGAC-1_4,Epidermal,Non-hair,,3,1,3,1,3,14
ATGAAAGAGCTAGAGC-1_5,Mesophyll,Mesophyll,,3,1,3,2,5,5
ATGAAAGAGTAAGCAT-1_1,Epidermal,Cortex,,3,1,3,2,8,10
ATGAAAGCAAATACGA-1_5,Epidermal,Leaf pavement cell,,2,1,2,3,3,3
ATGAAAGCAAGGTCTT-1_1,Epidermal,Cortex,,2,1,2,4,2,1
ATGAAAGCACTGAATC-1_3,Epidermal,Mesophyll,,3,1,3,2,5,5
ATGAAAGCATTGCCGG-1_1,Mesophyll,Mesophyll,,1,2,1,7,9,11
ATGAAAGGTAGCTTTG-1_6,Mesophyll,Mesophyll,,3,1,3,2,5,5
ATGAAAGGTCGCTTGG-1_1,Meristematic,Root cap,,3,1,3,2,8,10
ATGAAAGGTGCCTATA-1_5,Mesophyll,Root cortex,,3,1,3,4,2,1
ATGAAAGTCATGCATG-1_2,Mesophyll,Phloem parenchyma,,0,0,0,5,1,8
ATGACCAAGACCAGCA-1_5,Epidermal,Root cortex,,2,1,2,4,2,1
ATGACCAAGCCTCGTG-1_5,Mesophyll,Cortex,,3,1,3,4,2,1
ATGACCAAGTACTGGG-1_1,Mesophyll,Shoot system epidermis,,2,1,2,3,3,3
ATGACCAAGTTCGCAT-1_4,Meristematic,Mesophyll,,1,2,1,0,6,16
ATGACCACACTTGGCG-1_2,Epidermal,Mesophyll,,1,2,1,0,0,2
ATGACCACAGGTTCGC-1_1,Epidermal,Cortex,,2,1,2,4,2,1
ATGACCACAGTCCCGA-1_3,Epidermal,Non-hair,,1,3,1,1,7,14
ATGACCAGTACAGTTC-1_2,Epidermal,Mesophyll,,0,0,0,6,6,6
ATGACCAGTCAAGCGA-1_1,Epidermal,Mesophyll,,3,1,3,2,9,10
ATGACCAGTCACGACC-1_6,Mesophyll,Mesophyll,,1,2,1,0,0,2
ATGACCAGTCATAACC-1_6,Epidermal,Root cortex,,2,0,2,4,2,8
ATGACCAGTCGTACTA-1_4,Meristematic,Mesophyll,,1,0,1,6,6,6
ATGACCAGTCTAATCG-1_3,Epidermal,Root cortex,,3,1,3,1,4,7
ATGACCAGTTCATCTT-1_1,Epidermal,Explant vasculature and callus founder cell,,2,1,2,4,2,1
ATGACCATCTTGAGCA-1_1,Mesophyll,Mesophyll,,3,1,3,2,8,10
ATGAGGGAGGTTGGAC-1_6,Mesophyll,Root endodermis,,0,0,0,0,6,16
ATGAGGGCAATCCTAG-1_1,Mesophyll,Root endodermis,,1,0,1,6,6,6
ATGAGGGCACGCGCTA-1_5,Stele,Explant vasculature and callus founder cell,,0,0,0,1,7,13
ATGAGGGCAGGTTCGC-1_3,Epidermal,Non-hair,,0,0,0,1,3,14
ATGAGGGCAGTATGAA-1_3,Mesophyll,Mesophyll,,1,2,1,7,9,11
ATGAGGGGTACGATGG-1_2,Epidermal,Explant vasculature and callus founder cell,,0,0,0,1,7,13
ATGAGGGGTCAAGTTC-1_2,Mesophyll,Mesophyll,,3,1,3,2,8,0
ATGAGGGGTGTCGATT-1_1,Mesophyll,Mesophyll,,3,1,3,2,5,5
ATGAGGGTCATTACGG-1_4,Epidermal,Mesophyll,,1,2,1,0,0,16
ATGAGGGTCCAAGCCG-1_2,Stele,Root procambium,,0,0,0,1,1,4
ATGAGGGTCGTGGTAT-1_5,Epidermal,Non-hair,,0,0,0,1,3,4
ATGAGTCCACCGTGAC-1_5,Epidermal,Root procambium,,0,0,0,1,7,4
ATGAGTCGTTTGGGAG-1_3,Mesophyll,Root endodermis,,0,0,0,5,1,8
ATGAGTCTCATCTCTA-1_4,Stele,Leaf pavement cell,,0,0,0,6,6,6
ATGAGTCTCCGTGTAA-1_3,Epidermal,Shoot system epidermis,,2,1,2,3,3,3
ATGATCGAGAGTTGAT-1_4,Epidermal,Root cortex,,2,0,2,4,2,7
ATGATCGAGTCACGCC-1_4,Mesophyll,Root procambium,,0,0,0,6,1,8
ATGATCGAGTTACGAA-1_3,Epidermal,Xylem,,2,1,2,3,3,3
ATGATCGCACCTGCTT-1_4,Stele,Microspore nuclei,,4,2,4,8,10,12
ATGATCGTCAATGCAC-1_1,Mesophyll,Mesophyll,,1,2,1,7,9,11
ATGCATGAGCAAGCCA-1_3,Mesophyll,Mesophyll,,3,1,3,2,5,5
ATGCATGAGCATGAAT-1_5,Epidermal,Root cortex,,2,0,2,4,2,1
ATGCATGAGTCTAGCT-1_5,Mesophyll,Mesophyll,,4,3,4,8,10,12
ATGCATGCAACTCGAT-1_1,Epidermal,Mesophyll,,2,1,2,3,3,3
ATGCATGCAAGAATGT-1_2,Mesophyll,Mesophyll,,1,2,1,0,0,0
ATGCATGCAGCTGAGA-1_5,Stele,Flower meristem,,3,1,3,2,8,14
ATGCATGCATATTCGG-1_4,Epidermal,Bundle sheath,,0,0,0,4,7,7
ATGCATGGTAGTACGG-1_6,Epidermal,Root cortex,,3,1,3,2,5,5
ATGCATGGTATGACAA-1_6,Meristematic,Mesophyll,,3,1,3,2,8,10
ATGCATGGTCTCCCTA-1_2,Epidermal,Mesophyll,,1,0,1,6,6,6
ATGCATGGTGCTTATG-1_4,Mesophyll,Mesophyll,,0,0,0,6,6,6
ATGCATGGTGTCGCTG-1_3,Mesophyll,Root cortex,,2,1,2,4,2,1
ATGCATGGTTCAATCG-1_5,Meristematic,Vascular cambium,,0,0,0,1,4,9
ATGCATGGTTCCCAAA-1_4,Mesophyll,Mesophyll,,0,0,0,6,6,6
ATGCATGGTTGAGGAC-1_4,Mesophyll,Root endodermis,,4,3,4,8,10,12
ATGCATGTCCCTCTTT-1_4,Mesophyll,Explant vasculature and callus founder cell,,3,1,3,2,8,10
ATGCATGTCTCCGTGT-1_2,Mesophyll,Mesophyll,,0,0,0,6,6,6
ATGCCTCAGCACTCGC-1_5,Mesophyll,Root endodermis,,2,1,2,4,2,1
ATGCCTCAGGCTCTCG-1_6,Epidermal,Root endodermis,,1,0,1,0,6,0
ATGCCTCAGTAGTCCT-1_1,Mesophyll,Root procambium,,1,2,1,0,4,16
ATGCCTCAGTCCCAAT-1_5,Epidermal,Flower meristem,,1,2,1,0,7,0
ATGCCTCCAAACTCTG-1_4,Mesophyll,Mesophyll,,1,2,1,0,0,2
ATGCCTCCACCCTTGT-1_4,Epidermal,Mesophyll,,3,1,3,2,8,10
ATGCCTCCAGCACACC-1_5,Mesophyll,Cortex,,2,0,2,6,1,7
ATGCCTCGTAGCGCCT-1_1,Stele,Root endodermis,,0,0,0,5,1,8
ATGCCTCGTCATACCA-1_4,Epidermal,Root cortex,,2,1,2,4,2,1
ATGCCTCGTCTTCGAA-1_2,Epidermal,Mesophyll,,0,0,0,6,6,6
ATGCCTCGTTAGAGTA-1_2,Epidermal,Mesophyll,,0,0,0,6,6,6
ATGCCTCTCAACGAGG-1_3,Epidermal,Mesophyll,,2,0,2,3,3,3
ATGCCTCTCCAATCTT-1_2,Mesophyll,Root cortex,,2,1,2,4,2,1
ATGCCTCTCCGATGTA-1_4,Meristematic,Columella root cap,,0,0,0,1,1,4
ATGCCTCTCGCGTTTC-1_3,Epidermal,Root cortex,,2,1,2,3,3,3
ATGCCTCTCTAAGAAG-1_4,Epidermal,Mesophyll,,1,2,1,0,4,0
ATGCGATAGCTGACAG-1_5,Mesophyll,Vascular cambium,,1,2,1,7,9,11
ATGCGATAGGTTGACG-1_5,Epidermal,Root cortex,,0,0,0,1,6,14
ATGCGATGTTCAGGTT-1_2,Meristematic,Leaf pavement cell,,2,1,2,3,3,3
ATGCGATGTTCGATTG-1_3,Mesophyll,Root cortex,,3,1,3,2,8,11
ATGCGATGTTCTCGTC-1_2,Stele,Root cortex,,2,1,2,1,7,13
ATGCGATTCATGCAGT-1_6,Stele,Mesophyll,,3,1,3,2,5,5
ATGGAGGCACGGATCC-1_5,Epidermal,Mesophyll,,1,2,1,0,4,17
ATGGAGGCAGCTGAAG-1_4,Mesophyll,Mesophyll,,1,0,1,7,9,11
ATGGAGGGTATCGCGC-1_5,Mesophyll,Sieve element,,0,0,0,1,4,15
ATGGAGGGTCAATCTG-1_4,Mesophyll,Cortex,,2,1,2,4,2,1
ATGGAGGGTTAGCGGA-1_3,Mesophyll,Mesophyll,,0,1,0,1,7,7
ATGGAGGGTTCGAACT-1_2,Epidermal,Cortex,,3,1,3,2,5,5
ATGGATCCAAAGGTTA-1_6,Mesophyll,Phloem parenchyma,,0,0,0,5,1,4
ATGGATCCAACGATTC-1_2,Epidermal,Root procambium,,0,0,0,5,1,13
ATGGATCCAGAAGCTG-1_4,Epidermal,Root cortex,,2,1,2,4,2,1
ATGGATCCAGGTCTCG-1_3,Meristematic,Root endodermis,,1,2,1,0,0,16
ATGGATCCATCTCCCA-1_1,Epidermal,Columella root cap,,2,1,2,4,2,1
ATGGATCGTCAGACTT-1_1,Epidermal,Root cortex,,3,1,3,4,5,5
ATGGATCGTCTTGCTC-1_3,Mesophyll,Non-hair,,1,1,1,1,7,14
ATGGATCGTGAGTAGC-1_6,Mesophyll,Phloem parenchyma,,0,0,0,5,1,8
ATGGATCGTTACACTG-1_3,Epidermal,Leaf pavement cell,,2,1,2,3,3,3
ATGGATCTCACGACTA-1_6,Mesophyll,Mesophyll,,1,2,1,0,0,0
ATGGATCTCGCCGAAC-1_3,Mesophyll,Root cortex,,2,1,2,4,2,1
ATGGATCTCTCATTAC-1_6,Mesophyll,Mesophyll,,1,2,1,0,0,17
ATGGGAGAGCTGTTCA-1_4,Mesophyll,Mesophyll,,2,0,2,6,6,6
ATGGGAGAGGGTAATT-1_4,Epidermal,Non-hair,,0,0,0,1,7,14
ATGGGAGCAAACGTGG-1_5,Mesophyll,Root cortex,,3,1,3,2,5,5
ATGGGAGCAGCTACTA-1_4,Mesophyll,Root cortex,,3,1,3,2,5,5
ATGGGAGCATCTTCGC-1_3,Epidermal,Flower meristem,,0,0,0,1,1,4
ATGGGAGCATTGTGCA-1_6,Stele,Phloem,,4,3,4,8,10,12
ATGGGAGGTTACCTTT-1_5,Epidermal,Non-hair,,3,1,3,1,3,14
ATGGGAGGTTTACTGG-1_3,Epidermal,Shoot system epidermis,,2,1,2,3,3,3
ATGGGAGTCAGCGCAC-1_2,Mesophyll,Mesophyll,,1,2,1,0,0,2
ATGGGAGTCATCCCGT-1_6,Epidermal,Shoot system epidermis,,2,1,2,3,3,3
ATGGGTTAGCCTCAGC-1_2,Epidermal,Phloem pole pericycle,,0,0,0,5,1,8
ATGGGTTCAGCTGTGC-1_1,Epidermal,Root procambium,,0,0,0,1,1,4
ATGGGTTGTGGTTTAC-1_1,Epidermal,Mesophyll,,1,2,1,0,0,0
ATGGGTTGTTAGTTCG-1_5,Stele,Mesophyll,,0,0,0,1,0,0
ATGGGTTGTTTACTGG-1_4,Meristematic,Leaf pavement cell,,2,1,2,3,3,3
ATGGGTTTCACCTCTG-1_6,Stele,Mesophyll,,1,2,1,0,0,0
ATGGGTTTCCCTCTCC-1_5,Epidermal,Columella root cap,,0,0,0,1,1,7
ATGGTTGAGGATACGC-1_5,Mesophyll,Mesophyll,,1,0,1,7,9,8
ATGGTTGAGTTACGTC-1_5,Mesophyll,Root cortex,,3,1,3,2,5,5
ATGGTTGAGTTGCTCA-1_2,Mesophyll,Mesophyll,,3,1,3,2,4,0
ATGGTTGCACTCTAGA-1_4,Stele,Root cortex,,2,1,2,4,2,7
ATGGTTGGTACCAATC-1_1,Mesophyll,Cortex,,0,0,0,5,1,7
ATGGTTGGTAGATTAG-1_5,Mesophyll,Mesophyll,,1,2,1,0,0,2
ATGGTTGGTCCAGGTC-1_3,Mesophyll,Root cortex,,1,2,1,7,9,11
ATGGTTGGTCTTCCGT-1_5,Epidermal,Mesophyll,,1,2,1,0,0,16
ATGGTTGTCACTGTCC-1_1,Stele,Mesophyll,,1,2,1,7,9,2
ATGGTTGTCTACTCAT-1_2,Epidermal,Root endodermis,,0,0,0,5,1,8
ATGTCCCAGGCTGTAG-1_1,Epidermal,Mesophyll,,1,2,1,0,0,2
ATGTCCCAGGGAGGCA-1_6,Mesophyll,Mesophyll,,1,2,1,0,0,2
ATGTCCCCAATGACCT-1_2,Mesophyll,Non-hair,,2,1,2,3,3,3
ATGTCCCCACCGTGAC-1_4,Epidermal,Root procambium,,0,0,0,1,3,14
ATGTCCCCACGGTGTC-1_3,Epidermal,Cortex,,2,1,2,4,2,1
ATGTCCCCAGCGTAGA-1_2,Mesophyll,Phloem,,4,3,4,8,10,12
ATGTCCCGTGATACCT-1_2,Epidermal,Root endodermis,,0,0,0,5,1,8
ATGTCCCGTGGCTGCT-1_3,Mesophyll,Mesophyll,,3,1,3,2,5,5
ATGTCCCTCAATCTTC-1_4,Epidermal,Leaf pavement cell,,0,0,0,6,6,7
ATGTCCCTCCCTCGTA-1_3,Epidermal,Flower meristem,,5,2,5,1,4,17
ATGTCCCTCGCTAAAC-1_2,Epidermal,Non-hair,,0,0,0,1,7,4
ATGTCCCTCTTAATCC-1_3,Mesophyll,Root cortex,,2,1,2,4,2,1
ATGTCCCTCTTTCAGT-1_5,Mesophyll,Root endodermis,,0,0,0,6,3,14
ATGTCTTAGACGCAGT-1_5,Epidermal,Root cortex,,4,3,4,8,10,12
ATGTCTTAGCGCTTCG-1_3,Epidermal,Mesophyll,,1,2,1,0,0,15
ATGTCTTAGGCAGCTA-1_2,Epidermal,Root cortex,,2,0,2,4,2,8
ATGTCTTAGTATGGCG-1_1,Mesophyll,Root cortex,,4,3,4,8,10,12
ATGTCTTAGTGGATAT-1_3,Mesophyll,Mesophyll,,1,2,1,0,0,0
ATGTCTTCAGTCGGAA-1_6,Epidermal,Root endodermis,,1,2,1,0,0,19
ATGTCTTCAGTTACCA-1_6,Mesophyll,Cortex,,3,1,3,2,5,5
ATGTCTTCATCCTTGC-1_6,Mesophyll,Mesophyll,,1,2,1,0,0,0
ATGTCTTGTATACCTG-1_3,Epidermal,Vascular cambium,,0,0,0,1,4,13
ATGTCTTGTCAGGTGA-1_2,Epidermal,Mesophyll,,1,2,1,0,0,0
ATGTCTTGTGTTCCTC-1_1,Epidermal,Flower meristem,,0,0,0,1,7,17
ATGTCTTTCATTTCCA-1_4,Epidermal,Leaf pavement cell,,2,1,2,3,3,3
ATGTCTTTCGATACAC-1_6,Epidermal,Columella root cap,,0,0,0,1,1,9
ATTACCTAGCTGTTCA-1_4,Mesophyll,Mesophyll,,1,2,1,0,0,6
ATTACCTAGTAATCCC-1_5,Mesophyll,Mesophyll,,1,2,1,0,0,2
ATTACCTAGTTTCGGT-1_2,Mesophyll,Root procambium,,0,0,0,1,7,13
ATTACCTCAAAGACGC-1_1,Mesophyll,Mesophyll,,1,2,1,0,0,0
ATTACCTCATCCGAAT-1_4,Epidermal,Root cap,,0,0,0,5,1,4
ATTACCTGTAAGTTAG-1_5,Epidermal,Non-hair,,0,0,0,1,7,4
ATTACCTGTCATGACT-1_6,Mesophyll,Mesophyll,,3,1,3,2,5,5
ATTACCTGTCCTCAGG-1_1,Epidermal,Mesophyll,,0,0,0,6,6,6
ATTACCTGTCGTATTG-1_4,Epidermal,Leaf pavement cell,,1,2,1,7,0,11
ATTACCTTCAAGCCGC-1_6,Epidermal,Explant vasculature and callus founder cell,,2,1,2,3,3,3
ATTACCTTCAATCTCT-1_6,Mesophyll,Mesophyll,,4,3,4,8,10,12
ATTACCTTCATACGGT-1_1,Epidermal,Mesophyll,,1,2,1,0,0,0
ATTACCTTCTCGTTTA-1_1,Epidermal,Leaf pavement cell,,0,0,0,1,6,4
ATTACTCAGCGCCCAT-1_4,Epidermal,Xylem,,2,0,2,4,2,1
ATTACTCAGGATAATC-1_1,Epidermal,Root cap,,0,0,0,1,4,0
ATTACTCCACAGTCCG-1_2,Epidermal,Leaf pavement cell,,4,3,4,8,10,12
ATTACTCCAGAAATTG-1_3,Epidermal,Mesophyll,,1,2,1,0,0,5
ATTACTCCAGTTTGGT-1_1,Epidermal,Phloem parenchyma,,0,0,0,6,1,4
ATTACTCCATTGTACG-1_4,Epidermal,Root cortex,,4,3,4,8,10,12
ATTACTCGTGCCCACA-1_5,Mesophyll,Mesophyll,,1,2,1,7,9,11
ATTACTCGTTCCAAAC-1_3,Mesophyll,Mesophyll,,1,2,1,7,0,11
ATTATCCAGACCATTC-1_2,Mesophyll,Mesophyll,,1,2,1,0,0,2
ATTATCCAGATGTTCC-1_4,Mesophyll,Root cortex,,2,0,2,4,7,7
ATTATCCCACGCGGTT-1_4,Mesophyll,Mesophyll,,1,2,1,0,0,2
ATTATCCCACTATGTG-1_3,Mesophyll,Vascular cambium,,3,1,3,2,8,12
ATTATCCCATAACGGG-1_3,Epidermal,Root endodermis,,0,0,0,5,1,8
ATTATCCGTACTCCGG-1_1,Mesophyll,Mesophyll,,1,2,1,0,0,15
ATTATCCGTGAATTAG-1_4,Mesophyll,Flower meristem,,1,0,1,0,0,0
ATTATCCGTGGCCTCA-1_1,Mesophyll,Mesophyll,,1,2,1,0,0,2
ATTATCCGTGTCACAT-1_3,Mesophyll,Cortex,,3,1,3,2,8,10
ATTATCCGTTACCGTA-1_3,Meristematic,Generative nuclei,,3,1,3,2,8,15
ATTATCCTCAAGCGTT-1_5,Epidermal,Vascular cambium,,5,2,5,1,4,17
ATTATCCTCAGACCGC-1_2,Mesophyll,Mesophyll,,1,2,1,0,0,0
ATTATCCTCATGAGAA-1_2,Epidermal,Leaf pavement cell,,2,1,2,3,3,3
ATTATCCTCTCCGCAT-1_2,Epidermal,Leaf pavement cell,,2,1,2,3,3,3
ATTATCCTCTTCCAGC-1_3,Epidermal,Root cap,,1,2,1,6,6,6
ATTATCCTCTTCTTCC-1_2,Epidermal,Root cortex,,2,1,2,4,2,1
ATTCACTAGAGAGCAA-1_4,Mesophyll,Phloem,,3,1,3,2,9,15
ATTCACTAGCGGACAT-1_6,Epidermal,Root cortex,,2,0,2,4,2,7
ATTCACTCACAAGTTC-1_4,Meristematic,Mesophyll,,1,0,1,6,6,6
ATTCACTCAGAACTCT-1_2,Mesophyll,Mesophyll,,3,2,3,2,5,5
ATTCACTCATATTCGG-1_2,Epidermal,Root endodermis,,2,1,2,3,3,3
ATTCACTGTACAAGCG-1_4,Epidermal,Root endodermis,,0,0,0,1,1,4
ATTCACTGTAGCGCTC-1_1,Stele,Root endodermis,,0,0,0,5,1,8
ATTCACTGTCGGTGAA-1_4,Meristematic,Phloem parenchyma,,0,0,0,6,1,8
ATTCACTGTGGGTTGA-1_3,Mesophyll,Mesophyll,,1,2,1,0,0,0
ATTCACTTCGATTGAC-1_4,Mesophyll,Mesophyll,,3,1,3,2,5,5
ATTCACTTCGCCAATA-1_5,Epidermal,Leaf pavement cell,,0,0,0,5,1,8
ATTCAGGAGTCTTGGT-1_4,Epidermal,Leaf guard cell,,0,0,0,1,1,4
ATTCAGGCAACTCCCT-1_1,Epidermal,Mesophyll,,3,1,3,2,8,15
ATTCAGGCACAATTCG-1_6,Mesophyll,Explant vasculature and callus founder cell,,0,0,0,1,7,13
ATTCAGGCACCAGTTA-1_6,Mesophyll,Root cortex,,3,1,3,2,5,5
ATTCAGGCATTGGGAG-1_3,Mesophyll,Root cortex,,2,1,2,3,3,3
ATTCAGGGTTAAGCAA-1_2,Mesophyll,Root cap,,0,0,0,1,1,4
ATTCAGGGTTGTGTTG-1_1,Epidermal,Shoot system epidermis,,0,1,0,1,7,7
ATTCAGGTCCAAGCAT-1_4,Epidermal,Root endodermis,,0,0,0,6,6,4
ATTCAGGTCTCCAAGA-1_2,Epidermal,Mesophyll,,1,2,1,0,0,6
ATTCATCAGACATCAA-1_3,Meristematic,Columella root cap,,2,1,2,3,3,3
ATTCATCAGACCCTTA-1_2,Epidermal,Mesophyll,,1,2,1,0,0,0
ATTCATCAGAGCAGAA-1_2,Epidermal,Mesophyll,,1,2,1,0,0,2
ATTCATCAGATCCCGC-1_3,Epidermal,Root hair,,5,4,5,9,11,18
ATTCATCCAAACTAGA-1_6,Epidermal,Cortex,,2,1,2,3,3,3
ATTCATCCACACCGAC-1_2,Mesophyll,Root endodermis,,3,1,3,4,2,1
ATTCATCCACACCGAC-1_5,Epidermal,Cortex,,2,1,2,4,2,1
ATTCATCCACGGGCTT-1_3,Mesophyll,Mesophyll,,3,1,3,2,8,10
ATTCATCCAGTAACGG-1_6,Mesophyll,Mesophyll,,1,2,1,0,0,2
ATTCATCCATAGGAGC-1_3,Epidermal,Root endodermis,,0,0,0,6,1,7
ATTCATCCATGGACAG-1_6,Stele,Mesophyll,,3,1,3,2,5,1
ATTCATCGTCGTGATT-1_4,Epidermal,Columella root cap,,0,0,0,5,1,8
ATTCATCGTGGCCTCA-1_1,Epidermal,Root endodermis,,0,0,0,5,1,7
ATTCATCTCAGCGGAA-1_6,Epidermal,Root cortex,,2,1,2,3,2,1
ATTCCATAGCCAAGTG-1_5,Epidermal,Non-hair,,0,0,0,1,7,4
ATTCCATAGCCTGACC-1_2,Mesophyll,Flower meristem,,0,0,0,1,4,15
ATTCCATAGGGCAACT-1_1,Stele,Root endodermis,,1,0,1,7,9,11
ATTCCATAGTGCCCGT-1_1,Meristematic,Mesophyll,,2,2,2,4,2,0
ATTCCATAGTGTACCT-1_2,Epidermal,Mesophyll,,1,2,1,0,0,2
ATTCCATCAAACCGGA-1_2,Mesophyll,Flower meristem,,0,0,0,1,6,6
ATTCCATCAAGTGGCA-1_4,Epidermal,Mesophyll,,1,2,1,0,4,17
ATTCCATCACCGTCTT-1_4,Mesophyll,Mesophyll,,3,1,3,2,5,15
ATTCCATCAGCTATAC-1_6,Mesophyll,Mesophyll,,1,2,1,0,5,5
ATTCCATGTAAGGCTG-1_6,Epidermal,Leaf guard cell,,0,0,0,5,1,4
ATTCCATGTCAAGTTC-1_4,Epidermal,Mesophyll,,3,1,3,2,5,5
ATTCCATGTCCGGTGT-1_2,Mesophyll,Root cap,,0,0,0,7,9,11
ATTCCATGTGCTATTG-1_6,Meristematic,Mesophyll,,0,0,0,5,1,16
ATTCCATTCTGTCTCG-1_1,Epidermal,Xylem,,2,1,2,3,2,1
ATTCCCGAGTATCCTG-1_2,Epidermal,Root endodermis,,2,1,2,3,3,3
ATTCCCGCAAGTGGCA-1_3,Mesophyll,Mesophyll,,1,2,1,0,0,2
ATTCCCGCACGCAAAG-1_1,Mesophyll,Mesophyll,,3,1,3,1,7,15
ATTCCCGCACGTTGGC-1_4,Epidermal,Root endodermis,,0,0,0,4,7,7
ATTCCCGCAGAAGTTA-1_4,Mesophyll,Cortex,,3,1,3,2,8,10
ATTCCCGCAGTAGAGC-1_2,Meristematic,Mesophyll,,1,2,1,0,0,2
ATTCCCGGTCAGACGA-1_5,Mesophyll,Mesophyll,,3,1,3,2,5,5
ATTCCCGGTGACTCGC-1_5,Epidermal,Mesophyll,,2,0,2,6,6,6
ATTCCCGGTTGGGAAC-1_2,Mesophyll,Root endodermis,,1,0,1,6,6,6
ATTCCCGTCCTACACC-1_2,Epidermal,Non-hair,,0,0,0,1,1,4
ATTCCCGTCTACGGGC-1_6,Epidermal,Leaf pavement cell,,2,1,2,3,3,3
ATTCCTAAGACGACGT-1_2,Meristematic,Phloem parenchyma,,1,0,1,0,0,8
ATTCCTAAGACTTCAC-1_3,Epidermal,Non-hair,,0,0,0,1,7,4
ATTCCTAAGAGTTGCG-1_4,Mesophyll,Root cap,,0,0,0,1,4,9
ATTCCTAAGGCACAAC-1_5,Mesophyll,Columella root cap,,1,1,1,1,7,14
ATTCCTACACACAGCC-1_6,Mesophyll,Cortex,,3,1,3,2,8,10
ATTCCTACACAGCTTA-1_1,Mesophyll,Mesophyll,,1,2,1,0,0,2
ATTCCTACACCGGAAA-1_2,Epidermal,Mesophyll,,3,1,3,2,8,10
ATTCCTACATGGCCCA-1_1,Stele,Mesophyll,,1,2,1,0,0,2
ATTCCTAGTAGCGTTT-1_3,Meristematic,Root endodermis,,0,0,0,1,6,14
ATTCCTAGTCCGGACT-1_5,Mesophyll,Root endodermis,,0,0,0,6,1,8
ATTCCTAGTCGTGCCA-1_2,Mesophyll,Mesophyll,,3,1,3,2,5,5
ATTCCTATCATTTGCT-1_3,Epidermal,Root cortex,,2,1,2,4,2,1
ATTCCTATCGAACACT-1_6,Meristematic,Root endodermis,,1,0,1,0,0,16
ATTCCTATCTGGACCG-1_1,Epidermal,Mesophyll,,3,1,3,2,5,10
ATTCCTATCTTCCTAA-1_3,Epidermal,Root cortex,,1,2,1,0,0,2
ATTCGTTAGCTGTGCC-1_4,Epidermal,Root cortex,,2,1,2,4,2,1
ATTCGTTAGGATTTCC-1_2,Mesophyll,Mesophyll,,3,1,3,4,2,1
ATTCGTTAGGCCTAAG-1_4,Mesophyll,Mesophyll,,1,1,1,0,4,0
ATTCGTTAGGGAGGCA-1_4,Mesophyll,Mesophyll,,1,2,1,7,9,11
ATTCGTTAGTTGTCAC-1_2,Meristematic,Mesophyll,,3,1,3,2,5,5
ATTCGTTCACAAGGTG-1_2,Epidermal,Sieve element,,0,0,0,1,7,4
ATTCGTTCATGTAACC-1_3,Mesophyll,Mesophyll,,1,2,1,7,9,11
ATTCGTTGTACACGCC-1_4,Mesophyll,Mesophyll,,4,3,4,8,10,12
ATTCGTTGTCACCGCA-1_6,Epidermal,Root cap,,0,0,0,1,1,4
ATTCGTTGTCTTGAAC-1_3,Mesophyll,Root cortex,,2,1,2,4,3,6
ATTCGTTGTGAGTGAC-1_2,Epidermal,Cortex,,2,0,2,5,1,7
ATTCGTTTCAGTCTTT-1_6,Stele,Root cortex,,2,1,2,4,2,1
ATTCGTTTCGAAGCAG-1_5,Mesophyll,Mesophyll,,0,1,0,1,7,13
ATTCTACCAGAACATA-1_5,Mesophyll,Root endodermis,,1,0,1,7,9,11
ATTCTACCAGAAGTTA-1_4,Mesophyll,Mesophyll,,1,2,1,0,0,2
ATTCTACCATATGGCT-1_5,Epidermal,Root endodermis,,0,0,0,3,1,3
ATTCTACCATGACGGA-1_4,Mesophyll,Root cortex,,2,1,2,4,2,1
ATTCTACCATGGCTAT-1_2,Stele,Root endodermis,,2,0,2,4,2,0
ATTCTACCATTATGCG-1_5,Mesophyll,Mesophyll,,1,2,1,0,0,2
ATTCTACGTATCGTTG-1_2,Stele,Cortex,,3,1,3,2,5,5
ATTCTACGTTTGGAAA-1_3,Epidermal,Phloem parenchyma,,0,0,0,5,1,4
ATTCTACTCCTTATCA-1_2,Mesophyll,Mesophyll,,3,1,3,1,4,9
ATTCTTGCATTGCCTC-1_1,Epidermal,Mesophyll,,1,2,1,0,8,10
ATTCTTGGTCTTCATT-1_2,Mesophyll,Cortex,,1,2,1,0,0,2
ATTCTTGTCACCCTGT-1_1,Mesophyll,Root stele,,3,1,3,3,2,9
ATTCTTGTCACGAACT-1_3,Epidermal,Root hair,,5,4,5,9,11,18
ATTCTTGTCATACGGT-1_2,Stele,Bundle sheath,,0,1,0,1,4,9
ATTGGGTAGGATGCGT-1_6,Meristematic,Mesophyll,,2,1,2,4,2,1
ATTGGGTCAGACCTAT-1_5,Stele,Mesophyll,,1,2,1,0,0,5
ATTGGGTGTACCTATG-1_1,Meristematic,Flower meristem,,0,0,0,1,1,9
ATTGGGTGTGTTACTG-1_5,Epidermal,Root cortex,,2,1,2,4,2,1
ATTGGGTTCCCAGTGG-1_5,Mesophyll,Mesophyll,,1,2,1,0,8,15
ATTGGGTTCCCTTCCC-1_2,Epidermal,Root cortex,,2,1,2,4,2,1
ATTGGGTTCCTTCTGG-1_5,Stele,Mesophyll,,3,1,3,2,8,10
ATTGGGTTCGACGACC-1_4,Epidermal,Root cap,,1,2,1,0,0,0
ATTGGGTTCGACTCCT-1_3,Epidermal,Root endodermis,,0,0,0,5,6,0
ATTGGGTTCTCGTGGG-1_6,Meristematic,Mesophyll,,3,1,3,2,5,15
ATTGTTCAGAATTGCA-1_4,Epidermal,Root cap,,0,0,0,1,7,4
ATTGTTCAGCTGAGCA-1_1,Mesophyll,Mesophyll,,1,2,1,7,9,11
ATTGTTCCAAAGACGC-1_4,Epidermal,Root endodermis,,0,0,0,5,1,8
ATTGTTCCACAGTACT-1_3,Epidermal,Root cap,,0,0,0,5,1,8
ATTGTTCCAGCAGTAG-1_4,Epidermal,Root endodermis,,1,2,1,0,0,2
ATTGTTCCATAGTCAC-1_3,Epidermal,Mesophyll,,1,2,1,0,0,2
ATTGTTCGTACGTACT-1_3,Epidermal,Root cap,,0,0,0,3,3,3
ATTGTTCGTGCATACT-1_2,Epidermal,Root endodermis,,1,2,1,0,0,2
ATTGTTCGTGTCCAAT-1_2,Epidermal,Mesophyll,,1,2,1,0,4,0
ATTGTTCGTTGTAAAG-1_1,Epidermal,Non-hair,,4,3,4,8,10,12
ATTGTTCTCAGCTCTC-1_1,Mesophyll,Non-hair,,4,3,4,8,10,12
ATTGTTCTCCAACTGA-1_3,Mesophyll,Mesophyll,,1,2,1,0,0,16
ATTTACCAGAAATTCG-1_5,Epidermal,Mesophyll,,0,0,0,5,1,16
ATTTACCAGAGGTTAT-1_2,Mesophyll,Root endodermis,,0,0,0,5,1,8
ATTTACCAGTCATACC-1_5,Epidermal,Root procambium,,0,0,0,1,7,4
ATTTACCCACCTAAAC-1_1,Stele,Root endodermis,,3,1,3,2,8,10
ATTTACCCAGTTTCGA-1_6,Meristematic,Shoot system epidermis,,2,1,2,3,3,3
ATTTACCCATCCAACA-1_6,Mesophyll,Mesophyll,,1,2,1,0,0,0
ATTTACCGTACTCCGG-1_6,Epidermal,Root cortex,,1,2,1,0,4,0
ATTTACCGTAGCTAAA-1_5,Epidermal,Mesophyll,,1,2,1,0,0,0
ATTTACCGTATCGTAC-1_5,Mesophyll,Root endodermis,,1,0,1,0,0,16
ATTTACCGTCAAAGTA-1_3,Epidermal,Shoot system epidermis,,3,1,3,2,8,15
ATTTACCGTGTCCAAT-1_3,Epidermal,Mesophyll,,3,2,3,9,4,0
ATTTACCTCACTTGTT-1_1,Mesophyll,Mesophyll,,3,1,3,2,8,10
ATTTACCTCATTTGGG-1_2,Mesophyll,Cortex,,3,1,3,4,3,6
ATTTACCTCCGGCTTT-1_5,Epidermal,Columella root cap,,0,0,0,5,1,4
ATTTACCTCGTAACAC-1_5,Epidermal,Root endodermis,,2,0,2,3,3,3
ATTTCACAGCGTGAAC-1_3,Mesophyll,Mesophyll,,0,0,0,3,1,3
ATTTCACAGTGCTAGG-1_4,Epidermal,Root epidermis,,2,1,2,3,3,3
ATTTCACCAATTGCAC-1_1,Epidermal,Columella root cap,,1,2,1,0,0,2
ATTTCACCACGGTAGA-1_3,Epidermal,Non-hair,,1,1,1,1,7,14
ATTTCACCACTGCGTG-1_3,Epidermal,Root cap,,0,0,0,1,1,9
ATTTCACCATCTAGAC-1_2,Stele,Mesophyll,,3,1,3,2,8,10
ATTTCACCATGTGCCG-1_6,Epidermal,Mesophyll,,0,0,0,1,4,9
ATTTCACGTACTGCGC-1_2,Epidermal,Root hair,,5,4,5,9,11,18
ATTTCACGTAGCACAG-1_3,Mesophyll,Mesophyll,,3,1,3,1,4,9
ATTTCACGTTCTCGCT-1_2,Mesophyll,Mesophyll,,0,0,0,6,0,0
ATTTCACTCCTTCTGG-1_4,Mesophyll,Cortex,,3,1,3,2,2,1
ATTTCTGAGGGCTTCC-1_2,Mesophyll,Mesophyll,,1,2,1,0,0,2
ATTTCTGAGGTACTGG-1_5,Epidermal,Mesophyll,,1,2,1,0,0,0
ATTTCTGAGTGAGGTC-1_3,Epidermal,Phloem parenchyma,,0,0,0,5,1,8
ATTTCTGCACAGAAGC-1_3,Mesophyll,Root cortex,,4,3,4,8,10,12
ATTTCTGCACCCTAGG-1_4,Epidermal,Mesophyll,,1,2,1,0,0,0
ATTTCTGCACCGGTCA-1_5,Mesophyll,Phloem parenchyma,,0,0,0,5,1,8
ATTTCTGCAGACAAAT-1_1,Mesophyll,Mesophyll,,0,0,0,1,7,13
ATTTCTGCAGCAGTTT-1_2,Mesophyll,Mesophyll,,1,2,1,7,9,2
ATTTCTGCAGCGGTTC-1_1,Epidermal,Mesophyll,,1,2,1,0,4,0
ATTTCTGGTCAGTCTA-1_6,Epidermal,Mesophyll,,3,1,3,7,9,11
ATTTCTGGTCGAGTGA-1_1,Epidermal,Root cortex,,2,1,2,4,2,1
ATTTCTGGTCGGAACA-1_5,Epidermal,Mesophyll,,3,1,3,2,5,5
ATTTCTGTCGTCAGAT-1_2,Stele,Root procambium,,2,1,2,3,3,3
ATTTCTGTCGTTCTAT-1_4,Stele,Root endodermis,,0,0,0,5,1,4
ATTTCTGTCTAGTCAG-1_3,Epidermal,Leaf pavement cell,,2,1,2,3,3,3
ATTTCTGTCTTGGAAC-1_3,Epidermal,Mesophyll,,3,1,3,2,8,14
CAAAGAAAGCATCTTG-1_3,Mesophyll,Mesophyll,,1,2,1,0,0,2
CAAAGAAAGGTTCTTG-1_2,Epidermal,Mesophyll,,3,2,3,2,0,15
CAAAGAAAGTCATTGC-1_3,Epidermal,Cortex,,2,1,2,4,2,1
CAAAGAACAAGCTGCC-1_5,Epidermal,Root cortex,,3,1,3,4,2,1
CAAAGAACAAGTGGCA-1_5,Stele,Root cortex,,2,0,2,3,3,3
CAAAGAAGTAAGTCAA-1_1,Epidermal,Mesophyll,,1,2,1,0,4,0
CAAAGAAGTCGGTGAA-1_5,Mesophyll,Root endodermis,,2,0,2,5,1,7
CAAAGAATCATGCGGC-1_5,Epidermal,Lateral root cap,,0,0,0,1,7,4
CAAAGAATCTGTCGTC-1_4,Mesophyll,Non-hair,,4,3,4,8,10,12
CAACAACAGCACTCTA-1_3,Mesophyll,Phloem,,3,1,3,2,2,1
CAACAACAGTACCCTA-1_6,Epidermal,Mesophyll,,3,1,3,4,4,9
CAACAACCAATCACGT-1_1,Meristematic,Root endodermis,,0,0,0,5,1,8
CAACAACCAATCCAGT-1_2,Meristematic,Root cortex,,2,1,2,0,5,2
CAACAACCAGACAAGC-1_2,Epidermal,Root procambium,,0,0,0,1,4,4
CAACAACCAGCAGTAG-1_2,Mesophyll,Mesophyll,,1,2,1,6,6,6
CAACAACCAGCTCCTT-1_4,Mesophyll,Mesophyll,,1,2,1,0,0,2
CAACAACCATTCCTAT-1_5,Mesophyll,Mesophyll,,3,1,3,2,8,0
CAACAACGTAACCCTA-1_1,Mesophyll,Meristematic cell,,0,1,0,1,4,9
CAACAACGTCTGTAAC-1_3,Epidermal,Mesophyll,,1,2,1,0,0,2
CAACAACGTTTCGGCG-1_1,Stele,Lateral root cap,,0,0,0,1,7,12
CAACAACTCACTGGGC-1_1,Epidermal,Root cortex,,0,0,0,1,1,4
CAACAACTCCCGGTAG-1_3,Meristematic,Mesophyll,,3,1,3,2,5,5
CAACAACTCGATTTCT-1_5,Epidermal,Leaf pavement cell,,2,0,2,3,3,3
CAACAACTCGGTAGGA-1_5,Epidermal,Cortex,,0,0,0,5,1,7
CAACAACTCTCACCCA-1_3,Epidermal,Mesophyll,,0,0,0,5,6,0
CAACAGTAGCATGAAT-1_4,Mesophyll,Root cortex,,0,0,0,1,7,13
CAACAGTAGGTAAACT-1_3,Epidermal,Xylem,,2,1,2,3,3,3
CAACAGTAGGTAGATT-1_3,Epidermal,Leaf pavement cell,,2,1,2,3,3,3
CAACAGTAGTAACGAT-1_1,Epidermal,Shoot system epidermis,,4,3,4,8,10,12
CAACAGTAGTCACGCC-1_5,Mesophyll,Leaf pavement cell,,0,0,0,3,3,3
CAACAGTCACACCTGG-1_1,Mesophyll,Mesophyll,,3,1,3,2,5,5
CAACAGTCACAGAGAC-1_5,Mesophyll,Root procambium,,0,0,0,1,9,11
CAACAGTCACTTTAGG-1_1,Epidermal,Root cap,,0,0,0,6,1,7
CAACAGTGTCAACACT-1_5,Mesophyll,Root cortex,,3,1,3,2,5,5
CAACAGTGTCATAACC-1_1,Mesophyll,Mesophyll,,1,2,1,7,9,11
CAACAGTTCATTGTGG-1_6,Epidermal,Mesophyll,,0,0,0,1,4,4
CAACAGTTCCATCTAT-1_2,Stele,Flower meristem,,0,0,0,1,1,4
CAACCAAAGACCAGAC-1_2,Epidermal,Mesophyll,,3,1,3,2,5,5
CAACCAAAGCCTGCCA-1_2,Mesophyll,Mesophyll,,3,1,3,2,5,10
CAACCAAAGGCGCTTC-1_5,Mesophyll,Cortex,,3,1,3,4,5,7
CAACCAAAGTTGCCTA-1_5,Meristematic,Root endodermis,,2,0,2,4,2,1
CAACCAACACTGGCGT-1_1,Epidermal,Root endodermis,,4,3,4,8,10,12
CAACCAACAGACTCTA-1_5,Epidermal,Root endodermis,,0,0,0,5,1,7
CAACCAACATGCTGCG-1_4,Epidermal,Mesophyll,,3,1,3,2,5,5
CAACCAAGTAACCCGC-1_6,Epidermal,Root cortex,,3,1,3,2,5,5
CAACCAAGTCTCAAGT-1_6,Mesophyll,Root cortex,,1,2,1,7,9,11
CAACCAAGTCTTTCTA-1_4,Meristematic,Mesophyll,,1,2,1,0,0,17
CAACCAAGTGATAGTA-1_3,Epidermal,Leaf pavement cell,,0,0,0,3,1,3
CAACCAAGTGGCACTC-1_5,Epidermal,Non-hair,,0,0,0,1,7,4
CAACCAAGTTCGAGCC-1_1,Mesophyll,Mesophyll,,1,2,1,0,0,2
CAACCAATCAACTCTT-1_1,Stele,Vascular cambium,,3,1,3,1,4,9
CAACCAATCACTTATC-1_5,Epidermal,Mesophyll,,1,2,1,0,0,2
CAACCAATCATTACGG-1_3,Epidermal,Columella root cap,,0,0,0,5,1,8
CAACCAATCCGAGAAG-1_3,Mesophyll,Mesophyll,,1,2,1,0,0,0
CAACCAATCCGATCTC-1_1,Meristematic,Root cortex,,3,1,3,2,2,1
CAACCAATCCTCTTTC-1_4,Mesophyll,Mesophyll,,3,1,3,2,5,5
CAACCTCAGAGCATTA-1_1,Stele,Mesophyll,,0,0,0,1,3,14
CAACCTCAGATCCCGC-1_5,Epidermal,Non-hair,,0,0,0,5,1,4
CAACCTCAGCCATTTG-1_2,Mesophyll,Mesophyll,,1,2,1,0,9,0
CAACCTCAGGATACGC-1_4,Mesophyll,Root cortex,,2,1,2,4,2,1
CAACCTCAGGGACCAT-1_5,Stele,Mesophyll,,1,2,1,0,0,0
CAACCTCAGTAGCAAT-1_6,Epidermal,Protoxylem,,1,2,1,7,9,11
CAACCTCCAAGCGAAC-1_4,Mesophyll,Explant vasculature and callus founder cell,,0,0,0,1,7,14
CAACCTCCACCTGCTT-1_5,Mesophyll,Mesophyll,,1,0,1,0,0,0
CAACCTCCAGTGTGGA-1_5,Epidermal,Root cortex,,2,1,2,3,3,3
CAACCTCGTAAGGAGA-1_3,Mesophyll,Mesophyll,,1,2,1,0,0,2
CAACCTCGTAGTAAGT-1_3,Mesophyll,Mesophyll,,1,2,1,7,9,11
CAACCTCGTATGCAAA-1_4,Epidermal,Mesophyll,,1,2,1,0,0,0
CAACCTCGTCATCCGG-1_2,Mesophyll,Mesophyll,,1,2,1,7,9,11
CAACCTCTCGAGTCCG-1_4,Stele,Generative nuclei,,4,3,4,8,10,12
CAACCTCTCGCTCATC-1_1,Epidermal,Root endodermis,,0,0,0,6,6,6
CAACGATAGCAGGCTA-1_1,Mesophyll,Mesophyll,,1,2,1,0,0,2
CAACGATAGCTTGTTG-1_1,Epidermal,Root cap,,0,0,0,1,1,4
CAACGATAGTATCCTG-1_3,Mesophyll,Root endodermis,,0,0,0,1,7,13
CAACGATAGTATGATG-1_1,Epidermal,Root cortex,,3,1,3,4,2,1
CAACGATCAAGCTCTA-1_3,Epidermal,Root cortex,,1,2,1,0,0,14
CAACGATCATCATCTT-1_2,Epidermal,Root cortex,,2,1,2,3,3,3
CAACGATGTATTTCGG-1_5,Mesophyll,Mesophyll,,1,2,1,0,0,2
CAACGATGTTTACGAC-1_4,Meristematic,Columella root cap,,0,0,0,1,1,4
CAACGATTCGCGTAGC-1_1,Stele,Root endodermis,,1,2,1,0,0,7
CAACGATTCGGCCAAC-1_3,Stele,Flower meristem,,4,3,4,8,10,12
CAACGGCAGCCTTCTC-1_3,Epidermal,Mesophyll,,1,2,1,0,0,2
CAACGGCCAACGACTT-1_3,Mesophyll,Mesophyll,,1,2,1,0,0,2
CAACGGCCAATCAGCT-1_3,Mesophyll,Sieve element,,0,0,0,6,1,4
CAACGGCCATACCAGT-1_2,Epidermal,Phloem,,4,3,4,8,10,12
CAACGGCCATCACGGC-1_5,Epidermal,Root cortex,,2,1,2,1,7,14
CAACGGCGTCCAATCA-1_1,Mesophyll,Root endodermis,,0,0,0,5,1,8
CAACGGCGTTAAACAG-1_1,Mesophyll,Root cortex,,2,0,2,3,3,0
CAACGGCTCGTTTACT-1_2,Mesophyll,Mesophyll,,3,1,3,2,5,5
CAAGACTAGCTCGGCT-1_1,Mesophyll,Root endodermis,,0,0,0,1,1,4
CAAGACTCAATCCTAG-1_3,Mesophyll,Mesophyll,,1,2,1,0,0,2
CAAGACTCACCTCTGT-1_1,Stele,Lateral root cap,,0,0,0,1,6,13
CAAGACTCAGCGGTCT-1_2,Stele,Root endodermis,,0,0,0,6,1,4
CAAGACTCATCATTTC-1_4,Epidermal,Root cortex,,2,1,2,6,6,6
CAAGACTGTAGATTAG-1_2,Epidermal,Mesophyll,,0,0,0,5,4,0
CAAGACTGTGTGTTTG-1_2,Mesophyll,Mesophyll,,1,2,1,0,0,2
CAAGACTTCCTCTCGA-1_5,Epidermal,Mesophyll,,1,2,1,6,6,11
CAAGACTTCTCGTTTA-1_1,Epidermal,Mesophyll,,1,2,1,0,0,6
CAAGAGGAGAATTGCA-1_3,Meristematic,Xylem,,2,1,2,3,3,3
CAAGAGGAGTATGCAA-1_1,Epidermal,Mesophyll,,1,2,1,0,0,5
CAAGAGGCAACTTGGT-1_4,Epidermal,Root cortex,,2,1,2,3,3,3
CAAGAGGCACCAGTTA-1_1,Stele,Mesophyll,,3,1,3,2,8,0
CAAGAGGCACGGAAGT-1_4,Epidermal,Root endodermis,,0,0,0,5,1,0
CAAGAGGCAGAGGCTA-1_4,Mesophyll,Root cortex,,3,1,3,2,5,5
CAAGAGGGTATCGTTG-1_3,Meristematic,Mesophyll,,3,1,3,2,2,1
CAAGAGGTCATTGTGG-1_4,Stele,Mesophyll,,2,0,2,6,6,0
CAAGAGGTCGGTCACG-1_2,Epidermal,Root cap,,0,0,0,1,7,4
CAAGCTAAGACAGTCG-1_2,Epidermal,Root cortex,,2,1,2,4,2,1
CAAGCTAAGCCGTCGT-1_4,Epidermal,Root cortex,,0,0,0,6,6,6
CAAGCTAAGCTGGAGT-1_3,Epidermal,Root cortex,,0,0,0,5,1,7
CAAGCTAAGGACATCG-1_3,Meristematic,Leaf pavement cell,,1,2,1,3,3,7
CAAGCTAAGTTACGGG-1_1,Epidermal,Non-hair,,2,1,2,3,3,3
CAAGCTACAACGACTT-1_5,Meristematic,Mesophyll,,1,2,1,0,4,0
CAAGCTACAGTCGCAC-1_2,Epidermal,Root hair,,5,2,5,9,4,17
CAAGCTACATAGCACT-1_2,Epidermal,Mesophyll,,0,0,0,6,6,6
CAAGCTAGTCATCGCG-1_1,Epidermal,Root procambium,,1,3,1,1,7,14
CAAGCTAGTCTGCGCA-1_5,Mesophyll,Explant vasculature and callus founder cell,,1,2,1,0,0,2
CAAGCTAGTGCCTACG-1_4,Epidermal,Root cortex,,1,0,1,0,0,7
CAAGCTATCAAGTGTC-1_4,Meristematic,Root cortex,,2,1,2,3,3,1
CAAGCTATCATGAAAG-1_2,Meristematic,Root procambium,,0,0,0,1,1,4
CAAGCTATCCACAGGC-1_3,Mesophyll,Mesophyll,,1,2,1,7,9,11
CAAGGGAAGACTACGG-1_5,Epidermal,Mesophyll,,1,2,1,7,9,16
CAAGGGAAGTCATAGA-1_2,Mesophyll,Leaf pavement cell,,2,1,2,3,3,3
CAAGGGACAAATCAGA-1_4,Mesophyll,Mesophyll,,0,2,0,0,0,16
CAAGGGACAATTTCCT-1_1,Mesophyll,Root cortex,,2,1,2,4,2,1
CAAGGGACACCAAATC-1_2,Epidermal,Cortex,,2,0,2,4,10,7
CAAGGGACAGCGTGCT-1_2,Mesophyll,Leaf pavement cell,,1,0,1,7,9,11
CAAGGGACAGTCAGCC-1_2,Epidermal,Phloem parenchyma,,2,0,2,3,6,6
CAAGGGAGTACTCCGG-1_2,Mesophyll,Root endodermis,,4,3,4,8,10,12
CAAGGGAGTCTGTGCG-1_2,Meristematic,Root endodermis,,0,0,0,1,1,12
CAAGGGAGTTAGTCGT-1_1,Mesophyll,Root procambium,,0,0,0,1,1,4
CAAGGGATCGGCTTCT-1_1,Epidermal,Root cortex,,2,1,2,3,2,3
CAAGGGATCGTTCTAT-1_2,Epidermal,Root endodermis,,0,0,0,6,6,7
CAAGGGATCTACCCAC-1_1,Mesophyll,Root endodermis,,0,0,0,0,1,7
CAAGGGATCTAGACAC-1_1,Guard,Columella root cap,,0,0,0,1,2,7
CAATACGAGTCATCGT-1_2,Epidermal,Mesophyll,,3,1,3,2,8,5
CAATACGCATCAGCAT-1_6,Mesophyll,Leaf pavement cell,,0,0,0,3,3,14
CAATACGCATGACGAG-1_1,Mesophyll,Root cortex,,2,1,2,4,2,1
CAATACGGTAAGCTCT-1_5,Mesophyll,Mesophyll,,1,2,1,7,9,11
CAATACGTCAAGCGTT-1_4,Epidermal,Root hair,,5,4,5,9,11,18
CAATACGTCGGATACT-1_2,Mesophyll,Mesophyll,,1,2,1,0,0,2
CAATCGAAGGGAACAA-1_2,Mesophyll,Root cortex,,1,2,1,0,0,0
CAATCGACACAGTACT-1_5,Mesophyll,Mesophyll,,1,2,1,0,0,2
CAATCGAGTAAGGCCA-1_4,Epidermal,Root cortex,,3,1,3,4,3,1
CAATCGAGTAGCCCTG-1_5,Mesophyll,Leaf pavement cell,,2,0,2,3,3,3
CAATCGAGTGGCTAGA-1_1,Stele,Mesophyll,,1,2,1,0,4,0
CAATCGAGTTTGAAAG-1_5,Mesophyll,Root endodermis,,0,0,0,6,6,6
CAATCGATCAAGTCTG-1_1,Epidermal,Phloem parenchyma,,0,0,0,5,1,4
CAATGACCAGAGAGGG-1_1,Epidermal,Root cortex,,3,1,3,4,5,5
CAATGACCAGGCACAA-1_4,Epidermal,Mesophyll,,1,2,1,0,6,2
CAATGACCATGGCGCT-1_6,Epidermal,Mesophyll,,2,0,2,6,6,6
CAATGACGTAGCACAG-1_1,Stele,Root cortex,,2,1,2,4,2,1
CAATGACGTAGCTAAA-1_4,Mesophyll,Mesophyll,,0,0,0,1,4,0
CAATGACGTATGTCAC-1_1,Mesophyll,Root endodermis,,0,0,0,6,6,6
CAATGACGTCAACCAT-1_6,Mesophyll,Mesophyll,,3,1,3,2,5,5
CAATGACGTCAACCTA-1_5,Epidermal,Mesophyll,,0,0,0,6,6,6
CAATGACGTCCAGGTC-1_2,Mesophyll,Mesophyll,,0,0,0,6,3,3
CAATGACGTTCCTTGC-1_2,Mesophyll,Root endodermis,,0,0,0,6,6,6
CAATGACTCACTGAAC-1_1,Epidermal,Mesophyll,,1,2,1,0,0,0
CAATGACTCAGGGATG-1_3,Epidermal,Columella root cap,,0,0,0,6,6,6
CAATGACTCCTTATAC-1_2,Epidermal,Microspore nuclei,,1,2,1,9,4,0
CAATGACTCTTTGCAT-1_1,Stele,Mesophyll,,0,0,0,6,6,6
CAATTTCAGACTCGAG-1_3,Epidermal,Root endodermis,,2,1,2,3,3,3
CAATTTCAGGACAGCT-1_6,Mesophyll,Mesophyll,,3,1,3,2,5,5
CAATTTCCACAGACGA-1_2,Epidermal,Root cortex,,3,1,3,4,5,7
CAATTTCCACCAACAT-1_5,Mesophyll,Root cortex,,3,1,3,2,5,5
CAATTTCGTCTACTGA-1_5,Stele,Mesophyll,,1,2,1,0,4,0
CAATTTCTCACCTGTC-1_5,Mesophyll,Root cap,,3,0,3,4,2,7
CAATTTCTCGAGTGAG-1_6,Mesophyll,Mesophyll,,3,1,3,2,5,5
CAATTTCTCGTAGCTA-1_1,Epidermal,Root endodermis,,0,0,0,5,1,8
CAATTTCTCTGCATGA-1_2,Mesophyll,Mesophyll,,1,2,1,0,0,0
CACAACAAGCCACTCG-1_3,Epidermal,Mesophyll,,3,1,3,2,5,5
CACAACACAAAGACGC-1_3,Epidermal,Mesophyll,,4,3,4,8,10,12
CACAACACAAGAGGCT-1_6,Epidermal,Mesophyll,,1,2,1,8,4,0
CACAACACAGACGATG-1_2,Stele,Mesophyll,,1,0,1,5,1,0
CACAACAGTAGCTGAG-1_1,Mesophyll,Root cortex,,3,1,3,2,8,10
CACAACAGTCTTTCAT-1_3,Mesophyll,Mesophyll,,1,2,1,0,0,0
CACAACATCACCGGGT-1_2,Epidermal,Leaf pavement cell,,2,1,2,4,2,1
CACAACATCTCTCGAC-1_4,Epidermal,Root endodermis,,0,0,0,5,1,8
CACACAAAGCAAGGAA-1_4,Epidermal,Root cortex,,2,0,2,3,3,3
CACACAAAGGAATCGC-1_1,Epidermal,Phloem,,4,3,4,8,10,12
CACACAAAGTCGGGAT-1_5,Mesophyll,Mesophyll,,1,2,1,7,9,11
CACACAACAACGACTT-1_3,Mesophyll,Root cortex,,1,2,1,0,0,0
CACACAACAAGAGGCT-1_5,Mesophyll,Mesophyll,,3,1,3,2,5,5
CACACAACACCCAATA-1_6,Epidermal,Root cortex,,2,1,2,4,2,1
CACACAACACCTTCCA-1_5,Stele,Lateral root cap,,0,0,0,1,7,13
CACACAACAGGTCCGT-1_2,Mesophyll,Phloem pole pericycle,,0,0,0,1,3,14
CACACAACAGTTGCGC-1_6,Meristematic,Root cortex,,3,1,3,2,5,5
CACACAAGTACAGCGA-1_2,Epidermal,Cortex,,0,0,0,5,1,8
CACACAAGTACTGCCG-1_5,Epidermal,Root procambium,,1,2,1,0,0,16
CACACAAGTTACCCTC-1_2,Mesophyll,Root endodermis,,1,2,1,0,0,0
CACACAATCAAGATAG-1_4,Epidermal,Root cap,,1,2,1,0,0,0
CACACAATCCCATAGA-1_3,Epidermal,Flower meristem,,3,1,3,1,8,10
CACACAATCGCTTACC-1_4,Epidermal,Mesophyll,,3,0,3,6,6,6
CACACAATCTCGGTAA-1_2,Guard,Root cortex,,3,1,3,1,4,7
CACAGATAGACTAGAT-1_4,Epidermal,Root cap,,2,0,2,4,2,7
CACAGATAGCCATTCA-1_4,Mesophyll,Xylem,,2,1,2,3,7,7
CACAGATAGTAAGAGG-1_5,Meristematic,Root endodermis,,0,0,0,1,7,9
CACAGATCAACGGTAG-1_6,Epidermal,Root cortex,,2,1,2,3,3,3
CACAGATCAAGGCGTA-1_5,Epidermal,Mesophyll,,1,2,1,7,9,2
CACAGATCAATCTCTT-1_6,Mesophyll,Mesophyll,,3,1,3,2,8,10
CACAGATGTAATCAGA-1_4,Epidermal,Root endodermis,,2,1,2,3,3,3
CACAGATGTCAGTTTG-1_3,Mesophyll,Mesophyll,,1,2,1,0,0,2
CACAGATGTTCTAACG-1_3,Stele,Root endodermis,,2,1,2,3,3,3
CACAGATTCGGTCGGT-1_3,Mesophyll,Root endodermis,,2,0,2,4,7,7
CACAGATTCTCTAGGA-1_3,Epidermal,Columella root cap,,0,2,0,1,7,4
CACAGGCAGAGCACTG-1_6,Meristematic,Mesophyll,,1,2,1,0,0,2
CACAGGCAGATGTTAG-1_6,Meristematic,Flower meristem,,0,2,0,0,4,0
CACAGGCCACCCTAAA-1_4,Epidermal,Mesophyll,,1,2,1,0,6,15
CACAGGCCACCGTGGT-1_5,Meristematic,Mesophyll,,1,2,1,11,12,19
CACAGGCCAGAAGTTA-1_4,Epidermal,Phloem pole pericycle,,0,0,0,1,1,4
CACATGAAGAGCAGTC-1_1,Epidermal,Mesophyll,,3,1,3,1,3,14
CACATGAAGGCCCGTT-1_1,Epidermal,Root endodermis,,0,0,0,5,1,8
CACATGAAGGGAGTTC-1_4,Epidermal,Lateral root cap,,5,4,5,9,11,18
CACATGACAAATGCGG-1_4,Epidermal,Root endodermis,,0,0,0,1,4,13
CACATGACAAGGGTCA-1_2,Mesophyll,Mesophyll,,3,2,3,2,5,5
CACATGACAATCGCGC-1_1,Mesophyll,Mesophyll,,1,2,1,0,0,0
CACATGACAGCGAGTA-1_3,Mesophyll,Non-hair,,2,1,2,3,3,3
CACATGACAGCGCGTT-1_4,Mesophyll,Mesophyll,,1,2,1,7,9,2
CACATGAGTGGTATGG-1_5,Epidermal,Root procambium,,0,0,0,1,1,9
CACATGATCCTGCTAC-1_1,Epidermal,Flower meristem,,5,2,5,9,4,17
CACCAAAAGAGTCTGG-1_2,Mesophyll,Mesophyll,,1,2,1,0,0,2
CACCAAAAGCCTAGGA-1_3,Epidermal,Root cortex,,1,2,1,0,0,2
CACCAAAAGCGTTCCG-1_3,Epidermal,Leaf pavement cell,,2,1,2,3,2,1
CACCAAAAGGACGCTA-1_3,Mesophyll,Root endodermis,,0,0,0,3,1,3
CACCAAAAGGACGGAG-1_4,Mesophyll,Phloem,,4,3,4,8,10,12
CACCAAAAGGCTGTAG-1_2,Epidermal,Leaf pavement cell,,1,2,1,3,3,3
CACCAAAAGGGCAAGG-1_1,Mesophyll,Mesophyll,,1,0,1,7,9,11
CACCAAAAGTCCGTCG-1_3,Mesophyll,Mesophyll,,1,2,1,7,9,11
CACCAAAAGTCTAACC-1_2,Epidermal,Shoot system epidermis,,2,1,2,3,3,3
CACCAAAAGTGCCAGA-1_4,Mesophyll,Root cortex,,3,1,3,2,8,10
CACCAAACACCCTTAC-1_4,Epidermal,Root endodermis,,0,0,0,5,1,8
CACCAAAGTACTGGGA-1_3,Epidermal,Root procambium,,0,0,0,5,1,7
CACCAAAGTCAACCAT-1_3,Meristematic,Mesophyll,,1,2,1,0,0,2
CACCAAAGTCCTATAG-1_1,Mesophyll,Mesophyll,,3,1,3,2,5,5
CACCAAAGTTCAGCTA-1_6,Stele,Phloem,,0,0,0,1,7,13
CACCAAAGTTTCGATG-1_5,Mesophyll,Mesophyll,,1,2,1,7,9,11
CACCAAATCTCCAATT-1_5,Mesophyll,Root cortex,,3,1,3,2,5,5
CACCGTTAGTCCTGTA-1_1,Mesophyll,Mesophyll,,1,2,1,0,0,2
CACCGTTCACCTGCTT-1_5,Epidermal,Root endodermis,,2,0,2,3,7,7
CACCGTTCATAGATGA-1_6,Epidermal,Mesophyll,,3,1,3,2,8,15
CACCGTTTCCAAGGGA-1_6,Meristematic,Mesophyll,,0,0,0,1,1,4
CACCGTTTCCTAGAGT-1_5,Epidermal,Root cortex,,3,1,3,2,8,10
CACCGTTTCCTCTTTC-1_6,Mesophyll,Mesophyll,,3,1,3,2,8,10
CACCGTTTCGGACTGC-1_2,Epidermal,Lateral root cap,,0,0,0,5,1,8
CACCGTTTCTTCTGGC-1_3,Epidermal,Mesophyll,,0,0,0,0,1,16
CACGAATAGAGCAGAA-1_5,Epidermal,Non-hair,,4,3,4,8,10,12
CACGAATAGAGCTGAC-1_2,Meristematic,Mesophyll,,0,0,0,6,6,6
CACGAATAGTGAGTGC-1_2,Epidermal,Phloem parenchyma,,0,0,0,5,1,4
CACGAATCAAGTCCAT-1_4,Epidermal,Cortex,,2,1,2,3,2,1
CACGAATGTCCAGCAC-1_5,Mesophyll,Mesophyll,,1,2,1,7,9,11
CACGAATGTGGACAGT-1_6,Meristematic,Root cortex,,2,1,2,4,2,1
CACGAATTCGCTCCTA-1_5,Epidermal,Root cortex,,2,1,2,4,2,1
CACGAATTCGCTTTAT-1_1,Stele,Cortex,,3,1,3,2,8,10
CACGAATTCTACACAG-1_2,Epidermal,Mesophyll,,1,2,1,0,0,2
CACGAATTCTGACAGT-1_2,Epidermal,Mesophyll,,1,2,1,0,0,2
CACGGGTAGACCATAA-1_6,Mesophyll,Root cortex,,3,1,3,2,5,5
CACGGGTAGCTAATGA-1_5,Mesophyll,Mesophyll,,1,2,1,0,4,0
CACGGGTAGTCAGGGT-1_3,Meristematic,Leaf pavement cell,,3,1,3,2,8,10
CACGGGTCAGGCGATA-1_5,Epidermal,Mesophyll,,1,2,1,0,0,16
CACGGGTCATAACCCA-1_5,Epidermal,Root cortex,,4,3,4,8,10,12
CACGGGTCATGTCAGT-1_2,Epidermal,Leaf pavement cell,,2,1,2,3,3,3
CACGGGTGTAGACAGC-1_4,Meristematic,Bundle sheath,,0,0,0,1,4,9
CACGGGTGTCCAGCGT-1_4,Stele,Root cortex,,2,1,2,4,2,1
CACGGGTGTGTCCACG-1_5,Mesophyll,Mesophyll,,1,2,1,0,0,2
CACGGGTGTGTTTGCA-1_5,Epidermal,Sieve element,,0,0,0,1,1,4
CACGGGTTCACCATAG-1_2,Epidermal,Mesophyll,,1,2,1,0,0,0
CACGGGTTCCTAGCGG-1_2,Epidermal,Root cortex,,3,1,3,2,5,5
CACGTGGAGCCTATCA-1_5,Meristematic,Columella root cap,,0,0,0,1,4,9
CACGTGGAGGCTAACG-1_1,Stele,Leaf pavement cell,,0,0,0,3,3,3
CACGTGGAGGGCTTCC-1_4,Mesophyll,Root endodermis,,0,0,0,5,1,8
CACGTGGCACACCTTC-1_1,Epidermal,Mesophyll,,3,1,3,2,5,5
CACGTGGCACCCTATC-1_2,Epidermal,Non-hair,,0,0,0,1,1,4
CACGTGGCACGTGAGA-1_6,Epidermal,Root cortex,,3,1,3,2,5,5
CACGTGGCATAATCGC-1_5,Epidermal,Mesophyll,,1,1,1,6,0,16
CACGTGGCATCCTATT-1_1,Mesophyll,Root procambium,,0,0,0,6,6,6
CACGTGGGTACGTAGG-1_3,Epidermal,Mesophyll,,3,1,3,2,5,5
CACGTGGGTGCCGTTG-1_4,Mesophyll,Mesophyll,,1,2,1,0,0,0
CACGTGGGTGCTCTCT-1_2,Epidermal,Root cortex,,2,1,2,4,2,1
CACGTGGGTTCTCCCA-1_4,Mesophyll,Mesophyll,,1,2,1,7,9,11
CACGTGGTCAACCTCC-1_2,Epidermal,Mesophyll,,3,1,3,2,4,15
CACGTGGTCAGACCCG-1_2,Stele,Root endodermis,,0,0,0,5,1,8
CACGTTCAGCCATATC-1_5,Epidermal,Leaf pavement cell,,2,1,2,3,3,3
CACGTTCGTTTGATCG-1_2,Epidermal,Root cap,,0,0,0,5,1,7
CACGTTCGTTTGTTCT-1_4,Mesophyll,Root cortex,,2,1,2,4,2,1
CACGTTCTCCTAGCTC-1_4,Epidermal,Leaf pavement cell,,2,1,2,3,3,3
CACGTTCTCGACACCG-1_3,Epidermal,Non-hair,,0,0,0,1,3,14
CACTAAGAGCGGGTAT-1_2,Mesophyll,Mesophyll,,0,0,0,6,6,6
CACTAAGAGGAAGTCC-1_6,Stele,Mesophyll,,3,1,3,2,5,5
CACTAAGCAATGCTCA-1_5,Epidermal,Root procambium,,5,2,5,9,4,17
CACTAAGGTAATTGGA-1_5,Stele,Root procambium,,0,0,0,1,7,13
CACTAAGGTCCCTAAA-1_4,Stele,Mesophyll,,0,0,0,6,6,6
CACTAAGGTTGAGAGC-1_2,Epidermal,Root endodermis,,2,0,2,3,3,3
CACTAAGGTTTACCTT-1_3,Mesophyll,Root endodermis,,2,0,2,4,2,6
CACTAAGTCAACCGAT-1_5,Mesophyll,Root cortex,,1,2,1,4,0,7
CACTAAGTCACTAGCA-1_5,Stele,Root endodermis,,0,0,0,5,9,8
CACTAAGTCCACTGAA-1_6,Mesophyll,Root cortex,,2,1,2,4,2,1
CACTAAGTCCATACTT-1_2,Epidermal,Explant vasculature and callus founder cell,,3,1,3,2,5,7
CACTGAAAGACATAAC-1_4,Epidermal,Mesophyll,,1,2,1,0,0,6
CACTGAAAGAGCACTG-1_5,Epidermal,Mesophyll,,3,1,3,2,8,15
CACTGAAAGCGAGTCA-1_4,Epidermal,Root procambium,,0,0,0,1,1,4
CACTGAAAGGCTAGCA-1_1,Epidermal,Microspore nuclei,,3,1,3,4,2,9
CACTGAACAACTAGAA-1_5,Mesophyll,Root cortex,,2,1,2,4,2,1
CACTGAACAGATGCGA-1_5,Epidermal,Leaf pavement cell,,0,0,0,5,1,4
CACTGAACATATGGCT-1_1,Stele,Leaf pavement cell,,2,1,2,3,3,3
CACTGAAGTAGCGCTC-1_4,Epidermal,Non-hair,,0,0,0,1,7,4
CACTGAAGTCTGTGTA-1_4,Epidermal,Shoot system epidermis,,2,1,2,3,3,3
CACTGAAGTTGACGGA-1_6,Epidermal,Leaf pavement cell,,2,1,2,3,3,3
CACTGAATCAACACGT-1_1,Mesophyll,Root cortex,,3,1,3,2,5,5
CACTGAATCAGACCTA-1_1,Stele,Mesophyll,,0,0,0,1,4,0
CACTGAATCATGCGGC-1_2,Epidermal,Mesophyll,,0,0,0,6,6,6
CACTGAATCCAGTACA-1_5,Mesophyll,Mesophyll,,1,2,1,7,9,11
CACTGAATCCATCACC-1_4,Mesophyll,Root cap,,1,0,1,6,6,19
CACTGGGAGTCTAACC-1_3,Mesophyll,Mesophyll,,3,1,3,4,2,7
CACTGGGAGTGGGAAA-1_4,Stele,Root cortex,,2,1,2,4,2,1
CACTGGGCATGCAGCC-1_4,Epidermal,Mesophyll,,1,2,1,7,9,16
CACTGGGCATTCGATG-1_2,Epidermal,Root procambium,,0,0,0,6,1,4
CACTGGGGTGTAGTGG-1_4,Epidermal,Non-hair,,0,0,0,1,3,4
CACTGGGTCCACGTCT-1_4,Mesophyll,Cortex,,3,1,3,4,2,1
CACTGGGTCCAGTGTA-1_5,Mesophyll,Sieve element,,0,0,0,5,1,8
CACTGGGTCTGTTGGA-1_3,Mesophyll,Root cortex,,2,1,2,3,3,3
CACTGTCAGCAGCAGT-1_4,Epidermal,Mesophyll,,1,2,1,0,0,0
CACTGTCAGGAGAATG-1_1,Epidermal,Root endodermis,,0,0,0,6,6,6
CACTGTCCAAATGGTA-1_3,Mesophyll,Mesophyll,,1,2,1,2,7,15
CACTGTCTCCCGAGAC-1_4,Mesophyll,Mesophyll,,3,1,3,2,8,10
CACTGTCTCGAGTCCG-1_5,Mesophyll,Phloem pole pericycle,,0,0,0,5,1,4
CACTTCGAGCCAGACA-1_1,Epidermal,Phloem parenchyma,,0,0,0,5,1,8
CACTTCGAGGAAACGA-1_4,Mesophyll,Mesophyll,,1,2,1,0,0,16
CACTTCGAGGATAATC-1_3,Epidermal,Cortex,,3,1,3,2,8,10
CACTTCGAGGCACTCC-1_1,Epidermal,Mesophyll,,1,2,1,0,4,0
CACTTCGAGTAAACGT-1_2,Mesophyll,Guard cell,,3,1,3,2,5,5
CACTTCGAGTGTTGAA-1_3,Epidermal,Non-hair,,4,3,4,8,10,12
CACTTCGCACCTGCTT-1_3,Epidermal,Root cortex,,3,1,3,2,8,10
CACTTCGGTATGGAGC-1_3,Mesophyll,Mesophyll,,1,2,1,0,0,2
CACTTCGGTTGAGTCT-1_6,Epidermal,Mesophyll,,1,1,1,2,7,14
CACTTCGTCAACTGGT-1_6,Epidermal,Shoot system epidermis,,2,1,2,3,3,3
CACTTCGTCCGCAACG-1_1,Mesophyll,Root cap,,0,0,0,5,1,8
CACTTCGTCCTAGCGG-1_1,Epidermal,Phloem,,0,2,0,1,7,13
CACTTCGTCGCATTGA-1_2,Mesophyll,Bundle sheath,,3,1,3,4,2,1
CACTTCGTCGTGGACC-1_5,Meristematic,Mesophyll,,1,2,1,7,9,11
CAGAGCCCAAGAGGTC-1_5,Stele,Root procambium,,0,0,0,1,7,13
CAGAGCCCACCAGCGT-1_5,Mesophyll,Mesophyll,,1,2,1,0,0,0
CAGAGCCCAGCTTTCC-1_2,Mesophyll,Mesophyll,,0,0,0,6,6,6
CAGAGCCCAGGTTTAC-1_2,Stele,Columella root cap,,0,0,0,1,7,4
CAGAGCCCATAGAAAC-1_1,Mesophyll,Mesophyll,,1,0,1,6,6,6
CAGAGCCGTCCACTTC-1_4,Mesophyll,Root procambium,,1,2,1,7,9,11
CAGAGCCGTGTCATTG-1_3,Mesophyll,Root endodermis,,1,2,1,0,0,2
CAGAGCCTCATTGTGG-1_1,Stele,Root cap,,0,0,0,6,6,6
CAGAGCCTCTACTCAT-1_5,Mesophyll,Root cortex,,1,2,1,0,0,11
CAGAGCCTCTGAGAAA-1_4,Mesophyll,Flower meristem,,4,3,4,8,10,12
CAGAGCCTCTGGCCGA-1_6,Mesophyll,Mesophyll,,1,2,1,0,0,5
CAGATACAGCATGGGT-1_4,Epidermal,Mesophyll,,0,0,0,6,6,6
CAGATACAGCTACGTT-1_4,Epidermal,Leaf pavement cell,,2,1,2,3,3,3
CAGATACAGTAGAGTT-1_1,Mesophyll,Root cortex,,3,1,3,2,5,5
CAGATACCAAACCACT-1_5,Mesophyll,Mesophyll,,3,1,3,4,4,0
CAGATACCAACGATCT-1_6,Epidermal,Mesophyll,,0,0,0,0,4,17
CAGATACCACCGTGCA-1_1,Mesophyll,Mesophyll,,1,2,1,0,0,2
CAGATACCAGCGGTTC-1_6,Mesophyll,Xylem,,0,1,0,3,10,3
CAGATACCAGCTACCG-1_1,Meristematic,Root endodermis,,0,0,0,6,1,6
CAGATACGTACATACC-1_6,Epidermal,Root endodermis,,0,0,0,5,1,8
CAGATACGTCCTGTCT-1_2,Stele,Phloem parenchyma,,0,0,0,5,1,8
CAGATACGTCTAGGCC-1_1,Meristematic,Leaf pavement cell,,1,2,1,1,4,0
CAGATACGTGGCTTGC-1_3,Mesophyll,Root cortex,,3,1,3,2,5,5
CAGATACGTTCCCACT-1_1,Mesophyll,Mesophyll,,3,0,3,6,6,6
CAGATACTCTAAGCCA-1_1,Epidermal,Root endodermis,,2,0,2,5,1,7
CAGATACTCTCCGAAA-1_1,Epidermal,Root cortex,,1,2,1,0,0,0
CAGATACTCTGGGTCG-1_4,Mesophyll,Cortex,,3,1,3,4,2,1
CAGATCAAGACTGGGT-1_3,Meristematic,Cortex,,4,3,4,8,10,12
CAGATCAAGGCACAAC-1_6,Mesophyll,Mesophyll,,1,2,1,0,0,2
CAGATCACAACTGCTA-1_1,Mesophyll,Mesophyll,,3,1,3,2,5,5
CAGATCAGTACAAGCG-1_5,Epidermal,Sieve element,,1,2,1,0,6,16
CAGATCAGTCCGTACG-1_1,Epidermal,Mesophyll,,5,2,5,1,4,17
CAGATCAGTCTCCCTA-1_2,Epidermal,Shoot system epidermis,,2,1,2,3,2,1
CAGATCAGTGCTGCAC-1_5,Mesophyll,Root endodermis,,0,0,0,6,3,7
CAGATCAGTTGCATGT-1_5,Meristematic,Flower meristem,,0,0,0,5,1,9
CAGATCATCGCTAATG-1_4,Epidermal,Shoot system epidermis,,2,1,2,3,3,3
CAGATCATCTCAACGA-1_3,Meristematic,Mesophyll,,3,1,3,2,4,0
CAGATCATCTTCGCTG-1_6,Epidermal,Root endodermis,,0,0,0,5,1,8
CAGATTGAGACGTCCC-1_2,Stele,Phloem parenchyma,,0,0,0,6,1,4
CAGATTGAGCAGAAAG-1_1,Meristematic,Mesophyll,,1,2,1,0,0,17
CAGATTGAGTCTGCAT-1_3,Mesophyll,Root cortex,,1,2,1,0,0,2
CAGATTGAGTTGCCCG-1_1,Mesophyll,Mesophyll,,1,2,1,0,0,0
CAGATTGCAACCCTAA-1_4,Mesophyll,Root cortex,,2,0,2,7,9,11
CAGATTGGTTTCGACA-1_6,Epidermal,Cortex,,2,1,2,4,2,1
CAGATTGTCATCAGTG-1_2,Mesophyll,Mesophyll,,1,2,1,7,9,11
CAGATTGTCCCAACTC-1_6,Epidermal,Non-hair,,2,1,2,3,3,3
CAGATTGTCCGCAACG-1_5,Epidermal,Root cortex,,2,1,2,4,2,1
CAGATTGTCGTGCTCT-1_4,Epidermal,Root endodermis,,2,0,2,5,1,6
CAGATTGTCTCTTCAA-1_1,Mesophyll,Mesophyll,,0,0,0,6,6,6
CAGCAATAGCACTCTA-1_3,Epidermal,Non-hair,,0,0,0,1,7,4
CAGCAATAGCCTGTGC-1_5,Mesophyll,Cortex,,4,3,4,8,10,12
CAGCAATAGCGAATGC-1_5,Mesophyll,Mesophyll,,1,2,1,0,9,0
CAGCAATAGGTCACAG-1_3,Epidermal,Mesophyll,,1,2,1,0,0,16
CAGCAATCAACACAAA-1_5,Mesophyll,Root cortex,,3,1,3,2,2,1
CAGCAATCAGAACATA-1_4,Epidermal,Root endodermis,,2,0,2,5,3,7
CAGCAATCAGTCGAGA-1_3,Meristematic,Root cortex,,1,1,1,1,8,14
CAGCAATCAGTCTACA-1_6,Meristematic,Root cap,,1,2,1,0,0,0
CAGCAATCATAGGTTC-1_6,Mesophyll,Mesophyll,,3,1,3,2,8,10
CAGCAATGTGGCTGCT-1_1,Epidermal,Columella root cap,,0,0,0,1,4,9
CAGCAATGTTTCTATC-1_4,Epidermal,Non-hair,,4,3,4,8,10,12
CAGCAATTCTAAGAAG-1_1,Epidermal,Leaf pavement cell,,2,1,2,3,3,3
CAGCACGCAAGGACAC-1_5,Mesophyll,Explant vasculature and callus founder cell,,1,1,1,0,0,5
CAGCACGCAGCACACC-1_4,Stele,Cortex,,3,1,3,2,5,5
CAGCACGCAGGAGACT-1_3,Epidermal,Root procambium,,0,0,0,1,1,4
CAGCACGCATTACGGT-1_3,Epidermal,Root procambium,,0,0,0,6,6,6
CAGCACGGTCCCTGAG-1_4,Epidermal,Root cortex,,2,0,2,3,1,3
CAGCACGGTCTAATCG-1_3,Mesophyll,Columella root cap,,0,0,0,5,1,4
CAGCACGGTGCCTTTC-1_3,Mesophyll,Mesophyll,,1,2,1,0,0,2
CAGCACGGTGCTGCAC-1_4,Epidermal,Mesophyll,,1,0,1,6,6,6
CAGCACGTCACCTTAT-1_2,Mesophyll,Mesophyll,,1,2,1,0,0,2
CAGCACGTCAGCTAGT-1_1,Epidermal,Root procambium,,0,0,0,1,7,4
CAGCACGTCGCAAGAG-1_4,Mesophyll,Root endodermis,,1,2,1,7,9,11
CAGCAGCAGGATCATA-1_4,Mesophyll,Mesophyll,,1,2,1,7,9,11
CAGCAGCAGGCCACTC-1_1,Epidermal,Mesophyll,,0,0,0,2,4,15
CAGCAGCAGGCTAACG-1_3,Epidermal,Mesophyll,,0,0,0,6,1,4
CAGCAGCAGTGATTCC-1_3,Meristematic,Leaf guard cell,,0,0,0,6,6,19
CAGCAGCCACTCCTTG-1_1,Mesophyll,Root endodermis,,0,0,0,5,3,14
CAGCAGCCAGATTCGT-1_1,Epidermal,Mesophyll,,0,0,0,6,6,6
CAGCAGCCATAATGCC-1_6,Stele,Mesophyll,,1,2,1,0,0,2
CAGCAGCGTAGATCCT-1_4,Mesophyll,Root cap,,1,2,1,0,0,2
CAGCAGCTCCTACACC-1_4,Epidermal,Root cortex,,2,0,2,4,2,7
CAGCAGCTCCTTCTAA-1_2,Epidermal,Columella root cap,,0,0,0,1,1,4
CAGCAGCTCGCCAGAC-1_4,Stele,Root cortex,,2,1,2,3,3,3
CAGCAGCTCTATCCAT-1_5,Epidermal,Mesophyll,,1,2,1,0,0,7
CAGCAGCTCTCCGATC-1_4,Epidermal,Root cortex,,2,1,2,3,3,3
CAGCCAGAGACCTCAT-1_2,Epidermal,Root hair,,5,4,5,9,11,18
CAGCCAGAGTGTTCCA-1_3,Epidermal,Root cortex,,2,1,2,4,2,1
CAGCCAGCACGGCTAC-1_4,Mesophyll,Mesophyll,,1,2,1,0,0,2
CAGCCAGCAGCTGGTC-1_5,Mesophyll,Cortex,,3,1,3,4,5,5
CAGCCAGCATCCAACA-1_2,Epidermal,Non-hair,,2,0,2,3,2,9
CAGCCAGCATCCGGCA-1_4,Stele,Phloem,,0,0,0,6,6,19
CAGCCAGGTCGGTACC-1_2,Epidermal,Phloem parenchyma,,0,0,0,6,6,6
CAGCCAGTCTGTCTCG-1_3,Epidermal,Mesophyll,,2,1,2,3,3,3
CAGCGTGAGAATTGCA-1_3,Mesophyll,Root cortex,,2,0,2,0,1,7
CAGCGTGAGATAGTGT-1_1,Stele,Leaf pavement cell,,2,1,2,4,2,1
CAGCGTGAGCAACAGC-1_3,Epidermal,Root endodermis,,0,0,0,1,1,8
CAGCGTGAGTCATCGT-1_4,Epidermal,Mesophyll,,1,1,1,1,7,14
CAGCGTGCAGCTTCCT-1_4,Epidermal,Bundle sheath,,0,0,0,1,4,9
CAGCGTGTCTCCAAGA-1_5,Epidermal,Root endodermis,,2,1,2,3,3,3
CAGGCCAAGCTCTTCC-1_3,Meristematic,Explant vasculature and callus founder cell,,0,1,0,1,7,7
CAGGCCAGTACGAGCA-1_2,Epidermal,Root procambium,,0,0,0,5,1,8
CAGGCCAGTCAGACTT-1_2,Epidermal,Root endodermis,,1,2,1,3,3,3
CAGGCCAGTGATGAAT-1_1,Mesophyll,Root cortex,,2,1,2,4,8,0
CAGGCCAGTGCTATTG-1_4,Stele,Cortex,,3,1,3,4,2,1
CAGGCCAGTTTCCAAG-1_6,Mesophyll,Mesophyll,,1,2,1,0,0,2
CAGGCCATCAAACCTG-1_6,Epidermal,Mesophyll,,3,1,3,2,5,5
CAGGCCATCTGCTTTA-1_3,Mesophyll,Mesophyll,,3,1,3,2,5,0
CAGGGCTAGCTAGATA-1_4,Mesophyll,Root endodermis,,4,3,4,8,10,12
CAGGGCTAGGGTAATT-1_5,Epidermal,Root cap,,3,1,3,4,0,7
CAGGGCTAGGTCACCC-1_4,Epidermal,Leaf pavement cell,,0,0,0,6,1,7
CAGGGCTAGTTACGTC-1_4,Epidermal,Leaf pavement cell,,2,1,2,3,3,3
CAGGGCTAGTTGCATC-1_6,Mesophyll,Root endodermis,,1,2,1,0,0,2
CAGGGCTCAAACAGGC-1_2,Epidermal,Root endodermis,,0,0,0,5,1,8
CAGGGCTCAAACCACT-1_1,Mesophyll,Mesophyll,,1,2,1,0,0,2
CAGGGCTCAACGGCTC-1_1,Mesophyll,Root cortex,,0,0,0,1,2,14
CAGGGCTCAAGCGAGT-1_3,Epidermal,Flower meristem,,2,1,2,4,3,0
CAGGGCTCAGTGACCC-1_1,Epidermal,Root cortex,,2,0,2,4,2,7
CAGGGCTCATTCCTCG-1_4,Epidermal,Mesophyll,,3,1,3,2,8,10
CAGGGCTCATTGTAGC-1_4,Epidermal,Root cortex,,2,1,2,3,3,3
CAGGGCTGTACGAGTG-1_1,Mesophyll,Root cortex,,2,1,2,4,2,1
CAGGGCTGTGATACAA-1_6,Epidermal,Vascular cambium,,4,3,4,8,10,12
CAGGGCTGTGGCTTGC-1_5,Mesophyll,Flower meristem,,0,0,0,6,6,6
CAGGGCTGTGTGAATA-1_5,Stele,Vascular cambium,,4,3,4,8,10,12
CAGGGCTGTTTACCAG-1_2,Mesophyll,Mesophyll,,1,2,1,0,0,16
CAGGGCTTCCGGTAGC-1_6,Mesophyll,Mesophyll,,3,1,3,2,5,5
CAGGTATAGAGTACCG-1_3,Epidermal,Mesophyll,,1,2,1,0,0,2
CAGGTATAGATGGCAC-1_5,Epidermal,Mesophyll,,1,2,1,0,0,15
CAGGTATAGGATCATA-1_4,Epidermal,Root cortex,,2,1,2,4,2,1
CAGGTATCAATGTGGG-1_4,Epidermal,Root cap,,0,0,0,5,1,4
CAGGTATGTAACGGTG-1_2,Mesophyll,Root cortex,,3,1,3,2,8,16
CAGGTATGTAAGATCA-1_6,Epidermal,Lateral root cap,,0,0,0,1,7,4
CAGGTATGTAAGTTGA-1_4,Epidermal,Root endodermis,,0,0,0,6,1,4
CAGGTATGTCGTTATG-1_3,Epidermal,Mesophyll,,3,1,3,2,5,15
CAGGTATTCAAATGCC-1_4,Epidermal,Root endodermis,,0,0,0,0,6,16
CAGGTATTCAACACCA-1_6,Mesophyll,Root cortex,,1,2,1,0,0,7
CAGGTATTCCACACCT-1_2,Epidermal,Root procambium,,0,0,0,1,1,4
CAGGTATTCCATTGCC-1_6,Epidermal,Root cortex,,3,1,3,2,8,0
CAGGTATTCGAGTGGA-1_2,Mesophyll,Explant vasculature and callus founder cell,,1,2,1,0,0,7
CAGGTATTCTGGGTCG-1_3,Mesophyll,Mesophyll,,1,2,1,0,0,0
CAGGTATTCTTACGGA-1_5,Epidermal,Mesophyll,,1,2,1,0,8,16
CAGGTATTCTTTGCAT-1_3,Epidermal,Cortex,,3,1,3,2,5,5
CAGTGCGAGCGCCTCA-1_3,Epidermal,Mesophyll,,3,1,3,2,8,10
CAGTGCGGTGTGACCC-1_2,Meristematic,Mesophyll,,1,2,1,0,0,2
CAGTGCGTCATCAGTG-1_6,Stele,Phloem parenchyma,,0,0,0,5,1,8
CAGTGCGTCTACCCAC-1_1,Mesophyll,Root endodermis,,1,0,1,7,9,11
CAGTTAGAGTCCCAGC-1_4,Mesophyll,Mesophyll,,3,1,3,2,8,15
CAGTTAGCAGGACTAG-1_4,Epidermal,Root cortex,,3,1,3,2,8,15
CAGTTAGCAGGTTTAC-1_3,Epidermal,Root cortex,,0,0,0,4,1,7
CAGTTAGGTACTGACT-1_3,Epidermal,Mesophyll,,0,0,0,6,6,6
CAGTTAGGTCTTGCTC-1_4,Mesophyll,Mesophyll,,3,1,3,2,5,5
CAGTTAGTCGGATACT-1_3,Epidermal,Cortex,,1,1,1,0,7,15
CAGTTCCAGCGCCTAC-1_2,Mesophyll,Root cap,,3,1,3,2,8,10
CAGTTCCAGGGTCAAC-1_4,Epidermal,Root cortex,,2,1,2,3,3,3
CAGTTCCCATACCACA-1_4,Epidermal,Mesophyll,,1,2,1,0,0,2
CAGTTCCTCCTTATGT-1_1,Epidermal,Lateral root cap,,2,1,2,4,2,1
CAGTTCCTCTGCCTGT-1_6,Epidermal,Phloem,,5,2,5,1,4,17
CAGTTCCTCTGTAAGC-1_6,Epidermal,Mesophyll,,3,1,3,2,5,5
CATAAGCAGACATCCT-1_6,Stele,Mesophyll,,2,1,2,3,8,3
CATAAGCAGAGCGACT-1_2,Mesophyll,Root cortex,,2,1,2,4,2,1
CATAAGCAGCACCTGC-1_1,Epidermal,Mesophyll,,3,1,3,2,5,5
CATAAGCAGCATGCAG-1_2,Mesophyll,Mesophyll,,3,1,3,2,9,5
CATAAGCCAACTGTGT-1_1,Mesophyll,Mesophyll,,1,2,1,0,0,2
CATAAGCCAAGCGCAA-1_2,Epidermal,Flower meristem,,4,3,4,8,10,12
CATAAGCCAATGAGCG-1_6,Epidermal,Root endodermis,,0,0,0,1,1,4
CATAAGCCAGACGCTC-1_5,Epidermal,Phloem,,0,0,0,1,4,9
CATAAGCCAGTCGCTG-1_4,Epidermal,Mesophyll,,0,2,0,1,4,17
CATAAGCCATTGCCTC-1_3,Epidermal,Root hair,,5,4,5,9,11,18
CATAAGCGTCAACCTA-1_2,Mesophyll,Mesophyll,,1,2,1,0,0,2
CATAAGCGTCCAGTTA-1_5,Epidermal,Root cortex,,2,1,2,4,2,1
CATAAGCGTTCCCACT-1_2,Epidermal,Mesophyll,,3,1,3,2,5,5
CATAAGCTCAAGTTGC-1_1,Mesophyll,Cortex,,3,1,3,2,2,1
CATAAGCTCCGTTTCG-1_3,Mesophyll,Mesophyll,,3,1,3,2,8,10
CATACAGCAAACAGGC-1_5,Epidermal,Mesophyll,,1,2,1,0,4,0
CATACAGCAACGATTC-1_4,Epidermal,Non-hair,,0,0,0,5,1,4
CATACAGGTTGGGATG-1_6,Epidermal,Root cortex,,2,1,2,4,2,1
CATACAGTCAAAGCCT-1_4,Mesophyll,Mesophyll,,3,1,3,2,2,15
CATACAGTCCCAATAG-1_3,Mesophyll,Root cortex,,0,0,0,1,7,13
CATACAGTCGATACGT-1_4,Epidermal,Root endodermis,,0,0,0,5,1,8
CATACAGTCTCTATAC-1_5,Mesophyll,Mesophyll,,1,2,1,0,0,2
CATACCCAGATACATG-1_2,Epidermal,Mesophyll,,0,0,0,1,4,0
CATACCCAGCCGAACA-1_2,Mesophyll,Leaf guard cell,,0,0,0,1,4,4
CATACCCAGCCGATCC-1_1,Mesophyll,Root cortex,,3,1,3,2,8,10
CATACCCAGCTTGTGT-1_1,Mesophyll,Root cortex,,2,1,2,4,2,1
CATACCCAGGGATCAC-1_3,Mesophyll,Mesophyll,,1,2,1,0,0,2
CATACCCAGTAAGAGG-1_5,Epidermal,Root cortex,,2,1,2,4,2,1
CATACCCAGTCGGGAT-1_5,Epidermal,Mesophyll,,5,2,5,9,4,17
CATACCCCAGGAATAT-1_3,Epidermal,Root cortex,,1,1,1,2,9,14
CATACCCTCATCCTAT-1_2,Stele,Explant vasculature and callus founder cell,,1,2,1,0,0,2
CATACCCTCCCGAGAC-1_2,Stele,Root cortex,,0,0,0,1,1,9
CATACCCTCGTTCATT-1_3,Epidermal,Leaf pavement cell,,3,1,3,1,4,9
CATACCCTCTACGGGC-1_4,Epidermal,Mesophyll,,0,0,0,6,6,6
CATACTTAGACGGAAA-1_3,Epidermal,Mesophyll,,3,1,3,1,7,15
CATACTTAGCGCATCC-1_3,Epidermal,Root cortex,,2,1,2,3,2,1
CATACTTAGGTCTACT-1_1,Mesophyll,Mesophyll,,0,0,0,1,6,9
CATACTTCAGCATTGT-1_5,Epidermal,Cortex,,2,1,2,4,2,1
CATACTTGTCCGAAGA-1_5,Epidermal,Mesophyll,,0,0,0,1,4,0
CATACTTTCGAAGCAG-1_4,Epidermal,Flower meristem,,0,2,0,1,7,13
CATACTTTCTATGCCC-1_4,Mesophyll,Mesophyll,,1,2,1,0,0,0
CATAGACAGGAAGTCC-1_4,Mesophyll,Root cortex,,2,0,2,4,2,1
CATAGACCAGAGTGAC-1_2,Epidermal,Leaf pavement cell,,0,0,0,5,0,16
CATAGACGTAGCGCTC-1_6,Meristematic,Non-hair,,1,1,1,1,7,14
CATAGACGTCGAGCAA-1_3,Epidermal,Root cap,,0,0,0,1,7,13
CATAGACGTGGGCTTC-1_3,Epidermal,Root endodermis,,2,0,2,6,6,6
CATAGACGTTTACTGG-1_5,Meristematic,Mesophyll,,1,2,1,0,0,2
CATAGACTCACCATGA-1_5,Stele,Mesophyll,,1,2,1,0,0,2
CATAGACTCAGCGCAC-1_5,Meristematic,Mesophyll,,1,2,1,0,0,2
CATAGACTCTCGGCTT-1_2,Meristematic,Leaf pavement cell,,2,1,2,3,3,3
CATCAAGAGGCTAAAT-1_4,Epidermal,Mesophyll,,5,2,5,1,4,17
CATCAAGAGGGACTGT-1_1,Mesophyll,Root endodermis,,0,0,0,5,6,0
CATCAAGAGGTACAGC-1_3,Stele,Phloem,,3,1,3,2,8,0
CATCAAGAGGTCCTGC-1_6,Epidermal,Root hair,,5,4,5,9,11,18
CATCAAGAGTCAAGCG-1_5,Guard,Root cortex,,3,1,3,2,5,5
CATCAAGCAATCAGCT-1_5,Epidermal,Cortex,,3,1,3,2,8,10
CATCAAGCAGATTAAG-1_6,Meristematic,Flower meristem,,0,0,0,1,7,4
CATCAAGGTAGCTTTG-1_3,Mesophyll,Mesophyll,,1,2,1,0,0,2
CATCAAGGTCGTTGCG-1_5,Stele,Root procambium,,0,0,0,7,9,11
CATCAAGGTTCCACGG-1_2,Epidermal,Mesophyll,,0,0,0,6,6,6
CATCAAGGTTGGCTAT-1_1,Epidermal,Root cortex,,0,0,0,1,4,15
CATCAAGTCACCACAA-1_1,Epidermal,Root cortex,,1,1,1,2,5,14
CATCAAGTCACCGGTG-1_5,Epidermal,Mesophyll,,1,2,1,0,0,0
CATCAAGTCCAGCTCT-1_3,Mesophyll,Mesophyll,,3,1,3,2,8,5
CATCAAGTCCCTCTAG-1_1,Mesophyll,Mesophyll,,3,1,3,2,5,5
CATCAAGTCCTCAGGG-1_3,Epidermal,Protoxylem,,0,0,0,1,1,0
CATCAAGTCGCTACAA-1_5,Epidermal,Non-hair,,0,0,0,1,1,4
CATCAAGTCGGTGTTA-1_3,Stele,Cortex,,2,1,2,4,7,7
CATCCACAGAGGGCGA-1_5,Mesophyll,Mesophyll,,1,2,1,0,4,16
CATCCACAGCAACTTC-1_5,Epidermal,Sieve element,,1,2,1,1,4,15
CATCCACAGCATGAAT-1_4,Mesophyll,Root endodermis,,2,0,2,3,3,7
CATCCACAGCTCGGCT-1_2,Epidermal,Mesophyll,,5,2,5,9,4,17
CATCCACAGTCAGAGC-1_5,Epidermal,Root endodermis,,0,0,0,1,1,9
CATCCACCACGGCTAC-1_1,Mesophyll,Mesophyll,,3,1,3,2,5,5
CATCCACCAGACATCT-1_3,Mesophyll,Mesophyll,,3,1,3,2,5,5
CATCCACCATACTGTG-1_1,Epidermal,Shoot system epidermis,,2,1,2,3,3,3
CATCCACCATGTTCAG-1_2,Mesophyll,Mesophyll,,1,2,1,0,0,2
CATCCACCATTCCTAT-1_4,Epidermal,Root cap,,1,2,1,0,0,0
CATCCACGTGGCTACC-1_2,Mesophyll,Root cortex,,2,1,2,4,2,1
CATCCACGTGTAACGG-1_3,Epidermal,Columella root cap,,2,0,2,4,2,7
CATCCACGTTCTTGCC-1_3,Stele,Mesophyll,,1,2,1,0,0,2
CATCCACTCATTATCC-1_1,Epidermal,Root cortex,,2,1,2,4,2,1
CATCCACTCGCAACAT-1_1,Epidermal,Mesophyll,,1,2,1,0,0,0
CATCCACTCGTCTCAC-1_4,Epidermal,Columella root cap,,0,0,0,1,1,9
CATCCCAAGCCACAAG-1_3,Epidermal,Mesophyll,,1,2,1,0,4,0
CATCCCAAGGCCACCT-1_1,Mesophyll,Bundle sheath,,0,1,0,1,4,9
CATCCCAAGTCACACT-1_3,Epidermal,Mesophyll,,5,4,5,9,11,18
CATCCCACACCAGGTC-1_3,Epidermal,Root procambium,,0,0,0,1,7,13
CATCCCAGTGGATTTC-1_1,Epidermal,Root cortex,,2,1,2,3,2,3
CATCCCAGTGTCTCCT-1_4,Mesophyll,Mesophyll,,1,2,1,0,0,0
CATCCCAGTTGTATGC-1_2,Epidermal,Flower meristem,,0,0,0,5,1,8
CATCCCATCAAACGTC-1_6,Epidermal,Non-hair,,1,0,1,6,8,10
CATCCCATCAAGTTGC-1_6,Epidermal,Root endodermis,,1,2,1,0,0,0
CATCCCATCGTGCAGC-1_3,Meristematic,Mesophyll,,3,1,3,2,6,6
CATCCCATCTAGGCCG-1_1,Meristematic,Columella root cap,,0,0,0,1,3,9
CATCCGTAGCAGCACA-1_4,Epidermal,Root cortex,,2,1,2,3,3,3
CATCCGTAGTCAGAGC-1_1,Mesophyll,Phloem,,4,3,4,8,10,12
CATCCGTCACCCTGTT-1_3,Mesophyll,Root cortex,,3,1,3,4,4,7
CATCCGTCATTCTCTA-1_4,Mesophyll,Root endodermis,,2,1,2,4,2,1
CATCCGTGTCGGTACC-1_6,Epidermal,Root cortex,,1,2,1,0,0,0
CATCCGTGTGTCCACG-1_6,Meristematic,Mesophyll,,1,2,1,0,0,16
CATCCGTGTTTCCATT-1_3,Mesophyll,Leaf pavement cell,,2,1,2,3,2,1
CATCCGTTCCCAGGAC-1_5,Mesophyll,Root cortex,,2,1,2,2,2,1
CATCCGTTCCCGAATA-1_6,Mesophyll,Mesophyll,,3,1,3,2,8,5
CATCCGTTCGCTTAAG-1_5,Mesophyll,Mesophyll,,3,1,3,1,4,9
CATCCGTTCGTAGCCG-1_4,Epidermal,Mesophyll,,1,2,1,0,0,2
CATCCGTTCTCAAAGC-1_3,Stele,Root endodermis,,1,0,1,5,0,7
CATCCGTTCTCATTGT-1_1,Meristematic,Mesophyll,,1,2,1,11,12,19
CATCGCTAGACTTGTC-1_2,Epidermal,Mesophyll,,1,2,1,0,0,2
CATCGCTAGTGCTCAT-1_3,Mesophyll,Mesophyll,,3,1,3,2,5,5
CATCGCTAGTTCCGGC-1_5,Epidermal,Mesophyll,,1,2,1,1,4,15
CATCGCTAGTTGTCGT-1_5,Stele,Root cortex,,1,2,1,7,9,11
CATCGCTCACATACTG-1_2,Meristematic,Mesophyll,,0,0,0,1,3,9
CATCGCTCACTTGAAC-1_1,Mesophyll,Root cortex,,3,1,3,4,2,1
CATCGCTCACTTGGCG-1_5,Epidermal,Root cortex,,4,3,4,8,10,12
CATCGCTCAGAGGGTT-1_6,Mesophyll,Mesophyll,,3,1,3,2,5,5
CATCGCTGTAATTGGA-1_2,Mesophyll,Mesophyll,,3,2,3,0,8,0
CATCGCTGTCGAATGG-1_3,Epidermal,Root cortex,,2,1,2,4,2,1
CATCGCTGTTGCTCGG-1_1,Epidermal,Mesophyll,,2,1,2,3,2,15
CATCGCTGTTTCTTAC-1_2,Mesophyll,Mesophyll,,3,1,3,2,5,5
CATCGCTTCATGCCAA-1_6,Meristematic,Leaf pavement cell,,2,1,2,3,2,3
CATCGGGAGCCTGGAA-1_6,Mesophyll,Mesophyll,,1,2,1,7,9,11
CATCGGGAGGAATTAC-1_2,Mesophyll,Mesophyll,,3,1,3,2,5,5
CATCGGGAGGCCTGAA-1_6,Epidermal,Root cortex,,0,0,0,5,1,8
CATCGGGAGTAGCCAG-1_3,Epidermal,Mesophyll,,3,1,3,0,8,10
CATCGGGCAACACGTT-1_1,Mesophyll,Root cortex,,2,0,2,5,7,7
CATCGGGCAACTCCAA-1_4,Epidermal,Mesophyll,,1,2,1,0,0,2
CATCGGGCAGACATCT-1_2,Stele,Phloem pole pericycle,,0,0,0,5,1,4
CATCGGGGTAGGCAAC-1_1,Epidermal,Root cortex,,2,1,2,4,2,1
CATCGGGGTTGGGCCT-1_2,Epidermal,Mesophyll,,3,1,3,2,5,5
CATCGGGTCCCAGGAC-1_1,Stele,Phloem,,3,1,3,10,4,9
CATCGGGTCCTGTACC-1_1,Mesophyll,Mesophyll,,1,2,1,0,0,2
CATCGGGTCGTGGTAT-1_2,Mesophyll,Mesophyll,,3,1,3,2,5,5
CATCGTCCAAAGTATG-1_6,Mesophyll,Mesophyll,,1,2,1,0,0,2
CATCGTCCACACGGTC-1_4,Mesophyll,Mesophyll,,1,2,1,7,9,11
CATCGTCCAGACGGAT-1_5,Epidermal,Mesophyll,,1,2,1,1,4,0
CATCGTCCAGGGAGAG-1_3,Meristematic,Mesophyll,,3,2,3,0,8,10
CATCGTCGTATTTCGG-1_1,Stele,Mesophyll,,3,1,3,2,8,10
CATCGTCTCAAGATAG-1_5,Mesophyll,Root cortex,,2,0,2,5,7,7
CATCGTCTCATGAAAG-1_5,Mesophyll,Root cortex,,3,1,3,2,9,14
CATCGTCTCCCGTGAG-1_2,Stele,Phloem parenchyma,,0,0,0,5,1,8
CATCGTCTCCTACGAA-1_6,Epidermal,Root cortex,,2,0,2,4,2,7
CATCGTCTCTCTGGTC-1_4,Mesophyll,Root cortex,,2,1,2,4,2,1
CATGAGTAGCGAAACC-1_5,Mesophyll,Root cortex,,2,1,2,4,2,1
CATGAGTAGGACACTG-1_1,Mesophyll,Pericycle,,0,0,0,1,7,13
CATGAGTAGGCCTGCT-1_4,Epidermal,Root cortex,,1,2,1,0,0,2
CATGAGTAGGGTTAGC-1_1,Mesophyll,Phloem parenchyma,,2,0,2,6,6,6
CATGAGTCACCTTCGT-1_4,Stele,Phloem,,3,1,3,10,4,9
CATGAGTCATAGGTAA-1_5,Mesophyll,Mesophyll,,1,2,1,0,0,2
CATGAGTTCGCCGAAC-1_2,Mesophyll,Mesophyll,,1,2,1,7,9,11
CATGAGTTCGGTGAAG-1_4,Epidermal,Shoot system epidermis,,0,0,0,1,1,4
CATGAGTTCTGCTTAT-1_5,Epidermal,Leaf pavement cell,,2,1,2,3,3,3
CATGAGTTCTTTGCAT-1_6,Epidermal,Leaf pavement cell,,2,1,2,3,3,3
CATGCAAAGACCACGA-1_1,Mesophyll,Mesophyll,,1,2,1,0,0,2
CATGCAAAGAGCACTG-1_4,Epidermal,Root endodermis,,5,2,5,9,4,17
CATGCAAAGATGCTGG-1_4,Mesophyll,Non-hair,,1,1,1,1,7,14
CATGCAAAGTACCCTA-1_6,Mesophyll,Mesophyll,,1,2,1,7,9,2
CATGCAACAACCGTGC-1_6,Epidermal,Leaf pavement cell,,2,1,2,4,2,1
CATGCAACAAGACCGA-1_3,Mesophyll,Mesophyll,,2,1,2,4,2,1
CATGCAACACTAGTAC-1_5,Epidermal,Mesophyll,,3,1,3,2,5,5
CATGCAACAGACAAAT-1_5,Mesophyll,Leaf guard cell,,0,0,0,6,6,19
CATGCAAGTTGTGGAG-1_4,Mesophyll,Mesophyll,,1,2,1,7,9,11
CATGCAATCATTCGTT-1_1,Guard,Root endodermis,,0,0,0,5,1,8
CATGCAATCGCATAGT-1_6,Mesophyll,Mesophyll,,3,1,3,2,6,15
CATGCAATCTACTCAT-1_4,Epidermal,Cortex,,2,0,2,4,2,7
CATGCAATCTACTCAT-1_6,Epidermal,Root cortex,,2,1,2,3,3,3
CATGCAATCTACTTCA-1_6,Epidermal,Root cortex,,2,1,2,3,8,15
CATGCAATCTGTCGCT-1_3,Epidermal,Root cortex,,2,0,2,4,2,7
CATGCCTAGATCCGAG-1_5,Epidermal,Shoot system epidermis,,2,1,2,3,3,3
CATGCCTAGCGAACTG-1_2,Mesophyll,Root endodermis,,0,0,0,5,1,8
CATGCCTAGGTTAGTA-1_3,Epidermal,Vascular cambium,,4,3,4,8,10,12
CATGCCTAGGTTCCAT-1_1,Stele,Phloem,,4,3,4,8,10,12
CATGCCTCAAGCGCAA-1_2,Mesophyll,Root cap,,3,1,3,1,7,15
CATGCCTCAAGCTGCC-1_3,Meristematic,Root cortex,,3,1,3,2,8,10
CATGCCTCAATCCAGT-1_3,Epidermal,Root endodermis,,2,0,2,5,1,8
CATGCCTCACCAGCCA-1_4,Epidermal,Root endodermis,,0,0,0,1,1,4
CATGCCTCATGCCGCA-1_3,Epidermal,Mesophyll,,1,0,1,6,6,6
CATGCCTGTAGCGTTT-1_4,Mesophyll,Phloem parenchyma,,0,0,0,5,1,8
CATGCCTGTAGGATAT-1_2,Epidermal,Root cap,,2,0,2,5,1,7
CATGCCTGTTACCGTA-1_5,Epidermal,Cortex,,3,1,3,2,5,5
CATGCCTTCCATAGGT-1_5,Mesophyll,Root procambium,,0,0,0,1,1,4
CATGCCTTCCTCTCGA-1_5,Mesophyll,Mesophyll,,1,2,1,7,9,11
CATGCCTTCGTTGTAG-1_1,Epidermal,Root cortex,,2,1,2,4,2,1
CATGCCTTCTACACTT-1_5,Mesophyll,Columella root cap,,0,0,0,5,1,16
CATGCGGAGAGAGAAC-1_2,Stele,Sieve element,,0,0,0,1,1,4
CATGCGGAGAGGTTAT-1_5,Mesophyll,Root cortex,,3,1,3,2,5,5
CATGCGGAGCACGATG-1_3,Mesophyll,Mesophyll,,3,1,3,2,5,5
CATGCGGAGGAGTACC-1_5,Meristematic,Root endodermis,,0,0,0,5,1,4
CATGCGGAGGATGGCT-1_6,Mesophyll,Mesophyll,,4,3,4,8,10,12
CATGCGGCAAGCAATA-1_3,Epidermal,Mesophyll,,1,2,1,0,0,0
CATGCGGCAGTGAGCA-1_2,Epidermal,Root cortex,,2,1,2,4,2,1
CATGCGGCAGTGCGCT-1_6,Mesophyll,Mesophyll,,1,2,1,7,9,11
CATGCGGGTAGATGTA-1_1,Stele,Leaf pavement cell,,2,1,2,3,3,3
CATGCGGGTCCACGCA-1_5,Stele,Mesophyll,,1,2,1,0,0,2
CATGCGGGTTATAGCC-1_5,Mesophyll,Root cap,,0,0,0,1,1,8
CATGCGGTCAAAGGTA-1_1,Mesophyll,Root procambium,,0,0,0,5,1,16
CATGCGGTCAACTCTT-1_3,Mesophyll,Shoot system epidermis,,2,1,2,0,3,2
CATGCGGTCGTCCATC-1_2,Epidermal,Mesophyll,,5,2,5,9,4,17
CATGCGGTCTGGGCCA-1_2,Stele,Root procambium,,1,2,1,7,9,11
CATGCTCAGAGGTGCT-1_3,Epidermal,Root cortex,,3,1,3,2,5,5
CATGCTCAGGCGCTTC-1_3,Epidermal,Non-hair,,2,0,2,3,3,3
CATGCTCAGTATTAGG-1_4,Meristematic,Phloem,,0,1,0,1,9,13
CATGCTCCAAACCATC-1_5,Mesophyll,Mesophyll,,1,2,1,0,0,0
CATGCTCCACCCGTAG-1_3,Stele,Mesophyll,,0,0,0,6,6,6
CATGCTCCAGCGGTCT-1_5,Epidermal,Shoot system epidermis,,2,1,2,3,3,3
CATGCTCCATTAAAGG-1_4,Mesophyll,Root cortex,,2,1,2,4,2,1
CATGCTCCATTGGCAT-1_3,Epidermal,Root endodermis,,2,2,2,0,0,3
CATGCTCGTACAATAG-1_3,Mesophyll,Mesophyll,,1,2,1,0,0,0
CATGCTCGTGCACAAG-1_4,Epidermal,Root endodermis,,5,4,5,9,11,18
CATGCTCGTGGCTTAT-1_2,Epidermal,Flower meristem,,1,2,1,0,0,0
CATGCTCTCAACTCTT-1_4,Mesophyll,Mesophyll,,1,2,1,0,0,2
CATGCTCTCACTGCTC-1_2,Mesophyll,Mesophyll,,3,1,3,4,6,6
CATGCTCTCATTGGTG-1_4,Stele,Cortex,,2,1,2,4,2,1
CATGCTCTCCACACAA-1_6,Meristematic,Mesophyll,,0,0,0,6,6,6
CATGGATAGGTTGTTC-1_3,Epidermal,Root endodermis,,0,0,0,5,1,8
CATGGATAGTGCCTCG-1_1,Epidermal,Root endodermis,,2,1,2,4,2,1
CATGGATAGTTGTCGT-1_1,Stele,Root endodermis,,2,1,2,4,2,1
CATGGATCATGGCTAT-1_6,Stele,Mesophyll,,3,1,3,2,5,5
CATGGATGTCGCACAC-1_5,Epidermal,Root endodermis,,2,1,2,4,2,1
CATGGATGTGTAGGAC-1_4,Mesophyll,Mesophyll,,1,2,1,0,8,15
CATGGATGTGTTGAGG-1_3,Epidermal,Phloem parenchyma,,0,0,0,1,1,4
CATGGATTCTAACGGT-1_3,Mesophyll,Mesophyll,,3,1,3,2,5,5
CATGGTAAGAGAGAAC-1_2,Mesophyll,Root endodermis,,1,2,1,0,0,16
CATGGTAAGTAGATCA-1_2,Stele,Root cortex,,2,1,2,4,2,1
CATGGTACATCAGTCA-1_5,Epidermal,Mesophyll,,3,2,3,2,4,0
CATGGTAGTAGCGTAG-1_5,Epidermal,Root procambium,,0,0,0,1,3,4
CATGGTAGTTCGTGCG-1_1,Epidermal,Root cortex,,2,0,2,4,2,7
CATGGTATCAGGTGTT-1_2,Epidermal,Root endodermis,,0,0,0,6,6,4
CATGGTATCATCTACT-1_1,Epidermal,Mesophyll,,1,2,1,0,0,0
CATGGTATCTGAGGTT-1_6,Meristematic,Mesophyll,,3,1,3,2,8,15
CATGGTATCTGCCCTA-1_1,Epidermal,Root endodermis,,2,0,2,3,3,3
CATTCATAGCCAAGTG-1_3,Meristematic,Mesophyll,,1,2,1,0,0,0
CATTCATAGCGGTATG-1_5,Epidermal,Mesophyll,,1,2,1,0,0,0
CATTCATAGGACTTCT-1_2,Epidermal,Phloem parenchyma,,0,0,0,5,1,8
CATTCATAGGCATCTT-1_2,Mesophyll,Mesophyll,,1,2,1,0,0,0
CATTCATCAATCACGT-1_2,Stele,Root endodermis,,0,0,0,5,1,8
CATTCATCACTAGGTT-1_5,Epidermal,Non-hair,,2,0,2,4,3,0
CATTCATGTAAGTCAA-1_6,Epidermal,Non-hair,,1,1,1,1,7,14
CATTCATGTATGAAGT-1_3,Epidermal,Columella root cap,,0,0,0,1,1,4
CATTCATGTGAAGCTG-1_2,Mesophyll,Mesophyll,,3,1,3,1,0,7
CATTCATGTGCCTACG-1_1,Stele,Cortex,,2,1,2,2,5,5
CATTCATGTTACCCTC-1_1,Epidermal,Mesophyll,,2,0,2,3,3,3
CATTCATTCTAATTCC-1_2,Mesophyll,Mesophyll,,1,2,1,0,0,2
CATTCCGAGTAAAGCT-1_4,Epidermal,Leaf pavement cell,,2,1,2,3,3,3
CATTCCGCAACACAGG-1_6,Stele,Mesophyll,,1,2,1,0,0,2
CATTCCGCAGAATTCC-1_4,Epidermal,Mesophyll,,3,1,3,2,8,10
CATTCCGCAGATGCGA-1_5,Epidermal,Phloem parenchyma,,0,0,0,5,1,8
CATTCCGGTACACGTT-1_1,Epidermal,Non-hair,,0,0,0,5,1,4
CATTCCGGTCGGCTAC-1_3,Epidermal,Root cortex,,2,1,2,4,2,1
CATTCCGGTTCCAGGC-1_1,Mesophyll,Mesophyll,,0,0,0,1,4,9
CATTCCGGTTCCAGGC-1_5,Stele,Sieve element,,0,0,0,3,4,9
CATTCCGTCAAATGCC-1_4,Stele,Mesophyll,,1,2,1,0,0,2
CATTCCGTCAGCGGAA-1_4,Epidermal,Columella root cap,,1,2,1,1,7,14
CATTCCGTCTACACTT-1_1,Epidermal,Root endodermis,,0,0,0,5,1,8
CATTCCGTCTCAATCT-1_3,Stele,Phloem,,3,1,3,10,4,9
CATTCTAAGGGTAGCT-1_5,Mesophyll,Mesophyll,,1,2,1,0,0,0
CATTCTACAAAGGTTA-1_2,Epidermal,Root cortex,,2,1,2,4,2,1
CATTCTACAACGGCTC-1_5,Epidermal,Non-hair,,4,3,4,8,10,12
CATTCTACAATCTCGA-1_3,Stele,Mesophyll,,3,1,3,1,4,9
CATTCTACACGACAAG-1_2,Mesophyll,Mesophyll,,3,1,3,2,8,9
CATTCTACACGGCGTT-1_2,Stele,Mesophyll,,1,2,1,0,0,2
CATTCTAGTACCCAGC-1_2,Epidermal,Mesophyll,,0,0,0,6,6,6
CATTCTAGTATTTCCT-1_3,Epidermal,Root cortex,,2,1,2,4,2,1
CATTCTAGTCCTTTGC-1_4,Stele,Mesophyll,,1,2,1,0,0,2
CATTCTATCCAATCTT-1_4,Epidermal,Mesophyll,,0,0,0,4,1,0
CATTGAGCAGTCGCTG-1_4,Mesophyll,Root cortex,,4,3,4,8,10,12
CATTGAGCATACATCG-1_5,Epidermal,Mesophyll,,0,0,0,6,6,6
CATTGAGGTGATTCTG-1_4,Mesophyll,Root endodermis,,0,0,0,6,6,6
CATTGAGGTGGTCCGT-1_1,Mesophyll,Root cortex,,2,1,2,4,2,1
CATTGAGGTTCGTACA-1_4,Mesophyll,Mesophyll,,3,1,3,2,5,5
CATTGAGTCGCGTCGA-1_3,Mesophyll,Root endodermis,,0,0,0,5,9,11
CATTGCCAGACGGAAA-1_1,Mesophyll,Mesophyll,,0,0,0,6,6,6
CATTGCCAGACGGAAA-1_5,Epidermal,Phloem parenchyma,,0,0,0,5,1,8
CATTGCCAGGTGGGTT-1_6,Stele,Leaf guard cell,,1,2,1,0,7,19
CATTGCCAGTTTCTTC-1_1,Stele,Cortex,,0,0,0,1,7,13
CATTGCCCAAAGGAGA-1_2,Epidermal,Explant vasculature and callus founder cell,,1,2,1,0,0,2
CATTGCCCAACAAAGT-1_1,Epidermal,Mesophyll,,1,2,1,0,0,0
CATTGCCCACTCATAG-1_6,Mesophyll,Mesophyll,,1,2,1,0,0,0
CATTGCCCAGACTGCC-1_1,Stele,Columella root cap,,0,0,0,1,1,9
CATTGCCCAGCGTAGA-1_1,Epidermal,Root endodermis,,2,1,2,3,2,1
CATTGCCCAGGTTCGC-1_2,Epidermal,Vascular cambium,,4,3,4,8,10,12
CATTGCCCAGTCCCGA-1_4,Mesophyll,Root endodermis,,0,0,0,6,6,6
CATTGCCGTATAGGAT-1_1,Meristematic,Mesophyll,,1,2,1,0,0,2
CATTGCCGTCGAGTTT-1_4,Stele,Mesophyll,,4,3,4,8,10,12
CATTGCCTCCATGCAA-1_6,Epidermal,Mesophyll,,3,1,3,2,5,5
CATTGCCTCCTACGGG-1_4,Mesophyll,Mesophyll,,1,2,1,0,10,12
CATTGCCTCTATCGCC-1_5,Stele,Mesophyll,,3,1,3,2,2,1
CATTGCCTCTGGGTCG-1_6,Epidermal,Root endodermis,,0,0,0,5,1,17
CATTGTTAGGTTGCCC-1_5,Stele,Mesophyll,,4,3,4,8,10,12
CATTGTTCACTCAAGT-1_5,Mesophyll,Mesophyll,,3,1,3,2,5,5
CATTGTTCAGACTCTA-1_3,Mesophyll,Mesophyll,,0,0,0,6,6,0
CATTGTTCAGACTGCC-1_5,Epidermal,Root cortex,,2,1,2,4,2,1
CATTGTTCATCGAGCC-1_1,Meristematic,Mesophyll,,3,1,3,2,5,5
CATTGTTCATCTTAGG-1_2,Mesophyll,Mesophyll,,1,2,1,0,5,2
CATTGTTTCCACTGGG-1_6,Epidermal,Root procambium,,0,0,0,1,7,13
CATTGTTTCCTAAACG-1_2,Epidermal,Root endodermis,,0,0,0,6,6,6
CATTGTTTCGACCCAG-1_4,Epidermal,Root cortex,,3,1,3,4,2,1
CATTGTTTCGATCCCT-1_2,Mesophyll,Flower meristem,,0,0,0,1,4,13
CATTGTTTCGCGGACT-1_5,Mesophyll,Mesophyll,,1,2,1,0,4,0
CATTGTTTCGTCACCT-1_3,Meristematic,Mesophyll,,1,2,1,0,4,0
CATTGTTTCGTTAGTG-1_3,Epidermal,Root endodermis,,2,0,2,6,4,0
CATTGTTTCTTACTGT-1_5,Mesophyll,Mesophyll,,1,2,1,0,0,2
CATTTCAAGCCGCACT-1_4,Meristematic,Mesophyll,,1,2,1,11,12,19
CATTTCAAGCTTTGTG-1_3,Epidermal,Root cortex,,4,3,4,8,10,12
CATTTCAAGGCATGCA-1_1,Epidermal,Xylem,,0,0,0,1,1,9
CATTTCAAGTCAACAA-1_6,Epidermal,Root endodermis,,0,0,0,6,6,6
CATTTCACAAGCGCAA-1_3,Mesophyll,Root cap,,0,0,0,5,1,8
CATTTCACAATGCAGG-1_5,Epidermal,Mesophyll,,1,2,1,0,4,0
CATTTCACAGACACAG-1_1,Epidermal,Mesophyll,,3,1,3,8,8,15
CATTTCACATAGACTC-1_1,Meristematic,Vascular cambium,,4,3,4,8,10,12
CATTTCATCAAACGAA-1_6,Mesophyll,Root procambium,,1,2,1,0,0,0
CATTTCATCAGAATAG-1_3,Epidermal,Root endodermis,,0,0,0,5,1,7
CATTTCATCCAAGCTA-1_2,Epidermal,Flower meristem,,2,0,2,4,2,1
CATTTCATCGAAATCC-1_5,Mesophyll,Mesophyll,,3,1,3,2,5,5
CATTTCATCGTTCTAT-1_2,Meristematic,Mesophyll,,1,2,1,0,0,0
CATTTCATCTCCCATG-1_3,Stele,Root cortex,,2,1,2,3,2,1
CATTTCATCTTAGCAG-1_3,Epidermal,Lateral root cap,,0,0,0,1,4,13
CCAAGCGAGGTATCTC-1_3,Epidermal,Non-hair,,2,0,2,3,3,3
CCAAGCGAGTAGAATC-1_6,Epidermal,Mesophyll,,1,2,1,0,0,2
CCAAGCGAGTCAGCGA-1_1,Mesophyll,Mesophyll,,1,2,1,0,0,0
CCAAGCGCATACCATG-1_4,Epidermal,Root endodermis,,0,0,0,5,1,8
CCAAGCGGTACGTGAG-1_3,Epidermal,Root cortex,,4,3,4,8,10,12
CCAAGCGGTATCGCAT-1_5,Epidermal,Root endodermis,,2,0,2,3,3,3
CCAAGCGGTTACCTTT-1_2,Epidermal,Root endodermis,,0,0,0,1,4,13
CCAAGCGTCCCTATTA-1_4,Epidermal,Root cortex,,2,1,2,3,3,3
CCAATGAAGCATGAAT-1_4,Meristematic,Root cortex,,3,1,3,2,5,5
CCAATGAAGGACATCG-1_5,Epidermal,Leaf pavement cell,,0,0,0,3,3,3
CCAATGACAAGGTCTT-1_2,Mesophyll,Mesophyll,,3,2,3,1,4,0
CCAATGACAGATTCGT-1_2,Mesophyll,Mesophyll,,0,0,0,6,6,6
CCAATGAGTCAAGCCC-1_6,Epidermal,Cortex,,4,3,4,8,10,12
CCAATGAGTGAGAGGG-1_2,Epidermal,Root procambium,,1,2,1,6,0,6
CCAATGAGTGGACAGT-1_6,Epidermal,Root cortex,,2,0,2,4,2,7
CCAATGAGTTCCAGGC-1_1,Epidermal,Leaf pavement cell,,2,1,2,3,3,3
CCAATGATCCGTGTGG-1_2,Epidermal,Vascular cambium,,0,0,0,1,7,17
CCAATTTAGCTTGTTG-1_1,Epidermal,Root cortex,,3,1,3,2,8,10
CCAATTTAGGTCATTC-1_3,Epidermal,Mesophyll,,1,2,1,0,0,2
CCAATTTCAAGTCATC-1_3,Epidermal,Root cortex,,4,3,4,8,10,12
CCAATTTCACAAAGCG-1_4,Epidermal,Cortex,,4,1,4,8,10,12
CCAATTTCACATCCCT-1_5,Epidermal,Root endodermis,,2,1,2,3,2,3
CCAATTTTCCCGATCT-1_1,Mesophyll,Mesophyll,,3,1,3,2,8,10
CCAATTTTCGAAACAA-1_2,Epidermal,Root endodermis,,2,0,2,6,6,6
CCACAAAAGACCTCAT-1_2,Epidermal,Root cap,,1,2,1,0,0,0
CCACAAACAACTGATC-1_3,Stele,Columella root cap,,1,2,1,0,0,0
CCACAAACAATTCTTC-1_2,Epidermal,Root cap,,0,0,0,5,1,8
CCACAAACATTGACAC-1_2,Stele,Root endodermis,,1,2,1,0,0,19
CCACAAAGTGGGTCAA-1_1,Mesophyll,Root endodermis,,0,0,0,6,6,6
CCACAAATCCGATCGG-1_3,Epidermal,Phloem,,3,1,3,2,8,10
CCACACTAGTCTGGAG-1_4,Epidermal,Flower meristem,,0,0,0,1,1,9
CCACACTCAACACAGG-1_3,Meristematic,Microspore nuclei,,0,0,0,1,4,9
CCACACTCAAGGTCAG-1_2,Mesophyll,Root cap,,3,1,3,2,8,10
CCACACTCACTACGGC-1_4,Stele,Guard cell,,1,2,1,0,7,19
CCACACTCATCAGTCA-1_5,Mesophyll,Mesophyll,,1,2,1,0,8,15
CCACACTCATTGAAGA-1_4,Stele,Root cortex,,3,1,3,2,8,10
CCACACTGTGAACTAA-1_4,Mesophyll,Root endodermis,,0,0,0,5,1,8
CCACACTGTTATTCTC-1_1,Epidermal,Phloem parenchyma,,0,0,0,5,1,4
CCACCATAGTCGAAGC-1_2,Epidermal,Root cap,,0,0,0,4,10,12
CCACCATCAACGCCCA-1_1,Epidermal,Root cap,,0,0,0,1,7,13
CCACCATCAAGAGTAT-1_3,Epidermal,Mesophyll,,1,2,1,0,0,2
CCACCATCAAGTGACG-1_2,Mesophyll,Mesophyll,,3,1,3,2,2,1
CCACCATCACAATGCT-1_4,Epidermal,Flower meristem,,3,1,3,1,4,9
CCACCATCACGCTATA-1_4,Mesophyll,Columella root cap,,0,0,0,1,4,9
CCACCATCACTGTTCC-1_4,Epidermal,Root procambium,,0,0,0,1,7,13
CCACCATCAGTGCCTG-1_3,Epidermal,Root cortex,,2,1,2,4,2,1
CCACCATCATGCTGCG-1_1,Mesophyll,Mesophyll,,4,3,4,8,10,12
CCACCATGTCGCAACC-1_4,Epidermal,Non-hair,,0,0,0,1,7,4
CCACCATGTTCATCTT-1_2,Mesophyll,Mesophyll,,1,2,1,0,0,0
CCACCATTCCAACCGG-1_3,Mesophyll,Mesophyll,,1,2,1,1,4,15
CCACCATTCCAATCTT-1_6,Meristematic,Root cap,,3,1,3,2,8,10
CCACCATTCCGTATAG-1_1,Epidermal,Mesophyll,,1,2,1,0,0,0
CCACGAGAGTAGTGCG-1_6,Epidermal,Root cortex,,1,2,1,2,9,14
CCACGAGCATGACTAC-1_6,Epidermal,Root procambium,,1,3,1,1,7,14
CCACGAGGTACTCAAC-1_6,Mesophyll,Mesophyll,,1,2,1,7,9,11
CCACGAGGTAGGAGTC-1_6,Epidermal,Leaf pavement cell,,2,1,2,3,2,1
CCACGAGTCATAGAGA-1_2,Stele,Root cortex,,2,1,2,4,2,1
CCACGAGTCGCCCAGA-1_4,Mesophyll,Root endodermis,,1,0,1,5,0,6
CCACGAGTCGCTCATC-1_6,Mesophyll,Mesophyll,,1,2,1,0,0,2
CCACGAGTCTCAAAGC-1_1,Epidermal,Root cortex,,2,1,2,4,2,7
CCACGTTAGCGCTGAA-1_6,Mesophyll,Flower meristem,,1,2,1,0,7,0
CCACGTTAGGTTGTTC-1_3,Mesophyll,Mesophyll,,3,1,3,2,5,5
CCACGTTCAATATCCG-1_4,Epidermal,Root endodermis,,0,0,0,5,1,7
CCACGTTCAGTGTATC-1_4,Epidermal,Leaf pavement cell,,2,1,2,3,3,3
CCACGTTGTGATAGAT-1_1,Epidermal,Root endodermis,,0,0,0,3,3,0
CCACGTTTCTGGGCAC-1_4,Epidermal,Root endodermis,,0,0,0,5,1,8
CCACGTTTCTTGGATG-1_4,Stele,Phloem,,4,3,4,8,10,12
CCACTTGAGACCAAAT-1_2,Epidermal,Root cortex,,1,2,1,0,0,2
CCACTTGAGAGGATGA-1_2,Mesophyll,Mesophyll,,1,2,1,0,0,0
CCACTTGAGTTGCGCC-1_1,Mesophyll,Cortex,,3,1,3,2,8,10
CCACTTGCATAGCTGT-1_2,Epidermal,Bundle sheath,,0,0,0,1,7,7
CCACTTGGTAGACGTG-1_1,Epidermal,Root cortex,,2,1,2,4,2,1
CCACTTGGTATGATCC-1_4,Stele,Mesophyll,,1,2,1,0,0,2
CCACTTGGTATGCAAA-1_4,Mesophyll,Root cortex,,2,1,2,4,2,1
CCACTTGGTCACTAGT-1_1,Epidermal,Phloem parenchyma,,0,0,0,6,6,6
CCACTTGGTCGTTGGC-1_4,Meristematic,Root cortex,,1,2,1,0,0,11
CCACTTGGTCTCACAA-1_3,Mesophyll,Mesophyll,,1,2,1,0,0,19
CCACTTGGTCTCGCGA-1_5,Epidermal,Root cortex,,2,1,2,3,2,1
CCACTTGGTGCACAAG-1_2,Stele,Root cap,,0,0,0,5,1,8
CCACTTGGTTGCACGC-1_5,Epidermal,Root cortex,,2,1,2,3,3,3
CCACTTGTCCACAGGC-1_1,Epidermal,Root cap,,0,2,0,0,7,13
CCACTTGTCCATCTCG-1_2,Epidermal,Mesophyll,,1,2,1,0,0,2
CCACTTGTCCGTGCGA-1_4,Mesophyll,Root cap,,3,1,3,2,8,10
CCACTTGTCGGTCAGC-1_4,Mesophyll,Root cortex,,4,3,4,8,10,12
CCACTTGTCTCGCTCA-1_5,Epidermal,Mesophyll,,3,1,3,2,8,10
CCATAAGAGACTGAGC-1_2,Epidermal,Root cortex,,4,3,4,8,10,12
CCATAAGAGATCGCCC-1_5,Mesophyll,Mesophyll,,1,2,1,7,9,2
CCATAAGAGCAACAGC-1_4,Epidermal,Mesophyll,,3,1,3,2,8,15
CCATAAGAGGCCTAAG-1_3,Epidermal,Root cortex,,2,0,2,3,3,3
CCATAAGCAGTAGTTC-1_2,Stele,Companion cell,,3,1,3,10,4,9
CCATAAGGTTGTCCCT-1_1,Epidermal,Root cap,,3,1,3,1,3,14
CCATAAGTCGCCAGAC-1_5,Mesophyll,Mesophyll,,3,1,3,2,8,15
CCATAAGTCTTCGGTC-1_2,Mesophyll,Explant vasculature and callus founder cell,,1,2,1,0,0,2
CCATCACAGCAAACAT-1_3,Mesophyll,Mesophyll,,1,2,1,0,4,0
CCATCACAGCAATAAC-1_4,Epidermal,Bundle sheath,,2,0,2,3,3,3
CCATCACAGGTGCATG-1_1,Epidermal,Shoot system epidermis,,2,1,2,3,3,3
CCATCACAGTATAGGT-1_4,Epidermal,Mesophyll,,0,0,0,6,6,6
CCATCACCAAGGGTCA-1_4,Mesophyll,Mesophyll,,1,2,1,0,0,0
CCATCACCATCCGATA-1_5,Mesophyll,Root cortex,,2,0,2,4,7,7
CCATCACCATCCGTGG-1_4,Mesophyll,Root cortex,,2,1,2,4,5,5
CCATCACGTGTAACGG-1_5,Mesophyll,Mesophyll,,3,1,3,2,5,15
CCATCACTCTAAGAAG-1_4,Epidermal,Cortex,,2,1,2,4,2,1
CCATCACTCTAGCAAC-1_6,Mesophyll,Root hair,,4,3,4,8,10,12
CCCAACTAGAGAGCCT-1_2,Epidermal,Meristematic cell,,3,1,3,1,4,9
CCCAACTAGCACCTGC-1_3,Epidermal,Root procambium,,0,0,0,1,1,0
CCCAACTAGCTCCACG-1_5,Epidermal,Leaf pavement cell,,2,1,2,3,3,3
CCCAACTAGGTAGTCG-1_6,Meristematic,Root endodermis,,1,0,1,6,6,19
CCCAACTCAAAGTGTA-1_4,Epidermal,Root cortex,,2,1,2,3,2,1
CCCAACTGTGATGAAT-1_2,Epidermal,Mesophyll,,0,0,0,6,6,6
CCCAACTGTGCGTGCT-1_5,Epidermal,Root cortex,,0,0,0,5,1,7
CCCAACTGTTAGGCCC-1_2,Mesophyll,Mesophyll,,3,1,3,2,8,10
CCCAACTGTTCCGCTT-1_3,Mesophyll,Mesophyll,,1,2,1,0,0,0
CCCAACTTCACCTCTG-1_4,Mesophyll,Root cap,,3,1,3,2,8,10
CCCAACTTCACTACGA-1_6,Epidermal,Mesophyll,,1,2,1,0,0,0
CCCAACTTCGCTGATA-1_4,Mesophyll,Mesophyll,,3,1,3,2,8,10
CCCAACTTCTCCGTGT-1_4,Epidermal,Non-hair,,3,1,3,1,4,9
CCCATTGAGCCTCTGG-1_1,Epidermal,Phloem parenchyma,,0,0,0,5,1,4
CCCATTGAGCGTACAG-1_3,Mesophyll,Root endodermis,,1,2,1,7,9,11
CCCATTGAGTCCCTAA-1_4,Stele,Phloem,,3,1,3,10,4,9
CCCATTGAGTCCGCGT-1_5,Stele,Mesophyll,,1,2,1,0,0,0
CCCATTGCAACTGAAA-1_5,Mesophyll,Mesophyll,,0,0,0,6,6,6
CCCATTGCAAGAGGTC-1_4,Mesophyll,Shoot system epidermis,,2,1,2,3,3,14
CCCATTGCAGCTCTGG-1_2,Mesophyll,Mesophyll,,0,0,0,6,6,6
CCCATTGGTCTTGCGG-1_5,Epidermal,Root endodermis,,0,0,0,6,6,6
CCCATTGTCAAGAGGC-1_5,Epidermal,Root cortex,,2,1,2,4,2,1
CCCATTGTCAGACCGC-1_6,Meristematic,Root cortex,,1,2,1,0,0,2
CCCATTGTCAGGAACG-1_1,Stele,Root endodermis,,2,1,2,4,2,1
CCCATTGTCCGATAGT-1_3,Mesophyll,Root cortex,,2,1,2,4,2,7
CCCATTGTCCGTGGGT-1_4,Epidermal,Root cap,,0,0,0,5,1,8
CCCATTGTCGGTCACG-1_4,Mesophyll,Root cortex,,2,1,2,4,2,1
CCCATTGTCTTACCGC-1_2,Epidermal,Phloem,,2,0,2,4,2,1
CCCGAAGAGACCATTC-1_6,Mesophyll,Mesophyll,,1,2,1,7,9,2
CCCGAAGAGCAATAAC-1_2,Mesophyll,Mesophyll,,4,3,4,8,10,12
CCCGAAGAGCAATAAC-1_5,Epidermal,Leaf pavement cell,,0,0,0,5,1,8
CCCGAAGAGCAGGCTA-1_1,Mesophyll,Mesophyll,,3,1,3,2,5,5
CCCGAAGAGCATAGGC-1_1,Epidermal,Leaf pavement cell,,2,0,2,3,1,7
CCCGAAGAGTGAATAC-1_5,Epidermal,Leaf pavement cell,,2,1,2,3,3,3
CCCGAAGCAAAGGTTA-1_4,Stele,Explant vasculature and callus founder cell,,0,0,0,1,7,13
CCCGAAGCAGACCAAG-1_4,Epidermal,Mesophyll,,1,2,1,2,5,5
CCCGAAGCAGCTTTGA-1_5,Epidermal,Mesophyll,,2,0,2,3,3,3
CCCGAAGCAGTGGGTA-1_1,Mesophyll,Mesophyll,,0,0,0,6,6,6
CCCGAAGGTAGGATAT-1_2,Mesophyll,Root cortex,,2,1,2,4,7,7
CCCGAAGGTATGCGGA-1_2,Epidermal,Mesophyll,,1,2,1,0,0,16
CCCGAAGGTGTCTTAG-1_1,Epidermal,Companion cell,,0,0,0,1,1,4
CCCGAAGGTTCTGAGT-1_3,Stele,Root cap,,0,0,0,1,7,13
CCCGAAGTCAGGTAAA-1_3,Epidermal,Flower meristem,,5,2,5,0,4,17
CCCGAAGTCATTTCGT-1_5,Mesophyll,Root endodermis,,2,0,2,3,2,8
CCCGAAGTCCAAGCCG-1_6,Epidermal,Root cortex,,2,1,2,4,3,0
CCCGAAGTCCATCGTC-1_3,Epidermal,Companion cell,,0,0,0,1,4,9
CCCGAAGTCCGCTAGG-1_3,Epidermal,Mesophyll,,0,0,0,6,6,6
CCCGAAGTCGACCATA-1_1,Mesophyll,Mesophyll,,1,2,1,7,9,11
CCCGAAGTCGTTGTGA-1_3,Mesophyll,Flower meristem,,3,1,3,2,8,10
CCCGAAGTCTTAAGGC-1_3,Mesophyll,Root endodermis,,0,0,0,6,6,6
CCCGGAAAGCAATAAC-1_1,Epidermal,Non-hair,,4,3,4,8,10,12
CCCGGAAAGGCCATAG-1_5,Mesophyll,Root endodermis,,0,0,0,1,1,4
CCCGGAAAGGTCACAG-1_4,Epidermal,Mesophyll,,3,1,3,2,5,5
CCCGGAACAAACACCT-1_3,Epidermal,Root endodermis,,0,0,0,3,1,0
CCCGGAACAATTGCTG-1_6,Epidermal,Leaf pavement cell,,2,1,2,3,3,3
CCCGGAACAATTTCCT-1_4,Meristematic,Mesophyll,,1,2,1,0,6,6
CCCGGAACACGCAGTC-1_5,Stele,Mesophyll,,1,2,1,0,0,0
CCCGGAACAGAGGTAC-1_1,Epidermal,Mesophyll,,1,2,1,6,0,19
CCCGGAACAGAGTAAT-1_6,Mesophyll,Mesophyll,,1,2,1,0,0,2
CCCGGAACAGGTCCCA-1_4,Mesophyll,Mesophyll,,0,0,0,6,6,6
CCCGGAACATCTCCCA-1_1,Mesophyll,Mesophyll,,1,2,1,7,9,11
CCCGGAACATGACAGG-1_4,Mesophyll,Non-hair,,2,0,2,3,3,14
CCCGGAAGTATACCTG-1_4,Epidermal,Root cortex,,0,0,0,5,1,0
CCCGGAAGTATAGCTC-1_2,Meristematic,Root endodermis,,1,2,1,0,0,0
CCCGGAAGTTCGGTAT-1_5,Stele,Mesophyll,,1,2,1,0,4,17
CCCGGAATCACCCTTG-1_3,Mesophyll,Root cortex,,3,1,3,2,5,5
CCCGGAATCTTCGGAA-1_1,Mesophyll,Mesophyll,,3,1,3,2,0,2
CCCTAACAGGTTGACG-1_3,Mesophyll,Root cortex,,1,2,1,0,0,7
CCCTAACAGTACAGAT-1_5,Mesophyll,Cortex,,3,1,3,2,5,5
CCCTAACCAAGTAGTA-1_3,Mesophyll,Root endodermis,,0,0,0,1,1,9
CCCTAACCAATTGCTG-1_1,Mesophyll,Mesophyll,,3,1,3,2,8,15
CCCTAACCACCCTAAA-1_1,Mesophyll,Root endodermis,,1,2,1,0,0,7
CCCTAACCAGTCAGCC-1_2,Epidermal,Mesophyll,,3,1,3,2,8,10
CCCTAACGTAATCAGA-1_2,Mesophyll,Cortex,,2,1,2,4,2,1
CCCTAACGTCCAGAAG-1_5,Epidermal,Root endodermis,,0,0,0,5,1,8
CCCTAACTCAGCTGTA-1_4,Epidermal,Shoot system epidermis,,2,1,2,3,3,3
CCCTCAAAGCACTCTA-1_3,Stele,Root endodermis,,0,2,0,1,4,17
CCCTCAAAGCCTCTCT-1_3,Epidermal,Mesophyll,,1,2,1,0,0,0
CCCTCAACAATTTCCT-1_1,Mesophyll,Mesophyll,,1,2,1,0,0,2
CCCTCAACAATTTCTC-1_4,Mesophyll,Cortex,,3,1,3,2,8,10
CCCTCAACACATAGCT-1_1,Epidermal,Mesophyll,,1,2,1,0,0,2
CCCTCAACACTACCCT-1_3,Mesophyll,Mesophyll,,1,2,1,0,0,0
CCCTCAACACTATCGA-1_3,Mesophyll,Mesophyll,,1,2,1,0,4,0
CCCTCAACAGAAGCTG-1_3,Mesophyll,Mesophyll,,0,0,0,5,1,8
CCCTCAACATGAGATA-1_1,Epidermal,Root cortex,,2,0,2,5,7,7
CCCTCAAGTATTCTCT-1_3,Epidermal,Xylem,,2,1,2,4,2,1
CCCTCAAGTTACACAC-1_1,Mesophyll,Mesophyll,,2,1,2,3,3,3
CCCTCAAGTTCCTAAG-1_3,Epidermal,Leaf epidermis,,2,1,2,3,3,3
CCCTCAAGTTCGGTTA-1_5,Epidermal,Root endodermis,,0,0,0,5,1,8
CCCTCAAGTTTGGGTT-1_5,Epidermal,Leaf pavement cell,,2,1,2,3,2,1
CCCTCAATCATCGACA-1_3,Epidermal,Flower meristem,,1,2,1,0,0,0
CCCTCAATCTGCTCTG-1_6,Epidermal,Mesophyll,,1,2,1,0,0,2
CCCTCTCAGAAATTGC-1_4,Meristematic,Root endodermis,,0,0,0,5,1,8
CCCTCTCAGTATGCAA-1_5,Mesophyll,Phloem,,3,1,3,2,8,10
CCCTCTCCAAGCACCC-1_4,Epidermal,Root endodermis,,4,3,4,8,10,12
CCCTCTCCAATACAGA-1_4,Mesophyll,Root cortex,,3,1,3,2,8,11
CCCTCTCCATACATCG-1_3,Mesophyll,Mesophyll,,1,2,1,0,0,2
CCCTCTCGTAGCGATG-1_4,Mesophyll,Mesophyll,,1,0,1,7,9,11
CCCTCTCGTATGGTAA-1_1,Epidermal,Root cortex,,1,2,1,0,0,0
CCCTCTCGTCACAATC-1_4,Epidermal,Mesophyll,,1,2,1,0,4,0
CCCTCTCTCCATACAG-1_6,Epidermal,Root endodermis,,1,2,1,0,0,2
CCCTCTCTCCTCTAAT-1_2,Epidermal,Non-hair,,3,1,3,2,8,10
CCCTGATAGTTCATCG-1_5,Meristematic,Mesophyll,,1,2,1,0,0,0
CCCTGATCAACCGCCA-1_4,Mesophyll,Mesophyll,,1,2,1,6,6,2
CCCTGATGTAGCTTTG-1_2,Epidermal,Mesophyll,,0,0,0,4,2,9
CCCTGATGTATGCGTT-1_1,Stele,Mesophyll,,1,0,1,7,9,11
CCCTGATGTGAAGCGT-1_1,Stele,Vascular cambium,,4,3,4,8,10,12
CCCTGATTCAGACAAA-1_6,Epidermal,Mesophyll,,3,1,3,2,8,10
CCCTGATTCATGGAGG-1_2,Epidermal,Phloem,,5,2,5,9,4,17
CCCTTAGAGACCGTTT-1_5,Epidermal,Root cortex,,2,1,2,4,2,1
CCCTTAGAGATACATG-1_2,Epidermal,Non-hair,,0,0,0,5,1,4
CCCTTAGAGATGCCGA-1_5,Mesophyll,Mesophyll,,1,2,1,0,4,0
CCCTTAGAGGCACCAA-1_3,Mesophyll,Root cap,,3,1,3,1,4,9
CCCTTAGAGTAGATCA-1_1,Mesophyll,Mesophyll,,1,2,1,7,9,11
CCCTTAGCAATACGAA-1_4,Mesophyll,Mesophyll,,3,1,3,2,5,10
CCCTTAGCACTCAAGT-1_3,Mesophyll,Mesophyll,,1,2,1,0,0,0
CCCTTAGCAGGGAATC-1_4,Mesophyll,Bundle sheath,,0,0,0,7,9,11
CCCTTAGGTCATCCGG-1_6,Mesophyll,Mesophyll,,1,2,1,0,0,2
CCCTTAGGTCTCTCAC-1_3,Epidermal,Mesophyll,,0,2,0,0,6,16
CCGAACGCACGCTGAC-1_2,Mesophyll,Leaf pavement cell,,3,1,3,2,8,10
CCGAACGCAGACAATA-1_2,Epidermal,Root endodermis,,0,0,0,5,1,8
CCGAACGCATAATGCC-1_4,Epidermal,Root cortex,,2,0,2,4,2,3
CCGAACGGTACTCCGG-1_4,Mesophyll,Mesophyll,,0,0,0,5,4,0
CCGAACGGTTCAAGGG-1_5,Epidermal,Flower meristem,,0,0,0,1,1,4
CCGATCTCAAGTGATA-1_1,Mesophyll,Mesophyll,,0,2,0,1,7,13
CCGATCTCACAGTGAG-1_5,Meristematic,Mesophyll,,3,1,3,2,4,14
CCGATCTCAGTTTGGT-1_5,Epidermal,Mesophyll,,1,2,1,7,9,2
CCGATCTCATCAACCA-1_2,Mesophyll,Mesophyll,,1,2,1,0,0,2
CCGATCTCATCTGGGC-1_5,Epidermal,Root cortex,,4,3,4,8,10,12
CCGATCTGTTGTGCAT-1_4,Epidermal,Xylem,,0,0,0,5,1,8
CCGATGGAGCTAGATA-1_1,Epidermal,Leaf pavement cell,,1,2,1,0,0,11
CCGATGGCACTAGGTT-1_6,Mesophyll,Root endodermis,,0,0,0,5,1,8
CCGATGGGTAGTACGG-1_4,Epidermal,Phloem parenchyma,,2,0,2,3,3,3
CCGATGGGTATTGAGA-1_6,Epidermal,Root procambium,,0,0,0,1,7,13
CCGATGGGTTCAACGT-1_1,Epidermal,Mesophyll,,1,2,1,0,4,17
CCGATGGTCATCACAG-1_4,Epidermal,Root cortex,,2,1,2,4,2,1
CCGATGGTCCTACCAC-1_5,Mesophyll,Mesophyll,,1,2,1,0,0,0
CCGATGGTCGTAGTGT-1_1,Mesophyll,Mesophyll,,3,1,3,2,5,5
CCGATGGTCTCCGTGT-1_1,Mesophyll,Mesophyll,,1,0,1,6,6,6
CCGCAAGAGGCTAACG-1_5,Mesophyll,Root cortex,,3,1,3,4,5,5
CCGCAAGAGGGATCTG-1_1,Stele,Mesophyll,,1,2,1,7,9,11
CCGCAAGAGTTTAGGA-1_6,Epidermal,Leaf pavement cell,,2,1,2,3,3,3
CCGCAAGCAAACACGG-1_3,Mesophyll,Mesophyll,,3,1,3,2,5,5
CCGCAAGCACAGTCAT-1_3,Stele,Mesophyll,,1,2,1,0,0,0
CCGCAAGCACTAACGT-1_3,Epidermal,Root cortex,,1,2,1,0,0,0
CCGCAAGCAGACCATT-1_1,Epidermal,Mesophyll,,2,0,2,4,2,1
CCGCAAGCAGTAACCT-1_2,Meristematic,Vascular cambium,,0,0,0,1,10,13
CCGCAAGCAGTCGGTC-1_2,Epidermal,Root procambium,,0,0,0,1,7,4
CCGCAAGGTAAGTTAG-1_4,Epidermal,Mesophyll,,1,2,1,0,0,0
CCGCAAGGTATGCTAC-1_3,Mesophyll,Mesophyll,,3,1,3,2,5,5
CCGCAAGGTGTCATGT-1_4,Meristematic,Mesophyll,,1,2,1,0,0,2
CCGCAAGTCATACAGC-1_6,Mesophyll,Explant vasculature and callus founder cell,,3,1,3,2,8,10
CCGCAAGTCCTTATAC-1_3,Epidermal,Root endodermis,,0,0,0,5,1,8
CCGGACAAGAGATCGC-1_2,Epidermal,Root cortex,,1,0,1,4,0,7
CCGGACAAGTGCAGCA-1_3,Epidermal,Root endodermis,,0,0,0,5,1,8
CCGGACACAATGGCAG-1_1,Meristematic,Mesophyll,,1,2,1,0,0,2
CCGGACAGTACAGTTC-1_6,Mesophyll,Root endodermis,,0,0,0,5,1,8
CCGGACAGTAGTACGG-1_1,Epidermal,Mesophyll,,2,1,2,3,3,3
CCGGACAGTCCGGCAT-1_2,Epidermal,Root cortex,,3,1,3,2,8,5
CCGGACATCAGTGTGT-1_5,Epidermal,Root cap,,0,0,0,1,7,13
CCGGACATCCCACAGG-1_5,Epidermal,Root cortex,,2,0,2,4,2,1
CCGGACATCCTTTGAT-1_2,Mesophyll,Mesophyll,,1,2,1,0,0,2
CCGGACATCGCAATTG-1_2,Epidermal,Root cortex,,2,0,2,4,2,1
CCGGGTAAGGAGTACC-1_4,Epidermal,Non-hair,,0,0,0,1,3,9
CCGGGTAAGTGTAGAT-1_3,Epidermal,Root endodermis,,1,0,1,6,6,6
CCGGGTACAATGGGTG-1_2,Mesophyll,Root cortex,,1,2,1,0,0,0
CCGGGTACAATTGAGA-1_2,Stele,Mesophyll,,1,2,1,0,0,2
CCGGGTAGTCGTTGGC-1_6,Mesophyll,Root cortex,,2,1,2,4,5,1
CCGGGTATCGACCTAA-1_4,Meristematic,Flower meristem,,0,0,0,1,4,4
CCGGTAGAGAAGAACG-1_2,Mesophyll,Mesophyll,,1,2,1,7,9,11
CCGGTAGGTAGCACAG-1_2,Epidermal,Root endodermis,,2,0,2,3,3,3
CCGGTAGGTATCAGGG-1_1,Epidermal,Mesophyll,,1,2,1,0,0,0
CCGGTAGGTCGCACAC-1_1,Epidermal,Columella root cap,,0,0,0,5,3,14
CCGGTAGGTTCGTAAC-1_1,Epidermal,Mesophyll,,1,2,1,0,0,2
CCGGTAGTCCGAGTGC-1_3,Mesophyll,Mesophyll,,1,2,1,0,0,0
CCGGTGAAGAAACCCG-1_3,Epidermal,Mesophyll,,1,2,1,0,0,2
CCGGTGAAGATTCGAA-1_5,Mesophyll,Root cortex,,2,1,2,3,3,3
CCGGTGAAGCAGCGAT-1_2,Epidermal,Explant vasculature and callus founder cell,,0,0,0,1,7,13
CCGGTGAAGCAGGGAG-1_1,Mesophyll,Non-hair,,0,0,0,1,1,4
CCGGTGACACAACATC-1_6,Epidermal,Xylem,,2,1,2,3,3,3
CCGGTGACACTACCGG-1_6,Mesophyll,Mesophyll,,3,1,3,2,8,10
CCGGTGACAGAGACTG-1_4,Mesophyll,Cortex,,3,1,3,2,5,5
CCGGTGACAGCAAGAC-1_6,Mesophyll,Root endodermis,,0,0,0,6,6,19
CCGGTGACAGCGTGAA-1_2,Epidermal,Leaf pavement cell,,2,1,2,3,3,3
CCGGTGACATCGAGCC-1_1,Epidermal,Root cortex,,2,1,2,4,2,1
CCGGTGATCAGTGATC-1_2,Mesophyll,Mesophyll,,1,2,1,0,4,0
CCGGTGATCATCACCC-1_3,Mesophyll,Mesophyll,,1,2,1,0,0,16
CCGGTGATCATCTATC-1_2,Epidermal,Non-hair,,0,0,0,1,7,4
CCGGTGATCTGTCTCG-1_2,Epidermal,Non-hair,,1,3,1,1,7,14
CCGTAGGAGACAACTA-1_4,Mesophyll,Mesophyll,,1,2,1,7,9,11
CCGTAGGAGATCACCT-1_1,Mesophyll,Root cap,,0,0,0,1,1,4
CCGTAGGAGTGAGTTA-1_4,Epidermal,Root endodermis,,0,0,0,1,1,4
CCGTAGGCACATAGCT-1_2,Mesophyll,Mesophyll,,1,0,1,6,6,6
CCGTAGGCACGCTATA-1_1,Epidermal,Generative nuclei,,3,1,3,4,2,16
CCGTAGGCATGGCGCT-1_6,Epidermal,Leaf pavement cell,,2,1,2,3,3,3
CCGTAGGGTCGATTCA-1_3,Mesophyll,Mesophyll,,1,2,1,7,9,11
CCGTAGGGTTCACGAT-1_2,Epidermal,Shoot system epidermis,,2,1,2,3,3,3
CCGTAGGGTTTACGAC-1_1,Epidermal,Cortex,,2,1,2,4,2,1
CCGTAGGTCATATGGC-1_3,Mesophyll,Mesophyll,,1,0,1,1,7,11
CCGTAGGTCATGGAGG-1_6,Epidermal,Mesophyll,,1,2,1,0,0,0
CCGTAGGTCCATAAGC-1_2,Epidermal,Mesophyll,,5,2,5,9,4,17
CCGTAGGTCCTACCAC-1_5,Mesophyll,Mesophyll,,3,1,3,2,5,5
CCGTAGGTCTGCATGA-1_1,Stele,Flower meristem,,2,1,2,3,3,3
CCGTGAGAGCAAATCA-1_2,Epidermal,Generative nuclei,,3,1,3,2,5,5
CCGTGAGCATATCTCT-1_2,Mesophyll,Root cortex,,2,1,2,4,2,1
CCGTGAGCATGGCTAT-1_1,Mesophyll,Non-hair,,0,0,0,1,1,4
CCGTGAGGTATTCCGA-1_1,Epidermal,Root cap,,2,0,2,4,2,1
CCGTGAGGTCGCATCG-1_4,Epidermal,Mesophyll,,1,2,1,0,0,0
CCGTGAGTCCTGTAAG-1_3,Meristematic,Cortex,,3,1,3,2,5,5
CCGTGAGTCTTCGATT-1_1,Epidermal,Shoot system epidermis,,2,1,2,3,3,3
CCGTTCAAGAAGCGAA-1_4,Epidermal,Leaf pavement cell,,2,1,2,3,3,3
CCGTTCAAGAGTCCGA-1_4,Epidermal,Root cortex,,2,1,2,4,2,1
CCGTTCAAGCACACAG-1_2,Epidermal,Root cortex,,2,0,2,5,1,7
CCGTTCAAGGTAGCCA-1_4,Mesophyll,Mesophyll,,3,1,3,2,8,10
CCGTTCAAGGTCCAGA-1_4,Epidermal,Xylem,,0,0,0,5,1,13
CCGTTCAAGTGCGCTC-1_2,Epidermal,Phloem parenchyma,,0,0,0,3,3,3
CCGTTCACACATGACT-1_3,Epidermal,Mesophyll,,1,2,1,0,0,2
CCGTTCACAGGCTATT-1_4,Mesophyll,Mesophyll,,3,1,3,2,5,5
CCGTTCACATTCAGCA-1_3,Epidermal,Root endodermis,,0,0,0,5,1,8
CCGTTCACATTGAGCT-1_2,Stele,Root endodermis,,1,2,1,0,0,2
CCGTTCACATTGCCTC-1_1,Meristematic,Root cortex,,1,2,1,0,0,0
CCGTTCAGTCTCTCTG-1_4,Epidermal,Root cap,,0,0,0,1,1,4
CCGTTCAGTGGCTGAA-1_5,Epidermal,Mesophyll,,1,2,1,0,0,2
CCGTTCAGTTTCGATG-1_1,Epidermal,Root cortex,,1,2,1,0,0,1
CCGTTCATCACTTCTA-1_2,Epidermal,Cortex,,2,1,2,4,5,1
CCGTTCATCTAACGGT-1_2,Epidermal,Mesophyll,,1,2,1,0,0,0
CCGTTCATCTCGTTTA-1_1,Epidermal,Root cortex,,2,1,2,4,2,1
CCTAACCAGACTCAAA-1_3,Mesophyll,Root cortex,,2,0,2,4,2,7
CCTAACCAGTTCCGTA-1_3,Mesophyll,Mesophyll,,2,0,2,6,6,6
CCTAACCCAATAGGGC-1_4,Stele,Vascular cambium,,1,2,1,1,7,0
CCTAACCCATCATGAC-1_4,Mesophyll,Cortex,,3,1,3,2,5,5
CCTAACCGTCCACTCT-1_2,Epidermal,Non-hair,,0,0,0,5,1,7
CCTAACCGTGTATCCA-1_3,Mesophyll,Mesophyll,,3,1,3,2,5,5
CCTAACCGTTCTAACG-1_4,Mesophyll,Root endodermis,,0,0,0,5,1,7
CCTAACCTCAGCCTTC-1_2,Mesophyll,Mesophyll,,1,2,1,0,0,2
CCTAACCTCATTGTTC-1_6,Epidermal,Root cortex,,2,1,2,1,4,7
CCTAACCTCTGCCTCA-1_2,Epidermal,Non-hair,,4,3,4,8,10,12
CCTAAGAAGCAGCACA-1_2,Mesophyll,Root cortex,,1,2,1,7,9,11
CCTAAGAAGTGAGTGC-1_1,Epidermal,Mesophyll,,1,2,1,0,0,2
CCTAAGAAGTGCACTT-1_3,Mesophyll,Mesophyll,,1,2,1,7,9,16
CCTAAGACATAGGCGA-1_4,Epidermal,Leaf pavement cell,,0,0,0,3,3,3
CCTAAGAGTGCAATAA-1_3,Epidermal,Root endodermis,,2,0,2,5,7,7
CCTAAGAGTTCTCGTC-1_3,Mesophyll,Mesophyll,,1,0,1,7,9,11
CCTAAGATCATTGCCC-1_1,Mesophyll,Mesophyll,,1,2,1,0,10,0
CCTAAGATCCTGTAGA-1_1,Mesophyll,Mesophyll,,3,1,3,4,2,1
CCTAAGATCGTCACCT-1_4,Mesophyll,Root endodermis,,0,0,0,5,1,8
CCTAAGATCTAGTCAG-1_4,Mesophyll,Root hair,,4,3,4,8,10,12
CCTACGTAGCCATCCG-1_2,Mesophyll,Mesophyll,,1,2,1,0,0,0
CCTACGTCAAGAGAGA-1_2,Epidermal,Mesophyll,,0,0,0,6,6,6
CCTACGTCAATGGCCC-1_2,Epidermal,Mesophyll,,3,1,3,2,5,5
CCTACGTCATACGCAT-1_2,Epidermal,Cortex,,3,1,3,2,5,5
CCTACGTGTAACTGCT-1_4,Stele,Leaf pavement cell,,2,1,2,3,3,3
CCTACGTGTCGCATCG-1_4,Meristematic,Mesophyll,,1,2,1,0,0,2
CCTACGTGTTAGAAGT-1_2,Mesophyll,Mesophyll,,3,1,3,2,8,10
CCTACGTGTTTGCAGT-1_1,Stele,Phloem,,3,1,3,8,8,15
CCTACGTTCACTGCTC-1_6,Epidermal,Mesophyll,,2,1,2,3,2,3
CCTACGTTCCATTTCA-1_4,Epidermal,Cortex,,3,1,3,2,2,1
CCTACGTTCCCGAGTG-1_3,Mesophyll,Mesophyll,,3,1,3,2,5,5
CCTACGTTCGACCTAA-1_2,Mesophyll,Root cortex,,3,1,3,4,2,1
CCTATCGAGCTAATGA-1_3,Epidermal,Leaf pavement cell,,2,1,2,3,3,3
CCTATCGAGGGATCAC-1_4,Epidermal,Root endodermis,,1,2,1,0,7,19
CCTATCGAGGTTCTTG-1_3,Mesophyll,Mesophyll,,3,2,3,2,5,5
CCTATCGCAACTTCTT-1_2,Stele,Mesophyll,,3,1,3,2,8,5
CCTATCGCACCACATA-1_1,Mesophyll,Mesophyll,,3,1,3,2,5,5
CCTATCGGTCTACACA-1_4,Mesophyll,Mesophyll,,1,2,1,7,9,11
CCTATCGGTGGCCACT-1_5,Epidermal,Columella root cap,,0,0,0,1,7,4
CCTATCGTCATCGTAG-1_2,Epidermal,Phloem,,3,1,3,2,8,12
CCTCAACAGACTTCGT-1_4,Epidermal,Mesophyll,,2,1,2,3,3,3
CCTCAACAGGAAGTGA-1_2,Mesophyll,Mesophyll,,0,0,0,6,6,13
CCTCAACCAATTGCCA-1_1,Epidermal,Mesophyll,,1,2,1,0,0,2
CCTCAACCACAAGCTT-1_6,Epidermal,Mesophyll,,0,0,0,0,0,0
CCTCAACCACCTGCAG-1_5,Epidermal,Mesophyll,,0,0,0,6,6,7
CCTCAACCAGTGTGCC-1_4,Meristematic,Bundle sheath,,0,0,0,1,4,9
CCTCAACGTAGCCAGA-1_6,Mesophyll,Mesophyll,,1,2,1,0,0,2
CCTCAACTCATGACAC-1_6,Meristematic,Mesophyll,,3,2,3,2,8,10
CCTCAACTCATGCAGT-1_3,Epidermal,Cortex,,3,1,3,2,8,10
CCTCAACTCATGGTAC-1_4,Mesophyll,Leaf pavement cell,,4,3,4,8,7,12
CCTCACAAGAGGGTAA-1_3,Epidermal,Root cortex,,2,1,2,4,2,1
CCTCACAAGCCAACCC-1_3,Mesophyll,Mesophyll,,3,1,3,2,5,5
CCTCACAAGGAGTCTG-1_5,Stele,Flower meristem,,0,2,0,1,4,4
CCTCACACAAAGTATG-1_4,Epidermal,Root cap,,0,0,0,5,1,8
CCTCACACAGAGTTCT-1_3,Mesophyll,Mesophyll,,1,2,1,7,9,11
CCTCACAGTCTCAAGT-1_4,Mesophyll,Root endodermis,,2,0,2,4,2,1
CCTCACATCGCGCTGA-1_3,Mesophyll,Shoot system epidermis,,2,1,2,3,3,3
CCTCAGTAGCTGGAGT-1_2,Epidermal,Non-hair,,2,1,2,3,3,3
CCTCAGTAGGCCTTGC-1_2,Epidermal,Xylem,,2,1,2,3,3,3
CCTCAGTAGGTCACCC-1_5,Epidermal,Phloem parenchyma,,0,0,0,1,7,13
CCTCAGTCAAAGAACT-1_4,Mesophyll,Mesophyll,,1,2,1,0,0,2
CCTCAGTCAATCCTTT-1_6,Epidermal,Shoot system epidermis,,2,1,2,3,3,14
CCTCAGTCACTGCGTG-1_4,Epidermal,Root cortex,,2,1,2,3,3,3
CCTCAGTGTCAACATC-1_4,Mesophyll,Root cortex,,0,0,0,1,4,15
CCTCAGTGTCTAGATC-1_1,Epidermal,Explant vasculature and callus founder cell,,3,1,3,2,5,5
CCTCAGTGTGCGAACA-1_1,Mesophyll,Mesophyll,,1,2,1,0,0,13
CCTCAGTTCGCCGTGA-1_3,Mesophyll,Mesophyll,,1,2,1,0,0,2
CCTCAGTTCTGTCGCT-1_4,Epidermal,Root cortex,,2,1,2,4,2,1
CCTCATGAGAGATTCA-1_6,Meristematic,Root cap,,0,0,0,1,4,0
CCTCATGAGAGCACTG-1_6,Mesophyll,Root cortex,,3,1,3,4,2,1
CCTCATGAGCACTCAT-1_1,Epidermal,Root cortex,,3,1,3,2,5,5
CCTCATGAGTTCACTG-1_3,Mesophyll,Root endodermis,,2,0,2,6,6,6
CCTCATGAGTTGAAGT-1_1,Epidermal,Mesophyll,,2,1,2,3,3,3
CCTCATGCACGGTGAA-1_3,Epidermal,Mesophyll,,1,2,1,0,0,2
CCTCATGCACTGAGGA-1_2,Epidermal,Mesophyll,,1,2,1,0,0,2
CCTCATGCACTTGAAC-1_5,Epidermal,Phloem parenchyma,,0,0,0,6,6,6
CCTCATGCAGTCTGGC-1_6,Epidermal,Mesophyll,,1,2,1,0,0,2
CCTCATGCATTGCTGA-1_2,Stele,Mesophyll,,0,0,0,1,4,9
CCTCATGGTATACCTG-1_1,Stele,Root endodermis,,0,0,0,6,6,6
CCTCATGGTGCCTTCT-1_2,Mesophyll,Root cortex,,3,1,3,4,2,1
CCTCATGGTTATAGAG-1_3,Stele,Root endodermis,,0,0,0,6,6,19
CCTCATGTCCTGTAAG-1_5,Mesophyll,Root cortex,,3,1,3,2,5,5
CCTCATGTCGGAGTGA-1_4,Mesophyll,Mesophyll,,1,0,1,6,6,6
CCTCATGTCTTCCCGA-1_2,Epidermal,Mesophyll,,3,1,3,2,8,10
CCTCCAAAGAAATTCG-1_5,Epidermal,Leaf pavement cell,,2,1,2,3,3,3
CCTCCAAAGGCGAACT-1_3,Mesophyll,Mesophyll,,1,2,1,0,0,2
CCTCCAACAACCAATC-1_3,Epidermal,Root cortex,,2,0,2,4,2,7
CCTCCAAGTATGATCC-1_6,Meristematic,Root cap,,3,1,3,2,8,10
CCTCCAAGTCATCACA-1_3,Epidermal,Bundle sheath,,0,0,0,1,7,13
CCTCCAATCCCGAGAC-1_3,Epidermal,Generative nuclei,,3,1,3,2,8,15
CCTCCAATCGTACACA-1_1,Stele,Phloem parenchyma,,0,0,0,1,1,9
CCTCCTCAGGGCAAGG-1_6,Mesophyll,Root cortex,,1,2,1,7,9,11
CCTCCTCCACTAAACC-1_3,Mesophyll,Mesophyll,,3,1,3,2,5,5
CCTCCTCCACTACGGC-1_3,Epidermal,Leaf pavement cell,,0,0,0,6,6,6
CCTCCTCGTATGCGTT-1_3,Epidermal,Non-hair,,2,0,2,3,3,14
CCTCCTCGTGCCTTCT-1_2,Stele,Phloem,,0,0,0,1,7,13
CCTCCTCTCAAAGCCT-1_5,Mesophyll,Explant vasculature and callus founder cell,,2,1,2,3,3,3
CCTCCTCTCCGTTTCG-1_2,Mesophyll,Mesophyll,,1,2,1,0,0,2
CCTCCTCTCTGTAACG-1_3,Epidermal,Columella root cap,,2,0,2,3,3,9
CCTCTAGCAAGACCGA-1_4,Stele,Root endodermis,,0,0,0,5,1,8
CCTCTAGCAGGTATGG-1_5,Epidermal,Mesophyll,,1,2,1,0,0,2
CCTCTAGGTTCTCCTG-1_1,Mesophyll,Mesophyll,,0,0,0,6,6,6
CCTCTAGGTTGCTTGA-1_5,Mesophyll,Root cortex,,3,1,3,2,5,5
CCTCTAGTCATTTCCA-1_6,Epidermal,Non-hair,,0,0,0,1,7,4
CCTCTAGTCCGATAGT-1_4,Stele,Guard cell,,2,1,2,3,1,3
CCTCTAGTCCGTAATG-1_3,Mesophyll,Phloem pole pericycle,,0,0,0,1,1,4
CCTCTAGTCGGTTCAA-1_2,Epidermal,Root endodermis,,0,0,0,5,1,8
CCTCTAGTCTCTCTAA-1_6,Epidermal,Cortex,,3,1,3,2,2,1
CCTCTCCAGGGCAACT-1_4,Mesophyll,Root cap,,0,0,0,1,7,13
CCTCTCCCAATGAAAC-1_2,Stele,Mesophyll,,3,1,3,2,8,10
CCTCTCCCACTCCCTA-1_5,Epidermal,Root cortex,,2,1,2,1,4,7
CCTCTCCCATTCACCC-1_4,Epidermal,Flower meristem,,3,1,3,1,4,9
CCTCTCCGTAATTAGG-1_6,Epidermal,Non-hair,,4,3,4,8,10,12
CCTCTCCGTACTCCCT-1_5,Epidermal,Shoot system epidermis,,3,1,3,1,8,9
CCTCTCCTCAACACGT-1_3,Epidermal,Leaf pavement cell,,0,0,0,5,1,8
CCTCTCCTCATTCGGA-1_5,Epidermal,Non-hair,,0,0,0,1,7,14
CCTCTCCTCCAAATGC-1_6,Mesophyll,Mesophyll,,1,2,1,0,0,2
CCTCTCCTCCGTCAAA-1_2,Mesophyll,Mesophyll,,3,1,3,2,8,15
CCTCTCCTCGCAGTGC-1_5,Epidermal,Root cortex,,2,1,2,2,5,5
CCTGCATAGCTTGTTG-1_1,Epidermal,Root endodermis,,2,1,2,3,3,3
CCTGCATCAACGGCTC-1_4,Mesophyll,Mesophyll,,1,2,1,0,0,0
CCTGCATCATCCGAAT-1_1,Epidermal,Flower meristem,,1,2,1,0,0,16
CCTGCATGTAGACACG-1_3,Epidermal,Columella root cap,,0,0,0,1,7,4
CCTGCATGTAGCTTTG-1_4,Epidermal,Leaf guard cell,,0,0,0,1,1,4
CCTGCATTCCCTGGTT-1_5,Epidermal,Flower meristem,,1,1,1,1,7,14
CCTGCATTCTAAGCGT-1_6,Epidermal,Root hair,,5,4,5,9,11,18
CCTGTTGAGCAGCAGT-1_1,Epidermal,Cortex,,3,1,3,2,5,5
CCTGTTGAGGTCCGAA-1_2,Mesophyll,Mesophyll,,1,2,1,0,0,0
CCTGTTGAGTCATGCT-1_6,Epidermal,Mesophyll,,1,2,1,1,4,0
CCTGTTGCAGGAGACT-1_2,Epidermal,Leaf pavement cell,,1,2,1,1,3,0
CCTGTTGCATCCGCGA-1_6,Epidermal,Root cortex,,2,1,2,4,2,1
CCTGTTGCATTCTCCG-1_2,Mesophyll,Mesophyll,,3,1,3,2,8,15
CCTGTTGGTACTGCCG-1_6,Mesophyll,Root endodermis,,2,0,2,5,1,7
CCTGTTGGTGAGTGAC-1_2,Stele,Mesophyll,,1,2,1,0,0,2
CCTGTTGTCAAATGCC-1_5,Mesophyll,Root cortex,,3,1,3,2,5,5
CCTGTTGTCCAATGCA-1_4,Mesophyll,Mesophyll,,1,2,1,7,9,11
CCTGTTGTCCATCCGT-1_2,Mesophyll,Mesophyll,,3,1,3,2,5,5
CCTGTTGTCGAGAACG-1_1,Mesophyll,Mesophyll,,1,2,1,7,9,2
CCTGTTGTCGCGCTGA-1_5,Mesophyll,Explant vasculature and callus founder cell,,0,1,0,1,7,13
CCTGTTGTCTGCATGA-1_4,Mesophyll,Mesophyll,,3,1,3,2,8,15
CCTGTTGTCTGCCTGT-1_5,Mesophyll,Mesophyll,,3,1,3,2,8,15
CCTTCAGAGAATACAC-1_4,Epidermal,Mesophyll,,1,2,1,0,0,2
CCTTCAGAGTACAGAT-1_1,Stele,Mesophyll,,0,0,0,6,6,6
CCTTCAGCAGATCATC-1_4,Stele,Phloem,,2,1,2,3,4,9
CCTTCAGCATGACACT-1_5,Mesophyll,Mesophyll,,3,1,3,2,8,10
CCTTCAGCATGTTTGG-1_5,Mesophyll,Mesophyll,,3,1,3,2,5,5
CCTTCAGGTCATAGTC-1_4,Epidermal,Mesophyll,,1,2,1,0,0,2
CCTTCAGGTCTCAGGC-1_4,Epidermal,Root cortex,,2,1,2,3,3,3
CCTTCAGTCAACCGAT-1_5,Epidermal,Mesophyll,,1,2,1,0,0,5
CCTTCAGTCAGCATTG-1_4,Epidermal,Root endodermis,,0,0,0,5,1,4
CCTTCAGTCAGCTCTC-1_4,Epidermal,Mesophyll,,3,1,3,2,8,10
CCTTCAGTCCCGTGTT-1_6,Stele,Root cap,,0,0,0,1,1,4
CCTTCAGTCCTGTACC-1_3,Meristematic,Vascular cambium,,5,2,5,1,4,17
CCTTCAGTCGACGACC-1_1,Mesophyll,Root cortex,,2,1,2,4,2,1
CCTTCAGTCGTGGACC-1_4,Mesophyll,Mesophyll,,1,2,1,0,0,6
CCTTCAGTCTGAGATC-1_4,Epidermal,Explant vasculature and callus founder cell,,0,0,0,6,6,7
CCTTCAGTCTTAGCCC-1_3,Stele,Root procambium,,0,0,0,1,7,13
CCTTCAGTCTTCGGTC-1_2,Mesophyll,Root cortex,,3,1,3,2,5,7
CCTTGTGAGACGCTCC-1_3,Epidermal,Cortex,,2,1,2,4,2,1
CCTTGTGAGATCCCAT-1_5,Epidermal,Root cortex,,2,1,2,4,2,1
CCTTGTGAGTGAGTGC-1_4,Mesophyll,Mesophyll,,3,1,3,1,4,9
CCTTGTGCACTAGGCC-1_3,Stele,Root endodermis,,0,0,0,5,1,8
CCTTGTGGTCGAGCTC-1_1,Mesophyll,Mesophyll,,2,0,2,3,3,16
CCTTGTGGTTAGTCGT-1_4,Mesophyll,Root endodermis,,0,0,0,5,1,7
CCTTGTGTCATCGCCT-1_2,Epidermal,Xylem,,0,2,0,1,4,13
CCTTGTGTCATGAAAG-1_1,Mesophyll,Xylem,,1,1,1,2,8,15
CCTTGTGTCCACAGGC-1_6,Mesophyll,Mesophyll,,3,1,3,2,8,10
CCTTGTGTCGATTCCC-1_2,Mesophyll,Mesophyll,,0,0,0,6,6,6
CCTTGTGTCGTCACCT-1_2,Epidermal,Root endodermis,,0,0,0,1,7,4
CCTTGTGTCTAGCCAA-1_1,Stele,Mesophyll,,1,2,1,0,0,2
CCTTTGGAGGCATCTT-1_6,Mesophyll,Mesophyll,,3,1,3,2,8,9
CCTTTGGAGTGGCGAT-1_5,Mesophyll,Mesophyll,,1,2,1,0,0,2
CCTTTGGCATACACCA-1_4,Mesophyll,Root cortex,,2,1,2,4,2,1
CCTTTGGGTATGATCC-1_4,Mesophyll,Root procambium,,1,2,1,0,0,0
CCTTTGGGTCTCGACG-1_6,Epidermal,Root endodermis,,0,0,0,5,1,8
CCTTTGGGTGTGAGCA-1_6,Epidermal,Root endodermis,,0,0,0,5,1,8
CCTTTGGTCAGCCTTC-1_4,Mesophyll,Mesophyll,,1,2,1,1,4,0
CCTTTGGTCGAACACT-1_5,Epidermal,Root cortex,,2,1,2,4,2,1
CCTTTGGTCGCAACAT-1_1,Mesophyll,Cortex,,3,1,3,4,2,1
CCTTTGGTCTCGAACA-1_3,Mesophyll,Root cortex,,2,1,2,4,2,1
CGAAGGAAGATTGTGA-1_5,Mesophyll,Root cortex,,3,1,3,4,2,1
CGAAGGACAGTTACCA-1_3,Epidermal,Cortex,,2,1,2,3,2,1
CGAAGGACATCCAATG-1_6,Meristematic,Cortex,,3,1,3,0,8,10
CGAAGGACATTCATCT-1_4,Mesophyll,Cortex,,3,1,3,4,4,7
CGAAGGATCTATACTC-1_4,Stele,Mesophyll,,5,2,5,1,4,17
CGAAGGATCTGAGCAT-1_4,Meristematic,Root cortex,,1,2,1,0,0,5
CGAAGTTAGTTCACTG-1_4,Mesophyll,Root cortex,,3,1,3,2,5,5
CGAAGTTCATCACCAA-1_5,Meristematic,Root endodermis,,0,0,0,5,1,8
CGAAGTTCATGACGAG-1_2,Stele,Mesophyll,,1,2,1,0,0,0
CGAAGTTGTACTCCGG-1_4,Stele,Root cortex,,3,1,3,2,2,1
CGAAGTTGTTGTGCAT-1_1,Epidermal,Root endodermis,,2,0,2,3,3,3
CGAAGTTTCACCATCC-1_4,Mesophyll,Root procambium,,0,0,0,0,0,16
CGAAGTTTCAGAATAG-1_1,Mesophyll,Mesophyll,,1,2,1,0,0,2
CGAAGTTTCCAATCTT-1_5,Epidermal,Mesophyll,,3,1,3,2,5,5
CGAAGTTTCCCTATTA-1_4,Epidermal,Cortex,,4,3,4,8,10,12
CGAATTGAGCAGGGAG-1_4,Mesophyll,Root endodermis,,0,0,0,7,9,11
CGAATTGAGTTCGCAT-1_3,Stele,Mesophyll,,0,0,0,1,4,4
CGAATTGCAGGACGAT-1_6,Stele,Phloem,,1,2,1,0,0,2
CGAATTGGTAGCTTTG-1_5,Epidermal,Non-hair,,1,1,1,1,7,14
CGAATTGGTCGCGGTT-1_3,Epidermal,Mesophyll,,1,2,1,0,0,0
CGAATTGGTCTTGCGG-1_6,Epidermal,Mesophyll,,1,1,1,1,7,14
CGAATTGGTGATGGCA-1_4,Epidermal,Root cortex,,3,1,3,4,5,5
CGAATTGTCACCATAG-1_4,Epidermal,Mesophyll,,3,1,3,2,2,1
CGAATTGTCATGGCCG-1_5,Epidermal,Mesophyll,,3,1,3,2,5,5
CGAATTGTCGGCAGTC-1_1,Epidermal,Mesophyll,,0,0,0,6,6,6
CGACAGCAGCATGTTC-1_2,Epidermal,Mesophyll,,1,2,1,0,0,0
CGACAGCAGGCCCACT-1_2,Epidermal,Phloem,,2,1,2,4,2,1
CGACAGCAGTGAGCCA-1_4,Mesophyll,Root cortex,,4,3,4,8,10,12
CGACAGCCAAACCACT-1_5,Epidermal,Root procambium,,0,0,0,6,6,6
CGACAGCTCGACATAC-1_3,Stele,Mesophyll,,1,2,1,0,0,0
CGACAGCTCTGTTGGA-1_3,Epidermal,Mesophyll,,1,2,1,0,0,2
CGAGAAGGTAAGATTG-1_5,Mesophyll,Mesophyll,,0,0,0,6,1,8
CGAGAAGGTATGCAAA-1_3,Mesophyll,Cortex,,4,3,4,8,10,12
CGAGAAGGTGATTCTG-1_3,Epidermal,Mesophyll,,1,2,1,0,4,0
CGAGAAGGTTCAACGT-1_2,Mesophyll,Mesophyll,,3,1,3,4,2,1
CGAGAAGGTTGGGACA-1_1,Stele,Mesophyll,,1,2,1,0,4,0
CGAGGAAAGCGCCTCA-1_2,Mesophyll,Mesophyll,,4,3,4,8,10,12
CGAGGAACACTCGATA-1_1,Epidermal,Cortex,,2,0,2,3,7,7
CGAGGAAGTACCGTCG-1_4,Epidermal,Mesophyll,,0,0,0,1,4,9
CGAGGAAGTGTCCACG-1_5,Mesophyll,Non-hair,,1,1,1,6,3,7
CGAGGAAGTTCAGTAC-1_3,Mesophyll,Mesophyll,,1,2,1,0,0,2
CGAGGAATCATCTACT-1_5,Meristematic,Phloem,,1,2,1,0,4,0
CGAGGAATCCACAGGC-1_6,Mesophyll,Mesophyll,,3,1,3,2,8,10
CGAGGAATCCGCCTAT-1_1,Stele,Root endodermis,,2,0,2,4,2,8
CGAGGAATCGACGACC-1_3,Epidermal,Mesophyll,,2,1,2,3,3,3
CGAGGCTAGAAGCTCG-1_1,Epidermal,Root cortex,,2,1,2,3,2,1
CGAGGCTAGTACAACA-1_1,Mesophyll,Root endodermis,,0,0,0,6,6,6
CGAGGCTGTACAACGG-1_5,Mesophyll,Explant vasculature and callus founder cell,,0,0,0,1,7,13
CGAGGCTGTAGGCTCC-1_1,Epidermal,Root cortex,,2,1,2,4,2,1
CGAGGCTGTGGCTAGA-1_2,Epidermal,Mesophyll,,1,2,1,0,0,0
CGAGGCTGTTCCGCAG-1_4,Mesophyll,Phloem parenchyma,,0,0,0,5,1,8
CGAGGCTTCCTCGATC-1_6,Stele,Sieve element,,3,1,3,10,4,9
CGAGTGCAGAGAATCT-1_6,Stele,Mesophyll,,1,2,1,0,0,0
CGAGTGCAGTCACTGT-1_2,Epidermal,Root cortex,,3,1,3,8,10,15
CGAGTGCTCCTCTCTT-1_2,Epidermal,Root cap,,2,1,2,4,2,1
CGAGTGCTCGACCACG-1_5,Mesophyll,Mesophyll,,1,2,1,0,0,0
CGAGTGCTCTCATGCC-1_4,Epidermal,Flower meristem,,0,1,0,1,4,9
CGAGTGCTCTGCTAGA-1_5,Epidermal,Leaf pavement cell,,2,0,2,5,1,3
CGAGTTAAGGGCTGAT-1_2,Mesophyll,Mesophyll,,1,2,1,7,9,11
CGAGTTAAGTACGTCT-1_5,Mesophyll,Mesophyll,,3,1,3,2,8,10
CGAGTTACAAATGCTC-1_5,Epidermal,Root cortex,,2,1,2,3,3,7
CGAGTTACAAGAGGCT-1_4,Mesophyll,Mesophyll,,1,2,1,7,9,11
CGAGTTACAAGGTCTT-1_3,Epidermal,Non-hair,,0,0,0,1,7,4
CGAGTTACATAGTCAC-1_1,Mesophyll,Non-hair,,0,1,0,1,3,14
CGAGTTAGTACAGTCT-1_5,Epidermal,Leaf pavement cell,,2,1,2,3,3,3
CGAGTTAGTGTGTGGA-1_4,Meristematic,Mesophyll,,3,1,3,2,5,5
CGAGTTATCCATCTGC-1_3,Epidermal,Mesophyll,,1,2,1,0,0,2
CGAGTTATCGTGCACG-1_2,Epidermal,Mesophyll,,1,2,1,0,0,0
CGAGTTATCTTGCAAG-1_6,Mesophyll,Mesophyll,,1,2,1,0,0,2
CGATCGGAGTCCTACA-1_5,Epidermal,Root endodermis,,0,0,0,6,6,6
CGATCGGCAACGTAAA-1_2,Mesophyll,Mesophyll,,2,1,2,4,2,1
CGATCGGCATTGTACG-1_5,Epidermal,Mesophyll,,3,1,3,2,8,10
CGATCGGGTAACTGCT-1_5,Stele,Cortex,,3,1,3,2,8,10
CGATCGGGTACGCTAT-1_3,Mesophyll,Non-hair,,2,0,2,6,6,6
CGATCGGTCATGGTAC-1_1,Stele,Root cortex,,2,1,2,3,2,1
CGATCGGTCGCCGAAC-1_3,Epidermal,Mesophyll,,1,2,1,0,0,0
CGATCGGTCTTCTTCC-1_3,Epidermal,Mesophyll,,3,1,3,2,8,10
CGATGCGAGATAGTGT-1_3,Epidermal,Root endodermis,,0,0,0,5,1,8
CGATGCGCACTGTTCC-1_1,Mesophyll,Mesophyll,,1,2,1,0,0,2
CGATGCGCAGAGATTA-1_5,Meristematic,Root endodermis,,2,1,2,4,2,1
CGATGCGCATGTCGTA-1_4,Epidermal,Root cap,,0,0,0,4,5,6
CGATGCGGTAGGGAGG-1_4,Mesophyll,Mesophyll,,3,1,3,2,8,10
CGATGCGGTATGAAAC-1_2,Epidermal,Columella root cap,,0,0,0,1,7,4
CGATGCGGTATGAAAC-1_5,Epidermal,Non-hair,,2,1,2,3,3,3
CGATGCGGTCTAACGT-1_2,Mesophyll,Phloem parenchyma,,0,0,0,5,1,8
CGATGCGTCAACTGGT-1_2,Epidermal,Generative nuclei,,3,1,3,2,5,0
CGATGCGTCAGCTAGT-1_4,Epidermal,Root procambium,,0,0,0,1,1,4
CGATGGCAGACAACTA-1_2,Epidermal,Root endodermis,,3,1,3,2,8,10
CGATGGCCAAGAATAC-1_5,Epidermal,Root cortex,,2,1,2,4,2,1
CGATGGCCAATAGGGC-1_5,Epidermal,Root cap,,4,3,4,8,10,12
CGATGGCCAATAGTGA-1_3,Meristematic,Phloem parenchyma,,0,0,0,5,1,4
CGATGGCCACTGAGTT-1_3,Epidermal,Mesophyll,,0,0,0,1,4,9
CGATGGCGTCCAGCAC-1_4,Mesophyll,Phloem,,3,1,3,3,2,15
CGATGGCGTGTGTGTT-1_1,Epidermal,Mesophyll,,1,2,1,0,0,2
CGATGGCGTTAGAAGT-1_5,Epidermal,Root endodermis,,3,1,3,2,8,10
CGATGGCGTTGAAGTA-1_5,Meristematic,Mesophyll,,3,1,3,2,8,10
CGATGGCTCACAATGC-1_2,Mesophyll,Mesophyll,,3,1,3,2,2,1
CGATGGCTCAGTGTGT-1_1,Mesophyll,Bundle sheath,,0,0,0,1,4,9
CGATGGCTCGCCGTGA-1_2,Epidermal,Mesophyll,,5,4,5,9,11,18
CGATGGCTCGTAACTG-1_5,Epidermal,Cortex,,0,0,0,1,7,9
CGCAGGTAGAGAGTGA-1_4,Stele,Root endodermis,,3,0,3,3,3,9
CGCAGGTAGATCCTAC-1_3,Epidermal,Root endodermis,,1,0,1,1,7,14
CGCAGGTAGTTGGAGC-1_1,Epidermal,Root cap,,0,0,0,1,7,14
CGCAGGTCACAGAAGC-1_4,Epidermal,Root endodermis,,0,0,0,5,1,8
CGCAGGTTCCCGTAAA-1_3,Meristematic,Root endodermis,,0,0,0,5,1,8
CGCATAAAGAGAGTTT-1_5,Mesophyll,Bundle sheath,,3,1,3,2,5,5
CGCATAAAGCAGGTCA-1_4,Mesophyll,Mesophyll,,2,1,2,4,2,1
CGCATAAAGGTAGGCT-1_4,Mesophyll,Mesophyll,,3,1,3,2,8,10
CGCATAACACCATATG-1_2,Epidermal,Root cortex,,2,1,2,4,2,1
CGCATAACATAACCCA-1_2,Epidermal,Phloem,,0,1,0,1,4,15
CGCATAAGTAACCCTA-1_1,Mesophyll,Mesophyll,,1,2,1,0,0,2
CGCATAAGTACCACGC-1_6,Epidermal,Phloem parenchyma,,0,0,0,5,1,4
CGCATAAGTATGTCTG-1_3,Epidermal,Xylem,,0,0,0,4,1,16
CGCATAAGTCAAGTTC-1_2,Stele,Explant vasculature and callus founder cell,,3,1,3,2,8,15
CGCATAAGTCCGCAGT-1_2,Epidermal,Root cap,,0,0,0,1,3,14
CGCATAAGTGAATGTA-1_4,Mesophyll,Mesophyll,,1,2,1,0,0,16
CGCATAATCCGTATAG-1_5,Stele,Mesophyll,,0,0,0,5,1,8
CGCATAATCGAGCCTG-1_6,Epidermal,Leaf pavement cell,,2,1,2,3,3,3
CGCATGGAGAGATCGC-1_6,Mesophyll,Mesophyll,,1,2,1,0,0,2
CGCATGGAGCGTACAG-1_4,Mesophyll,Mesophyll,,1,2,1,7,9,11
CGCATGGAGGCTAGCA-1_5,Epidermal,Root cortex,,2,1,2,3,3,3
CGCATGGCAATTTCTC-1_5,Meristematic,Leaf pavement cell,,2,1,2,3,3,3
CGCATGGGTTCCACGG-1_6,Mesophyll,Mesophyll,,1,2,1,7,9,11
CGCATGGTCATCACTT-1_2,Stele,Mesophyll,,0,0,0,6,6,6
CGCATGGTCGATCCAA-1_2,Mesophyll,Cortex,,0,0,0,5,1,7
CGCATGGTCGGTAACT-1_6,Mesophyll,Mesophyll,,1,2,1,0,0,2
CGCATGGTCTCTCTTC-1_3,Meristematic,Mesophyll,,1,2,1,0,0,0
CGCCAGAAGATGGGCT-1_4,Mesophyll,Columella root cap,,0,0,0,5,1,8
CGCCAGAAGCTCTTCC-1_6,Stele,Mesophyll,,3,1,3,2,5,5
CGCCAGAAGGCCCAAA-1_3,Stele,Flower meristem,,0,0,0,5,1,8
CGCCAGAAGGTGCATG-1_1,Stele,Root procambium,,0,0,0,1,1,13
CGCCAGACAACAGAGC-1_6,Epidermal,Mesophyll,,4,3,4,8,10,12
CGCCAGACAGAGATTA-1_1,Epidermal,Phloem,,4,3,4,8,10,12
CGCCAGACATGACTGT-1_5,Epidermal,Phloem parenchyma,,0,0,0,5,1,4
CGCCAGACATGCTGCG-1_1,Mesophyll,Root endodermis,,1,2,1,7,9,11
CGCCAGAGTCTCACGG-1_1,Meristematic,Non-hair,,4,3,4,8,10,12
CGCCAGAGTGAACTAA-1_6,Epidermal,Root endodermis,,0,0,0,1,1,4
CGCCAGAGTTCAAGGG-1_5,Epidermal,Mesophyll,,0,0,0,6,6,6
CGCCAGAGTTTAGTCG-1_1,Epidermal,Leaf pavement cell,,2,1,2,3,3,3
CGCCAGAGTTTCACTT-1_2,Mesophyll,Mesophyll,,3,1,3,2,5,5
CGCCAGATCGGTTGTA-1_1,Mesophyll,Mesophyll,,3,1,3,2,5,5
CGCCAGATCTTAGTTC-1_4,Epidermal,Root endodermis,,0,0,0,5,1,8
CGCCATTAGGTGCGAT-1_2,Mesophyll,Mesophyll,,3,1,3,6,6,6
CGCCATTAGTCAGCCC-1_1,Stele,Shoot system epidermis,,2,1,2,3,3,3
CGCCATTCAATTTCCT-1_2,Mesophyll,Mesophyll,,0,0,0,6,3,3
CGCCATTCACGACTAT-1_6,Epidermal,Leaf pavement cell,,0,1,0,3,3,3
CGCCATTCATCCGTTC-1_1,Epidermal,Mesophyll,,3,1,3,2,8,15
CGCCATTCATGTGCCG-1_5,Mesophyll,Root cap,,0,0,0,7,1,11
CGCCATTGTATCGATC-1_1,Mesophyll,Mesophyll,,1,2,1,0,0,2
CGCCATTGTCTCAGAT-1_6,Mesophyll,Mesophyll,,3,1,3,2,5,5
CGCCATTTCCACGTCT-1_4,Meristematic,Mesophyll,,1,2,1,0,0,0
CGCCATTTCCGACGGT-1_6,Epidermal,Mesophyll,,0,2,0,0,4,0
CGCCATTTCTATTCGT-1_6,Mesophyll,Mesophyll,,1,2,1,0,0,0
CGCGTGAAGCAGAAAG-1_6,Meristematic,Root cortex,,2,1,2,4,2,1
CGCGTGAAGCGGCTCT-1_5,Epidermal,Bundle sheath,,0,0,0,1,1,17
CGCGTGACAGGACTTT-1_5,Epidermal,Root endodermis,,2,0,2,3,3,3
CGCGTGAGTCACAGAG-1_1,Mesophyll,Mesophyll,,1,2,1,0,0,0
CGCGTGAGTTAAGGAT-1_5,Mesophyll,Root cortex,,2,1,2,4,2,1
CGCGTGAGTTGAGTCT-1_2,Mesophyll,Mesophyll,,3,1,3,2,5,5
CGCGTGATCATGTCTT-1_1,Mesophyll,Mesophyll,,1,2,1,7,9,11
CGCGTGATCTCCTGTG-1_1,Mesophyll,Mesophyll,,1,2,1,0,0,2
CGCGTGATCTGACAGT-1_2,Epidermal,Mesophyll,,3,1,3,2,5,5
CGGAACCAGAATCTAG-1_5,Stele,Mesophyll,,1,2,1,0,0,2
CGGAACCAGAGTGTTA-1_6,Epidermal,Mesophyll,,0,0,0,5,1,4
CGGAACCAGGGAGGCA-1_4,Epidermal,Root endodermis,,2,1,2,4,2,1
CGGAACCAGTTACTCG-1_2,Mesophyll,Root cortex,,2,1,2,4,2,1
CGGAACCCACAGTCCG-1_2,Epidermal,Leaf pavement cell,,2,1,2,3,3,3
CGGAACCCATGAGGGT-1_2,Epidermal,Root endodermis,,5,4,5,9,11,18
CGGAACCGTACCTAAC-1_3,Mesophyll,Mesophyll,,1,2,1,7,9,2
CGGAACCGTGCCAAGA-1_4,Stele,Phloem,,2,0,2,1,2,9
CGGAACCGTGGCCACT-1_1,Epidermal,Root cap,,3,1,3,1,4,9
CGGAACCGTGTATTGC-1_5,Stele,Flower meristem,,3,1,3,4,2,1
CGGAACCGTTGCATCA-1_5,Stele,Phloem,,3,1,3,10,4,9
CGGAACCTCATTCTTG-1_4,Mesophyll,Root procambium,,0,0,0,5,3,3
CGGAACCTCGTTCTCG-1_4,Stele,Shoot system epidermis,,0,0,0,5,1,8
CGGAACCTCTTACGTT-1_6,Epidermal,Root endodermis,,0,0,0,1,7,8
CGGAATTAGAACCGCA-1_2,Epidermal,Mesophyll,,1,2,1,2,5,2
CGGAATTAGCTTACGT-1_4,Epidermal,Phloem pole pericycle,,0,0,0,1,3,14
CGGAATTAGTCATGCT-1_2,Epidermal,Generative nuclei,,1,1,1,2,0,0
CGGAATTAGTCGAATA-1_1,Epidermal,Root cap,,0,0,0,1,3,9
CGGAATTCACCTATCC-1_2,Epidermal,Mesophyll,,3,1,3,2,8,10
CGGAATTCATAGGAGC-1_6,Mesophyll,Mesophyll,,1,2,1,0,0,2
CGGAATTCATAGGTAA-1_4,Mesophyll,Mesophyll,,3,1,3,2,5,5
CGGAATTGTACGAGCA-1_5,Mesophyll,Mesophyll,,3,1,3,2,4,15
CGGAATTTCAAGTCTG-1_6,Epidermal,Flower meristem,,0,0,0,5,1,8
CGGAATTTCACATCAG-1_1,Epidermal,Vegetative nuclei,,0,0,0,1,10,12
CGGAATTTCACGGAGA-1_5,Epidermal,Mesophyll,,1,2,1,1,4,9
CGGAATTTCATGACAC-1_4,Epidermal,Shoot system epidermis,,2,1,2,3,3,3
CGGAATTTCCATTGTT-1_1,Epidermal,Root procambium,,0,0,0,1,7,4
CGGAATTTCTGCCTCA-1_3,Mesophyll,Mesophyll,,3,1,3,4,2,1
CGGACACAGGGTTAAT-1_4,Meristematic,Mesophyll,,3,1,3,1,4,9
CGGACACAGTGCGCTC-1_3,Epidermal,Root endodermis,,0,0,0,5,1,8
CGGACACGTATACCTG-1_1,Stele,Root endodermis,,2,0,2,5,2,8
CGGACACGTCCCGTGA-1_4,Meristematic,Flower meristem,,0,2,0,1,4,17
CGGACACGTCGTCGGT-1_2,Epidermal,Mesophyll,,1,2,1,7,9,11
CGGACACTCTACTTCA-1_1,Epidermal,Flower meristem,,0,0,0,5,1,16
CGGACACTCTCGGGAC-1_3,Epidermal,Root endodermis,,0,0,0,6,6,6
CGGAGAAAGACGCAGT-1_5,Mesophyll,Mesophyll,,1,2,1,0,0,0
CGGAGAAAGTTACGGG-1_1,Epidermal,Root cortex,,3,1,3,8,10,12
CGGAGAACAAGACGAC-1_4,Epidermal,Root procambium,,2,1,2,3,3,3
CGGAGAACAGGTAGTG-1_5,Epidermal,Mesophyll,,0,0,0,1,1,4
CGGAGAACAGGTGGAT-1_3,Mesophyll,Phloem parenchyma,,0,0,0,5,1,8
CGGAGAAGTACCTAAC-1_2,Epidermal,Leaf pavement cell,,2,1,2,3,3,9
CGGAGAAGTGACCGAA-1_5,Epidermal,Root cortex,,2,1,2,3,3,1
CGGAGAAGTTATTCTC-1_2,Mesophyll,Mesophyll,,0,0,0,6,6,6
CGGAGAATCTCCACTG-1_2,Epidermal,Root cortex,,3,1,3,2,8,10
CGGCAGTAGATCGGTG-1_4,Mesophyll,Root cortex,,1,1,1,2,5,14
CGGCAGTAGCGGCTCT-1_1,Epidermal,Lateral root cap,,5,4,5,9,11,18
CGGCAGTAGGCATGGT-1_3,Mesophyll,Mesophyll,,1,2,1,7,9,11
CGGCAGTAGGCTCCCA-1_3,Epidermal,Root endodermis,,0,0,0,1,1,4
CGGCAGTCAAGAGTAT-1_1,Epidermal,Root cortex,,2,1,2,3,3,3
CGGCAGTCAATAGTCC-1_4,Mesophyll,Mesophyll,,0,0,0,6,6,6
CGGCAGTCACCGTGGT-1_4,Epidermal,Phloem pole pericycle,,0,0,0,1,7,4
CGGCAGTCAGTATACC-1_6,Epidermal,Flower meristem,,5,2,5,1,4,17
CGGCAGTCATGACACT-1_2,Mesophyll,Mesophyll,,1,2,1,7,9,11
CGGCAGTCATGACAGG-1_5,Epidermal,Mesophyll,,1,2,1,7,9,11
CGGCAGTCATGGCCCA-1_3,Mesophyll,Mesophyll,,1,2,1,0,0,2
CGGCAGTGTAGGCAGT-1_1,Mesophyll,Mesophyll,,3,1,3,2,8,10
CGGCAGTGTTCCTACC-1_4,Epidermal,Root cortex,,2,1,2,4,2,1
CGGCAGTTCATAAGGA-1_6,Mesophyll,Root cortex,,3,1,3,4,2,1
CGGCAGTTCGCCTCTA-1_5,Mesophyll,Root endodermis,,0,0,0,1,1,16
CGGGACTAGGGAGGGT-1_1,Epidermal,Root endodermis,,2,0,2,4,1,7
CGGGACTCAATCGCGC-1_4,Epidermal,Root endodermis,,0,0,0,5,1,7
CGGGACTTCAAGCCGC-1_5,Epidermal,Mesophyll,,1,2,1,7,7,14
CGGGACTTCACAGTGT-1_2,Mesophyll,Lateral root cap,,2,0,2,5,1,7
CGGGACTTCGTTGTAG-1_1,Epidermal,Root cap,,0,0,0,5,1,13
CGGGACTTCTCACCCA-1_2,Epidermal,Root endodermis,,2,0,2,5,1,7
CGGGACTTCTCACTCG-1_1,Epidermal,Non-hair,,1,1,1,1,7,14
CGGGCATAGAATTTGG-1_6,Meristematic,Root cortex,,3,1,3,2,5,5
CGGGCATTCATGTCTT-1_5,Mesophyll,Leaf pavement cell,,2,1,2,3,3,3
CGGGCATTCCAATCTT-1_3,Stele,Sieve element,,1,2,1,1,4,9
CGGGTCAAGGAAAGGT-1_4,Epidermal,Mesophyll,,1,2,1,7,9,11
CGGGTCAAGGGAGATA-1_5,Epidermal,Mesophyll,,0,2,0,1,7,13
CGGGTCAAGTATCTGC-1_4,Mesophyll,Mesophyll,,1,2,1,1,4,4
CGGGTCACAAAGACTA-1_3,Mesophyll,Mesophyll,,1,2,1,7,9,11
CGGGTCACAAGAGGCT-1_3,Epidermal,Mesophyll,,1,2,1,0,0,2
CGGGTCACAGGGAATC-1_5,Mesophyll,Mesophyll,,1,2,1,7,9,11
CGGGTCATCACTCACC-1_6,Stele,Phloem,,1,2,1,1,7,13
CGGGTCATCACTTGGA-1_1,Epidermal,Mesophyll,,1,2,1,7,3,11
CGGGTCATCATGGTAC-1_1,Stele,Vascular cambium,,3,1,3,1,4,9
CGGGTCATCATTACTC-1_2,Stele,Columella root cap,,1,2,1,1,7,11
CGGGTCATCCCATAGA-1_1,Epidermal,Non-hair,,0,0,0,1,7,13
CGGGTCATCCGGCAGT-1_3,Epidermal,Mesophyll,,3,1,3,2,9,5
CGGGTCATCTACTGCC-1_2,Mesophyll,Phloem,,1,2,1,1,4,9
CGGGTCATCTTACCGC-1_5,Epidermal,Root endodermis,,0,0,0,6,6,6
CGGGTGTAGCATGCGA-1_4,Mesophyll,Mesophyll,,3,1,3,2,5,5
CGGGTGTAGGTCACAG-1_5,Mesophyll,Mesophyll,,1,2,1,7,9,2
CGGGTGTAGGTTCCAT-1_6,Mesophyll,Root endodermis,,1,2,1,0,0,16
CGGGTGTAGTCCTACA-1_2,Mesophyll,Mesophyll,,3,1,3,2,2,1
CGGGTGTCACTACACA-1_3,Epidermal,Lateral root cap,,1,2,1,0,0,2
CGGGTGTCATCGCCTT-1_4,Mesophyll,Root procambium,,0,0,0,1,1,4
CGGGTGTTCATCCTGC-1_5,Mesophyll,Flower meristem,,0,0,0,1,4,0
CGGGTGTTCTCCTACG-1_6,Mesophyll,Mesophyll,,0,0,0,6,6,6
CGGGTGTTCTTCTTCC-1_2,Meristematic,Root endodermis,,2,0,2,5,1,7
CGGTCAGAGATGTTGA-1_2,Epidermal,Root endodermis,,2,0,2,5,1,8
CGGTCAGAGGACTTCT-1_6,Epidermal,Mesophyll,,5,2,5,9,4,17
CGGTCAGCACACACTA-1_6,Epidermal,Mesophyll,,0,0,0,6,6,6
CGGTCAGCACTGATTG-1_2,Epidermal,Root cortex,,2,0,2,5,1,8
CGGTCAGCAGCGTATT-1_4,Epidermal,Root cortex,,3,1,3,2,8,5
CGGTCAGCAGGTTCGC-1_5,Epidermal,Phloem,,0,0,0,1,9,11
CGGTCAGGTGCGAGTA-1_5,Mesophyll,Mesophyll,,1,2,1,0,0,2
CGGTCAGTCAACGTGT-1_4,Epidermal,Root procambium,,0,0,0,5,1,4
CGGTCAGTCCGATAAC-1_1,Mesophyll,Root endodermis,,0,0,0,6,6,16
CGGTCAGTCTTCTCAA-1_2,Mesophyll,Mesophyll,,3,1,3,2,5,5
CGTAAGTAGACTTCAC-1_3,Epidermal,Root cortex,,0,0,0,5,1,8
CGTAAGTAGCAACAAT-1_4,Epidermal,Root cortex,,2,0,2,4,2,7
CGTAAGTCAATGCAAA-1_6,Epidermal,Mesophyll,,0,0,0,6,6,6
CGTAAGTCAGCTGAAG-1_2,Mesophyll,Mesophyll,,1,2,1,2,9,14
CGTAAGTCATAGATCC-1_1,Epidermal,Phloem parenchyma,,0,0,0,5,1,4
CGTAAGTTCATTATCC-1_5,Mesophyll,Bundle sheath,,3,1,3,4,2,9
CGTAAGTTCTGCCTCA-1_2,Mesophyll,Cortex,,2,1,2,2,5,5
CGTAAGTTCTTAGTTC-1_3,Epidermal,Phloem pole pericycle,,0,0,0,1,1,4
CGTAAGTTCTTTGCAT-1_2,Stele,Mesophyll,,1,2,1,0,0,0
CGTAATGAGGAACTAT-1_4,Epidermal,Mesophyll,,3,1,3,2,5,5
CGTAATGCAAAGGGCT-1_4,Stele,Root endodermis,,2,0,2,3,3,7
CGTAATGCAGGCCTGT-1_4,Meristematic,Cortex,,4,3,4,8,10,12
CGTAATGCATCGCTCT-1_4,Mesophyll,Cortex,,4,3,4,8,10,12
CGTAATGGTATACAGA-1_2,Stele,Vascular cambium,,0,0,0,1,6,9
CGTAATGGTATCCTTT-1_3,Epidermal,Root endodermis,,0,0,0,1,1,17
CGTAATGGTTAATCGC-1_4,Stele,Phloem,,3,1,3,10,4,9
CGTAATGTCCAGCACG-1_3,Mesophyll,Mesophyll,,1,2,1,0,0,2
CGTAATGTCGTAGTCA-1_4,Mesophyll,Root cortex,,3,1,3,4,2,1
CGTAATGTCTGATTCT-1_5,Epidermal,Mesophyll,,0,0,0,6,6,6
CGTAGTACACAAGCCC-1_1,Epidermal,Phloem,,0,0,0,1,4,9
CGTAGTAGTACAGAGC-1_3,Mesophyll,Mesophyll,,0,0,0,4,1,7
CGTAGTAGTCAACATC-1_6,Mesophyll,Flower meristem,,1,2,1,0,0,16
CGTAGTAGTCGATTAC-1_5,Mesophyll,Root cortex,,2,0,2,6,6,7
CGTAGTAGTGTATTGC-1_3,Epidermal,Root endodermis,,0,0,0,5,1,4
CGTAGTAGTGTTCGTA-1_2,Epidermal,Root endodermis,,0,0,0,6,1,4
CGTCAAACACGTGTGC-1_1,Mesophyll,Root endodermis,,0,0,0,5,1,8
CGTCAAACATGGATCT-1_4,Mesophyll,Mesophyll,,3,1,3,2,5,5
CGTCAAAGTACACGTT-1_1,Epidermal,Mesophyll,,1,2,1,7,9,11
CGTCAAAGTGACCTGC-1_6,Stele,Root cap,,0,0,0,5,1,9
CGTCAAAGTTCAAGTC-1_4,Mesophyll,Root endodermis,,3,1,3,0,8,10
CGTCAAATCAACCTTT-1_4,Mesophyll,Vascular cambium,,0,1,0,1,7,13
CGTCAAATCAAGATAG-1_6,Epidermal,Mesophyll,,1,2,1,7,9,11
CGTCAAATCACCTCAC-1_1,Mesophyll,Phloem,,2,1,2,4,2,1
CGTCAAATCGGTCACG-1_1,Epidermal,Root cortex,,2,1,2,3,3,3
CGTCCATAGCAATAAC-1_3,Epidermal,Non-hair,,4,3,4,8,10,12
CGTCCATAGCGATGAC-1_1,Epidermal,Root cap,,0,0,0,1,1,4
CGTCCATCACCGGCTA-1_4,Epidermal,Leaf pavement cell,,2,1,2,3,3,3
CGTCCATGTTATTCCT-1_1,Mesophyll,Mesophyll,,1,2,1,0,8,10
CGTCCATTCAACTCTT-1_4,Epidermal,Root cortex,,2,1,2,3,3,3
CGTCCATTCCGGCAGT-1_5,Mesophyll,Mesophyll,,1,2,1,1,9,11
CGTCCATTCGCCTATC-1_4,Stele,Non-hair,,0,0,0,1,7,4
CGTCCATTCGGTAACT-1_5,Epidermal,Root endodermis,,0,0,0,5,1,0
CGTGAATAGACGACTG-1_1,Epidermal,Leaf guard cell,,0,0,0,7,9,11
CGTGAATCAAATCGGG-1_3,Epidermal,Mesophyll,,0,0,0,6,6,6
CGTGAATCAAGTCCAT-1_1,Epidermal,Root procambium,,0,0,0,1,7,13
CGTGAATCACACCTTC-1_6,Mesophyll,Mesophyll,,1,2,1,2,5,5
CGTGAATCACATCATG-1_5,Epidermal,Mesophyll,,1,2,1,0,4,17
CGTGAATGTAACATGA-1_2,Epidermal,Root cortex,,2,1,2,4,2,1
CGTGAATGTAGGCAGT-1_5,Epidermal,Root endodermis,,0,0,0,5,1,8
CGTGATAAGACTAAGT-1_6,Epidermal,Guard cell,,1,2,1,0,0,16
CGTGATAAGAGCCGTA-1_4,Epidermal,Sieve element,,0,0,0,1,1,4
CGTGATAAGGATTTGA-1_1,Mesophyll,Root cortex,,2,1,2,3,3,3
CGTGATACAATTGCTG-1_6,Epidermal,Root endodermis,,0,0,0,5,1,8
CGTGATAGTATCCCAA-1_6,Mesophyll,Root procambium,,1,2,1,7,7,11
CGTGATAGTCGACTGC-1_4,Epidermal,Columella root cap,,0,0,0,5,1,8
CGTGATAGTCTGTAGT-1_3,Epidermal,Leaf pavement cell,,2,0,2,3,3,3
CGTGATATCCAGTTCC-1_6,Epidermal,Cortex,,2,1,2,4,2,1
CGTGATATCCTATGGA-1_4,Epidermal,Root cortex,,2,1,2,4,2,1
CGTGCTTAGACTCTTG-1_3,Epidermal,Phloem pole pericycle,,0,0,0,5,1,4
CGTGCTTAGGCCCACT-1_5,Mesophyll,Mesophyll,,1,2,1,0,0,0
CGTGCTTAGTCTCGTA-1_5,Epidermal,Mesophyll,,5,4,5,9,11,17
CGTGCTTCACCTAAAC-1_1,Epidermal,Leaf pavement cell,,2,0,2,3,3,3
CGTGCTTCAGTCTCTC-1_3,Epidermal,Mesophyll,,3,1,3,2,5,5
CGTGCTTCATGGCTAT-1_1,Epidermal,Bundle sheath,,0,0,0,1,7,13
CGTGCTTGTAGACAGC-1_5,Mesophyll,Leaf pavement cell,,0,0,0,1,1,4
CGTGCTTGTCCCTAAA-1_2,Meristematic,Phloem,,4,3,4,8,10,12
CGTGCTTTCCACATAG-1_2,Mesophyll,Root endodermis,,0,0,0,5,1,8
CGTGTCTAGCGATGAC-1_2,Epidermal,Mesophyll,,1,2,1,0,0,2
CGTGTCTAGGCCCACT-1_3,Mesophyll,Root cortex,,2,1,2,4,2,1
CGTGTCTAGTATGAGT-1_2,Stele,Mesophyll,,3,1,3,2,8,12
CGTGTCTAGTCGTTAC-1_6,Mesophyll,Mesophyll,,3,1,3,2,8,10
CGTGTCTCAGATACTC-1_5,Mesophyll,Bundle sheath,,0,0,0,6,6,6
CGTGTCTGTGATGGCA-1_2,Mesophyll,Root endodermis,,0,0,0,6,6,6
CGTGTCTTCGGCCTTT-1_3,Mesophyll,Root cortex,,3,1,3,2,8,10
CGTTAGACAGAGGTAC-1_1,Stele,Leaf pavement cell,,2,1,2,3,3,9
CGTTAGACAGCGTACC-1_5,Epidermal,Root cortex,,2,1,2,4,2,1
CGTTAGACAGGCGAAT-1_4,Epidermal,Vascular cambium,,0,0,0,1,9,11
CGTTAGAGTCTGGTTA-1_6,Meristematic,Leaf pavement cell,,0,1,0,1,3,14
CGTTAGATCCCGAGAC-1_4,Epidermal,Root endodermis,,0,0,0,6,6,6
CGTTAGATCTGCCTGT-1_2,Epidermal,Root cortex,,2,1,2,4,2,1
CGTTAGATCTTCGGTC-1_4,Epidermal,Root cortex,,2,0,2,3,3,14
CGTTCTGAGGGAGGGT-1_3,Epidermal,Leaf pavement cell,,2,1,2,3,3,3
CGTTCTGAGGGCAACT-1_4,Epidermal,Phloem,,0,1,0,1,7,13
CGTTCTGCAGCCGTCA-1_5,Mesophyll,Bundle sheath,,2,1,2,1,4,9
CGTTCTGCATAAGCGG-1_4,Epidermal,Shoot system epidermis,,0,0,0,1,1,4
CGTTCTGGTACAATAG-1_4,Mesophyll,Mesophyll,,3,1,3,2,4,0
CGTTCTGGTTCTAACG-1_6,Epidermal,Xylem pole pericycle,,1,2,1,7,9,11
CGTTCTGTCATACGAC-1_3,Mesophyll,Flower meristem,,0,0,0,5,1,4
CGTTCTGTCCATTTGT-1_3,Epidermal,Root cortex,,2,1,2,3,3,3
CGTTCTGTCTGCATAG-1_2,Epidermal,Root cap,,0,0,0,5,1,7
CGTTGGGAGCTTAGTC-1_4,Epidermal,Root endodermis,,0,0,0,5,1,8
CGTTGGGAGGTTGACG-1_4,Epidermal,Mesophyll,,1,2,1,0,0,2
CGTTGGGAGTGACACG-1_3,Epidermal,Leaf guard cell,,0,0,0,1,1,4
CGTTGGGCACGCTTAA-1_4,Epidermal,Leaf pavement cell,,2,0,2,3,3,3
CGTTGGGGTAGCTCGC-1_3,Mesophyll,Mesophyll,,1,2,1,0,0,2
CGTTGGGGTCCTGGGT-1_4,Mesophyll,Leaf pavement cell,,0,0,0,3,3,8
CGTTGGGGTGTTACTG-1_3,Mesophyll,Mesophyll,,3,1,3,2,5,5
CGTTGGGGTTATGACC-1_5,Epidermal,Root cortex,,0,0,0,6,6,19
CTAACCCCAAAGGCTG-1_3,Epidermal,Root endodermis,,0,0,0,5,1,8
CTAACCCCAACCGCTG-1_2,Mesophyll,Mesophyll,,3,1,3,2,4,0
CTAACCCCAATCTCTT-1_3,Mesophyll,Mesophyll,,3,1,3,2,8,10
CTAACCCCACGTACTA-1_1,Epidermal,Root endodermis,,0,0,0,6,6,16
CTAACCCCAGATACCT-1_6,Epidermal,Non-hair,,2,0,2,3,3,3
CTAACCCGTCAAGCGA-1_2,Stele,Mesophyll,,1,2,1,0,0,2
CTAACCCGTCCAGCAC-1_4,Epidermal,Root endodermis,,0,0,0,6,6,0
CTAACCCTCATCACCC-1_3,Mesophyll,Root epidermis,,3,1,3,4,2,9
CTAACCCTCGACCAAT-1_4,Mesophyll,Root cortex,,2,1,2,4,2,1
CTAACCCTCGGTATGT-1_5,Epidermal,Mesophyll,,1,0,1,6,6,6
CTAACCCTCTTGCGCT-1_2,Stele,Mesophyll,,2,1,2,3,8,14
CTAACTTAGCGTCTCG-1_3,Mesophyll,Mesophyll,,1,0,1,6,6,19
CTAACTTCAGATTAAG-1_6,Mesophyll,Leaf pavement cell,,1,2,1,7,9,11
CTAACTTGTAGAGGAA-1_5,Meristematic,Mesophyll,,1,2,1,0,0,2
CTAACTTGTCAACCAT-1_6,Mesophyll,Mesophyll,,1,2,1,7,9,11
CTAACTTGTTACCCAA-1_3,Epidermal,Root endodermis,,0,0,0,5,1,8
CTAACTTTCGAAATCC-1_2,Epidermal,Mesophyll,,0,0,0,3,1,3
CTAACTTTCGAGCACC-1_4,Stele,Mesophyll,,1,2,1,0,4,0
CTAACTTTCGCCACTT-1_3,Stele,Root cortex,,3,1,3,10,4,9
CTAAGTGAGAACTCCT-1_4,Epidermal,Cortex,,3,1,3,2,8,10
CTAAGTGAGCACTAAA-1_5,Epidermal,Mesophyll,,3,1,3,2,4,9
CTAAGTGCATAATGCC-1_6,Epidermal,Mesophyll,,1,2,1,0,0,0
CTAAGTGCATCGAAGG-1_3,Epidermal,Mesophyll,,3,1,3,2,5,5
CTAAGTGCATTCTCTA-1_2,Stele,Mesophyll,,3,1,3,2,5,10
CTAAGTGGTCATTCCC-1_4,Mesophyll,Mesophyll,,3,1,3,2,8,5
CTAAGTGGTCGCTGCA-1_5,Mesophyll,Root endodermis,,2,0,2,5,6,7
CTAAGTGGTCTAGGTT-1_5,Epidermal,Cortex,,0,0,0,5,1,7
CTAAGTGGTGTTAACC-1_1,Mesophyll,Mesophyll,,1,2,1,0,0,0
CTAAGTGGTTAAGTCC-1_1,Epidermal,Root endodermis,,2,1,2,3,3,3
CTAAGTGTCGGCATAT-1_6,Mesophyll,Mesophyll,,3,1,3,2,5,5
CTAAGTGTCTTCTCAA-1_6,Mesophyll,Xylem,,2,1,2,4,2,1
CTACAGAAGATTGCGG-1_2,Mesophyll,Microspore nuclei,,0,0,0,1,7,13
CTACAGAAGCCACCGT-1_1,Meristematic,Root cap,,0,0,0,1,4,9
CTACAGAAGCCTTGAT-1_4,Mesophyll,Root endodermis,,0,0,0,1,1,4
CTACAGAAGGGTCTTT-1_5,Epidermal,Root endodermis,,0,0,0,5,1,8
CTACAGAAGTCAGCCC-1_5,Epidermal,Cortex,,2,1,2,4,2,1
CTACAGACAAAGACGC-1_3,Epidermal,Cortex,,2,1,2,4,2,1
CTACAGACAAGTCATC-1_2,Epidermal,Mesophyll,,0,0,0,5,1,13
CTACAGACAGTTAAAG-1_5,Stele,Leaf guard cell,,3,1,3,10,4,9
CTACAGAGTCACGACC-1_5,Epidermal,Mesophyll,,2,1,2,3,8,16
CTACAGAGTCGATGCC-1_1,Mesophyll,Root procambium,,0,0,0,1,7,14
CTACAGAGTTACGGAG-1_4,Meristematic,Root cortex,,2,1,2,3,3,3
CTACAGATCATCTATC-1_1,Epidermal,Mesophyll,,1,1,1,0,0,0
CTACAGATCGTCGACG-1_2,Epidermal,Root endodermis,,0,0,0,5,1,8
CTACAGATCGTGCACG-1_2,Epidermal,Mesophyll,,3,1,3,1,4,9
CTACAGATCTGGTCAA-1_6,Stele,Companion cell,,1,2,1,10,4,9
CTACATTAGTGCGTCC-1_1,Meristematic,Root endodermis,,0,0,0,1,1,4
CTACATTCACCCTAAA-1_6,Epidermal,Vascular cambium,,3,1,3,2,4,9
CTACATTCACCGTGCA-1_4,Mesophyll,Mesophyll,,3,1,3,2,8,15
CTACATTCATACGCAT-1_5,Epidermal,Leaf pavement cell,,2,1,2,3,2,9
CTACATTCATGGAAGC-1_3,Epidermal,Root endodermis,,0,0,0,5,1,8
CTACATTGTACTCGTA-1_5,Mesophyll,Mesophyll,,0,0,0,6,6,6
CTACATTTCCTACCGT-1_2,Stele,Phloem,,1,2,1,1,0,0
CTACATTTCGCCAACG-1_3,Mesophyll,Mesophyll,,3,1,3,7,9,11
CTACATTTCTGGAAGG-1_4,Epidermal,Non-hair,,4,3,4,8,10,12
CTACCCACACAAATAG-1_6,Epidermal,Root cortex,,2,1,2,3,3,3
CTACCCACACAGCTTA-1_2,Mesophyll,Root procambium,,0,0,0,1,1,9
CTACCCACATCCCACT-1_5,Mesophyll,Columella root cap,,0,0,0,5,1,8
CTACCCACATGCTGCG-1_2,Epidermal,Mesophyll,,0,0,0,6,6,6
CTACCCATCCATTTAC-1_4,Meristematic,Mesophyll,,1,2,1,0,0,2
CTACCCATCCTTCTTC-1_5,Mesophyll,Mesophyll,,3,1,3,2,8,10
CTACCCATCCTTGGAA-1_3,Mesophyll,Mesophyll,,1,2,1,0,9,0
CTACCCATCGACATAC-1_1,Epidermal,Non-hair,,3,1,3,1,3,14
CTACCCATCGACCACG-1_5,Mesophyll,Root procambium,,0,0,0,1,4,4
CTACCCATCGTGCAGC-1_2,Epidermal,Mesophyll,,0,2,0,1,4,17
CTACCCATCTTCGGAA-1_2,Mesophyll,Mesophyll,,3,1,3,2,5,5
CTACCCATCTTTCCGG-1_2,Mesophyll,Mesophyll,,1,2,1,0,0,6
CTACCTGAGAATCTAG-1_5,Stele,Cortex,,3,1,3,2,5,5
CTACCTGAGCGTATGG-1_3,Epidermal,Mesophyll,,3,1,3,2,8,15
CTACCTGCACACAGAG-1_5,Epidermal,Bundle sheath,,0,0,0,1,4,13
CTACCTGCACCTTCCA-1_4,Epidermal,Root endodermis,,0,0,0,0,1,8
CTACCTGCAGCATGCC-1_2,Mesophyll,Mesophyll,,1,2,1,0,0,2
CTACCTGCAGGTGTTT-1_2,Epidermal,Root cortex,,2,1,2,3,3,3
CTACCTGGTCACTTCC-1_1,Mesophyll,Root cortex,,4,3,4,8,10,12
CTACCTGGTGCTCTTC-1_1,Meristematic,Sieve element,,3,1,3,1,4,9
CTACCTGGTTTAAGGA-1_1,Epidermal,Root endodermis,,0,0,0,4,2,8
CTACCTGGTTTCGATG-1_6,Mesophyll,Root cap,,0,0,0,7,9,11
CTACCTGTCCACTTTA-1_6,Mesophyll,Mesophyll,,0,2,0,0,1,16
CTACCTGTCCTCACTG-1_3,Epidermal,Mesophyll,,1,2,1,0,0,0
CTACCTGTCTCCCAAC-1_4,Epidermal,Mesophyll,,3,1,3,2,8,10
CTACGGGAGCCTCTTC-1_4,Mesophyll,Non-hair,,2,0,2,3,3,3
CTACGGGCAATACGCT-1_3,Epidermal,Leaf pavement cell,,0,0,0,1,1,4
CTACGGGCAATTCACG-1_2,Epidermal,Root endodermis,,0,0,0,1,1,4
CTACGGGCACGTAACT-1_3,Epidermal,Cortex,,3,1,3,2,8,10
CTACGGGCACTACACA-1_4,Stele,Microspore nuclei,,0,0,0,1,1,9
CTACGGGCAGATTCGT-1_4,Epidermal,Bundle sheath,,0,0,0,1,7,13
CTACGGGGTATACAGA-1_6,Epidermal,Mesophyll,,0,2,0,6,6,16
CTACGGGGTGAGGCAT-1_2,Meristematic,Mesophyll,,1,2,1,0,0,0
CTACGGGGTGCTCTCT-1_5,Mesophyll,Mesophyll,,1,0,1,6,6,6
CTACGGGTCTGCATGA-1_3,Epidermal,Root endodermis,,2,0,2,4,2,7
CTACTATAGATGACAT-1_6,Mesophyll,Mesophyll,,1,2,1,0,0,0
CTACTATAGCCTCACG-1_4,Mesophyll,Mesophyll,,3,1,3,4,5,7
CTACTATAGTATGACA-1_5,Stele,Mesophyll,,1,2,1,0,0,0
CTACTATCAATAGGGC-1_5,Mesophyll,Root cortex,,2,1,2,3,3,3
CTACTATCAGACCCGT-1_6,Epidermal,Root endodermis,,0,0,0,1,1,4
CTACTATCATGGAACG-1_5,Mesophyll,Flower meristem,,1,2,1,0,0,16
CTACTATGTCGGCACT-1_5,Mesophyll,Mesophyll,,1,2,1,0,4,15
CTACTATGTGAGATCG-1_6,Epidermal,Mesophyll,,1,2,1,0,0,2
CTACTATGTGCCGTTG-1_1,Stele,Mesophyll,,2,0,2,6,6,6
CTACTATGTGCGGTAA-1_1,Mesophyll,Mesophyll,,1,2,1,0,0,2
CTACTATTCTCAGAAC-1_1,Mesophyll,Mesophyll,,3,1,3,2,5,5
CTAGACAAGAAGCTCG-1_5,Epidermal,Root cortex,,3,1,3,2,5,5
CTAGACAAGACAAGCC-1_2,Epidermal,Mesophyll,,4,2,4,8,10,12
CTAGACAAGTTGTAGA-1_3,Mesophyll,Mesophyll,,3,1,3,2,5,5
CTAGACACACCTGAAT-1_3,Mesophyll,Root cortex,,3,1,3,3,2,1
CTAGACACATGGCCAC-1_2,Stele,Columella root cap,,0,0,0,5,1,4
CTAGACACATGGCTGC-1_4,Epidermal,Root cortex,,0,0,0,5,1,8
CTAGACAGTCAAAGTA-1_5,Epidermal,Root endodermis,,5,4,5,9,11,18
CTAGACAGTCAAGCGA-1_6,Stele,Root endodermis,,2,0,2,6,6,6
CTAGACAGTGTAAATG-1_3,Mesophyll,Mesophyll,,3,1,3,2,8,1
CTAGACATCAGACCGC-1_2,Mesophyll,Cortex,,3,1,3,1,7,7
CTAGACATCCGCACTT-1_4,Epidermal,Mesophyll,,3,1,3,4,2,1
CTAGACATCGGCAGTC-1_2,Mesophyll,Root cortex,,3,1,3,3,8,10
CTAGACATCGGCTGAC-1_6,Mesophyll,Root cortex,,3,1,3,2,9,5
CTAGACATCTCACGAA-1_5,Epidermal,Non-hair,,5,4,5,9,11,14
CTAGACATCTGGGTCG-1_6,Epidermal,Root cortex,,2,1,2,3,2,1
CTAGGTAAGATGAACT-1_1,Epidermal,Lateral root cap,,5,4,5,9,11,18
CTAGGTACACAGCCAC-1_4,Epidermal,Mesophyll,,2,1,2,0,8,16
CTAGGTACATGGTACT-1_3,Epidermal,Root cortex,,2,1,2,3,3,3
CTAGGTAGTCCTATAG-1_4,Mesophyll,Mesophyll,,3,1,3,2,5,5
CTAGGTAGTCGCTGCA-1_4,Meristematic,Mesophyll,,0,0,0,1,1,11
CTAGGTATCACATTGG-1_6,Meristematic,Mesophyll,,1,2,1,0,4,17
CTAGGTATCCAAGGGA-1_2,Meristematic,Cortex,,3,1,3,2,5,5
CTAGGTATCGAGCCAC-1_2,Mesophyll,Root endodermis,,2,0,2,5,2,8
CTAGGTATCTCTGAGA-1_2,Epidermal,Mesophyll,,1,2,1,0,0,6
CTATAGGAGAAGTCAT-1_4,Mesophyll,Columella root cap,,0,0,0,1,1,4
CTATAGGCAAATCGGG-1_1,Mesophyll,Mesophyll,,1,2,1,7,9,11
CTATAGGCAAGACGGT-1_3,Epidermal,Non-hair,,2,1,2,3,3,3
CTATAGGCAAGGGCAT-1_1,Epidermal,Leaf pavement cell,,2,1,2,3,3,3
CTATAGGCACGAGAAC-1_2,Mesophyll,Explant vasculature and callus founder cell,,2,0,2,4,1,7
CTATAGGCAGTCGTTA-1_4,Epidermal,Leaf pavement cell,,0,0,0,1,1,4
CTATAGGGTAATGCTC-1_4,Mesophyll,Mesophyll,,3,1,3,2,5,5
CTATAGGGTCACCCTT-1_2,Mesophyll,Mesophyll,,1,2,1,0,0,0
CTATAGGGTGAGTAGC-1_3,Epidermal,Mesophyll,,1,2,1,0,4,0
CTATAGGGTTAGAGAT-1_3,Stele,Root cortex,,2,1,2,4,2,1
CTATAGGTCACCCATC-1_1,Epidermal,Root cortex,,1,2,1,0,0,7
CTATCCGAGCTCTTCC-1_3,Epidermal,Phloem,,5,2,5,9,4,17
CTATCCGCAAGTTCCA-1_3,Mesophyll,Mesophyll,,3,1,3,2,8,10
CTATCCGCACACGCCA-1_6,Meristematic,Mesophyll,,3,1,3,2,8,15
CTATCCGCACCTCAGG-1_4,Epidermal,Non-hair,,0,0,0,1,7,4
CTATCCGCACTACAGT-1_1,Mesophyll,Root cortex,,4,3,4,8,10,12
CTATCCGGTCCACTCT-1_4,Mesophyll,Cortex,,3,1,3,2,8,10
CTATCCGGTGGGAGAG-1_3,Epidermal,Microspore nuclei,,0,0,0,1,1,9
CTATCCGGTTCACGAT-1_4,Meristematic,Mesophyll,,3,1,3,2,5,5
CTATCCGGTTGGCCGT-1_2,Epidermal,Non-hair,,0,0,0,1,7,4
CTATCTAAGCATTTCG-1_4,Mesophyll,Mesophyll,,1,2,1,0,0,13
CTATCTAAGGCATCGA-1_6,Mesophyll,Root endodermis,,3,1,3,2,8,15
CTATCTAAGTAGGAAG-1_6,Mesophyll,Mesophyll,,3,1,3,2,5,5
CTATCTAAGTCTCCTC-1_5,Epidermal,Root endodermis,,0,0,0,5,1,8
CTATCTACACGTCGGT-1_1,Stele,Mesophyll,,0,0,0,6,6,6
CTATCTACAGTCGGAA-1_4,Mesophyll,Mesophyll,,1,2,1,0,0,15
CTATCTAGTAATGCTC-1_4,Mesophyll,Mesophyll,,3,1,3,2,8,10
CTATCTAGTCCGAAGA-1_1,Epidermal,Root endodermis,,2,0,2,3,3,3
CTATCTAGTCCGGTCA-1_2,Epidermal,Non-hair,,0,0,0,1,7,13
CTATCTAGTTAATGAG-1_3,Mesophyll,Root cortex,,3,1,3,2,5,5
CTATCTATCAAGCCAT-1_2,Stele,Cortex,,2,0,2,4,1,7
CTATCTATCATTTACC-1_3,Stele,Root cortex,,2,1,2,4,2,1
CTATCTATCCCAGTGG-1_6,Stele,Root cortex,,2,0,2,3,3,3
CTATCTATCCGTATAG-1_3,Mesophyll,Root cap,,1,2,1,0,0,16
CTATCTATCCTGCTAC-1_1,Epidermal,Root endodermis,,0,0,0,5,1,8
CTCAACCAGAACTCCT-1_5,Epidermal,Mesophyll,,3,1,3,2,8,10
CTCAACCAGCCTCATA-1_6,Epidermal,Explant vasculature and callus founder cell,,0,1,0,1,7,13
CTCAACCCAATCTCGA-1_1,Epidermal,Flower meristem,,0,0,0,1,1,4
CTCAACCCAGATTAAG-1_5,Mesophyll,Leaf pavement cell,,0,0,0,3,3,3
CTCAACCGTAGCTGCC-1_5,Mesophyll,Mesophyll,,1,2,1,0,0,0
CTCAACCGTCACCGAC-1_3,Epidermal,Root cortex,,2,1,2,4,2,1
CTCAACCGTGCGGATA-1_2,Meristematic,Leaf guard cell,,4,3,4,8,10,12
CTCAACCGTGGAACAC-1_4,Mesophyll,Root cortex,,2,1,2,4,2,1
CTCAACCGTGGGCTTC-1_4,Mesophyll,Root endodermis,,0,0,0,3,3,3
CTCAACCTCTGAGGTT-1_6,Stele,Root endodermis,,0,0,0,5,1,8
CTCAACCTCTTCTGTA-1_2,Mesophyll,Root endodermis,,2,0,2,5,1,7
CTCAACCTCTTTGCGC-1_5,Epidermal,Mesophyll,,0,0,0,5,1,8
CTCAAGAAGAAGTCTA-1_1,Stele,Phloem parenchyma,,0,0,0,5,1,9
CTCAAGAAGCCTCACG-1_2,Mesophyll,Mesophyll,,1,2,1,6,6,6
CTCAAGAAGCCTTTGA-1_6,Mesophyll,Mesophyll,,3,1,3,2,5,5
CTCAAGAAGGCAGTCA-1_5,Mesophyll,Root cortex,,4,3,4,8,10,12
CTCAAGACACGCACCA-1_4,Mesophyll,Mesophyll,,3,1,3,2,5,5
CTCAAGAGTCATAGTC-1_5,Epidermal,Cortex,,2,1,2,3,3,3
CTCAAGATCCTACACC-1_4,Stele,Root cap,,0,0,0,1,7,7
CTCAAGATCCTGGTCT-1_3,Epidermal,Cortex,,3,1,3,2,5,5
CTCAAGATCTCAACGA-1_6,Mesophyll,Root procambium,,0,0,0,5,1,8
CTCAATTAGGCATCAG-1_4,Epidermal,Mesophyll,,2,0,2,6,6,6
CTCAATTAGGCTCACC-1_3,Epidermal,Mesophyll,,3,1,3,3,3,10
CTCAATTAGGGCATGT-1_4,Epidermal,Cortex,,2,1,2,4,2,1
CTCAATTAGGGTGAAA-1_2,Epidermal,Root cortex,,3,1,3,2,8,15
CTCAATTAGTGGCCTC-1_3,Meristematic,Leaf pavement cell,,2,1,2,3,3,3
CTCAATTCAGACACAG-1_1,Mesophyll,Mesophyll,,1,2,1,0,0,2
CTCAATTGTGGCAGAT-1_1,Mesophyll,Mesophyll,,1,2,1,1,4,15
CTCAATTTCATTGCCC-1_4,Epidermal,Mesophyll,,3,1,3,3,4,15
CTCAATTTCCACTTCG-1_5,Epidermal,Cortex,,2,1,2,4,5,1
CTCAATTTCCGATGCG-1_4,Meristematic,Mesophyll,,3,1,3,2,3,3
CTCAATTTCGAGAAAT-1_3,Stele,Root endodermis,,1,2,1,0,0,19
CTCACTGAGATTGGGC-1_4,Epidermal,Microspore nuclei,,3,1,3,4,4,9
CTCACTGAGCACTCAT-1_3,Meristematic,Shoot system epidermis,,2,1,2,3,3,3
CTCACTGAGTGATGGC-1_3,Epidermal,Root endodermis,,1,2,1,0,7,19
CTCACTGCAAGTTTGC-1_5,Mesophyll,Flower meristem,,0,0,0,5,1,3
CTCACTGCAGGCGAAT-1_3,Mesophyll,Mesophyll,,2,0,2,6,6,6
CTCACTGCAGGTGAGT-1_4,Mesophyll,Mesophyll,,3,1,3,2,5,5
CTCACTGGTAATGCGG-1_1,Epidermal,Mesophyll,,5,2,5,0,4,17
CTCACTGGTACGCTTA-1_5,Stele,Root endodermis,,2,0,2,6,6,6
CTCACTGGTCATGCAT-1_5,Epidermal,Vascular cambium,,0,1,0,3,3,3
CTCACTGTCATCACTT-1_1,Epidermal,Root cortex,,2,1,2,4,2,1
CTCACTGTCCGATTAG-1_2,Stele,Sieve element,,3,1,3,10,4,9
CTCACTGTCCGGTTCT-1_5,Epidermal,Mesophyll,,1,2,1,0,4,0
CTCACTGTCGGATTAC-1_5,Meristematic,Cortex,,2,1,2,4,2,1
CTCACTGTCGTTCCTG-1_5,Mesophyll,Root endodermis,,0,0,0,6,6,6
CTCACTGTCTTCGCTG-1_1,Meristematic,Mesophyll,,1,2,1,0,0,0
CTCAGAAAGACAAGCC-1_2,Epidermal,Root endodermis,,0,0,0,6,6,6
CTCAGAAAGAGTGTTA-1_3,Stele,Root cortex,,2,1,2,4,2,1
CTCAGAAAGTAGCAAT-1_1,Epidermal,Root cap,,1,2,1,0,7,13
CTCAGAAAGTGGAATT-1_6,Mesophyll,Mesophyll,,3,1,3,2,5,5
CTCAGAACACTTCAAG-1_5,Epidermal,Vascular cambium,,0,0,0,1,7,4
CTCAGAACAGACCATT-1_4,Epidermal,Mesophyll,,1,2,1,0,8,0
CTCAGAACAGCAGACA-1_5,Epidermal,Mesophyll,,1,2,1,0,0,2
CTCAGAACAGGGATAC-1_4,Epidermal,Root procambium,,0,0,0,1,7,4
CTCAGAACAGGGTTGA-1_1,Mesophyll,Mesophyll,,3,1,3,2,8,10
CTCAGAACATTCTCCG-1_5,Epidermal,Non-hair,,2,1,2,3,3,14
CTCAGAAGTATCTCTT-1_5,Epidermal,Mesophyll,,0,0,0,1,7,4
CTCAGAAGTCTGCAAT-1_3,Epidermal,Non-hair,,1,2,1,0,0,0
CTCAGAAGTGATACTC-1_4,Stele,Mesophyll,,3,1,3,2,5,5
CTCAGAATCGTCCTCA-1_3,Mesophyll,Mesophyll,,3,1,3,2,8,15
CTCAGAATCTGGGATT-1_4,Mesophyll,Mesophyll,,1,2,1,0,0,16
CTCAGGGAGGGCAACT-1_5,Epidermal,Phloem,,5,2,5,1,4,17
CTCAGGGAGTTAGAAC-1_3,Mesophyll,Mesophyll,,0,0,0,6,6,4
CTCAGGGCAAGGTCAG-1_5,Epidermal,Root procambium,,0,0,0,1,7,4
CTCAGGGCAATTGCGT-1_2,Meristematic,Microspore nuclei,,0,0,0,1,4,13
CTCAGGGCACAATGAA-1_3,Epidermal,Root cortex,,1,2,1,0,0,2
CTCAGGGCAGCGTTTA-1_1,Epidermal,Root cortex,,2,1,2,4,2,1
CTCAGGGCATGAATCC-1_2,Mesophyll,Flower meristem,,0,0,0,1,4,9
CTCAGGGCATGACCCG-1_4,Mesophyll,Mesophyll,,1,2,1,0,0,0
CTCAGGGGTCTACTGA-1_1,Mesophyll,Root cap,,1,0,1,6,6,0
CTCAGGGGTGCACATT-1_1,Meristematic,Mesophyll,,1,2,1,0,0,2
CTCAGGGGTGCCGGTT-1_4,Meristematic,Root cortex,,3,1,3,4,2,1
CTCAGGGGTGCTTCAA-1_5,Epidermal,Mesophyll,,2,0,2,5,1,8
CTCAGGGTCAGTAGGG-1_3,Stele,Phloem,,3,1,3,10,4,9
CTCAGGGTCCTCACGT-1_2,Epidermal,Root cortex,,2,0,2,4,1,7
CTCAGTCAGAAGTATC-1_2,Mesophyll,Xylem,,2,1,2,3,3,3
CTCAGTCAGGAACATT-1_3,Epidermal,Root cortex,,3,1,3,2,2,1
CTCAGTCAGGCCCGTT-1_3,Mesophyll,Phloem,,0,0,0,1,4,9
CTCAGTCAGTAGACAT-1_5,Epidermal,Non-hair,,3,1,3,4,10,12
CTCAGTCCAAAGACTA-1_1,Epidermal,Root endodermis,,0,0,0,5,1,8
CTCAGTCCACCCATAA-1_4,Mesophyll,Mesophyll,,1,2,1,0,0,2
CTCAGTCCACTACTTT-1_3,Mesophyll,Mesophyll,,1,2,1,0,6,6
CTCAGTCCACTGATTG-1_2,Epidermal,Root cortex,,2,1,2,4,2,1
CTCAGTCCAGACGCTC-1_2,Epidermal,Mesophyll,,1,2,1,0,7,13
CTCAGTCCAGGGTTGA-1_2,Mesophyll,Mesophyll,,1,2,1,0,0,2
CTCAGTCGTCGCCACA-1_6,Epidermal,Non-hair,,0,0,0,1,7,4
CTCAGTCGTGAATAAC-1_2,Mesophyll,Mesophyll,,4,3,4,8,10,12
CTCAGTCTCACTGCTC-1_5,Epidermal,Root endodermis,,0,0,0,5,1,8
CTCATCGAGTCGGCCT-1_2,Epidermal,Root cortex,,2,1,2,3,3,3
CTCATCGAGTGAACAT-1_3,Mesophyll,Root procambium,,1,0,1,7,9,11
CTCATCGCAAGGGCAT-1_1,Epidermal,Root hair,,5,4,5,9,11,18
CTCATCGCACCCTGTT-1_3,Epidermal,Leaf guard cell,,0,0,0,1,1,4
CTCATCGCACTTGTGA-1_3,Meristematic,Mesophyll,,1,2,1,0,0,2
CTCATCGCAGATACCT-1_4,Mesophyll,Mesophyll,,1,2,1,7,9,11
CTCATCGCATTAAAGG-1_4,Mesophyll,Root cortex,,2,1,2,3,2,1
CTCATCGGTATCCTCC-1_6,Epidermal,Flower meristem,,0,0,0,1,4,9
CTCATCGGTATCTTCT-1_5,Mesophyll,Root cortex,,2,1,2,4,2,1
CTCATCGGTCGAGATG-1_4,Meristematic,Mesophyll,,1,2,1,0,0,0
CTCATCGGTGGCACTC-1_1,Epidermal,Root cortex,,3,1,3,2,2,1
CTCATCGGTTCTTAGG-1_2,Epidermal,Mesophyll,,1,2,1,0,0,2
CTCATCGGTTGAGTCT-1_1,Epidermal,Root cortex,,3,1,3,4,2,9
CTCATCGTCCCACAGG-1_2,Meristematic,Root cap,,3,1,3,2,8,10
CTCATCGTCTCAGGCG-1_6,Mesophyll,Mesophyll,,3,1,3,2,8,15
CTCATCGTCTTGGGCG-1_2,Mesophyll,Root cortex,,2,1,2,4,2,1
CTCATGCAGCACTGGA-1_5,Epidermal,Root endodermis,,0,0,0,1,7,4
CTCATGCAGGTAGCAC-1_5,Epidermal,Phloem pole pericycle,,4,3,4,8,10,12
CTCATGCAGTACGTCT-1_5,Mesophyll,Root endodermis,,0,0,0,6,6,6
CTCATGCCAACGCATT-1_3,Stele,Root procambium,,0,0,0,1,4,17
CTCATGCCACACCTTC-1_4,Meristematic,Root procambium,,0,0,0,5,1,7
CTCATGCCACAGTACT-1_1,Stele,Mesophyll,,3,1,3,2,5,5
CTCATGCGTCACTCTC-1_6,Epidermal,Flower meristem,,0,0,0,8,6,12
CTCATGCTCAGATTGC-1_3,Epidermal,Mesophyll,,3,1,3,2,8,10
CTCATGCTCAGGAGAC-1_4,Epidermal,Mesophyll,,1,2,1,2,0,2
CTCATGCTCCAATCTT-1_1,Mesophyll,Root cortex,,2,1,2,4,2,1
CTCATTAAGCGGTAAC-1_3,Mesophyll,Root cap,,2,0,2,4,2,1
CTCATTAAGCTGCGAA-1_2,Mesophyll,Mesophyll,,0,0,0,1,1,4
CTCATTAAGGGCGAAG-1_5,Epidermal,Root cortex,,2,1,2,3,3,3
CTCATTACAACACTAC-1_4,Epidermal,Phloem,,0,0,0,1,4,0
CTCATTACAGAGTCAG-1_5,Stele,Mesophyll,,1,2,1,0,0,2
CTCATTACAGCCTTCT-1_2,Stele,Vascular cambium,,0,0,0,1,7,13
CTCATTACATCGTCCT-1_4,Epidermal,Root cortex,,2,1,2,4,2,1
CTCATTAGTCGCTTAA-1_3,Epidermal,Root cortex,,2,1,2,4,2,1
CTCATTAGTGAATAAC-1_1,Mesophyll,Mesophyll,,3,1,3,2,5,5
CTCATTAGTGAGTTGG-1_1,Meristematic,Leaf pavement cell,,0,0,0,6,6,4
CTCATTAGTGGAGAAA-1_6,Mesophyll,Mesophyll,,1,0,1,7,9,11
CTCATTATCACCATCC-1_1,Mesophyll,Non-hair,,3,1,3,2,8,10
CTCATTATCAGGTAAA-1_4,Mesophyll,Mesophyll,,3,1,3,2,8,15
CTCATTATCATACGAC-1_6,Epidermal,Mesophyll,,3,1,3,2,8,10
CTCATTATCGTGGTAT-1_2,Mesophyll,Mesophyll,,3,1,3,2,5,5
CTCCAACAGACGGTTG-1_4,Stele,Mesophyll,,0,0,0,1,7,13
CTCCAACAGGGCAATC-1_6,Mesophyll,Mesophyll,,3,1,3,2,4,0
CTCCAACCAAACTAAG-1_4,Epidermal,Mesophyll,,2,0,2,3,3,16
CTCCAACCAACACACT-1_4,Mesophyll,Cortex,,3,1,3,2,2,1
CTCCAACCAACAGCTT-1_5,Epidermal,Non-hair,,0,0,0,5,1,8
CTCCAACCAGCAGAAC-1_5,Epidermal,Mesophyll,,0,0,0,6,6,6
CTCCAACCAGGTCTCG-1_5,Mesophyll,Root cortex,,3,1,3,2,8,15
CTCCAACGTAACCCTA-1_4,Epidermal,Xylem,,0,0,0,1,7,13
CTCCAACGTCTTGCGG-1_3,Mesophyll,Mesophyll,,3,1,3,2,5,5
CTCCAACGTGTTCATG-1_6,Epidermal,Shoot system epidermis,,0,0,0,1,1,4
CTCCAACGTTAACAGA-1_2,Mesophyll,Mesophyll,,1,2,1,0,6,2
CTCCAACGTTCAAACC-1_4,Mesophyll,Cortex,,2,1,2,4,2,1
CTCCAACGTTGGCCTG-1_5,Epidermal,Root endodermis,,0,0,0,5,6,0
CTCCAACGTTTCACTT-1_1,Mesophyll,Xylem pole pericycle,,1,2,1,7,9,11
CTCCAACTCACGATCA-1_6,Epidermal,Cortex,,3,1,3,2,8,14
CTCCAACTCAGCTGTA-1_2,Stele,Root procambium,,0,0,0,1,7,13
CTCCAACTCCTTATAC-1_6,Epidermal,Mesophyll,,0,0,0,5,1,7
CTCCACAAGACGGATC-1_5,Mesophyll,Root endodermis,,2,0,2,3,1,7
CTCCACAAGATAACGT-1_4,Epidermal,Mesophyll,,3,1,3,4,2,16
CTCCACAAGGATTACA-1_3,Epidermal,Root endodermis,,0,0,0,5,1,8
CTCCACAAGGCTGAAC-1_2,Epidermal,Mesophyll,,0,2,0,1,0,14
CTCCACAAGTCTACCA-1_6,Mesophyll,Mesophyll,,3,1,3,2,8,10
CTCCACACAACGATTC-1_4,Epidermal,Protoxylem,,0,2,0,0,0,4
CTCCACACAAGGCAAC-1_1,Mesophyll,Mesophyll,,3,1,3,2,5,5
CTCCACACACAGACGA-1_3,Mesophyll,Mesophyll,,1,2,1,0,0,0
CTCCACAGTAGACAAT-1_6,Epidermal,Mesophyll,,1,2,1,7,9,11
CTCCACAGTCCACAGC-1_2,Epidermal,Root cap,,3,1,3,2,8,10
CTCCACAGTGCATTAC-1_5,Epidermal,Root procambium,,0,0,0,1,7,13
CTCCACAGTTCTCGTC-1_3,Meristematic,Vascular cambium,,3,1,3,1,4,9
CTCCACATCACGTCCT-1_3,Epidermal,Mesophyll,,3,1,3,2,8,10
CTCCACATCGATTTCT-1_2,Epidermal,Columella root cap,,0,0,0,1,1,4
CTCCACATCTTCCACG-1_3,Epidermal,Root cortex,,1,2,1,0,0,0
CTCCATGAGACTACGG-1_6,Mesophyll,Meristematic cell,,3,1,3,2,8,10
CTCCATGCACCCAAGC-1_5,Epidermal,Leaf pavement cell,,2,1,2,3,3,3
CTCCATGCACTAGAGG-1_5,Stele,Cortex,,3,1,3,2,8,10
CTCCATGCACTTACAG-1_3,Mesophyll,Mesophyll,,1,2,1,0,0,2
CTCCATGGTACGGGAT-1_3,Mesophyll,Mesophyll,,3,1,3,2,5,5
CTCCATGGTGTTTGCA-1_5,Mesophyll,Mesophyll,,3,1,3,2,8,15
CTCCATGGTTCATCTT-1_4,Mesophyll,Flower meristem,,0,2,0,1,4,0
CTCCATGTCACCCATC-1_5,Meristematic,Generative nuclei,,4,3,4,8,10,12
CTCCATGTCATGAGTC-1_6,Epidermal,Mesophyll,,0,0,0,1,4,4
CTCCATGTCCCTCGAT-1_5,Mesophyll,Cortex,,3,1,3,4,2,1
CTCCATGTCGATTGGT-1_3,Mesophyll,Root cortex,,2,1,2,4,2,1
CTCCCAAAGCCTGACC-1_4,Epidermal,Cortex,,0,0,0,5,1,8
CTCCCAAAGGGTCTTT-1_2,Epidermal,Root cortex,,4,3,4,8,10,12
CTCCCAAAGTATTAGG-1_5,Epidermal,Root cortex,,1,3,1,1,7,14
CTCCCAACAACGGTAG-1_1,Epidermal,Mesophyll,,1,2,1,0,0,0
CTCCCAACAATGAACA-1_1,Mesophyll,Mesophyll,,1,2,1,0,0,13
CTCCCAACAGACACCC-1_6,Mesophyll,Root endodermis,,0,0,0,6,1,8
CTCCCAACAGCCGGTT-1_4,Meristematic,Root cortex,,2,0,2,4,5,7
CTCCCAACAGCGTAGA-1_3,Epidermal,Mesophyll,,0,0,0,6,6,6
CTCCCAACATATACCG-1_4,Epidermal,Root endodermis,,0,0,0,6,6,6
CTCCCAAGTCGAAGCA-1_5,Epidermal,Root endodermis,,0,0,0,1,1,4
CTCCCAAGTCGTACAT-1_2,Mesophyll,Mesophyll,,1,2,1,7,9,11
CTCCCAAGTTCCACGG-1_6,Meristematic,Flower meristem,,0,2,0,1,4,0
CTCCCAAGTTCGGCGT-1_1,Mesophyll,Root endodermis,,2,0,2,5,1,8
CTCCCAATCAGACCTA-1_1,Epidermal,Flower meristem,,0,0,0,1,1,4
CTCCCAATCCGGCAAC-1_2,Epidermal,Mesophyll,,1,0,1,7,9,11
CTCCCAATCCTGTAAG-1_4,Mesophyll,Root endodermis,,0,0,0,5,1,8
CTCCCAATCGTTCCCA-1_4,Stele,Xylem,,1,2,1,0,0,2
CTCCCAATCTGATGGT-1_2,Mesophyll,Mesophyll,,0,1,0,1,7,7
CTCCCTCAGAAGGTAG-1_2,Epidermal,Mesophyll,,1,2,1,0,6,0
CTCCCTCAGACATATG-1_3,Meristematic,Non-hair,,0,0,0,1,1,4
CTCCCTCAGCGACTGA-1_6,Epidermal,Leaf pavement cell,,1,2,1,0,4,0
CTCCCTCAGCTGTTAC-1_3,Mesophyll,Mesophyll,,1,2,1,0,0,2
CTCCCTCAGTATTGCC-1_1,Epidermal,Vascular cambium,,4,3,4,8,10,12
CTCCCTCCACACCAGC-1_4,Stele,Shoot system epidermis,,2,1,2,3,3,3
CTCCCTCCACAGTCCG-1_4,Mesophyll,Flower meristem,,0,0,0,1,7,4
CTCCCTCCATTGTCGA-1_5,Mesophyll,Mesophyll,,1,2,1,0,0,2
CTCCCTCGTCGCCTAG-1_4,Epidermal,Bundle sheath,,0,1,0,1,7,13
CTCCCTCGTCTCAAGT-1_5,Epidermal,Mesophyll,,0,2,0,9,4,0
CTCCCTCTCCTCTTTC-1_4,Epidermal,Root cap,,0,0,0,1,1,0
CTCCCTCTCTCGACGG-1_3,Meristematic,Leaf pavement cell,,2,1,2,3,3,3
CTCCGATAGAACTCCT-1_3,Epidermal,Root cortex,,3,1,3,2,8,15
CTCCGATAGCAGGTCA-1_4,Mesophyll,Mesophyll,,1,2,1,0,4,15
CTCCGATAGTAACCTC-1_1,Mesophyll,Mesophyll,,1,2,1,0,0,0
CTCCGATAGTATTGCC-1_4,Epidermal,Root endodermis,,0,0,0,5,1,4
CTCCGATCAAATAAGC-1_3,Epidermal,Cortex,,0,0,0,5,1,9
CTCCGATCAACGTAAA-1_6,Stele,Root cortex,,2,1,2,4,2,1
CTCCGATCACTACCCT-1_1,Epidermal,Root cap,,0,0,0,1,1,4
CTCCGATCATCATCCC-1_5,Mesophyll,Explant vasculature and callus founder cell,,0,0,0,6,6,7
CTCCGATGTAAGCGGT-1_2,Epidermal,Leaf pavement cell,,0,1,0,3,7,3
CTCCGATGTCGACTGC-1_1,Epidermal,Leaf pavement cell,,2,1,2,4,2,1
CTCCGATGTGCGTTTA-1_6,Mesophyll,Root endodermis,,0,0,0,6,6,6
CTCCGATTCATGGGAG-1_2,Epidermal,Mesophyll,,1,2,1,7,0,11
CTCCTCCAGAATAACC-1_2,Mesophyll,Mesophyll,,1,2,1,0,0,0
CTCCTCCAGCTCCCTT-1_4,Epidermal,Vascular cambium,,3,1,3,1,4,9
CTCCTCCAGGCCTTGC-1_4,Mesophyll,Mesophyll,,1,2,1,0,0,2
CTCCTCCAGTGTTGTC-1_3,Epidermal,Mesophyll,,5,2,5,9,4,17
CTCCTCCCAAACACCT-1_3,Epidermal,Vascular cambium,,0,2,0,1,4,13
CTCCTCCCAAGGATGC-1_1,Mesophyll,Root cortex,,2,0,2,4,2,1
CTCCTCCCACCTCTAC-1_4,Epidermal,Non-hair,,2,1,2,4,3,0
CTCCTCCCAGAAGCGT-1_3,Epidermal,Mesophyll,,2,1,2,3,3,3
CTCCTCCCAGCAGGAT-1_6,Stele,Non-hair,,0,0,0,1,1,4
CTCCTCCCAGCGAACA-1_4,Epidermal,Cortex,,3,1,3,2,5,5
CTCCTCCCAGGGAATC-1_2,Mesophyll,Mesophyll,,1,2,1,7,9,11
CTCCTCCGTCGCGTTG-1_4,Epidermal,Mesophyll,,1,2,1,0,8,16
CTCCTCCGTTTCTATC-1_3,Stele,Cortex,,4,3,4,8,10,12
CTCCTCCTCCCAGCGA-1_4,Mesophyll,Mesophyll,,1,2,1,0,4,0
CTCCTCCTCCCTCAAC-1_3,Mesophyll,Root cortex,,0,0,0,1,4,7
CTCCTCCTCGTGTGAT-1_5,Epidermal,Non-hair,,0,0,0,1,3,14
CTCCTCCTCGTTCCTG-1_4,Epidermal,Root procambium,,0,0,0,6,1,4
CTCCTCCTCTTAGGAC-1_3,Mesophyll,Mesophyll,,1,2,1,7,9,2
CTCCTTTAGGAGTCTG-1_6,Epidermal,Root cortex,,2,0,2,3,3,14
CTCCTTTCAATTCGTG-1_4,Mesophyll,Non-hair,,4,3,4,8,10,12
CTCCTTTCATCGCTCT-1_4,Meristematic,Mesophyll,,1,2,1,0,0,16
CTCCTTTCATTGACAC-1_3,Mesophyll,Mesophyll,,4,3,4,8,10,12
CTCCTTTGTAGAGACC-1_4,Mesophyll,Root endodermis,,0,0,0,6,3,7
CTCCTTTGTAGAGCTG-1_5,Meristematic,Mesophyll,,1,2,1,0,0,2
CTCCTTTGTCTTCTAT-1_1,Epidermal,Leaf pavement cell,,2,1,2,3,2,1
CTCCTTTGTGAACCGA-1_2,Mesophyll,Leaf pavement cell,,4,3,4,8,10,12
CTCCTTTGTGGTGATG-1_5,Mesophyll,Root endodermis,,2,0,2,6,6,6
CTCCTTTGTTGTTTGG-1_5,Mesophyll,Root cortex,,3,1,3,4,0,7
CTCCTTTTCCTGATAG-1_5,Mesophyll,Phloem,,3,1,3,2,2,10
CTCCTTTTCTACTTCA-1_1,Epidermal,Root cap,,2,1,2,4,2,1
CTCGAGGAGAACCCGA-1_2,Epidermal,Root cap,,0,0,0,6,6,6
CTCGAGGAGACATAGT-1_1,Mesophyll,Mesophyll,,3,1,3,2,8,12
CTCGAGGAGAGCATCG-1_6,Epidermal,Mesophyll,,0,0,0,6,6,6
CTCGAGGAGCAGCACA-1_2,Mesophyll,Mesophyll,,3,1,3,2,5,5
CTCGAGGAGGTCGAGT-1_2,Mesophyll,Mesophyll,,1,2,1,0,0,2
CTCGAGGAGTGGTGAC-1_3,Epidermal,Root endodermis,,0,0,0,3,3,3
CTCGAGGAGTGGTGAC-1_4,Epidermal,Sieve element,,0,0,0,1,4,0
CTCGAGGCATGAAGGC-1_2,Epidermal,Root cortex,,2,1,2,4,2,1
CTCGAGGCATGCGGTC-1_3,Epidermal,Root cortex,,1,2,1,0,0,2
CTCGAGGGTAAGATAC-1_2,Mesophyll,Mesophyll,,0,0,0,6,6,6
CTCGAGGGTCGAGTGA-1_1,Mesophyll,Root endodermis,,1,0,1,0,0,8
CTCGAGGTCATTCGTT-1_1,Mesophyll,Mesophyll,,1,2,1,0,0,15
CTCGAGGTCCGCTAGG-1_4,Epidermal,Root endodermis,,2,0,2,3,3,3
CTCGAGGTCTGGAGAG-1_5,Mesophyll,Phloem parenchyma,,0,0,0,1,1,4
CTCTCAGAGTCTAGCT-1_2,Epidermal,Mesophyll,,1,2,1,0,0,2
CTCTCAGAGTTGCGAG-1_1,Mesophyll,Mesophyll,,3,1,3,2,8,10
CTCTCAGCACTGTGAT-1_5,Epidermal,Mesophyll,,1,2,1,0,0,0
CTCTCAGCAGCGATTT-1_6,Mesophyll,Mesophyll,,3,1,3,2,8,10
CTCTCAGCAGCTGGTC-1_3,Mesophyll,Mesophyll,,0,0,0,6,6,4
CTCTCAGGTCACAGTT-1_5,Epidermal,Cortex,,2,1,2,4,2,1
CTCTCAGGTCATCGGC-1_5,Epidermal,Mesophyll,,5,2,5,9,4,17
CTCTCAGGTCGACGCT-1_1,Meristematic,Vascular cambium,,2,1,2,4,2,1
CTCTCAGGTTACGTAC-1_4,Mesophyll,Bundle sheath,,0,0,0,1,4,9
CTCTCAGTCCCAAGTA-1_4,Epidermal,Leaf pavement cell,,2,0,2,3,3,3
CTCTCAGTCGCTACGG-1_2,Epidermal,Mesophyll,,3,1,3,2,8,10
CTCTCAGTCTTGAGCA-1_5,Stele,Root cortex,,2,1,2,3,3,3
CTCTCGAAGATACATG-1_4,Stele,Non-hair,,0,0,0,1,1,7
CTCTCGAAGTATAACG-1_1,Mesophyll,Mesophyll,,0,0,0,6,6,19
CTCTCGACAAGAGTGC-1_1,Epidermal,Columella root cap,,0,0,0,1,1,4
CTCTCGACAGAGTAAT-1_6,Epidermal,Leaf pavement cell,,3,1,3,3,8,10
CTCTCGAGTGGCGCTT-1_4,Epidermal,Root cap,,0,0,0,1,4,9
CTCTCGATCCGTAATG-1_1,Epidermal,Root endodermis,,0,0,0,6,6,7
CTCTGGTAGCCGTTAT-1_5,Meristematic,Root procambium,,0,0,0,5,1,4
CTCTGGTCAATGTCTG-1_3,Epidermal,Cortex,,2,1,2,4,2,1
CTCTGGTCACATCATG-1_5,Stele,Root cortex,,1,2,1,0,0,0
CTCTGGTCATACGCAT-1_5,Meristematic,Flower meristem,,0,0,0,1,3,4
CTCTGGTGTCAGACGA-1_3,Epidermal,Mesophyll,,1,2,1,0,0,2
CTCTGGTGTCTCGACG-1_3,Epidermal,Root endodermis,,5,4,5,9,11,18
CTCTGGTGTTGATCGT-1_6,Epidermal,Explant vasculature and callus founder cell,,3,1,3,2,5,5
CTCTGGTGTTGCTGAT-1_1,Mesophyll,Phloem pole pericycle,,0,0,0,5,1,4
CTCTGGTTCAAGCCGC-1_2,Epidermal,Leaf pavement cell,,3,1,3,3,8,3
CTCTGGTTCAGACCTA-1_1,Stele,Mesophyll,,1,2,1,0,0,2
CTCTGGTTCATCCCGT-1_3,Epidermal,Mesophyll,,3,1,3,2,8,10
CTCTGGTTCCGATAGT-1_3,Mesophyll,Mesophyll,,1,2,1,0,0,15
CTCTGGTTCCTTACCG-1_5,Mesophyll,Root procambium,,0,0,0,1,7,13
CTCTGGTTCGGCTTGG-1_5,Epidermal,Phloem pole pericycle,,4,3,4,8,10,12
CTCTGGTTCTGCGTCT-1_5,Epidermal,Root endodermis,,2,0,2,6,6,6
CTGAATGGTATGATCC-1_6,Mesophyll,Shoot system epidermis,,2,1,2,3,3,14
CTGAATGGTGCAACGA-1_5,Epidermal,Mesophyll,,1,2,1,7,9,11
CTGAATGGTGGCTTGC-1_5,Mesophyll,Flower meristem,,0,0,0,1,4,4
CTGAATGTCCACGAAT-1_2,Epidermal,Flower meristem,,0,0,0,1,4,0
CTGAATGTCCGAAATC-1_6,Epidermal,Phloem parenchyma,,0,0,0,5,1,8
CTGAATGTCTAAGCGT-1_4,Mesophyll,Mesophyll,,3,1,3,4,2,1
CTGAGCGAGATTTGCC-1_3,Epidermal,Root hair,,5,4,5,9,11,18
CTGAGCGAGTGGATAT-1_5,Stele,Root endodermis,,0,0,0,5,1,8
CTGAGCGGTGTCTCCT-1_3,Mesophyll,Leaf pavement cell,,3,1,3,1,4,9
CTGAGCGGTTCCGCTT-1_3,Mesophyll,Root cortex,,3,1,3,2,9,5
CTGAGCGTCCTCTGCA-1_1,Mesophyll,Mesophyll,,3,1,3,2,5,15
CTGAGGCAGGTACCTT-1_6,Epidermal,Mesophyll,,1,2,1,0,0,0
CTGAGGCCAAGTCCAT-1_2,Mesophyll,Flower meristem,,3,1,3,1,4,9
CTGAGGCCACAGCCAC-1_5,Epidermal,Root cortex,,2,0,2,4,2,7
CTGAGGCCACCGGCTA-1_3,Mesophyll,Phloem,,0,0,0,1,7,4
CTGAGGCCAGGAATAT-1_3,Mesophyll,Root endodermis,,0,0,0,6,6,0
CTGAGGCGTCCACAGC-1_4,Stele,Mesophyll,,3,1,3,2,5,5
CTGAGGCTCCCAGTGG-1_5,Epidermal,Root cap,,0,0,0,5,1,8
CTGATCCCAAGTCCCG-1_5,Epidermal,Root cap,,0,0,0,1,7,7
CTGATCCCACCCAAGC-1_3,Epidermal,Lateral root cap,,0,0,0,1,7,4
CTGATCCCAGCCGTCA-1_5,Epidermal,Phloem parenchyma,,2,0,2,3,3,3
CTGATCCCAGCGGATA-1_2,Epidermal,Phloem parenchyma,,0,0,0,5,1,8
CTGATCCCATTCTTCA-1_2,Mesophyll,Shoot system epidermis,,2,1,2,3,3,14
CTGATCCGTGCCTGCA-1_2,Epidermal,Root endodermis,,0,0,0,1,1,4
CTGATCCTCCTATGGA-1_2,Stele,Root cortex,,3,1,3,4,2,1
CTGATCCTCCTCTGCA-1_4,Epidermal,Root endodermis,,0,0,0,5,1,8
CTGCAGGAGCACTAAA-1_5,Mesophyll,Root endodermis,,2,0,2,4,2,7
CTGCAGGCAGGAACCA-1_5,Mesophyll,Mesophyll,,1,2,1,0,0,0
CTGCAGGCAGGATCTT-1_2,Mesophyll,Mesophyll,,1,2,1,0,0,2
CTGCAGGGTACTCGAT-1_6,Epidermal,Root cortex,,2,1,2,4,2,1
CTGCAGGGTCCTTTGC-1_3,Epidermal,Root epidermis,,2,1,2,3,3,3
CTGCAGGTCAAACCTG-1_4,Mesophyll,Mesophyll,,1,2,1,0,0,2
CTGCAGGTCAGCTGAT-1_5,Epidermal,Root cortex,,2,1,2,4,2,1
CTGCAGGTCTAGCAAC-1_4,Epidermal,Columella root cap,,0,0,0,1,1,4
CTGCAGGTCTTACGGA-1_2,Mesophyll,Root endodermis,,0,0,0,5,1,8
CTGCATCAGAGCAAGA-1_2,Epidermal,Root cortex,,2,1,2,4,2,1
CTGCATCGTCTACAAC-1_1,Stele,Mesophyll,,3,1,3,2,8,10
CTGCATCTCACTTATC-1_4,Epidermal,Mesophyll,,2,1,2,3,3,3
CTGCATCTCCTACACC-1_5,Epidermal,Root cap,,2,0,2,3,3,3
CTGCATCTCGGAGTAG-1_2,Epidermal,Mesophyll,,1,2,1,7,9,11
CTGCATCTCGTAACTG-1_4,Mesophyll,Mesophyll,,3,1,3,2,5,15
CTGCATCTCTATCGTT-1_5,Mesophyll,Mesophyll,,3,1,3,2,5,5
CTGCATCTCTATTCGT-1_3,Epidermal,Root cortex,,2,1,2,4,3,0
CTGCCATAGGGCATGT-1_3,Epidermal,Mesophyll,,1,2,1,0,0,0
CTGCCATCAAATTGGA-1_3,Mesophyll,Root cortex,,2,1,2,4,2,1
CTGCCATCACTGCGAC-1_5,Stele,Phloem,,3,1,3,4,2,9
CTGCCATCATAGAAAC-1_4,Stele,Mesophyll,,3,1,3,2,5,5
CTGCCATCATGACTCA-1_4,Epidermal,Root endodermis,,0,0,0,6,6,6
CTGCCATGTATCACCA-1_1,Epidermal,Root endodermis,,0,0,0,5,1,8
CTGCCATGTTTGTTCT-1_6,Epidermal,Mesophyll,,1,2,1,0,0,2
CTGCCATTCTAGGCAT-1_3,Stele,Root endodermis,,0,0,0,6,6,6
CTGCCTAAGATCACCT-1_3,Mesophyll,Non-hair,,0,0,0,1,3,14
CTGCCTAAGCAACAGC-1_3,Mesophyll,Root endodermis,,2,0,2,5,1,8
CTGCCTAAGCCAACCC-1_5,Epidermal,Phloem pole pericycle,,0,0,0,6,6,6
CTGCCTAAGCCACTCG-1_1,Stele,Root cortex,,2,1,2,1,7,13
CTGCCTAAGCCATTCA-1_2,Epidermal,Leaf pavement cell,,2,1,2,3,3,3
CTGCCTAAGTCTTCCC-1_5,Mesophyll,Root cortex,,3,1,3,4,2,1
CTGCCTAAGTTTCGGT-1_4,Epidermal,Mesophyll,,1,2,1,3,3,3
CTGCCTACAACTACGT-1_4,Epidermal,Leaf pavement cell,,2,1,2,4,2,7
CTGCCTACAATCCTTT-1_3,Mesophyll,Mesophyll,,1,2,1,0,0,0
CTGCCTACAGCGGTCT-1_4,Mesophyll,Mesophyll,,1,2,1,0,0,2
CTGCCTACATTGAGCT-1_6,Epidermal,Root cortex,,2,1,2,4,2,1
CTGCCTAGTAATGCGG-1_2,Mesophyll,Mesophyll,,3,1,3,2,5,5
CTGCCTAGTCTCAGGC-1_1,Epidermal,Root endodermis,,1,2,1,0,0,16
CTGCCTAGTTTCTTAC-1_2,Mesophyll,Explant vasculature and callus founder cell,,2,1,2,1,7,13
CTGCCTATCCGATGCG-1_1,Stele,Root endodermis,,0,0,0,6,6,6
CTGCCTATCCTTGAAG-1_6,Mesophyll,Root cortex,,3,1,3,2,8,10
CTGCCTATCGAGTACT-1_4,Mesophyll,Leaf pavement cell,,4,3,4,8,10,12
CTGCGAGAGCTGCCTG-1_4,Mesophyll,Root cap,,0,0,0,1,7,14
CTGCGAGAGTCACTGT-1_1,Epidermal,Mesophyll,,3,1,3,2,8,10
CTGCGAGCAAATACAG-1_3,Stele,Root procambium,,0,0,0,1,7,4
CTGCGAGCACAGTCGC-1_4,Stele,Mesophyll,,3,1,3,2,5,5
CTGCGAGCAGATCACT-1_1,Epidermal,Cortex,,0,0,0,3,1,9
CTGCGAGGTAGCGTTT-1_1,Mesophyll,Mesophyll,,1,2,1,0,0,0
CTGCGAGGTGCTGCAC-1_3,Stele,Guard cell,,2,1,2,2,5,5
CTGCGAGTCACCCTTG-1_6,Mesophyll,Root cortex,,3,1,3,2,8,12
CTGCGAGTCCTCTCTT-1_3,Epidermal,Root cortex,,2,1,2,3,2,1
CTGCGAGTCTGATTCT-1_3,Mesophyll,Root endodermis,,0,0,0,5,1,8
CTGCGAGTCTGTTGGA-1_2,Mesophyll,Root cortex,,3,1,3,4,5,5
CTGCTCAAGAAGAACG-1_5,Epidermal,Root endodermis,,0,0,0,6,6,6
CTGCTCAAGCGCACAA-1_5,Meristematic,Shoot system epidermis,,2,1,2,3,3,3
CTGCTCACACTTCAGA-1_5,Epidermal,Mesophyll,,1,2,1,0,0,0
CTGCTCACAGAACTTC-1_6,Mesophyll,Non-hair,,3,1,3,2,8,10
CTGCTCACAGTGCCTG-1_5,Epidermal,Columella root cap,,0,0,0,1,1,4
CTGCTCAGTAGAATGT-1_2,Stele,Root endodermis,,2,0,2,5,1,7
CTGCTCAGTGTCTTCC-1_4,Epidermal,Root endodermis,,0,0,0,6,6,6
CTGCTCATCAGTGTCA-1_1,Stele,Root cortex,,1,0,1,7,9,11
CTGCTCATCTCCCATG-1_4,Epidermal,Mesophyll,,1,2,1,7,9,11
CTGGACGAGGCACGAT-1_2,Epidermal,Root endodermis,,0,0,0,5,1,8
CTGGACGCAAGTCATC-1_5,Stele,Root cortex,,0,0,0,5,1,7
CTGGACGCACGGCCAT-1_1,Epidermal,Root cortex,,2,1,2,3,3,3
CTGGACGCAGTGCGCT-1_5,Epidermal,Bundle sheath,,0,0,0,1,4,9
CTGGACGCATCCCACT-1_3,Mesophyll,Mesophyll,,1,2,1,0,0,2
CTGGACGGTAAGCAAT-1_5,Epidermal,Generative nuclei,,1,2,1,0,0,16
CTGGACGGTTACCTGA-1_5,Epidermal,Mesophyll,,1,2,1,0,0,2
CTGGACGTCCACGTGG-1_1,Mesophyll,Mesophyll,,3,1,3,2,5,5
CTGGACGTCGGATACT-1_1,Mesophyll,Root cortex,,3,2,3,2,5,5
CTGGCAGAGGAAAGAC-1_5,Epidermal,Mesophyll,,5,4,5,9,11,18
CTGGCAGAGGAGTACC-1_1,Mesophyll,Mesophyll,,3,1,3,2,5,5
CTGGCAGAGGCAGGGA-1_1,Mesophyll,Root cortex,,2,1,2,3,2,1
CTGGCAGAGTTGTAAG-1_1,Mesophyll,Cortex,,3,1,3,1,7,7
CTGGCAGCACACGGTC-1_4,Stele,Explant vasculature and callus founder cell,,0,0,0,1,7,13
CTGGCAGCACAGTCCG-1_5,Epidermal,Leaf pavement cell,,0,0,0,3,3,3
CTGGCAGCAGCTATAC-1_1,Epidermal,Root endodermis,,0,0,0,5,1,8
CTGGCAGCATGTGTCA-1_3,Epidermal,Phloem parenchyma,,2,0,2,3,1,7
CTGGCAGGTAGCCAGA-1_2,Mesophyll,Phloem,,3,1,3,2,8,10
CTGGCAGGTTCAAGTC-1_3,Stele,Mesophyll,,1,2,1,2,5,5
CTGGCAGTCCCATACC-1_2,Meristematic,Mesophyll,,3,2,3,0,8,10
CTGGCAGTCCGTGTCT-1_4,Epidermal,Mesophyll,,4,3,4,8,10,12
CTGGTCTAGCTAGCCC-1_3,Epidermal,Root procambium,,0,0,0,1,1,4
CTGGTCTAGTAAACAC-1_4,Mesophyll,Mesophyll,,1,2,1,0,0,0
CTGGTCTAGTTAACAG-1_6,Mesophyll,Leaf pavement cell,,3,1,3,3,8,3
CTGGTCTCACCTCAGG-1_4,Mesophyll,Root cortex,,2,1,2,3,2,1
CTGGTCTCATTGAAAG-1_6,Mesophyll,Mesophyll,,3,1,3,2,8,10
CTGGTCTGTGTTATCG-1_2,Mesophyll,Mesophyll,,0,0,0,6,6,6
CTGGTCTGTTGCAACT-1_1,Epidermal,Root procambium,,0,0,0,1,7,13
CTGGTCTTCATACGGT-1_5,Mesophyll,Root cortex,,2,1,2,4,2,1
CTGGTCTTCCATCACC-1_5,Mesophyll,Root cortex,,1,2,1,0,0,0
CTGGTCTTCGTGGCTG-1_3,Epidermal,Leaf pavement cell,,0,0,0,1,1,9
CTGGTCTTCTACCACC-1_2,Mesophyll,Phloem parenchyma,,0,0,0,5,1,8
CTGGTCTTCTTCCTAA-1_1,Epidermal,Root cortex,,2,0,2,4,1,7
CTGTACCAGGGCTTCC-1_6,Epidermal,Root endodermis,,0,0,0,5,1,0
CTGTACCAGTTAACGA-1_1,Mesophyll,Mesophyll,,1,2,1,0,0,2
CTGTACCCAGACCTAT-1_1,Meristematic,Leaf pavement cell,,3,1,3,1,3,14
CTGTACCCATGCCATA-1_6,Mesophyll,Leaf pavement cell,,3,1,3,1,4,9
CTGTACCGTAACTTCG-1_5,Stele,Root procambium,,0,0,0,7,9,11
CTGTACCGTTCCTTGC-1_1,Epidermal,Cortex,,0,0,0,1,1,7
CTGTACCGTTTGGAAA-1_1,Mesophyll,Bundle sheath,,1,0,1,7,9,11
CTGTACCTCAACACGT-1_4,Meristematic,Mesophyll,,3,1,3,2,5,5
CTGTACCTCACATACG-1_4,Mesophyll,Bundle sheath,,2,0,2,1,4,9
CTGTACCTCACCACAA-1_1,Epidermal,Non-hair,,2,0,2,3,3,14
CTGTACCTCCTCCACA-1_2,Epidermal,Non-hair,,0,0,0,1,7,14
CTGTACCTCGTAGTCA-1_3,Epidermal,Root hair,,5,4,5,9,11,18
CTGTAGAAGATCGCCC-1_1,Mesophyll,Mesophyll,,0,2,0,5,1,8
CTGTAGACAAGTCCAT-1_4,Epidermal,Shoot system epidermis,,2,1,2,3,2,1
CTGTAGACACATAACC-1_2,Mesophyll,Mesophyll,,1,2,1,0,0,16
CTGTAGAGTCTCTCAC-1_4,Meristematic,Root endodermis,,0,0,0,6,6,6
CTGTAGAGTTTCTATC-1_5,Epidermal,Shoot apical meristem,,0,0,0,1,4,9
CTGTATTAGGTCACAG-1_2,Stele,Companion cell,,0,0,0,6,6,7
CTGTATTAGGTTGGAC-1_5,Epidermal,Non-hair,,1,1,1,1,7,14
CTGTATTAGTCATCGT-1_3,Epidermal,Mesophyll,,1,2,1,1,6,0
CTGTATTGTACATACC-1_1,Epidermal,Mesophyll,,5,2,5,9,4,17
CTGTATTGTATCCTCC-1_5,Mesophyll,Root cap,,3,1,3,6,6,6
CTGTATTGTGCTGATT-1_3,Epidermal,Bundle sheath,,2,1,2,1,4,7
CTGTATTGTTGCATCA-1_5,Mesophyll,Root cortex,,2,0,2,4,2,7
CTGTATTGTTGCATTG-1_2,Mesophyll,Mesophyll,,1,2,1,7,9,11
CTGTATTTCCGTATGA-1_6,Mesophyll,Mesophyll,,1,2,1,7,9,11
CTGTATTTCTCCGAGG-1_1,Epidermal,Leaf pavement cell,,2,1,2,3,3,3
CTGTATTTCTTAGTTC-1_4,Epidermal,Mesophyll,,1,2,1,0,0,2
CTGTCGTCAGCACCCA-1_1,Epidermal,Mesophyll,,4,3,4,8,10,12
CTGTCGTCATACAGCT-1_5,Epidermal,Leaf pavement cell,,2,1,2,3,3,3
CTGTCGTTCCCGTGTT-1_3,Mesophyll,Mesophyll,,3,1,3,2,5,5
CTGTCGTTCGCAAGAG-1_3,Epidermal,Mesophyll,,3,1,3,2,5,5
CTGTGAAAGCGAACTG-1_2,Epidermal,Mesophyll,,0,0,0,6,1,8
CTGTGAAAGTATTAGG-1_4,Stele,Mesophyll,,0,0,0,6,6,6
CTGTGAAAGTCACGAG-1_1,Mesophyll,Mesophyll,,3,1,3,2,5,15
CTGTGAAAGTCCCGAC-1_4,Meristematic,Xylem,,0,0,0,5,1,8
CTGTGAACAGCTGTCG-1_3,Epidermal,Root endodermis,,0,0,0,5,1,8
CTGTGAAGTCCGCAGT-1_4,Mesophyll,Mesophyll,,1,2,1,0,0,9
CTGTGAAGTCGTTATG-1_5,Mesophyll,Mesophyll,,1,2,1,7,9,11
CTGTGAATCACAAGAA-1_5,Epidermal,Non-hair,,0,0,0,6,6,6
CTGTGAATCCAGCACG-1_6,Mesophyll,Mesophyll,,3,1,3,2,8,10
CTGTGGGAGACCAAGC-1_1,Epidermal,Root procambium,,0,0,0,5,1,8
CTGTGGGAGCCGCACT-1_2,Epidermal,Mesophyll,,0,0,0,6,6,6
CTGTGGGAGGTACAAT-1_1,Stele,Xylem,,2,0,2,4,2,1
CTGTGGGCATCCTAAG-1_1,Mesophyll,Root cap,,1,0,1,7,9,11
CTGTGGGCATGGAATA-1_1,Mesophyll,Mesophyll,,1,2,1,7,9,11
CTGTGGGTCACCTGTC-1_4,Epidermal,Root procambium,,0,0,0,5,1,13
CTGTGGGTCATGCCGG-1_4,Stele,Phloem,,5,2,5,10,4,17
CTGTGGGTCCCAGGCA-1_4,Mesophyll,Phloem parenchyma,,0,0,0,5,1,8
CTTACCGAGAGTACCG-1_5,Mesophyll,Xylem,,0,0,0,3,3,3
CTTACCGAGATGGCAC-1_4,Mesophyll,Root cortex,,2,1,2,4,2,1
CTTACCGAGTAGGAAG-1_5,Mesophyll,Mesophyll,,0,0,0,6,6,6
CTTACCGCACAAGGTG-1_3,Epidermal,Mesophyll,,1,2,1,0,0,2
CTTACCGCACAAGTGG-1_1,Epidermal,Root endodermis,,0,0,0,5,1,8
CTTACCGGTACTGACT-1_5,Epidermal,Leaf pavement cell,,0,0,0,1,1,4
CTTACCGGTTCTTGTT-1_6,Mesophyll,Columella root cap,,0,0,0,1,7,4
CTTACCGGTTGCGGCT-1_2,Epidermal,Mesophyll,,1,2,1,7,9,2
CTTACCGTCAGCTAGT-1_1,Mesophyll,Mesophyll,,3,1,3,2,5,5
CTTACCGTCCACACAA-1_2,Stele,Root endodermis,,0,0,0,6,6,6
CTTACCGTCCTAACAG-1_1,Epidermal,Root cortex,,2,1,2,4,2,1
CTTACCGTCCTATTTG-1_6,Epidermal,Mesophyll,,3,2,3,2,8,10
CTTACCGTCGCAATGT-1_3,Epidermal,Vascular cambium,,0,0,0,1,4,9
CTTACCGTCGTAACTG-1_3,Mesophyll,Root cap,,3,1,3,2,5,5
CTTACCGTCTCCTACG-1_3,Mesophyll,Mesophyll,,1,2,1,0,0,0
CTTAGGAAGCCTAGGA-1_5,Mesophyll,Root cortex,,2,1,2,4,2,1
CTTAGGAAGCTGAGCA-1_1,Epidermal,Mesophyll,,3,1,3,2,2,1
CTTAGGAAGGAGTATT-1_4,Epidermal,Phloem,,3,1,3,4,4,9
CTTAGGAAGTAGACCG-1_3,Mesophyll,Mesophyll,,1,2,1,0,0,0
CTTAGGAAGTGATGGC-1_4,Mesophyll,Mesophyll,,0,0,0,6,6,6
CTTAGGACAAATGGTA-1_5,Epidermal,Mesophyll,,1,2,1,7,9,11
CTTAGGACACACGTGC-1_5,Meristematic,Mesophyll,,1,2,1,0,0,2
CTTAGGACACGCTGCA-1_1,Epidermal,Phloem,,3,1,3,4,4,9
CTTAGGAGTCCTGTTC-1_1,Epidermal,Vascular cambium,,5,2,5,9,4,17
CTTAGGAGTCTGTCAA-1_1,Mesophyll,Root endodermis,,2,0,2,6,6,6
CTTAGGAGTGCCTTTC-1_2,Epidermal,Root hair,,5,4,5,9,11,18
CTTAGGAGTTGCGTAT-1_2,Epidermal,Cortex,,0,0,0,1,7,13
CTTAGGATCCCTCGAT-1_3,Stele,Flower meristem,,0,0,0,5,1,8
CTTCAATAGCACGATG-1_4,Epidermal,Root endodermis,,0,0,0,5,1,8
CTTCAATCAAATGGTA-1_6,Guard,Root cortex,,3,1,3,2,8,10
CTTCAATCAATTGGTC-1_1,Epidermal,Root cap,,0,0,0,1,1,4
CTTCAATCACAAACGG-1_1,Meristematic,Shoot system epidermis,,3,1,3,2,8,10
CTTCAATCACCCAAGC-1_4,Stele,Root cortex,,2,1,2,3,7,7
CTTCAATGTCAATCTG-1_2,Mesophyll,Mesophyll,,3,2,3,2,4,0
CTTCAATGTGAATATG-1_4,Epidermal,Bundle sheath,,4,3,4,8,10,12
CTTCAATGTGATAGAT-1_1,Epidermal,Root cortex,,3,1,3,2,5,5
CTTCAATGTGTTCGTA-1_4,Epidermal,Root endodermis,,0,0,0,5,1,8
CTTCAATTCTCTGCTG-1_5,Epidermal,Mesophyll,,1,2,1,0,0,2
CTTCCGAAGCTATCTG-1_6,Epidermal,Mesophyll,,3,1,3,2,5,5
CTTCCGAAGGGACTGT-1_6,Epidermal,Leaf pavement cell,,0,0,0,4,10,0
CTTCCGAAGGGCAACT-1_3,Epidermal,Non-hair,,2,1,2,3,3,14
CTTCCGAAGGTTTACC-1_1,Epidermal,Root endodermis,,2,0,2,6,6,6
CTTCCGAAGTTAGAAC-1_4,Mesophyll,Mesophyll,,1,2,1,0,0,16
CTTCCGAGTGCCTGAC-1_2,Epidermal,Phloem,,5,2,5,1,4,17
CTTCCGAGTTGAGAGC-1_6,Mesophyll,Mesophyll,,1,2,1,0,0,2
CTTCCGATCACCGGTG-1_6,Meristematic,Mesophyll,,1,2,1,0,0,2
CTTCCTTAGGAACGTC-1_5,Epidermal,Root procambium,,0,0,0,4,1,7
CTTCCTTCAGGGATAC-1_6,Epidermal,Root procambium,,0,0,0,1,1,9
CTTCCTTCAGTGACCC-1_2,Meristematic,Leaf pavement cell,,3,1,3,7,8,11
CTTCCTTGTTGGGCCT-1_1,Stele,Mesophyll,,1,2,1,7,9,2
CTTCCTTTCACCCATC-1_3,Epidermal,Root endodermis,,2,1,2,3,3,3
CTTCCTTTCCTAACAG-1_5,Mesophyll,Mesophyll,,1,2,1,7,9,11
CTTCGGTAGCCATATC-1_4,Stele,Vascular cambium,,0,2,0,1,4,13
CTTCGGTAGCCGTAAG-1_4,Stele,Mesophyll,,2,0,2,4,2,7
CTTCGGTCATTCACAG-1_2,Epidermal,Root endodermis,,1,0,1,1,7,14
CTTCGGTGTGGTCTAT-1_5,Epidermal,Root endodermis,,0,0,0,5,1,8
CTTCGGTGTTTCGATG-1_4,Epidermal,Mesophyll,,0,0,0,5,1,16
CTTCGGTTCAACTGGT-1_4,Mesophyll,Mesophyll,,1,2,1,7,9,2
CTTCGGTTCACGTCCT-1_6,Epidermal,Pericycle,,0,0,0,1,7,13
CTTCGGTTCACTCCGT-1_6,Epidermal,Root cortex,,2,0,2,5,1,7
CTTCGGTTCTTTCCGG-1_6,Mesophyll,Mesophyll,,1,2,1,0,0,0
CTTCTAAAGCACACCC-1_2,Mesophyll,Mesophyll,,1,2,1,0,0,2
CTTCTAACAGCCGGTT-1_5,Mesophyll,Leaf pavement cell,,3,1,3,2,5,10
CTTCTAAGTACCGTGC-1_3,Mesophyll,Root endodermis,,0,0,0,5,1,8
CTTCTAAGTAGATTGA-1_4,Epidermal,Root endodermis,,0,0,0,6,1,6
CTTCTAAGTCATAGTC-1_5,Epidermal,Root endodermis,,0,0,0,3,1,8
CTTCTAAGTTGTGGCC-1_4,Epidermal,Non-hair,,0,0,0,1,7,4
CTTCTCTAGATACCAA-1_5,Meristematic,Leaf pavement cell,,3,1,3,2,8,10
CTTCTCTCACCAGCTG-1_4,Mesophyll,Mesophyll,,3,2,3,0,0,0
CTTCTCTCATCCGAGC-1_2,Mesophyll,Vascular cambium,,4,3,4,8,10,12
CTTCTCTGTCCCTGAG-1_2,Mesophyll,Root endodermis,,4,3,4,8,10,12
CTTCTCTTCATTCGTT-1_4,Meristematic,Root procambium,,0,0,0,6,6,6
CTTCTCTTCGTTCAGA-1_4,Stele,Mesophyll,,0,0,0,7,0,0
CTTGAGAAGAATACAC-1_1,Mesophyll,Mesophyll,,1,2,1,0,0,16
CTTGAGAAGACTTCAC-1_4,Mesophyll,Mesophyll,,3,1,3,2,8,1
CTTGAGAAGGATACGC-1_2,Mesophyll,Mesophyll,,1,2,1,0,0,2
CTTGAGAAGTCATGAA-1_1,Epidermal,Phloem pole pericycle,,0,0,0,1,1,4
CTTGAGAAGTTGCTCA-1_5,Epidermal,Root cortex,,2,1,2,4,2,1
CTTGAGACAAAGGGTC-1_2,Mesophyll,Mesophyll,,3,1,3,2,5,5
CTTGAGACACAGCATT-1_6,Stele,Xylem,,1,2,1,0,1,16
CTTGAGACATCTCGTC-1_4,Epidermal,Mesophyll,,1,2,1,1,9,11
CTTGAGAGTACGCTTA-1_1,Meristematic,Cortex,,2,1,2,4,2,1
CTTGAGAGTATACAGA-1_3,Epidermal,Root endodermis,,0,0,0,0,1,0
CTTGAGAGTCGGCACT-1_6,Epidermal,Root endodermis,,0,0,0,6,1,4
CTTGAGATCGAACCTA-1_1,Epidermal,Root cortex,,2,1,2,4,2,1
CTTGATTAGGCATTTC-1_4,Epidermal,Columella root cap,,0,0,0,5,1,8
CTTGATTAGTGTTCAC-1_2,Mesophyll,Mesophyll,,0,2,0,1,4,4
CTTGATTAGTTCTACG-1_6,Mesophyll,Mesophyll,,3,1,3,2,5,5
CTTGATTCAGTAGTTC-1_6,Epidermal,Mesophyll,,3,1,3,2,4,0
CTTGATTCAGTGTATC-1_1,Epidermal,Root endodermis,,2,0,2,6,6,6
CTTGATTGTCGAACAG-1_3,Epidermal,Root cortex,,2,1,2,4,2,1
CTTGATTGTCTGATCA-1_2,Epidermal,Explant vasculature and callus founder cell,,2,1,2,3,2,1
CTTGATTGTGTACGCC-1_3,Mesophyll,Mesophyll,,0,0,0,6,6,6
CTTGATTGTTATAGCC-1_5,Epidermal,Root endodermis,,0,0,0,5,1,8
CTTGATTGTTCAGGTT-1_1,Epidermal,Phloem,,2,0,2,3,2,9
CTTGATTTCCCAGCGA-1_2,Stele,Phloem,,3,1,3,10,4,9
CTTGATTTCCCATAGA-1_2,Mesophyll,Mesophyll,,0,0,0,6,6,4
CTTTCAAAGAGAATCT-1_2,Epidermal,Root cortex,,2,1,2,4,2,1
CTTTCAAAGAGCGACT-1_3,Mesophyll,Mesophyll,,1,2,1,0,0,2
CTTTCAAAGAGCTTTC-1_2,Mesophyll,Root endodermis,,2,0,2,5,1,7
CTTTCAACACCTATCC-1_3,Stele,Mesophyll,,1,2,1,0,0,0
CTTTCAACACTGCGTG-1_3,Stele,Vascular cambium,,3,1,3,1,4,9
CTTTCAACAGCACACC-1_4,Epidermal,Explant vasculature and callus founder cell,,3,1,3,2,8,10
CTTTCAACATATGGCT-1_2,Epidermal,Mesophyll,,0,0,0,5,1,4
CTTTCAACATGAAGGC-1_5,Epidermal,Non-hair,,1,2,1,0,0,2
CTTTCAAGTACGTTCA-1_3,Epidermal,Phloem,,3,1,3,3,8,10
CTTTCAAGTATACGGG-1_3,Meristematic,Mesophyll,,3,1,3,2,0,2
CTTTCAAGTTGACTGT-1_2,Mesophyll,Cortex,,2,1,2,2,2,1
CTTTCAATCAACTGGT-1_4,Mesophyll,Cortex,,4,3,4,8,10,12
CTTTCAATCATCGACA-1_5,Epidermal,Explant vasculature and callus founder cell,,0,0,0,1,7,13
CTTTCAATCCCATACC-1_2,Mesophyll,Mesophyll,,3,1,3,2,5,5
CTTTCGGCACACCGAC-1_1,Epidermal,Root cortex,,0,0,0,6,9,11
CTTTCGGGTAGCTGTT-1_1,Epidermal,Root cortex,,2,1,2,4,2,1
CTTTCGGGTATCGTTG-1_3,Mesophyll,Mesophyll,,1,2,1,0,0,11
CTTTCGGGTCAGACGA-1_4,Mesophyll,Mesophyll,,0,0,0,1,4,14
CTTTCGGGTCTTACTT-1_2,Epidermal,Lateral root cap,,0,0,0,5,1,8
CTTTCGGGTGATATAG-1_1,Mesophyll,Root cortex,,2,1,2,3,2,1
CTTTCGGTCAAATGCC-1_1,Stele,Root procambium,,0,0,0,1,4,17
CTTTCGGTCCATAGAC-1_2,Mesophyll,Vascular cambium,,0,0,0,1,4,9
CTTTCGGTCGTGGGTC-1_3,Stele,Root endodermis,,2,0,2,5,1,7
GAAACCTAGAGCCTGA-1_4,Epidermal,Mesophyll,,0,0,0,1,1,4
GAAACCTAGGTATTGA-1_3,Epidermal,Mesophyll,,1,2,1,0,0,15
GAAACCTAGTGTTCCA-1_2,Epidermal,Root endodermis,,0,0,0,5,1,8
GAAACCTCAGACAAGC-1_5,Epidermal,Root procambium,,5,2,5,1,4,17
GAAACCTGTAAGATCA-1_2,Meristematic,Root endodermis,,2,1,2,3,3,3
GAAACCTGTGATAGTA-1_4,Epidermal,Non-hair,,0,0,0,1,1,4
GAAACCTGTGGGCTCT-1_4,Mesophyll,Root endodermis,,0,0,0,5,1,3
GAAACCTGTGTCACAT-1_6,Mesophyll,Sieve element,,2,1,2,4,2,7
GAAACCTTCATGAGAA-1_4,Mesophyll,Root cap,,0,2,0,5,1,4
GAAACCTTCTGTCGCT-1_4,Epidermal,Root cortex,,4,3,4,8,10,12
GAAATGAAGCCACAAG-1_4,Mesophyll,Xylem,,0,0,0,5,1,8
GAAATGACATGTACGT-1_2,Epidermal,Root endodermis,,2,1,2,3,3,3
GAAATGACATTGACTG-1_2,Mesophyll,Root endodermis,,0,0,0,1,9,11
GAAATGAGTTGTATGC-1_3,Epidermal,Explant vasculature and callus founder cell,,0,0,0,4,1,7
GAAATGATCAGCTGAT-1_1,Epidermal,Root cortex,,2,1,2,4,2,1
GAAATGATCAGGCGAA-1_1,Mesophyll,Mesophyll,,1,2,1,0,0,2
GAAATGATCTAGAACC-1_1,Epidermal,Root cortex,,2,1,2,3,3,7
GAAATGATCTTACGTT-1_4,Mesophyll,Columella root cap,,0,0,0,1,1,4
GAACACTAGACACACG-1_1,Epidermal,Phloem parenchyma,,0,0,0,1,1,9
GAACACTAGGCGATAC-1_4,Epidermal,Mesophyll,,0,0,0,6,6,6
GAACACTCAAATAGCA-1_2,Mesophyll,Leaf guard cell,,0,0,0,5,1,4
GAACACTCACAGCATT-1_2,Epidermal,Mesophyll,,3,1,3,2,5,10
GAACACTCACCATAAC-1_6,Epidermal,Mesophyll,,1,1,1,1,7,14
GAACACTCACGTACAT-1_3,Mesophyll,Mesophyll,,3,1,3,2,5,5
GAACACTCAGAGCCCT-1_1,Epidermal,Root cortex,,2,0,2,5,7,7
GAACACTCAGCTACAT-1_5,Mesophyll,Mesophyll,,1,2,1,0,8,0
GAACACTCATCGAACT-1_3,Mesophyll,Non-hair,,0,0,0,1,3,14
GAACACTCATGGTACT-1_1,Epidermal,Non-hair,,0,0,0,5,1,8
GAACACTCATTGCCTC-1_4,Epidermal,Root endodermis,,0,0,0,1,1,4
GAACACTGTCCATCTC-1_2,Epidermal,Mesophyll,,3,1,3,2,5,5
GAACACTGTCTTCTAT-1_5,Mesophyll,Xylem,,0,0,0,1,7,9
GAACACTGTGGAATGC-1_5,Epidermal,Root cortex,,2,0,2,4,3,0
GAACACTTCCATCTGC-1_5,Epidermal,Mesophyll,,1,2,1,0,0,0
GAACGTTAGCACACCC-1_4,Mesophyll,Root endodermis,,0,0,0,6,6,6
GAACGTTAGCATGCAG-1_2,Epidermal,Mesophyll,,1,2,1,0,0,0
GAACGTTCAATCGCCG-1_4,Epidermal,Mesophyll,,1,2,1,0,0,0
GAACGTTCAGCTGGTC-1_1,Mesophyll,Root endodermis,,0,0,0,5,1,8
GAACGTTGTTCTCACC-1_5,Epidermal,Root cortex,,2,0,2,5,1,7
GAACGTTGTTTCGTTT-1_5,Epidermal,Root cortex,,3,1,3,4,2,1
GAACGTTTCACCTGTC-1_6,Mesophyll,Mesophyll,,1,2,1,0,0,2
GAACTGTAGACGCTCC-1_2,Mesophyll,Root cortex,,3,1,3,4,2,1
GAACTGTAGCAATAAC-1_2,Meristematic,Mesophyll,,1,2,1,0,0,2
GAACTGTAGCAATAGT-1_4,Mesophyll,Phloem,,0,0,0,1,4,9
GAACTGTAGCACCGAA-1_6,Mesophyll,Meristematic cell,,3,1,3,2,5,5
GAACTGTAGGTTCCGC-1_2,Mesophyll,Mesophyll,,3,1,3,2,5,2
GAACTGTAGTGAATAC-1_4,Mesophyll,Root cortex,,2,1,2,4,2,1
GAACTGTGTAGACTGG-1_6,Mesophyll,Mesophyll,,3,1,3,2,8,10
GAACTGTGTGAGATCG-1_2,Mesophyll,Mesophyll,,3,1,3,7,9,11
GAACTGTTCGCTTAAG-1_3,Epidermal,Root cap,,0,0,0,1,1,4
GAACTGTTCTGCGATA-1_6,Stele,Sieve element,,0,0,0,1,7,14
GAACTGTTCTGGGCAC-1_6,Stele,Non-hair,,3,1,3,2,8,10
GAACTGTTCTTCTTCC-1_1,Epidermal,Mesophyll,,0,0,0,6,6,6
GAAGAATAGACTCCGC-1_4,Stele,Mesophyll,,0,0,0,6,0,16
GAAGAATCAATGACCT-1_3,Mesophyll,Root endodermis,,2,1,2,6,5,6
GAAGAATCAGGAACCA-1_4,Epidermal,Root cap,,0,0,0,1,1,4
GAAGAATCAGTAGAAT-1_4,Mesophyll,Mesophyll,,3,1,3,2,8,15
GAAGAATGTCGCACGT-1_2,Stele,Mesophyll,,1,2,1,0,0,2
GAAGAATGTGTATCCA-1_1,Mesophyll,Mesophyll,,1,2,1,0,0,0
GAAGAATTCGATTGGT-1_6,Mesophyll,Mesophyll,,1,2,1,0,0,2
GAAGAATTCGCATGAT-1_5,Epidermal,Cortex,,1,1,1,1,7,14
GAAGCCCAGAGCTGCA-1_6,Guard,Root endodermis,,0,0,0,5,6,0
GAAGCCCAGCATCAGG-1_4,Mesophyll,Mesophyll,,1,2,1,0,0,0
GAAGCCCAGGTAAACT-1_1,Epidermal,Root cortex,,2,1,2,4,2,1
GAAGCCCAGGTGGCTA-1_4,Mesophyll,Mesophyll,,1,2,1,0,0,0
GAAGCCCAGTAATTGG-1_4,Mesophyll,Mesophyll,,1,2,1,0,0,2
GAAGCCCAGTGTACAA-1_5,Epidermal,Root cortex,,1,2,1,0,0,2
GAAGCCCCAACTCCAA-1_6,Mesophyll,Cortex,,3,1,3,2,5,5
GAAGCCCCAATTTCCT-1_1,Mesophyll,Mesophyll,,1,2,1,6,5,5
GAAGCCCGTAGTTACC-1_4,Meristematic,Root procambium,,0,0,0,5,1,19
GAAGCCCGTCATAAAG-1_5,Mesophyll,Mesophyll,,3,1,3,2,5,5
GAAGCCCTCCCTCATG-1_2,Epidermal,Root hair,,5,4,5,9,11,18
GAAGCCCTCCGCCTAT-1_1,Mesophyll,Mesophyll,,0,0,0,6,6,6
GAAGCCCTCCGCCTAT-1_2,Mesophyll,Mesophyll,,3,1,3,2,8,15
GAAGCCCTCTAGTGAC-1_4,Epidermal,Mesophyll,,0,0,0,1,7,13
GAAGCGAAGATGTTCC-1_4,Epidermal,Bundle sheath,,0,0,0,4,2,7
GAAGCGAAGCAGGTCA-1_2,Epidermal,Root endodermis,,0,0,0,5,1,8
GAAGCGAAGGATGAGA-1_4,Epidermal,Leaf pavement cell,,3,1,3,2,2,1
GAAGCGAAGGTAGGCT-1_6,Epidermal,Root endodermis,,0,0,0,6,6,6
GAAGCGACACCTCTAC-1_6,Mesophyll,Flower meristem,,0,0,0,1,4,0
GAAGCGACATAGATCC-1_2,Epidermal,Root cortex,,2,0,2,3,3,3
GAAGCGACATAGGCGA-1_4,Mesophyll,Root endodermis,,0,0,0,5,1,8
GAAGCGACATGACTAC-1_3,Mesophyll,Root procambium,,1,2,1,7,9,11
GAAGCGAGTCATAACC-1_3,Epidermal,Root endodermis,,0,0,0,6,6,6
GAAGCGATCATGGAGG-1_3,Mesophyll,Mesophyll,,1,2,1,0,0,2
GAAGCGATCTGACGCG-1_4,Mesophyll,Mesophyll,,1,2,1,7,9,11
GAAGCGATCTGTTGGA-1_2,Epidermal,Mesophyll,,1,2,1,0,0,2
GAAGGACAGATGCTAA-1_3,Epidermal,Mesophyll,,0,2,0,1,4,0
GAAGGACCAAGTAGTA-1_4,Meristematic,Mesophyll,,0,0,0,6,6,6
GAAGGACGTAACTTCG-1_4,Mesophyll,Root cap,,0,0,0,5,1,16
GAAGGACGTTCCGCAG-1_1,Epidermal,Root hair,,5,4,5,9,11,18
GAAGGACTCATCGCTC-1_2,Mesophyll,Mesophyll,,3,1,3,2,6,6
GAAGGACTCTTTCTAG-1_5,Epidermal,Mesophyll,,1,0,1,6,6,6
GAAGGGTAGCCTCTCT-1_3,Mesophyll,Root endodermis,,0,0,0,1,1,4
GAAGGGTAGCTTTCTT-1_3,Epidermal,Leaf guard cell,,0,0,0,1,1,4
GAAGGGTAGTACGAGC-1_6,Epidermal,Root procambium,,0,0,0,1,1,4
GAAGGGTCAAAGAGTT-1_6,Mesophyll,Mesophyll,,1,0,1,6,6,6
GAAGGGTCACCTATCC-1_4,Epidermal,Mesophyll,,1,2,1,0,0,2
GAAGGGTCATACACCA-1_3,Mesophyll,Mesophyll,,1,2,1,0,0,0
GAAGGGTGTTAGCGGA-1_4,Epidermal,Root endodermis,,2,0,2,5,1,8
GAAGGGTTCGCTTACC-1_3,Mesophyll,Non-hair,,0,1,0,1,3,14
GAAGGGTTCGTTAGTG-1_3,Mesophyll,Non-hair,,0,0,0,5,1,4
GAAGGGTTCTGTCAGA-1_5,Mesophyll,Mesophyll,,1,2,1,0,0,2
GAAGTAAAGACGATAT-1_3,Stele,Mesophyll,,1,2,1,7,9,11
GAAGTAAAGCGTTACT-1_5,Epidermal,Root cortex,,0,0,0,5,1,8
GAAGTAAAGCTTGTTG-1_5,Epidermal,Leaf pavement cell,,2,1,2,3,3,3
GAAGTAAAGGAACTAT-1_5,Mesophyll,Mesophyll,,3,1,3,2,8,10
GAAGTAAAGGCACGAT-1_4,Meristematic,Sieve element,,0,0,0,5,1,4
GAAGTAAAGGTCACCC-1_3,Stele,Mesophyll,,0,0,0,6,1,7
GAAGTAAAGTGCACTT-1_5,Meristematic,Non-hair,,1,2,1,1,7,14
GAAGTAACAAGCCATT-1_3,Stele,Sieve element,,0,0,0,5,1,4
GAAGTAACAGCAGTGA-1_1,Mesophyll,Mesophyll,,1,2,1,0,0,2
GAAGTAAGTCGGATTT-1_2,Epidermal,Root endodermis,,2,1,2,3,3,3
GAAGTAAGTCGTACAT-1_4,Epidermal,Mesophyll,,1,2,1,0,0,2
GAAGTAAGTGCAGATG-1_4,Mesophyll,Root cortex,,3,1,3,2,5,5
GAAGTAAGTTAGAGAT-1_5,Epidermal,Non-hair,,1,1,1,1,7,14
GAAGTAATCAACCTCC-1_4,Mesophyll,Flower meristem,,0,2,0,1,4,0
GAAGTAATCACCGGTG-1_5,Mesophyll,Root cortex,,3,1,3,2,5,5
GAAGTAATCACGATCA-1_1,Mesophyll,Mesophyll,,4,3,4,8,10,12
GAAGTAATCTCGCGTT-1_3,Mesophyll,Mesophyll,,3,1,3,2,5,5
GAATAGACAAGAGTTA-1_4,Mesophyll,Root cap,,0,0,0,1,1,4
GAATAGAGTAAGGCCA-1_2,Meristematic,Mesophyll,,0,0,0,1,4,9
GAATAGAGTACAAGCG-1_4,Mesophyll,Root cortex,,3,1,3,2,5,15
GAATAGAGTAGACGTG-1_2,Mesophyll,Phloem parenchyma,,0,0,0,6,1,11
GAATAGAGTTAGGAGC-1_3,Epidermal,Root procambium,,0,0,0,1,4,13
GAATAGAGTTCGATTG-1_3,Mesophyll,Mesophyll,,1,2,1,2,0,10
GAATAGAGTTTGTTGG-1_2,Mesophyll,Cortex,,3,1,3,2,2,1
GAATAGATCCAAGCCG-1_6,Epidermal,Root endodermis,,4,3,4,8,10,12
GAATCACAGCCTTGAT-1_6,Epidermal,Leaf pavement cell,,2,0,2,3,3,3
GAATCACAGCTCGTGC-1_3,Epidermal,Non-hair,,0,0,0,1,7,4
GAATCACCATAGACTC-1_6,Mesophyll,Phloem parenchyma,,0,0,0,5,1,8
GAATCACCATGTTCGA-1_5,Epidermal,Root endodermis,,1,2,1,0,6,0
GAATCACGTGTACAGG-1_3,Epidermal,Explant vasculature and callus founder cell,,2,1,2,3,3,3
GAATCACGTGTCCGGT-1_5,Epidermal,Mesophyll,,1,2,1,0,0,0
GAATCACGTTCAGCGC-1_3,Mesophyll,Mesophyll,,2,1,2,6,2,6
GAATCACGTTGGGACA-1_1,Epidermal,Root endodermis,,2,0,2,5,1,7
GAATCACTCACAAGGG-1_4,Mesophyll,Root cortex,,3,1,3,2,2,1
GAATCACTCCATCCGT-1_3,Epidermal,Root endodermis,,2,0,2,4,2,8
GAATCACTCTGCCTGT-1_4,Epidermal,Flower meristem,,0,0,0,5,1,8
GAATCGTAGAATACAC-1_4,Epidermal,Phloem parenchyma,,0,0,0,5,1,4
GAATCGTAGAGAGTTT-1_4,Epidermal,Leaf pavement cell,,2,0,2,3,1,9
GAATCGTAGCACACAG-1_3,Epidermal,Non-hair,,0,0,0,6,6,14
GAATCGTAGGTAGTAT-1_4,Mesophyll,Mesophyll,,1,2,1,0,0,2
GAATCGTAGTTAGTGA-1_4,Epidermal,Root cortex,,3,1,3,2,5,5
GAATCGTCACAGTGTT-1_3,Epidermal,Root cortex,,2,1,2,3,3,3
GAATCGTCAGAACATA-1_2,Epidermal,Mesophyll,,1,0,1,6,6,6
GAATCGTCAGCTCTGG-1_5,Epidermal,Sieve element,,0,0,0,1,9,11
GAATCGTGTCAGGTAG-1_5,Epidermal,Root cortex,,4,3,4,8,10,12
GAATCGTGTTACCTTT-1_2,Mesophyll,Flower meristem,,1,2,1,0,0,0
GAATCGTTCAGGACGA-1_4,Mesophyll,Root procambium,,0,0,0,6,1,4
GAATCGTTCATTGCTT-1_6,Epidermal,Root procambium,,0,0,0,1,1,4
GAATCGTTCCATTGGA-1_5,Stele,Root endodermis,,0,0,0,4,1,0
GAATCGTTCTATGCCC-1_5,Epidermal,Columella root cap,,2,0,2,3,3,3
GAATCGTTCTGACCCT-1_3,Epidermal,Root cortex,,2,1,2,4,2,1
GACACGCAGCTGTACT-1_3,Epidermal,Cortex,,3,1,3,2,2,1
GACACGCAGGTAAACT-1_3,Mesophyll,Root cortex,,3,1,3,2,8,10
GACACGCCAAGCGAAC-1_2,Mesophyll,Mesophyll,,1,2,1,7,9,11
GACACGCCACCATAAC-1_3,Mesophyll,Mesophyll,,1,2,1,0,0,13
GACACGCCACTGGACC-1_3,Epidermal,Non-hair,,0,0,0,5,7,4
GACACGCGTGTGTCCG-1_2,Mesophyll,Mesophyll,,3,1,3,2,5,10
GACACGCGTTAAGGAT-1_3,Epidermal,Columella root cap,,0,0,0,1,1,9
GACACGCGTTGCGAAG-1_2,Mesophyll,Mesophyll,,1,2,1,7,9,11
GACACGCTCAGAACCT-1_4,Epidermal,Phloem,,5,2,5,1,4,17
GACAGCCAGGTCGACA-1_3,Mesophyll,Root endodermis,,1,2,1,0,0,2
GACAGCCCACAGTATC-1_1,Meristematic,Mesophyll,,1,2,1,0,0,2
GACAGCCCATCGCTCT-1_3,Epidermal,Cortex,,2,1,2,4,2,1
GACAGCCGTAACGATA-1_1,Stele,Sieve element,,0,0,0,1,4,13
GACAGCCGTCCTGGTG-1_4,Epidermal,Root procambium,,2,0,2,5,1,7
GACAGCCGTCTTGGTA-1_1,Mesophyll,Mesophyll,,1,2,1,0,0,0
GACAGCCTCATATGGC-1_1,Epidermal,Root procambium,,2,0,2,3,3,3
GACAGCCTCCAATCTT-1_3,Epidermal,Root cap,,0,0,0,1,7,13
GACAGCCTCCGTAGGC-1_5,Epidermal,Leaf pavement cell,,2,0,2,3,3,3
GACATCAAGCATGCAG-1_1,Epidermal,Vascular cambium,,0,0,0,1,7,4
GACATCAAGCTCTATG-1_3,Mesophyll,Root cortex,,2,1,2,2,2,1
GACATCAAGGCCTTGC-1_4,Epidermal,Mesophyll,,3,1,3,2,2,1
GACATCAAGGTTAGTA-1_2,Epidermal,Lateral root cap,,0,0,0,1,1,4
GACATCAAGTCTTCGA-1_5,Epidermal,Shoot system epidermis,,2,1,2,3,3,3
GACATCACACGCGGTT-1_4,Epidermal,Non-hair,,4,3,4,8,10,12
GACATCACATATACCG-1_5,Stele,Sieve element,,3,1,3,10,4,9
GACATCAGTAAGCTCT-1_2,Epidermal,Mesophyll,,3,1,3,2,8,10
GACATCAGTCTGTGCG-1_6,Epidermal,Xylem,,0,0,0,1,1,9
GACATCAGTGAGGCAT-1_4,Mesophyll,Cortex,,3,1,3,2,5,5
GACATCAGTGGCAACA-1_5,Mesophyll,Mesophyll,,1,2,1,0,5,5
GACATCATCACCTCAC-1_4,Meristematic,Leaf pavement cell,,2,0,2,3,3,3
GACATCATCACCTGTC-1_1,Epidermal,Root endodermis,,0,0,0,6,6,6
GACATCATCATGGCCG-1_2,Epidermal,Phloem parenchyma,,0,0,0,5,1,8
GACATCATCCCATGGG-1_2,Epidermal,Explant vasculature and callus founder cell,,0,0,0,1,7,13
GACATCATCTATTCGT-1_4,Epidermal,Root cortex,,3,1,3,2,5,5
GACATCATCTCGGCTT-1_4,Epidermal,Root endodermis,,5,4,5,9,11,18
GACCAATAGACCAGCA-1_4,Epidermal,Phloem parenchyma,,0,0,0,5,1,4
GACCAATGTCCTGAAT-1_6,Meristematic,Mesophyll,,3,1,3,2,5,5
GACCAATGTGTGAATA-1_1,Epidermal,Leaf pavement cell,,2,1,2,3,3,3
GACCAATTCAAACGAA-1_3,Epidermal,Root cortex,,4,3,4,8,10,12
GACCAATTCACTCACC-1_4,Epidermal,Mesophyll,,0,0,0,1,4,0
GACCAATTCAGCATTG-1_3,Epidermal,Root cortex,,1,2,1,7,9,11
GACCAATTCCCATTCG-1_3,Epidermal,Root endodermis,,2,0,2,6,6,6
GACCAATTCCTGGTCT-1_6,Epidermal,Mesophyll,,2,0,2,4,2,8
GACCAATTCCTTCTAA-1_5,Mesophyll,Mesophyll,,1,2,1,7,9,11
GACCCAGAGCCGTCGT-1_3,Mesophyll,Phloem pole pericycle,,0,0,0,5,3,14
GACCCAGAGGAAAGGT-1_5,Epidermal,Cortex,,2,1,2,3,3,3
GACCCAGAGGGATCGT-1_3,Epidermal,Mesophyll,,3,1,3,2,5,5
GACCCAGAGGTAAACT-1_4,Epidermal,Root endodermis,,0,0,0,5,1,8
GACCCAGAGGTCATTC-1_1,Epidermal,Non-hair,,2,1,2,3,3,3
GACCCAGCAATAGGAT-1_6,Epidermal,Root cortex,,2,0,2,4,2,7
GACCCAGCACACGCCA-1_2,Mesophyll,Phloem pole pericycle,,0,0,0,1,7,4
GACCCAGCAGATCCTA-1_3,Stele,Mesophyll,,3,1,3,2,5,5
GACCCAGCAGGCACTC-1_2,Stele,Mesophyll,,1,2,1,0,0,2
GACCCAGCATAGGTAA-1_3,Mesophyll,Mesophyll,,1,2,1,0,0,16
GACCCAGCATCTGTTT-1_4,Mesophyll,Mesophyll,,1,2,1,0,0,2
GACCCAGCATTGGCAT-1_6,Epidermal,Non-hair,,0,0,0,1,7,4
GACCCAGGTATACGGG-1_4,Epidermal,Root cap,,0,0,0,1,7,13
GACCCAGGTTAAGACA-1_5,Mesophyll,Mesophyll,,1,2,1,0,0,2
GACCCAGTCCAAAGGG-1_2,Epidermal,Mesophyll,,0,2,0,6,6,6
GACCCAGTCGATTCCC-1_2,Mesophyll,Root cortex,,3,1,3,2,5,5
GACCCAGTCGGTGAAG-1_2,Mesophyll,Mesophyll,,1,2,1,7,9,2
GACCCTTAGAGGTATT-1_6,Mesophyll,Root cap,,1,2,1,0,0,19
GACCCTTAGATACGAT-1_2,Epidermal,Mesophyll,,0,0,0,6,6,6
GACCCTTAGTCCGCCA-1_6,Mesophyll,Cortex,,3,1,3,2,5,5
GACCCTTAGTTGCTGT-1_2,Meristematic,Root endodermis,,0,0,0,5,1,19
GACCCTTCAAACCACT-1_4,Mesophyll,Mesophyll,,1,2,1,0,0,0
GACCCTTCAAACTGCT-1_1,Meristematic,Meristematic cell,,0,0,0,1,1,9
GACCCTTCAACTTGGT-1_3,Mesophyll,Phloem,,4,3,4,8,10,12
GACCCTTCAATAGTCC-1_3,Mesophyll,Root cortex,,3,1,3,2,2,1
GACCCTTCAATTCACG-1_1,Meristematic,Sieve element,,0,0,0,1,4,9
GACCCTTCACGTAGAG-1_2,Epidermal,Columella root cap,,0,0,0,1,1,4
GACCCTTCAGCTCATA-1_4,Mesophyll,Mesophyll,,1,0,1,0,0,6
GACCCTTCATAGACTC-1_6,Stele,Mesophyll,,1,2,1,0,6,6
GACCCTTGTAGATTAG-1_6,Epidermal,Mesophyll,,3,1,3,2,5,5
GACCCTTGTAGTAAGT-1_1,Stele,Mesophyll,,3,1,3,2,5,5
GACCCTTGTATGAAAC-1_6,Epidermal,Root endodermis,,0,0,0,5,7,7
GACCCTTGTCTTTATC-1_4,Meristematic,Mesophyll,,1,2,1,0,0,16
GACCCTTGTGTCTAAC-1_3,Mesophyll,Root cap,,3,1,3,2,8,10
GACCCTTGTTCGTTCC-1_6,Mesophyll,Mesophyll,,3,2,3,2,4,0
GACCCTTTCCTGTAAG-1_6,Mesophyll,Columella root cap,,1,2,1,0,0,2
GACCCTTTCTATCCAT-1_1,Epidermal,Root procambium,,0,0,0,1,1,4
GACCGTGAGAACAAGG-1_1,Epidermal,Leaf pavement cell,,2,1,2,3,3,3
GACCGTGAGAGGATCC-1_2,Meristematic,Mesophyll,,2,0,2,6,6,6
GACCGTGAGCTATCCA-1_6,Mesophyll,Mesophyll,,1,2,1,7,9,11
GACCGTGAGTGGTTAA-1_5,Mesophyll,Cortex,,2,1,2,4,2,1
GACCGTGGTAGAGGAA-1_3,Epidermal,Flower meristem,,0,0,0,1,7,4
GACCGTGGTCCGGACT-1_4,Stele,Root endodermis,,1,2,1,0,0,2
GACCGTGTCACAAGAA-1_5,Mesophyll,Columella root cap,,2,0,2,3,3,9
GACCGTGTCCAAGCTA-1_4,Mesophyll,Root cortex,,3,1,3,2,2,5
GACCGTGTCTTCACAT-1_1,Epidermal,Root cap,,5,2,5,9,4,17
GACCTTCAGAAGCTCG-1_3,Stele,Root cortex,,3,1,3,2,8,15
GACCTTCAGACCACGA-1_3,Epidermal,Mesophyll,,3,1,3,2,5,5
GACCTTCAGCGCAATG-1_3,Mesophyll,Phloem parenchyma,,0,0,0,5,1,8
GACCTTCAGGAAAGAC-1_6,Mesophyll,Mesophyll,,1,2,1,7,9,11
GACCTTCAGTTCTACG-1_2,Mesophyll,Root cap,,1,2,1,0,4,7
GACCTTCCAGTCGCTG-1_1,Mesophyll,Mesophyll,,1,2,1,7,9,11
GACCTTCGTAACAGTA-1_1,Mesophyll,Mesophyll,,1,2,1,7,9,11
GACCTTCGTAATGCTC-1_6,Epidermal,Non-hair,,1,1,1,1,7,14
GACCTTCGTCCCTGAG-1_3,Epidermal,Mesophyll,,3,1,3,1,4,9
GACCTTCGTCGGTACC-1_3,Mesophyll,Root endodermis,,0,0,0,6,6,6
GACCTTCTCAGCCTCT-1_4,Epidermal,Lateral root cap,,5,4,5,9,11,18
GACCTTCTCCATCCGT-1_5,Epidermal,Root cortex,,2,1,2,3,2,3
GACCTTCTCCATTTAC-1_5,Epidermal,Root procambium,,1,2,1,1,4,17
GACCTTCTCGAGTCCG-1_5,Epidermal,Root cap,,0,0,0,1,1,0
GACCTTCTCGCCAACG-1_3,Mesophyll,Flower meristem,,0,0,0,0,1,16
GACCTTCTCTGATTCT-1_1,Epidermal,Cortex,,0,0,0,1,1,9
GACGCTGAGAAGTCAT-1_4,Mesophyll,Mesophyll,,1,2,1,0,0,2
GACGCTGGTACTTGTG-1_4,Meristematic,Root endodermis,,0,0,0,1,4,9
GACGCTGGTAGGAGGG-1_5,Epidermal,Bundle sheath,,0,0,0,5,1,4
GACGCTGGTGAATTAG-1_4,Mesophyll,Root cap,,0,0,0,5,4,0
GACGCTGGTGACACGA-1_6,Epidermal,Mesophyll,,1,2,1,0,0,0
GACGCTGTCGACATCA-1_2,Epidermal,Mesophyll,,0,0,0,6,6,19
GACGTTACAAAGGGTC-1_2,Mesophyll,Mesophyll,,1,2,1,0,0,2
GACGTTACAGCCTACG-1_6,Epidermal,Non-hair,,0,0,0,1,7,13
GACGTTAGTAGCGCCT-1_4,Epidermal,Mesophyll,,0,0,0,6,6,6
GACGTTAGTCGTGGAA-1_3,Epidermal,Root cortex,,4,3,4,8,10,12
GACGTTATCAGGAAAT-1_3,Epidermal,Mesophyll,,1,0,1,6,6,6
GACGTTATCCAAGGGA-1_2,Mesophyll,Root cortex,,2,1,2,4,2,1
GACGTTATCTAGATCG-1_3,Mesophyll,Leaf pavement cell,,2,0,2,5,1,3
GACGTTATCTTGCGCT-1_4,Mesophyll,Cortex,,0,1,0,1,7,7
GACTATGAGGTCCCTG-1_2,Epidermal,Mesophyll,,3,1,3,2,4,15
GACTATGAGTCTCGTA-1_2,Mesophyll,Mesophyll,,1,2,1,0,0,0
GACTATGCACTTGTGA-1_5,Epidermal,Root endodermis,,4,3,4,8,10,12
GACTATGCAGGTCAGA-1_2,Stele,Mesophyll,,3,1,3,2,5,5
GACTATGCATGGCGCT-1_3,Epidermal,Mesophyll,,3,1,3,2,5,5
GACTATGCATTGAAGA-1_5,Epidermal,Root cortex,,3,1,3,2,5,5
GACTATGTCATTACCT-1_3,Epidermal,Leaf pavement cell,,0,0,0,6,6,6
GACTATGTCCTGGTCT-1_2,Epidermal,Mesophyll,,5,2,5,9,4,17
GACTATGTCGGAATGG-1_2,Epidermal,Root endodermis,,2,0,2,3,3,3
GACTCAAAGCAGCAGT-1_4,Epidermal,Root endodermis,,3,1,3,2,5,5
GACTCAAAGGACATCG-1_5,Epidermal,Shoot system epidermis,,2,1,2,3,3,3
GACTCAACATAATGCC-1_1,Stele,Root cortex,,2,1,2,1,7,13
GACTCAACATCTATCT-1_1,Epidermal,Shoot system epidermis,,2,1,2,3,3,3
GACTCAAGTCGGATTT-1_5,Epidermal,Root procambium,,0,0,0,1,1,4
GACTCAATCGAGATGG-1_4,Mesophyll,Mesophyll,,3,1,3,2,8,15
GACTCAATCTTGGCTC-1_1,Mesophyll,Root cortex,,1,2,1,0,0,0
GACTCAATCTTGGCTC-1_6,Mesophyll,Mesophyll,,0,2,0,1,4,13
GACTCTCAGGCATTTC-1_6,Mesophyll,Root endodermis,,0,0,0,5,1,8
GACTCTCCAAACTGCT-1_1,Mesophyll,Mesophyll,,1,2,1,7,9,2
GACTCTCCAGGATGAC-1_4,Stele,Mesophyll,,3,1,3,2,2,1
GACTCTCGTAGAGGAA-1_3,Epidermal,Mesophyll,,1,2,1,0,0,0
GACTCTCGTGATATAG-1_6,Mesophyll,Mesophyll,,3,1,3,2,8,10
GACTCTCGTTTGTGGT-1_4,Epidermal,Mesophyll,,1,2,1,0,0,0
GACTCTCTCCATCCGT-1_2,Epidermal,Root cortex,,2,1,2,4,2,1
GACTCTCTCTGTGCAA-1_5,Epidermal,Leaf pavement cell,,0,0,0,3,1,7
GACTGATAGCTGTTCA-1_2,Epidermal,Root cortex,,2,0,2,3,3,3
GACTGATAGGCGAACT-1_4,Epidermal,Cortex,,3,1,3,2,5,5
GACTGATCAAGCACCC-1_1,Epidermal,Root endodermis,,5,4,5,9,11,18
GACTGATCACGTACTA-1_4,Epidermal,Sieve element,,3,1,3,2,4,15
GACTGATCATAGAAAC-1_3,Epidermal,Flower meristem,,0,0,0,6,6,0
GACTGATCATGATAGA-1_1,Stele,Leaf pavement cell,,0,0,0,1,7,4
GACTGATGTGGCCACT-1_4,Stele,Root endodermis,,0,0,0,1,1,7
GACTGATGTTGGGCCT-1_6,Meristematic,Mesophyll,,3,1,3,2,8,10
GACTGATTCCACAAGT-1_4,Epidermal,Root cortex,,2,1,2,3,3,3
GACTGATTCCTCTCGA-1_6,Epidermal,Phloem pole pericycle,,0,0,0,1,3,14
GACTGATTCTTCCAGC-1_5,Mesophyll,Bundle sheath,,0,0,0,1,4,9
GACTTCCAGCAAGGAA-1_6,Mesophyll,Root cortex,,2,2,2,0,0,2
GACTTCCAGGTTGTTC-1_4,Epidermal,Mesophyll,,3,2,3,2,4,0
GACTTCCAGTGTAGTA-1_4,Epidermal,Mesophyll,,2,1,2,0,4,0
GACTTCCCAAGCCTGC-1_4,Mesophyll,Mesophyll,,1,2,1,7,7,14
GACTTCCCACTGTCCT-1_5,Epidermal,Cortex,,4,3,4,8,10,12
GACTTCCCAGAGGTAC-1_4,Epidermal,Phloem,,4,3,4,8,10,12
GACTTCCGTCAAGCCC-1_4,Epidermal,Mesophyll,,2,1,2,6,6,6
GACTTCCGTCCAGAAG-1_1,Stele,Root cortex,,2,0,2,4,2,1
GACTTCCTCACATTGG-1_5,Epidermal,Columella root cap,,0,0,0,1,4,9
GACTTCCTCAGCCCAG-1_2,Epidermal,Mesophyll,,1,2,1,0,0,2
GACTTCCTCGCCGAGT-1_2,Mesophyll,Mesophyll,,1,2,1,7,9,11
GAGAAATAGACCATGG-1_6,Mesophyll,Root endodermis,,0,0,0,6,6,6
GAGAAATAGACGGAAA-1_4,Mesophyll,Mesophyll,,3,1,3,2,5,5
GAGAAATCAAAGAACT-1_5,Mesophyll,Root cortex,,4,3,4,8,10,12
GAGAAATCACCTGCGA-1_4,Epidermal,Flower meristem,,5,2,5,1,4,17
GAGAAATCATCTTAGG-1_3,Mesophyll,Mesophyll,,3,1,3,2,5,5
GAGAAATCATGAGTAA-1_2,Epidermal,Columella root cap,,2,0,2,3,1,7
GAGAAATGTCTTGCGG-1_5,Epidermal,Mesophyll,,1,2,1,0,0,2
GAGAAATGTGCGGCTT-1_3,Mesophyll,Leaf pavement cell,,0,0,0,3,3,3
GAGAAATGTGTTAGCT-1_6,Epidermal,Cortex,,4,3,4,8,10,12
GAGAAATTCGTGGGTC-1_1,Epidermal,Leaf pavement cell,,0,0,0,3,3,14
GAGACCCAGAACCGCA-1_5,Epidermal,Mesophyll,,3,1,3,0,0,16
GAGACCCAGAGGTTTA-1_1,Mesophyll,Mesophyll,,1,2,1,0,0,2
GAGACCCAGGTTCCAT-1_5,Guard,Leaf guard cell,,0,0,0,1,1,4
GAGACCCCAAGGTTGG-1_2,Mesophyll,Mesophyll,,0,0,0,1,4,0
GAGACCCCACAATTCG-1_4,Epidermal,Vascular cambium,,0,0,0,1,4,9
GAGACCCCATCATTGG-1_2,Epidermal,Columella root cap,,4,3,4,8,10,12
GAGACCCTCCACGGAC-1_5,Epidermal,Root cortex,,4,0,4,5,7,7
GAGACCCTCCATCAGA-1_1,Epidermal,Cortex,,3,1,3,2,5,5
GAGACCCTCTAAGCCA-1_5,Epidermal,Root cortex,,2,1,2,3,3,3
GAGACCCTCTGATTCT-1_4,Mesophyll,Mesophyll,,3,1,3,6,6,6
GAGACTTAGCGTATAA-1_4,Mesophyll,Root cortex,,2,0,2,1,7,13
GAGACTTAGTTGTAAG-1_1,Epidermal,Mesophyll,,1,2,1,0,4,17
GAGACTTCACTTACAG-1_1,Stele,Mesophyll,,1,2,1,2,5,2
GAGACTTCAGTTGTCA-1_4,Stele,Sieve element,,0,0,0,1,1,4
GAGACTTCATCAGCAT-1_1,Mesophyll,Mesophyll,,1,2,1,0,0,2
GAGACTTGTTGGGTAG-1_4,Epidermal,Leaf pavement cell,,0,0,0,1,4,9
GAGACTTTCCGAGAAG-1_5,Mesophyll,Root cap,,3,1,3,4,5,7
GAGACTTTCTCCGCAT-1_1,Epidermal,Root cortex,,2,1,2,4,2,1
GAGACTTTCTGTTCAT-1_5,Stele,Root cortex,,1,2,1,7,9,11
GAGACTTTCTTCTGGC-1_5,Epidermal,Sieve element,,1,1,1,1,7,14
GAGAGGTAGCTGACTT-1_5,Epidermal,Root endodermis,,0,0,0,1,1,4
GAGAGGTAGTGACACG-1_4,Stele,Phloem parenchyma,,0,0,0,1,1,4
GAGAGGTTCAACTCTT-1_3,Mesophyll,Root endodermis,,0,0,0,1,4,4
GAGAGGTTCAGATGCT-1_4,Stele,Mesophyll,,3,1,3,2,5,5
GAGAGGTTCCATCGTC-1_4,Mesophyll,Mesophyll,,1,2,1,0,4,0
GAGAGGTTCGCCATAA-1_1,Epidermal,Root endodermis,,2,1,2,3,3,3
GAGAGGTTCGCGAAGA-1_1,Epidermal,Cortex,,3,1,3,2,8,10
GAGAGGTTCTTCGTGC-1_4,Epidermal,Xylem,,3,1,3,2,8,10
GAGATGGAGACCAGAC-1_3,Mesophyll,Cortex,,3,1,3,2,5,5
GAGATGGAGTTGCCCG-1_4,Epidermal,Leaf pavement cell,,2,0,2,5,1,7
GAGATGGCAAGTGATA-1_2,Stele,Sieve element,,0,0,0,1,4,9
GAGATGGCACTTCATT-1_6,Epidermal,Mesophyll,,1,2,1,0,0,0
GAGATGGCATGTTACG-1_1,Epidermal,Non-hair,,1,1,1,1,7,14
GAGATGGGTCAAAGCG-1_2,Epidermal,Root endodermis,,0,0,0,5,1,8
GAGATGGTCTGGACTA-1_2,Mesophyll,Phloem,,3,1,3,1,4,15
GAGCCTGCAACACGAG-1_4,Epidermal,Root cortex,,2,1,2,4,2,1
GAGCCTGCACGCGTGT-1_5,Epidermal,Mesophyll,,2,2,2,3,3,3
GAGCCTGCACTTTAGG-1_1,Epidermal,Root cortex,,0,0,0,1,7,4
GAGCCTGGTTACCTGA-1_5,Epidermal,Root cap,,0,0,0,1,7,13
GAGCCTGTCGGCTCTT-1_5,Meristematic,Mesophyll,,1,2,1,0,0,7
GAGCTGCAGAAACCCG-1_1,Stele,Root procambium,,0,0,0,5,1,7
GAGCTGCAGCGCCGTT-1_1,Epidermal,Root cortex,,4,3,4,8,10,12
GAGCTGCCAATGTCTG-1_1,Epidermal,Mesophyll,,0,0,0,5,1,8
GAGCTGCCAGCATCTA-1_2,Mesophyll,Mesophyll,,1,0,1,6,6,6
GAGCTGCGTTCCGGTG-1_2,Stele,Root endodermis,,1,0,1,6,6,6
GAGCTGCGTTGCCATA-1_3,Meristematic,Mesophyll,,0,0,0,5,6,0
GAGCTGCTCAAAGACA-1_1,Epidermal,Mesophyll,,2,1,2,4,2,1
GAGCTGCTCACGAACT-1_6,Epidermal,Root cap,,3,1,3,2,8,10
GAGCTGCTCCATCTCG-1_5,Mesophyll,Mesophyll,,1,0,1,6,6,6
GAGCTGCTCGCATGAT-1_3,Mesophyll,Root cortex,,3,1,3,2,8,15
GAGGCAAAGAACTTCC-1_2,Epidermal,Phloem parenchyma,,0,0,0,5,1,8
GAGGCAAAGCAACAAT-1_5,Stele,Mesophyll,,1,2,1,1,4,17
GAGGCAAAGTATAACG-1_2,Epidermal,Mesophyll,,3,1,3,2,8,10
GAGGCAACACCTGATA-1_6,Mesophyll,Mesophyll,,1,2,1,2,5,10
GAGGCAACAGATCATC-1_1,Stele,Shoot system epidermis,,2,1,2,3,3,3
GAGGCAACAGCATACT-1_4,Mesophyll,Non-hair,,3,1,3,2,3,7
GAGGCAAGTCTGCAAT-1_5,Epidermal,Mesophyll,,1,2,1,0,0,2
GAGGCAAGTGGCTCTG-1_3,Mesophyll,Mesophyll,,1,2,1,0,4,0
GAGGCAAGTGTGTTTG-1_6,Mesophyll,Mesophyll,,1,2,1,0,0,2
GAGGCAATCAGTCTTT-1_2,Mesophyll,Root cortex,,2,0,2,7,9,11
GAGGCAATCCTTGACC-1_4,Mesophyll,Mesophyll,,1,2,1,0,0,16
GAGGCAATCGACACTA-1_4,Epidermal,Non-hair,,0,0,0,1,4,9
GAGGCAATCTCTAAGG-1_2,Epidermal,Bundle sheath,,0,0,0,1,7,13
GAGGCCTAGCTAGATA-1_3,Epidermal,Root cortex,,4,3,4,8,10,12
GAGGCCTAGTTGTACC-1_4,Meristematic,Root cortex,,0,0,0,5,1,8
GAGGCCTCAAATGGAT-1_2,Mesophyll,Mesophyll,,2,1,2,4,2,1
GAGGCCTCACAAGCAG-1_5,Mesophyll,Mesophyll,,3,1,3,2,5,5
GAGGCCTCACAGCGCT-1_5,Stele,Mesophyll,,3,1,3,4,2,1
GAGGCCTCACCGTCTT-1_2,Epidermal,Mesophyll,,1,2,1,0,0,2
GAGGCCTGTAGCGCCT-1_4,Epidermal,Root cap,,2,1,2,4,2,1
GAGGCCTTCACGATAC-1_6,Stele,Mesophyll,,3,2,3,2,8,10
GAGGCCTTCAGACCCG-1_2,Epidermal,Root cortex,,1,2,1,0,0,19
GAGGCCTTCATGGCCG-1_1,Mesophyll,Mesophyll,,0,0,0,1,4,9
GAGGCCTTCGCTCATC-1_4,Mesophyll,Sieve element,,0,0,0,1,1,4
GAGGGATAGGAACTCG-1_2,Epidermal,Non-hair,,2,0,2,3,3,3
GAGGGATCATATGGCT-1_2,Mesophyll,Phloem parenchyma,,0,0,0,5,1,8
GAGGGATCATGTACGT-1_5,Stele,Root cortex,,2,0,2,4,2,7
GAGGGATCATTAGGCT-1_4,Mesophyll,Mesophyll,,1,2,1,0,0,0
GAGGGATGTCAAACGG-1_6,Mesophyll,Mesophyll,,3,1,3,2,5,5
GAGGGATGTCGCATTA-1_4,Epidermal,Leaf pavement cell,,2,1,2,3,3,3
GAGGGATGTGAGAGGG-1_4,Mesophyll,Guard cell,,0,1,0,1,7,7
GAGGGATTCGACATAC-1_5,Meristematic,Mesophyll,,3,1,3,2,8,15
GAGGGATTCTTACGGA-1_3,Mesophyll,Explant vasculature and callus founder cell,,0,0,0,3,3,7
GAGGGTAAGATGCTAA-1_4,Epidermal,Phloem,,0,0,0,1,4,9
GAGGGTAAGGGTGAAA-1_4,Mesophyll,Root endodermis,,0,0,0,5,1,8
GAGGGTACACTCATAG-1_5,Stele,Mesophyll,,3,1,3,2,8,12
GAGGGTAGTCTTTCTA-1_5,Stele,Root endodermis,,0,0,0,5,1,8
GAGGGTAGTTTAGAGA-1_1,Epidermal,Root endodermis,,2,0,2,5,1,7
GAGGGTATCACGTAGT-1_3,Epidermal,Mesophyll,,1,2,1,0,9,11
GAGGGTATCGCGGTAC-1_6,Mesophyll,Mesophyll,,0,0,0,6,6,6
GAGGGTATCGGAAGGT-1_2,Stele,Cortex,,3,1,3,2,8,10
GAGGGTATCGTTATCT-1_2,Mesophyll,Non-hair,,0,0,0,6,3,3
GAGGGTATCTAGCCTC-1_2,Epidermal,Phloem parenchyma,,0,0,0,5,1,8
GAGTCATAGCACCAGA-1_5,Mesophyll,Mesophyll,,3,1,3,3,8,3
GAGTCATAGGTTTACC-1_6,Stele,Mesophyll,,1,2,1,0,0,2
GAGTCATCACTCACTC-1_4,Mesophyll,Root cortex,,2,1,2,4,2,1
GAGTCATCAGAAATTG-1_5,Meristematic,Root endodermis,,3,1,3,2,8,10
GAGTCATTCACTTGGA-1_3,Mesophyll,Mesophyll,,1,2,1,0,0,2
GAGTCATTCAGCCCAG-1_6,Epidermal,Leaf pavement cell,,3,1,3,3,8,10
GAGTCATTCTCTCTTC-1_2,Epidermal,Root cortex,,2,0,2,4,2,7
GAGTCTAAGAGAGAAC-1_3,Epidermal,Root endodermis,,2,0,2,6,6,7
GAGTCTAAGGCTCTCG-1_2,Stele,Root cortex,,1,1,1,2,5,15
GAGTCTACAATCGCAT-1_2,Mesophyll,Mesophyll,,1,2,1,7,9,11
GAGTCTAGTGTGTTTG-1_4,Epidermal,Sieve element,,0,0,0,1,4,13
GAGTCTAGTTTGAACC-1_5,Epidermal,Mesophyll,,1,2,1,6,5,5
GAGTCTATCGCTACGG-1_5,Epidermal,Columella root cap,,0,0,0,5,1,7
GAGTCTATCGGCTGGT-1_6,Mesophyll,Leaf pavement cell,,1,2,1,7,9,11
GAGTGAGAGACCCGCT-1_3,Mesophyll,Mesophyll,,3,1,3,2,5,5
GAGTGAGAGAGAGGGC-1_3,Mesophyll,Explant vasculature and callus founder cell,,3,1,3,2,5,5
GAGTGAGAGCCTGGAA-1_4,Mesophyll,Root cap,,0,0,0,1,1,4
GAGTGAGAGTCGAGGT-1_5,Epidermal,Root cap,,0,0,0,0,1,16
GAGTGAGCACCAGTAT-1_1,Mesophyll,Mesophyll,,3,1,3,2,8,10
GAGTGAGGTATTCCTT-1_4,Epidermal,Xylem,,2,1,2,3,3,3
GAGTGAGGTCGAGTGA-1_1,Mesophyll,Root endodermis,,0,0,0,5,1,16
GAGTGAGGTGTTGATC-1_1,Epidermal,Cortex,,2,1,2,4,2,1
GAGTGAGGTTGGGTTT-1_5,Epidermal,Mesophyll,,0,0,0,6,6,6
GAGTGAGTCAGTCACA-1_5,Epidermal,Mesophyll,,1,2,1,0,0,2
GAGTGAGTCCGAGATT-1_2,Meristematic,Mesophyll,,1,2,1,7,9,11
GAGTGAGTCTAACGGT-1_6,Epidermal,Root cortex,,1,1,1,1,7,14
GAGTGTTAGCCAGTAG-1_6,Epidermal,Phloem,,3,1,3,3,2,9
GAGTGTTAGCCGGATA-1_3,Mesophyll,Mesophyll,,0,0,0,1,4,9
GAGTGTTAGCGCCGTT-1_6,Epidermal,Columella root cap,,0,0,0,1,1,4
GAGTGTTAGGTCGACA-1_2,Mesophyll,Mesophyll,,1,2,1,0,0,2
GAGTGTTAGGTGGCTA-1_4,Meristematic,Phloem,,4,3,4,8,10,12
GAGTGTTAGTTTCGAC-1_6,Mesophyll,Mesophyll,,1,2,1,0,0,0
GAGTGTTCAGATACCT-1_4,Epidermal,Mesophyll,,2,1,2,3,3,3
GAGTGTTCAGCTACAT-1_2,Epidermal,Root cortex,,3,1,3,4,2,1
GAGTGTTCAGGCTATT-1_5,Mesophyll,Root cortex,,3,1,3,2,8,10
GAGTGTTCAGGTTCGC-1_4,Epidermal,Cortex,,3,1,3,4,2,7
GAGTGTTGTCCTATAG-1_5,Epidermal,Shoot system epidermis,,0,0,0,1,1,4
GAGTGTTGTTGTCTAG-1_6,Epidermal,Shoot system epidermis,,0,0,0,5,1,4
GAGTTACAGAGCTGCA-1_2,Mesophyll,Root cortex,,1,2,1,7,9,11
GAGTTACAGGGATGTC-1_3,Meristematic,Mesophyll,,1,2,1,0,0,2
GAGTTACAGTATTGCC-1_6,Epidermal,Root cortex,,3,1,3,2,5,5
GAGTTACCAACCGTAT-1_6,Epidermal,Mesophyll,,0,0,0,6,6,6
GAGTTACCAAGTGCTT-1_4,Mesophyll,Mesophyll,,1,2,1,7,9,8
GAGTTACCAGTAACCT-1_6,Mesophyll,Explant vasculature and callus founder cell,,3,1,3,2,5,5
GAGTTACGTATAGGGC-1_1,Mesophyll,Mesophyll,,1,2,1,7,9,10
GAGTTACTCAACCGAT-1_5,Stele,Root cortex,,2,1,2,4,2,1
GAGTTACTCCGCTGTT-1_6,Epidermal,Non-hair,,0,0,0,1,7,4
GAGTTACTCGAGTACT-1_2,Epidermal,Root endodermis,,4,3,4,8,10,12
GAGTTACTCTAAGGAA-1_4,Epidermal,Phloem,,4,3,4,8,10,12
GAGTTACTCTAGTGTG-1_3,Mesophyll,Root cortex,,0,0,0,3,1,9
GAGTTGTAGAATGTTG-1_1,Epidermal,Root procambium,,5,2,5,1,4,17
GAGTTGTAGAGGTTAT-1_1,Epidermal,Non-hair,,3,1,3,2,8,10
GAGTTGTAGCGGGTTA-1_2,Meristematic,Mesophyll,,1,2,1,0,8,0
GAGTTGTAGGATATAC-1_3,Mesophyll,Columella root cap,,0,0,0,5,1,4
GAGTTGTAGGCCTGCT-1_4,Epidermal,Root cortex,,2,0,2,4,1,7
GAGTTGTCAGTCAGCC-1_3,Epidermal,Root hair,,5,4,5,9,11,18
GAGTTGTGTACTAACC-1_3,Epidermal,Root endodermis,,2,1,2,3,3,3
GAGTTGTGTCACTCTC-1_4,Epidermal,Root endodermis,,5,4,5,9,11,18
GAGTTGTGTCCATACA-1_4,Epidermal,Cortex,,4,3,4,8,10,12
GAGTTGTTCATTACCT-1_1,Mesophyll,Mesophyll,,1,2,1,6,6,6
GAGTTGTTCGATGCTA-1_2,Epidermal,Shoot system epidermis,,0,1,0,1,3,14
GAGTTTGAGATAGTCA-1_6,Epidermal,Mesophyll,,1,0,1,6,6,6
GAGTTTGAGCAACAAT-1_5,Mesophyll,Mesophyll,,1,2,1,0,0,16
GAGTTTGAGTTATGGA-1_1,Epidermal,Root endodermis,,0,0,0,6,6,6
GAGTTTGAGTTGTACC-1_5,Stele,Root endodermis,,0,0,0,3,1,6
GAGTTTGCAGAAGCGT-1_1,Epidermal,Mesophyll,,0,0,0,6,6,6
GAGTTTGCATAGGTAA-1_5,Epidermal,Root cortex,,2,1,2,4,2,1
GAGTTTGGTAGGACTG-1_4,Mesophyll,Root cortex,,1,0,1,0,0,7
GAGTTTGGTTCCGTTC-1_4,Meristematic,Root cap,,2,1,2,4,2,1
GAGTTTGTCGTTCCCA-1_5,Epidermal,Non-hair,,0,0,0,5,1,4
GATAGAAAGACTAAGT-1_4,Epidermal,Mesophyll,,1,2,1,0,0,0
GATAGAAAGAGTGACC-1_6,Epidermal,Root cortex,,4,3,4,8,10,12
GATAGAAAGATCCGAG-1_4,Epidermal,Mesophyll,,1,2,1,0,0,0
GATAGAAAGGCGAACT-1_2,Mesophyll,Cortex,,2,1,2,4,2,1
GATAGAACAATAGGGC-1_6,Epidermal,Flower meristem,,2,1,2,1,3,3
GATAGAACATGAGAAT-1_6,Epidermal,Root cap,,0,0,0,1,4,0
GATAGAAGTGAGTAGC-1_1,Stele,Mesophyll,,0,0,0,6,6,6
GATAGAAGTGCCTATA-1_1,Epidermal,Root cortex,,2,1,2,3,7,7
GATAGAATCAGACCCG-1_2,Stele,Mesophyll,,3,1,3,2,8,10
GATAGAATCTCGCAGG-1_4,Epidermal,Root cortex,,2,0,2,5,1,7
GATAGCTAGCCATATC-1_3,Meristematic,Root cortex,,3,1,3,2,8,10
GATAGCTAGCCGATCC-1_6,Epidermal,Phloem,,4,3,4,8,10,12
GATAGCTAGTTGGCGA-1_1,Mesophyll,Mesophyll,,3,1,3,2,6,15
GATAGCTAGTTGTACC-1_3,Mesophyll,Mesophyll,,3,1,3,2,8,10
GATAGCTCAACGTATC-1_5,Mesophyll,Root cortex,,0,0,0,5,1,7
GATAGCTCAGCAATTC-1_4,Epidermal,Root cortex,,2,1,2,4,2,1
GATAGCTCATACGCAT-1_3,Meristematic,Root cortex,,3,1,3,2,8,10
GATAGCTGTACCTGTA-1_2,Mesophyll,Root cortex,,2,1,2,6,10,6
GATAGCTGTATTTCTC-1_1,Mesophyll,Root cortex,,4,3,4,8,10,12
GATCACAAGCTAAACA-1_2,Mesophyll,Root endodermis,,2,1,2,4,2,1
GATCACACACGCCACA-1_3,Stele,Vascular cambium,,0,0,0,1,4,9
GATCACAGTACTGGGA-1_4,Mesophyll,Columella root cap,,1,2,1,7,9,11
GATCACAGTAGGAAAG-1_2,Epidermal,Mesophyll,,3,1,3,0,8,10
GATCACAGTCTGATCA-1_1,Epidermal,Explant vasculature and callus founder cell,,0,0,0,1,7,13
GATCACATCACCATAG-1_4,Epidermal,Columella root cap,,2,0,2,3,3,9
GATCACATCACTAGCA-1_4,Mesophyll,Root cap,,3,1,3,1,4,9
GATCACATCATAGGCT-1_6,Epidermal,Root cap,,0,0,0,6,4,7
GATCACATCCTCTAAT-1_4,Mesophyll,Mesophyll,,1,2,1,0,4,17
GATCACATCTCCAATT-1_6,Mesophyll,Mesophyll,,1,2,1,0,0,2
GATCAGTAGCAGGTCA-1_6,Epidermal,Root endodermis,,2,0,2,5,2,8
GATCAGTAGCGGTAGT-1_3,Epidermal,Cortex,,4,3,4,8,10,12
GATCAGTAGGGTGAAA-1_3,Stele,Root procambium,,3,1,3,1,4,9
GATCAGTCAAGCTGTT-1_4,Mesophyll,Mesophyll,,3,1,3,2,2,1
GATCAGTCAAGTATAG-1_3,Stele,Root cortex,,3,1,3,2,5,5
GATCAGTGTAAGTAGT-1_3,Epidermal,Root cortex,,2,1,2,4,2,1
GATCAGTGTACTAACC-1_3,Epidermal,Leaf pavement cell,,2,1,2,3,3,3
GATCAGTGTATGCTAC-1_4,Epidermal,Root cortex,,1,2,1,0,0,0
GATCAGTGTCCCTCAT-1_3,Mesophyll,Mesophyll,,1,2,1,0,0,0
GATCAGTGTGACCGAA-1_3,Meristematic,Root endodermis,,0,0,0,6,6,19
GATCAGTGTGTATACC-1_2,Stele,Mesophyll,,3,1,3,10,4,9
GATCAGTGTTCAAGGG-1_1,Epidermal,Root cortex,,2,0,2,4,2,1
GATCAGTGTTGGCCTG-1_4,Mesophyll,Mesophyll,,0,0,0,1,6,9
GATCAGTGTTTAGTCG-1_5,Mesophyll,Mesophyll,,3,1,3,2,5,5
GATCAGTTCAACCGAT-1_5,Epidermal,Root cortex,,2,0,2,4,2,7
GATCAGTTCACCCTGT-1_2,Epidermal,Mesophyll,,1,2,1,0,0,17
GATCAGTTCGACACTA-1_3,Epidermal,Mesophyll,,1,2,1,0,0,5
GATCAGTTCGCACTCT-1_3,Stele,Phloem pole pericycle,,0,0,0,1,7,4
GATCAGTTCTTCGTAT-1_2,Epidermal,Mesophyll,,0,0,0,6,6,6
GATCATGAGATAACAC-1_4,Stele,Root procambium,,0,0,0,5,1,8
GATCATGAGGTGCCAA-1_6,Mesophyll,Mesophyll,,1,2,1,0,0,2
GATCATGAGTCGAGGT-1_6,Epidermal,Root cortex,,2,1,2,4,2,1
GATCATGAGTGAGCCA-1_5,Mesophyll,Cortex,,3,1,3,2,5,5
GATCATGGTTCACGAT-1_2,Epidermal,Mesophyll,,1,2,1,0,0,2
GATCCCTAGCACACAG-1_4,Mesophyll,Root cortex,,2,1,2,4,2,1
GATCCCTAGCGTTAGG-1_5,Mesophyll,Mesophyll,,3,1,3,2,5,5
GATCCCTAGTTAGAAC-1_2,Epidermal,Mesophyll,,3,1,3,2,5,5
GATCCCTCAACCTATG-1_4,Epidermal,Root endodermis,,2,1,2,3,3,3
GATCCCTCAAGCGCTC-1_2,Stele,Cortex,,0,0,0,5,1,8
GATCCCTCAGTCAGCC-1_2,Mesophyll,Root cortex,,3,1,3,4,0,0
GATCCCTCATTAGGCT-1_3,Epidermal,Mesophyll,,3,1,3,1,3,14
GATCCCTGTATGCAAA-1_1,Mesophyll,Mesophyll,,1,0,1,6,6,6
GATCCCTGTATGGAGC-1_1,Epidermal,Leaf pavement cell,,2,1,2,3,3,3
GATCCCTGTTAGCGGA-1_3,Epidermal,Mesophyll,,0,0,0,1,3,9
GATCCCTGTTCCGTTC-1_2,Mesophyll,Mesophyll,,1,2,1,0,4,0
GATCCCTGTTGCTCAA-1_1,Epidermal,Mesophyll,,0,0,0,6,6,6
GATCCCTTCAGCGCAC-1_1,Epidermal,Columella root cap,,2,0,2,3,3,9
GATCGTAAGAAGTCAT-1_2,Mesophyll,Root cortex,,2,1,2,4,2,1
GATCGTAAGATGCCGA-1_4,Stele,Cortex,,2,1,2,3,2,1
GATCGTAAGCTGGCCT-1_4,Epidermal,Root endodermis,,2,0,2,5,1,7
GATCGTAAGTTACGGG-1_2,Mesophyll,Phloem,,4,1,4,4,2,12
GATCGTAAGTTTCGGT-1_4,Stele,Root endodermis,,2,1,2,4,2,6
GATCGTACAAATTGCC-1_2,Epidermal,Non-hair,,0,0,0,1,1,4
GATCGTACACAGGATG-1_6,Stele,Lateral root cap,,0,0,0,1,7,13
GATCGTACACCGGCTA-1_5,Mesophyll,Mesophyll,,1,2,1,0,0,11
GATCGTACATGCCATA-1_4,Epidermal,Non-hair,,0,0,0,1,7,4
GATCGTAGTCCAGCCA-1_3,Mesophyll,Mesophyll,,3,1,3,2,5,5
GATCGTAGTCTTCGAA-1_6,Epidermal,Root cortex,,3,1,3,2,2,5
GATCGTAGTGACATCT-1_4,Mesophyll,Root cortex,,1,2,1,0,0,0
GATCGTAGTGAGTAAT-1_6,Epidermal,Phloem parenchyma,,0,0,0,5,1,8
GATCGTATCACCATCC-1_5,Epidermal,Root cortex,,3,1,3,2,5,5
GATCGTATCCACAGCG-1_1,Stele,Root endodermis,,0,0,0,5,1,8
GATCGTATCGTGACTA-1_3,Epidermal,Leaf pavement cell,,2,1,2,3,3,3
GATGACTAGACTAGAT-1_4,Epidermal,Flower meristem,,1,2,1,0,0,16
GATGACTAGCCGTTGC-1_4,Epidermal,Root endodermis,,0,0,0,1,1,7
GATGACTAGGGATCAC-1_2,Mesophyll,Mesophyll,,4,3,4,8,10,12
GATGACTAGTCGCCAC-1_5,Epidermal,Mesophyll,,3,1,3,4,4,0
GATGACTCAAAGGGTC-1_6,Epidermal,Lateral root cap,,1,2,1,0,0,0
GATGACTCATAGGTTC-1_3,Epidermal,Mesophyll,,1,2,1,0,0,2
GATGACTCATGTTCGA-1_3,Mesophyll,Mesophyll,,3,1,3,2,8,10
GATGACTGTATGGTTC-1_5,Mesophyll,Sieve element,,0,0,0,6,6,6
GATGACTGTCGCTGCA-1_1,Meristematic,Root cortex,,3,1,3,2,5,5
GATGACTTCCATGAGT-1_4,Mesophyll,Phloem,,4,3,4,8,10,12
GATGACTTCCGCACGA-1_5,Stele,Mesophyll,,1,2,1,0,4,0
GATGACTTCCTGCTAC-1_1,Mesophyll,Mesophyll,,3,1,3,2,5,5
GATGACTTCGGAGTGA-1_4,Mesophyll,Root cortex,,2,1,2,3,3,3
GATGAGGAGATAACGT-1_4,Mesophyll,Explant vasculature and callus founder cell,,0,0,0,1,7,13
GATGAGGAGCTATCTG-1_2,Epidermal,Root cortex,,1,1,1,0,0,1
GATGAGGAGTCAATCC-1_2,Epidermal,Non-hair,,0,0,0,1,7,4
GATGAGGAGTTCCATG-1_3,Epidermal,Leaf pavement cell,,2,1,2,3,3,3
GATGAGGCACTGAATC-1_6,Stele,Mesophyll,,1,2,1,0,0,0
GATGAGGCATAGGCGA-1_3,Epidermal,Root procambium,,0,0,0,1,1,14
GATGAGGGTATCGATC-1_1,Mesophyll,Root cap,,3,1,3,2,8,10
GATGAGGGTGGTAATA-1_5,Stele,Mesophyll,,0,0,0,6,6,6
GATGAGGGTTCTCCCA-1_5,Mesophyll,Root cortex,,2,1,2,4,5,5
GATGAGGTCAGCTGTA-1_1,Stele,Sieve element,,3,1,3,10,4,9
GATGAGGTCCGTTTCG-1_4,Mesophyll,Mesophyll,,1,2,1,7,9,11
GATGATCAGAAGTCTA-1_3,Epidermal,Microspore nuclei,,0,0,0,1,1,9
GATGATCAGACCATGG-1_2,Mesophyll,Phloem parenchyma,,0,0,0,5,1,8
GATGATCAGCGAAACC-1_1,Mesophyll,Mesophyll,,0,2,0,5,1,16
GATGATCAGGCGAACT-1_6,Stele,Root cortex,,2,0,2,4,2,1
GATGATCCAAGTTCGT-1_2,Epidermal,Flower meristem,,5,2,5,1,4,17
GATGATCCACCCGTAG-1_4,Epidermal,Mesophyll,,4,3,4,8,10,12
GATGATCCAGCTACTA-1_3,Epidermal,Root cortex,,2,1,2,3,3,3
GATGATCGTTAGGGAC-1_1,Mesophyll,Root endodermis,,0,0,0,5,0,6
GATGATCTCACACCCT-1_1,Epidermal,Root endodermis,,1,0,1,0,0,8
GATGATCTCTACGGTA-1_2,Meristematic,Mesophyll,,2,1,2,3,3,3
GATGCTAAGAGGCCAT-1_5,Mesophyll,Root cortex,,1,2,1,0,0,7
GATGCTAAGCATATGA-1_5,Mesophyll,Columella root cap,,2,0,2,3,3,3
GATGCTAAGGGTCAAC-1_1,Mesophyll,Mesophyll,,1,2,1,7,9,11
GATGCTACAAGAGTTA-1_2,Epidermal,Root cortex,,2,1,2,4,2,1
GATGCTACAGCTCATA-1_3,Stele,Phloem,,3,1,3,3,4,0
GATGCTACAGTAGTTC-1_6,Mesophyll,Mesophyll,,3,1,3,2,5,5
GATGCTATCATTGGTG-1_6,Epidermal,Root endodermis,,0,0,0,5,1,8
GATGCTATCCATTGTT-1_1,Mesophyll,Mesophyll,,1,2,1,0,0,15
GATGCTATCCTCTTTC-1_3,Mesophyll,Mesophyll,,1,2,1,0,4,0
GATGCTATCGATGCTA-1_2,Mesophyll,Mesophyll,,4,3,4,8,10,12
GATGCTATCGCTTGAA-1_6,Stele,Phloem parenchyma,,0,0,0,6,1,4
GATGCTATCTAAGGAA-1_5,Epidermal,Columella root cap,,0,0,0,1,4,9
GATGCTATCTGAGCAT-1_5,Meristematic,Shoot system epidermis,,2,1,2,3,3,3
GATGGAGAGCATTGTC-1_2,Mesophyll,Root cortex,,1,2,1,0,0,2
GATGGAGAGCCATCCG-1_4,Epidermal,Mesophyll,,5,4,5,9,11,18
GATGGAGAGCTAGAGC-1_5,Mesophyll,Mesophyll,,1,2,1,0,0,0
GATGGAGAGGATCACG-1_1,Mesophyll,Mesophyll,,1,2,1,7,9,11
GATGGAGAGTCGGCCT-1_4,Stele,Mesophyll,,3,1,3,2,8,15
GATGGAGCAAACCGGA-1_4,Mesophyll,Mesophyll,,3,1,3,2,5,5
GATGGAGCAAGTATCC-1_2,Epidermal,Mesophyll,,2,1,2,3,3,3
GATGGAGCAATGCAGG-1_2,Stele,Cortex,,3,1,3,4,5,1
GATGGAGCATTGAAGA-1_3,Stele,Root cortex,,3,1,3,2,5,5
GATGGAGGTACCGTGC-1_6,Mesophyll,Root endodermis,,1,0,1,6,9,11
GATGGAGGTCTGGTTA-1_2,Meristematic,Lateral root cap,,0,0,0,1,1,9
GATGGAGGTCTTGCTC-1_6,Meristematic,Mesophyll,,3,1,3,2,5,5
GATGGAGGTCTTGGTA-1_4,Mesophyll,Mesophyll,,3,1,3,2,5,5
GATGGAGGTGTGTACT-1_4,Mesophyll,Mesophyll,,3,1,3,2,5,5
GATGGAGTCCCGAACG-1_3,Epidermal,Mesophyll,,2,1,2,3,7,7
GATGGAGTCCTCTAGC-1_1,Epidermal,Root cortex,,2,2,2,3,3,7
GATGGAGTCGTTACCC-1_5,Epidermal,Root cortex,,2,1,2,4,2,1
GATGGAGTCTCCAAGA-1_6,Mesophyll,Root endodermis,,0,0,0,6,1,8
GATGTTGAGGGCTGAT-1_4,Epidermal,Mesophyll,,0,0,0,6,6,6
GATGTTGAGGTACAGC-1_2,Epidermal,Non-hair,,2,1,2,3,3,3
GATGTTGAGGTGCTAG-1_1,Mesophyll,Bundle sheath,,0,0,0,1,1,9
GATGTTGCACCGGTCA-1_5,Epidermal,Root endodermis,,0,0,0,6,1,4
GATGTTGCATAGTCGT-1_1,Epidermal,Root endodermis,,0,0,0,1,1,4
GATGTTGCATTGTACG-1_5,Meristematic,Root endodermis,,1,2,1,0,0,2
GATGTTGGTACCCACG-1_1,Mesophyll,Flower meristem,,0,0,0,1,4,0
GATGTTGTCCATTCAT-1_5,Stele,Root cap,,0,0,0,1,7,13
GATGTTGTCGGCTGAC-1_2,Mesophyll,Mesophyll,,0,0,0,0,1,16
GATTCGAAGAAGCTCG-1_4,Mesophyll,Mesophyll,,1,1,1,0,4,0
GATTCGAGTACATTGC-1_3,Epidermal,Root cap,,0,0,0,1,1,4
GATTCGAGTACGCTAT-1_1,Epidermal,Leaf pavement cell,,2,1,2,3,3,3
GATTCGAGTGAGATAT-1_2,Epidermal,Flower meristem,,1,0,1,0,0,0
GATTCGATCGCAGTGC-1_5,Epidermal,Root endodermis,,2,0,2,5,7,7
GATTCGATCTCCACTG-1_3,Mesophyll,Root cortex,,1,2,1,0,0,0
GATTCTTAGACTTCGT-1_2,Stele,Root cortex,,2,1,2,4,2,1
GATTCTTAGCTGCCAC-1_6,Epidermal,Root endodermis,,2,0,2,3,3,3
GATTCTTAGGCTAGCA-1_4,Epidermal,Root cortex,,2,1,2,4,2,7
GATTCTTCAACGCCCA-1_5,Stele,Cortex,,4,3,4,8,10,12
GATTCTTGTCGAGTTT-1_4,Stele,Mesophyll,,0,0,0,6,6,6
GATTCTTGTGTCATCA-1_2,Mesophyll,Mesophyll,,1,2,1,0,0,0
GATTCTTGTTCCGGTG-1_5,Epidermal,Shoot system epidermis,,0,0,0,1,1,13
GATTCTTTCGACCAAT-1_3,Stele,Root cap,,1,2,1,0,8,0
GATTCTTTCGCTGACG-1_3,Mesophyll,Root cortex,,3,1,3,4,2,1
GATTCTTTCGGCAGTC-1_2,Mesophyll,Mesophyll,,3,1,3,2,5,5
GATTCTTTCTGGTCAA-1_6,Epidermal,Root cortex,,2,1,2,3,3,3
GATTGGTCACCGTCGA-1_3,Epidermal,Mesophyll,,1,2,1,0,0,2
GATTGGTCAGCCCACA-1_4,Stele,Root cortex,,2,0,2,3,3,3
GATTGGTGTACAAAGT-1_3,Epidermal,Root endodermis,,0,0,0,6,6,6
GATTGGTGTCTGTGGC-1_2,Epidermal,Phloem pole pericycle,,4,3,4,8,10,12
GATTGGTTCAGCAATC-1_2,Epidermal,Root cortex,,2,1,2,3,3,3
GATTGGTTCATTTGCT-1_5,Stele,Root endodermis,,2,1,2,3,3,3
GATTGGTTCCCATTTA-1_5,Mesophyll,Mesophyll,,0,0,0,6,6,6
GATTTCTAGATCCCGC-1_4,Mesophyll,Mesophyll,,2,1,2,3,3,3
GATTTCTAGCAATAGT-1_2,Mesophyll,Mesophyll,,1,2,1,7,9,11
GATTTCTAGGAGCTGT-1_3,Mesophyll,Root cortex,,2,1,2,4,2,1
GATTTCTAGGGTTAAT-1_2,Meristematic,Mesophyll,,3,1,3,2,5,1
GATTTCTAGTCCGTCG-1_2,Epidermal,Root cap,,0,0,0,1,7,14
GATTTCTCAGTGACCC-1_5,Epidermal,Mesophyll,,4,3,4,8,10,12
GATTTCTGTACTAGCT-1_3,Epidermal,Mesophyll,,5,2,5,9,4,17
GATTTCTGTTAGAAAC-1_3,Epidermal,Root cortex,,2,1,2,3,3,3
GATTTCTGTTGGAGAC-1_4,Mesophyll,Mesophyll,,1,2,1,0,0,2
GATTTCTGTTGTTGCA-1_2,Epidermal,Mesophyll,,3,1,3,2,8,10
GATTTCTTCGAACCAT-1_4,Mesophyll,Phloem,,3,1,3,2,8,10
GATTTCTTCGACGCTG-1_4,Epidermal,Mesophyll,,0,0,0,6,6,6
GATTTCTTCGTGGGAA-1_5,Meristematic,Root cap,,5,2,5,1,4,17
GATTTCTTCTGAGGTT-1_4,Epidermal,Phloem,,4,3,4,8,10,12
GCAACATAGACGACGT-1_5,Epidermal,Columella root cap,,0,0,0,5,1,8
GCAACATAGGTCTACT-1_6,Epidermal,Root cap,,2,0,2,3,3,3
GCAACATAGTAACAGT-1_1,Meristematic,Root cortex,,3,1,3,2,5,5
GCAACATCAATACCTG-1_2,Epidermal,Root cortex,,2,1,2,4,2,1
GCAACATGTACGTACT-1_3,Stele,Mesophyll,,0,0,0,6,6,7
GCAACATGTAGCTTAC-1_4,Mesophyll,Mesophyll,,1,2,1,0,0,2
GCAACATGTCCATACA-1_2,Epidermal,Root cortex,,2,1,2,4,2,1
GCAACATGTGCCGGTT-1_3,Epidermal,Root cortex,,2,1,2,3,3,3
GCAACATGTGGCTTAT-1_3,Mesophyll,Mesophyll,,0,0,0,5,1,7
GCAACATGTTGGTAGG-1_1,Meristematic,Root cortex,,2,1,2,3,3,3
GCAACATTCACCGCTT-1_2,Mesophyll,Mesophyll,,1,2,1,0,0,2
GCAACATTCACGAACT-1_3,Mesophyll,Companion cell,,3,1,3,10,4,9
GCAACATTCGATTCCC-1_1,Epidermal,Root endodermis,,0,0,0,5,3,8
GCAACCGAGACCATAA-1_3,Stele,Root endodermis,,2,1,2,4,2,1
GCAACCGAGAGAGGTA-1_4,Mesophyll,Phloem pole pericycle,,0,0,0,5,1,4
GCAACCGAGATGACAT-1_1,Epidermal,Mesophyll,,3,1,3,2,0,5
GCAACCGAGCTAGTTC-1_3,Mesophyll,Non-hair,,0,0,0,3,3,14
GCAACCGCAAATTAGG-1_2,Epidermal,Root endodermis,,0,0,0,6,6,6
GCAACCGCAGCGTTTA-1_5,Stele,Non-hair,,0,0,0,1,7,4
GCAACCGCATTGGCAT-1_2,Mesophyll,Root endodermis,,0,0,0,6,6,6
GCAACCGGTATCAGCT-1_6,Epidermal,Root cortex,,2,1,2,3,3,3
GCAACCGGTCACCACG-1_4,Epidermal,Mesophyll,,3,1,3,4,2,1
GCAACCGGTCGTATTG-1_5,Mesophyll,Mesophyll,,4,3,4,8,10,12
GCAACCGTCCTGCCAT-1_2,Mesophyll,Phloem,,0,0,0,1,4,4
GCAACCGTCTTACTGT-1_3,Epidermal,Root cortex,,2,0,2,3,3,3
GCACATAAGAGAGAAC-1_2,Epidermal,Mesophyll,,1,2,1,0,0,0
GCACATAAGATGTTCC-1_5,Mesophyll,Phloem,,1,2,1,0,8,15
GCACATAAGCTTGTGT-1_6,Stele,Phloem parenchyma,,0,0,0,5,1,4
GCACATAAGGCACAAC-1_1,Epidermal,Root endodermis,,1,0,1,0,0,6
GCACATACAAAGAGTT-1_5,Meristematic,Mesophyll,,1,2,1,1,4,4
GCACATACACGCGGTT-1_1,Epidermal,Root endodermis,,4,3,4,8,10,12
GCACATACACGTCATA-1_1,Stele,Cortex,,3,1,3,2,8,10
GCACATACAGACGGAT-1_2,Epidermal,Non-hair,,4,3,4,8,10,12
GCACATACAGAGGACT-1_5,Mesophyll,Root cortex,,1,2,1,7,9,11
GCACATAGTCACGTGC-1_2,Epidermal,Root cortex,,2,1,2,3,2,1
GCACATAGTCGTATGT-1_3,Mesophyll,Root cortex,,3,1,3,4,2,1
GCACATAGTGGTTTGT-1_1,Epidermal,Bundle sheath,,0,0,0,1,1,9
GCACATATCAGCACCG-1_2,Epidermal,Root cortex,,2,1,2,3,3,3
GCACATATCCTACAAG-1_4,Epidermal,Mesophyll,,1,2,1,0,0,2
GCACATATCCTCATAT-1_6,Mesophyll,Explant vasculature and callus founder cell,,0,0,0,1,7,13
GCACATATCTGGCTGG-1_2,Stele,Cortex,,2,1,2,4,2,1
GCACGGTAGCCGTAAG-1_1,Epidermal,Root cortex,,2,1,2,4,2,1
GCACGGTAGCTTTCCC-1_6,Epidermal,Non-hair,,0,0,0,1,7,4
GCACGGTAGGTGATCG-1_2,Mesophyll,Mesophyll,,1,2,1,0,0,2
GCACGGTCAACATCGT-1_1,Mesophyll,Flower meristem,,4,3,4,8,10,12
GCACGGTCAACCGCTG-1_1,Mesophyll,Root endodermis,,0,0,0,5,1,4
GCACGGTCAATCTCGA-1_4,Epidermal,Root endodermis,,0,0,0,3,1,9
GCACGGTCATAATCCG-1_4,Stele,Leaf guard cell,,0,0,0,1,7,13
GCACGGTGTACATACC-1_5,Mesophyll,Mesophyll,,3,1,3,2,5,15
GCACGGTGTATCTCGA-1_4,Mesophyll,Flower meristem,,4,3,4,8,10,12
GCACGGTGTTAGAAAC-1_2,Epidermal,Mesophyll,,0,0,0,6,6,6
GCACGGTGTTCTCTCG-1_4,Epidermal,Root endodermis,,2,1,2,3,3,3
GCACGGTTCTCTCGCA-1_4,Mesophyll,Root cortex,,2,0,2,4,2,7
GCACGGTTCTTAGCTT-1_1,Mesophyll,Phloem parenchyma,,0,0,0,5,1,3
GCACGTGAGTCACTGT-1_1,Epidermal,Root cortex,,1,2,1,0,0,0
GCACGTGCACCCAAGC-1_2,Mesophyll,Mesophyll,,1,2,1,0,0,2
GCACGTGCAGAACATA-1_2,Epidermal,Non-hair,,1,3,1,1,7,14
GCACGTGCATGACAGG-1_4,Epidermal,Leaf pavement cell,,2,0,2,3,3,3
GCACGTGGTAGCTGTT-1_3,Epidermal,Root cortex,,3,1,3,2,8,14
GCACGTGGTGTAAATG-1_4,Epidermal,Mesophyll,,1,2,1,7,9,11
GCACGTGTCCGAGTGC-1_3,Mesophyll,Mesophyll,,3,1,3,2,5,15
GCACGTGTCGACGAGA-1_2,Epidermal,Mesophyll,,3,1,3,2,8,11
GCACGTGTCTAGGCCG-1_1,Epidermal,Root endodermis,,0,0,0,6,6,6
GCACGTGTCTCTAAGG-1_4,Mesophyll,Mesophyll,,2,0,2,6,6,6
GCACTAAAGGATGGCT-1_4,Epidermal,Mesophyll,,2,1,2,3,3,3
GCACTAAAGGTCACTT-1_5,Mesophyll,Explant vasculature and callus founder cell,,2,1,2,3,3,3
GCACTAAAGTAGATCA-1_6,Epidermal,Non-hair,,0,0,0,6,3,14
GCACTAACACATGACT-1_2,Mesophyll,Columella root cap,,0,0,0,5,1,8
GCACTAACACGATTCA-1_2,Meristematic,Mesophyll,,0,0,0,6,6,6
GCACTAACAGGTCAGA-1_4,Mesophyll,Leaf pavement cell,,2,1,2,3,3,3
GCACTAAGTCGCATCG-1_2,Epidermal,Root endodermis,,0,0,0,6,6,6
GCACTAAGTGGCAGAT-1_2,Epidermal,Mesophyll,,1,2,1,7,7,11
GCACTAAGTTGCATAC-1_3,Epidermal,Root endodermis,,0,0,0,5,1,8
GCACTAATCCACTAGA-1_3,Mesophyll,Mesophyll,,3,1,3,2,5,5
GCACTAATCTACTCAT-1_5,Mesophyll,Columella root cap,,0,0,0,5,1,8
GCAGCCAAGACTTCCA-1_6,Mesophyll,Mesophyll,,1,2,1,0,0,0
GCAGCCAAGAGCGACT-1_6,Epidermal,Shoot system epidermis,,0,0,0,0,1,0
GCAGCCAAGGCTGGAT-1_5,Mesophyll,Mesophyll,,1,2,1,0,0,0
GCAGCCACAAGCTACT-1_3,Epidermal,Xylem,,1,3,1,1,7,14
GCAGCCACACGGGCTT-1_3,Mesophyll,Mesophyll,,1,2,1,0,0,0
GCAGCCACATTGGATC-1_3,Meristematic,Root procambium,,0,2,0,1,4,13
GCAGCCAGTAGAGACC-1_4,Mesophyll,Mesophyll,,3,1,3,2,8,10
GCAGCCATCCTCACGT-1_3,Meristematic,Bundle sheath,,0,0,0,1,4,9
GCAGCCATCGTGAGAG-1_4,Epidermal,Companion cell,,3,1,3,10,4,9
GCAGCTGCAAAGTGTA-1_5,Epidermal,Mesophyll,,1,2,1,0,0,2
GCAGCTGCATCATTGG-1_2,Mesophyll,Root cortex,,2,1,2,4,2,1
GCAGCTGGTCTCAGGC-1_5,Epidermal,Root endodermis,,0,0,0,1,1,4
GCAGCTGGTCTCTCCA-1_2,Epidermal,Leaf pavement cell,,0,0,0,1,1,4
GCAGCTGTCATTACCT-1_2,Epidermal,Mesophyll,,1,2,1,0,0,2
GCAGCTGTCCCTCGAT-1_5,Epidermal,Root endodermis,,0,0,0,3,1,0
GCAGCTGTCTTAAGGC-1_2,Epidermal,Root cortex,,2,0,2,4,1,7
GCAGGCTAGAATCTAG-1_3,Stele,Xylem,,0,0,0,1,1,7
GCAGGCTAGCTATCTG-1_2,Stele,Companion cell,,3,1,3,10,4,9
GCAGGCTAGGTCACCC-1_1,Mesophyll,Root cortex,,2,1,2,4,2,1
GCAGGCTCAAATCCCA-1_3,Epidermal,Flower meristem,,0,0,0,1,1,4
GCAGGCTGTCGTACAT-1_1,Meristematic,Root procambium,,0,0,0,1,7,4
GCAGGCTTCAAACGTC-1_4,Mesophyll,Leaf pavement cell,,2,1,2,4,7,7
GCAGGCTTCACCTTGC-1_6,Meristematic,Vascular cambium,,0,2,0,1,4,13
GCAGGCTTCCCAGGCA-1_5,Mesophyll,Mesophyll,,3,1,3,2,5,5
GCAGGCTTCCCTTGGT-1_1,Epidermal,Leaf pavement cell,,2,1,2,3,3,3
GCAGGCTTCTCCATAT-1_5,Epidermal,Root endodermis,,2,0,2,3,3,3
GCAGTTAAGAAGCCAC-1_5,Mesophyll,Non-hair,,3,1,3,2,5,5
GCAGTTAAGCGCCTCA-1_6,Meristematic,Shoot system epidermis,,2,1,2,3,3,3
GCAGTTAAGCGGTAGT-1_5,Epidermal,Mesophyll,,1,2,1,0,0,2
GCAGTTAAGGAGATAG-1_4,Epidermal,Root cortex,,3,1,3,2,5,5
GCAGTTACAACCAATC-1_2,Epidermal,Mesophyll,,3,1,3,2,8,10
GCAGTTACAACCGATT-1_6,Epidermal,Mesophyll,,1,2,1,0,0,2
GCAGTTACACTGTGAT-1_2,Epidermal,Bundle sheath,,4,3,4,8,10,12
GCAGTTACACTTGGGC-1_3,Epidermal,Root endodermis,,0,0,0,5,1,8
GCAGTTACATCAGCAT-1_2,Meristematic,Root endodermis,,0,0,0,6,6,6
GCAGTTAGTTTGTTCT-1_2,Epidermal,Xylem,,2,0,2,3,3,3
GCAGTTATCAACGTGT-1_3,Mesophyll,Mesophyll,,3,1,3,2,5,5
GCAGTTATCGCGTTTC-1_3,Stele,Mesophyll,,3,1,3,2,5,5
GCAGTTATCTCAGAAC-1_1,Epidermal,Phloem parenchyma,,0,0,0,5,1,8
GCAGTTATCTCGTCAC-1_2,Epidermal,Non-hair,,0,0,0,1,1,4
GCATCGGAGTCAGGGT-1_4,Epidermal,Root endodermis,,0,0,0,6,6,6
GCATCGGAGTTGTCGT-1_3,Stele,Non-hair,,3,1,3,2,8,10
GCATCGGCACCTCAGG-1_1,Epidermal,Mesophyll,,0,0,0,6,6,6
GCATCGGGTAACAGGC-1_5,Mesophyll,Root cortex,,4,3,4,8,10,12
GCATCGGGTCTTCTAT-1_1,Mesophyll,Mesophyll,,3,1,3,2,8,10
GCATCGGTCATGCCAA-1_2,Mesophyll,Mesophyll,,1,2,1,7,9,11
GCATCGGTCGACGAGA-1_3,Epidermal,Cortex,,2,1,2,3,2,1
GCATCGGTCTAGGCCG-1_3,Epidermal,Root cap,,0,0,0,1,7,13
GCATCTCAGAAGTGTT-1_2,Stele,Mesophyll,,1,2,1,7,9,2
GCATCTCCAAGTCGTT-1_1,Epidermal,Root cortex,,2,1,2,4,2,1
GCATCTCCAGCGTAGA-1_3,Mesophyll,Mesophyll,,1,2,1,0,0,0
GCATCTCCAGGTTTAC-1_2,Mesophyll,Mesophyll,,0,1,0,1,4,9
GCATCTCCATGAATCC-1_1,Meristematic,Vascular cambium,,0,0,0,1,4,9
GCATCTCGTAACAGTA-1_5,Epidermal,Non-hair,,2,1,2,3,3,3
GCATCTCTCATCTGTT-1_2,Epidermal,Root procambium,,1,1,1,1,7,14
GCATCTCTCATTTGTC-1_5,Epidermal,Root endodermis,,1,1,1,1,3,14
GCATCTCTCCAATCCC-1_4,Epidermal,Root endodermis,,0,0,0,5,1,0
GCATCTCTCCCAACTC-1_4,Mesophyll,Root endodermis,,4,3,4,8,10,12
GCATCTCTCGACGATT-1_1,Mesophyll,Mesophyll,,1,2,1,0,0,2
GCATCTCTCGCAGAGA-1_5,Epidermal,Root endodermis,,0,0,0,5,1,4
GCATCTCTCTCCTGTG-1_2,Epidermal,Mesophyll,,1,2,1,0,0,2
GCATCTCTCTCTGGTC-1_6,Epidermal,Root cortex,,2,1,2,4,2,1
GCATCTCTCTGTCCCA-1_4,Epidermal,Mesophyll,,0,0,0,1,6,4
GCATGATAGACTTGTC-1_6,Mesophyll,Root cortex,,3,1,3,2,8,15
GCATGATAGGTCTACT-1_4,Mesophyll,Mesophyll,,3,1,3,2,5,10
GCATGATAGTATTCCG-1_1,Epidermal,Root endodermis,,2,0,2,1,6,14
GCATGATCAATACCCA-1_2,Mesophyll,Bundle sheath,,1,2,1,7,9,11
GCATGATGTACTGACT-1_2,Stele,Mesophyll,,3,1,3,3,4,9
GCATGATGTGCCAAGA-1_4,Epidermal,Non-hair,,3,1,3,2,8,10
GCATGATGTTTAGAGA-1_5,Epidermal,Root cortex,,2,0,2,5,1,7
GCATGATTCGAAGAAT-1_3,Mesophyll,Mesophyll,,1,2,1,0,0,2
GCATGATTCGGTCACG-1_2,Mesophyll,Mesophyll,,1,2,1,7,9,11
GCATTAGAGCACTCCG-1_1,Epidermal,Root endodermis,,2,0,2,5,1,7
GCATTAGAGCTGTCCG-1_1,Stele,Mesophyll,,0,0,0,6,6,6
GCATTAGAGCTTTCCC-1_5,Mesophyll,Non-hair,,3,1,3,2,8,10
GCATTAGCAGGCTACC-1_4,Epidermal,Columella root cap,,0,0,0,5,1,4
GCATTAGGTTGGTACT-1_3,Epidermal,Root cortex,,2,1,2,4,2,1
GCATTAGTCAAATAGG-1_5,Epidermal,Root endodermis,,0,0,0,5,1,4
GCATTAGTCACAGTGT-1_5,Epidermal,Mesophyll,,1,2,1,0,0,2
GCATTAGTCCCTGTTG-1_3,Epidermal,Cortex,,3,1,3,2,5,5
GCCAACGAGTAGACCG-1_2,Mesophyll,Mesophyll,,3,1,3,7,8,11
GCCAACGAGTCGGCCT-1_6,Stele,Phloem,,4,2,4,1,4,15
GCCAACGCAATGAAAC-1_5,Epidermal,Sieve element,,0,0,0,1,4,9
GCCAACGCAGTCTGGC-1_5,Mesophyll,Cortex,,3,1,3,2,5,5
GCCAACGCATGCAGGA-1_1,Epidermal,Mesophyll,,4,3,4,8,10,12
GCCAACGGTAGTCGGA-1_1,Epidermal,Sieve element,,3,1,3,1,4,9
GCCAACGTCAAGCCGC-1_3,Epidermal,Mesophyll,,1,2,1,1,9,14
GCCAACGTCCACGAAT-1_1,Meristematic,Mesophyll,,1,2,1,1,4,17
GCCAACGTCTCATAGG-1_1,Mesophyll,Cortex,,2,1,2,4,2,1
GCCAGCAAGACAACAT-1_4,Epidermal,Root endodermis,,0,0,0,6,6,6
GCCAGCAAGCCAACCC-1_5,Stele,Mesophyll,,0,0,0,6,6,6
GCCAGCAAGCGACTGA-1_3,Stele,Mesophyll,,0,0,0,6,6,6
GCCAGCAAGCGCTGAA-1_1,Epidermal,Leaf pavement cell,,2,1,2,4,2,1
GCCAGCAAGGTGCTAG-1_6,Mesophyll,Root endodermis,,0,0,0,5,1,4
GCCAGCAAGTGTTGTC-1_1,Mesophyll,Mesophyll,,1,2,1,0,0,0
GCCAGCACAAATCAGA-1_3,Mesophyll,Phloem parenchyma,,0,0,0,5,1,8
GCCAGCACAATTGGTC-1_2,Stele,Mesophyll,,3,1,3,2,8,10
GCCAGCACATACACCA-1_5,Epidermal,Leaf pavement cell,,2,1,2,3,3,3
GCCAGCACATAGCACT-1_1,Stele,Root cortex,,3,1,3,2,5,5
GCCAGCATCCGGCTTT-1_4,Mesophyll,Mesophyll,,1,2,1,0,0,2
GCCAGCATCGGTCACG-1_1,Mesophyll,Mesophyll,,1,2,1,0,8,0
GCCAGCATCTGCCTGT-1_4,Epidermal,Root cortex,,2,1,2,4,2,1
GCCAGGTAGGTGTGAC-1_1,Mesophyll,Root endodermis,,0,0,0,7,9,11
GCCAGGTCACTAGGCC-1_3,Epidermal,Mesophyll,,3,1,3,2,8,10
GCCAGGTCACTGTTCC-1_2,Mesophyll,Mesophyll,,0,0,0,1,4,4
GCCAGGTCAGACCTAT-1_3,Epidermal,Root cortex,,2,1,2,3,3,3
GCCAGGTGTATCGCGC-1_4,Mesophyll,Root cortex,,2,1,2,3,7,7
GCCAGGTGTCTCGACG-1_2,Mesophyll,Mesophyll,,0,0,0,7,9,8
GCCAGGTTCACTTATC-1_1,Epidermal,Mesophyll,,1,2,1,6,6,6
GCCAGGTTCATTGCGA-1_3,Epidermal,Root endodermis,,0,0,0,6,1,6
GCCAGGTTCCGTCAAA-1_5,Epidermal,Root cap,,2,1,2,3,3,3
GCCAGTGAGGACTTCT-1_2,Mesophyll,Mesophyll,,1,2,1,0,0,0
GCCAGTGAGGGAGAAT-1_3,Epidermal,Root cap,,0,0,0,1,1,4
GCCAGTGAGGTATTGA-1_5,Epidermal,Mesophyll,,4,3,4,8,10,12
GCCAGTGAGTGAGCCA-1_5,Epidermal,Mesophyll,,1,2,1,0,0,0
GCCAGTGCAATGCAGG-1_3,Mesophyll,Mesophyll,,3,1,3,2,5,5
GCCAGTGCAGAGTGAC-1_2,Mesophyll,Mesophyll,,0,0,0,1,1,13
GCCAGTGGTAGTATAG-1_2,Mesophyll,Root hair,,4,3,4,8,10,12
GCCATGGAGAGCCCAA-1_3,Stele,Leaf pavement cell,,2,1,2,3,3,3
GCCATGGCACAATTCG-1_3,Mesophyll,Mesophyll,,1,2,1,7,9,11
GCCATGGCACTACCGG-1_5,Mesophyll,Mesophyll,,1,2,1,0,6,0
GCCATGGCAGCACACC-1_6,Stele,Cortex,,3,1,3,2,5,5
GCCATGGCAGGTGGAT-1_4,Mesophyll,Mesophyll,,1,2,1,7,9,11
GCCATGGCATGTCGTA-1_6,Mesophyll,Vascular cambium,,0,0,0,1,1,9
GCCATGGGTCCACATA-1_3,Stele,Root endodermis,,2,0,2,5,7,7
GCCATGGGTTGTTGAC-1_2,Mesophyll,Mesophyll,,0,0,0,6,6,6
GCCATGGTCATTTCGT-1_2,Epidermal,Mesophyll,,0,0,0,5,1,16
GCCATGGTCTCGGTAA-1_1,Epidermal,Vascular cambium,,0,0,0,1,1,9
GCCATGGTCTTCTCAA-1_5,Epidermal,Root cortex,,2,1,2,4,2,1
GCCATTCAGCCGTCGT-1_4,Epidermal,Root cortex,,2,0,2,5,2,7
GCCATTCAGTCAATCC-1_4,Epidermal,Non-hair,,0,0,0,1,1,4
GCCATTCCAGCTGTTA-1_1,Epidermal,Root endodermis,,0,0,0,5,1,8
GCCATTCCAGTCTTCC-1_2,Mesophyll,Mesophyll,,3,1,3,0,8,10
GCCATTCCATCATTTC-1_1,Meristematic,Root procambium,,0,0,0,1,7,13
GCCATTCCATGAAAGT-1_5,Epidermal,Root cortex,,2,1,2,3,3,3
GCCATTCGTATGCTTG-1_5,Epidermal,Root cortex,,2,1,2,4,2,1
GCCATTCGTGGCTGAA-1_5,Meristematic,Vascular cambium,,0,0,0,1,7,13
GCCCAGAAGAAACCAT-1_2,Epidermal,Mesophyll,,3,1,3,4,2,1
GCCCAGAAGAACGCGT-1_1,Epidermal,Mesophyll,,5,2,5,9,4,17
GCCCAGACACGACAGA-1_3,Epidermal,Leaf pavement cell,,2,1,2,3,3,3
GCCCAGACAGAACTAA-1_1,Mesophyll,Root endodermis,,4,3,4,8,10,12
GCCCAGACAGTAGAGC-1_6,Mesophyll,Mesophyll,,1,2,1,0,0,2
GCCCAGAGTCACTTAG-1_2,Stele,Root endodermis,,1,2,1,0,0,0
GCCCAGATCAAGCCTA-1_2,Mesophyll,Mesophyll,,0,0,0,6,6,6
GCCCAGATCATTCCTA-1_4,Epidermal,Non-hair,,0,0,0,1,3,14
GCCCAGATCGTCTACC-1_4,Epidermal,Root cortex,,2,1,2,4,2,1
GCCCGAAAGATGAATC-1_3,Mesophyll,Root hair,,1,2,1,7,9,11
GCCCGAAAGCGAGTCA-1_6,Stele,Leaf guard cell,,3,1,3,10,4,9
GCCCGAAAGGTGTGAC-1_1,Epidermal,Root procambium,,0,0,0,5,1,8
GCCCGAACACCTGTCT-1_1,Epidermal,Root cortex,,0,0,0,1,1,4
GCCCGAACAGGCACAA-1_4,Mesophyll,Guard cell,,0,0,0,1,7,7
GCCCGAACAGTGTGCC-1_3,Epidermal,Root cortex,,1,2,1,7,9,11
GCCCGAAGTGCTCTCT-1_2,Epidermal,Mesophyll,,3,1,3,2,8,10
GCCCGAATCAGATGCT-1_5,Mesophyll,Root cortex,,2,1,2,4,2,7
GCCCGAATCAGTCAGT-1_1,Mesophyll,Mesophyll,,3,1,3,2,5,5
GCCCGAATCATCGTAG-1_4,Stele,Mesophyll,,3,1,3,2,5,5
GCCCGAATCCAGTACA-1_1,Epidermal,Root endodermis,,0,0,0,6,6,6
GCCGATGAGACGACGT-1_1,Mesophyll,Mesophyll,,1,0,1,7,9,11
GCCGATGAGACTTGTC-1_6,Epidermal,Mesophyll,,2,1,2,3,3,3
GCCGATGAGAGTGAAG-1_4,Epidermal,Root endodermis,,0,0,0,5,1,8
GCCGATGAGGACAACC-1_3,Epidermal,Root endodermis,,0,0,0,5,1,8
GCCGATGCAATGGCCC-1_4,Epidermal,Root endodermis,,2,1,2,3,3,3
GCCGATGCAGTGCCTG-1_5,Mesophyll,Mesophyll,,1,2,1,7,9,11
GCCGATGGTCGACGCT-1_5,Mesophyll,Mesophyll,,3,1,3,2,8,10
GCCGATGGTCGTGGAA-1_4,Stele,Mesophyll,,1,2,1,0,0,2
GCCGATGTCACTCCGT-1_3,Mesophyll,Mesophyll,,3,1,3,2,8,10
GCCGATGTCCCGAAAT-1_1,Epidermal,Root endodermis,,2,0,2,0,0,0
GCCGATGTCCTCATAT-1_3,Stele,Xylem,,2,1,2,3,3,3
GCCGATGTCGCCAATA-1_5,Mesophyll,Mesophyll,,1,2,1,7,9,11
GCCGTGACACGGCGTT-1_5,Mesophyll,Mesophyll,,1,2,1,0,0,0
GCCGTGACAGGTTACT-1_3,Mesophyll,Mesophyll,,3,2,3,0,0,2
GCCGTGACAGTTAGAA-1_2,Stele,Root cortex,,3,1,3,2,5,5
GCCGTGACATCCGGCA-1_6,Epidermal,Mesophyll,,3,1,3,2,8,10
GCCGTGAGTAGCGCCT-1_2,Epidermal,Root cortex,,3,1,3,2,5,5
GCCGTGAGTCTAACTG-1_2,Mesophyll,Mesophyll,,1,2,1,7,9,2
GCCGTGAGTCTTACTT-1_2,Epidermal,Mesophyll,,0,0,0,1,6,0
GCCGTGATCTCGACGG-1_4,Epidermal,Non-hair,,4,3,4,8,10,12
GCCTGTTAGATTAGCA-1_5,Stele,Mesophyll,,1,2,1,1,4,0
GCCTGTTAGCTAGATA-1_4,Mesophyll,Mesophyll,,1,2,1,0,0,2
GCCTGTTCAGGTTTAC-1_6,Mesophyll,Mesophyll,,3,1,3,2,9,5
GCCTGTTCATACTGAC-1_4,Mesophyll,Mesophyll,,1,2,1,0,0,2
GCCTGTTCATGTGTCA-1_1,Epidermal,Leaf pavement cell,,2,1,2,3,3,3
GCCTGTTGTTCAAGTC-1_2,Mesophyll,Mesophyll,,1,2,1,0,0,2
GCCTGTTGTTCTTCAT-1_6,Mesophyll,Root cap,,3,1,3,2,8,10
GCCTGTTGTTTCGCTC-1_1,Stele,Mesophyll,,3,1,3,10,4,9
GCCTGTTTCGCTGTTC-1_2,Mesophyll,Mesophyll,,1,2,1,0,10,12
GCCTGTTTCTTCGTGC-1_5,Mesophyll,Mesophyll,,1,2,1,0,0,2
GCGAGAAAGTTATGGA-1_2,Epidermal,Mesophyll,,1,2,1,0,6,16
GCGAGAACAGTAGAGC-1_2,Epidermal,Mesophyll,,1,2,1,7,9,11
GCGAGAACAGTATTCG-1_4,Epidermal,Leaf pavement cell,,2,1,2,3,3,3
GCGAGAACAGTTAGAA-1_6,Epidermal,Root cortex,,2,1,2,4,2,1
GCGAGAAGTATGATCC-1_2,Stele,Shoot system epidermis,,2,0,2,3,3,3
GCGAGAATCCGATAAC-1_2,Mesophyll,Explant vasculature and callus founder cell,,0,0,0,4,7,7
GCGAGAATCGACCAAT-1_2,Mesophyll,Mesophyll,,1,2,1,0,0,2
GCGATCGAGAAGCCAC-1_4,Epidermal,Root hair,,1,2,1,7,9,11
GCGATCGAGACCTCAT-1_1,Stele,Columella root cap,,0,0,0,5,1,0
GCGATCGAGGTCTACT-1_6,Epidermal,Root cortex,,2,0,2,5,1,7
GCGATCGCAGAATCGG-1_2,Mesophyll,Columella root cap,,2,0,2,4,2,7
GCGATCGCATCTGCGG-1_4,Epidermal,Mesophyll,,0,0,0,3,3,0
GCGATCGGTACCAATC-1_3,Epidermal,Mesophyll,,0,0,0,5,6,0
GCGATCGTCACACCGG-1_5,Mesophyll,Phloem,,4,3,4,8,10,12
GCGATCGTCCACTAGA-1_6,Epidermal,Mesophyll,,1,2,1,0,0,2
GCGATCGTCTTGGCTC-1_6,Epidermal,Mesophyll,,1,2,1,0,0,0
GCGGAAAAGATGGCGT-1_4,Mesophyll,Mesophyll,,3,1,3,2,5,5
GCGGAAAAGCATCCTA-1_6,Epidermal,Mesophyll,,0,0,0,6,6,6
GCGGAAAAGGGATCAC-1_3,Epidermal,Phloem,,5,2,5,9,4,17
GCGGAAACAACTGTGT-1_6,Epidermal,Mesophyll,,1,2,1,0,4,17
GCGGAAAGTCTTCTAT-1_6,Epidermal,Root endodermis,,0,0,0,6,6,6
GCGGAAAGTTCTCCCA-1_6,Mesophyll,Mesophyll,,3,1,3,2,8,10
GCGGAAATCGCTTGAA-1_5,Stele,Generative nuclei,,0,0,0,1,4,9
GCGGAAATCGGCTATA-1_3,Mesophyll,Leaf pavement cell,,2,0,2,3,3,3
GCGGATCAGCAACAGC-1_1,Epidermal,Leaf pavement cell,,2,1,2,3,3,3
GCGGATCAGGGCAGAG-1_3,Epidermal,Leaf pavement cell,,3,1,3,3,8,3
GCGGATCCAACCAGAG-1_5,Stele,Mesophyll,,1,2,1,6,0,19
GCGGATCCAAGATTGA-1_1,Mesophyll,Mesophyll,,1,0,1,6,6,6
GCGGATCCACGTCATA-1_4,Mesophyll,Bundle sheath,,0,0,0,1,4,4
GCGGATCCAGCGTGAA-1_4,Stele,Root endodermis,,2,0,2,5,1,8
GCGGATCCAGTCCCGA-1_5,Mesophyll,Root cap,,3,1,3,2,5,5
GCGGATCGTGCCCTTT-1_4,Epidermal,Mesophyll,,1,2,1,0,0,2
GCGGATCTCTTACACT-1_3,Mesophyll,Mesophyll,,3,1,3,2,4,0
GCGGATCTCTTCCAGC-1_3,Mesophyll,Cortex,,3,1,3,8,10,12
GCGTGCAAGACCATTC-1_6,Epidermal,Root endodermis,,0,0,0,1,1,4
GCGTGCAAGACGCCAA-1_1,Mesophyll,Mesophyll,,1,2,1,0,0,0
GCGTGCAAGCTAATGA-1_1,Epidermal,Flower meristem,,5,2,5,1,4,17
GCGTGCAAGGTCGAGT-1_6,Epidermal,Root endodermis,,0,0,0,5,1,4
GCGTGCAAGTGTTCCA-1_2,Mesophyll,Meristematic cell,,0,0,0,1,7,7
GCGTGCACAGCCGTCA-1_3,Mesophyll,Leaf pavement cell,,2,1,2,3,3,3
GCGTGCACAGCTCATA-1_6,Mesophyll,Root cortex,,1,0,1,1,7,14
GCGTGCACATGATGCT-1_2,Mesophyll,Root cortex,,3,1,3,2,8,10
GCGTGCAGTAACAGGC-1_5,Epidermal,Root endodermis,,2,0,2,6,6,6
GCGTGCAGTCAAAGTA-1_4,Epidermal,Root endodermis,,2,1,2,3,3,3
GCGTGCAGTTCTCAGA-1_1,Epidermal,Mesophyll,,2,1,2,3,3,3
GCGTGCAGTTGTCATG-1_2,Epidermal,Mesophyll,,1,2,1,0,4,0
GCGTTTCAGCTCACTA-1_2,Mesophyll,Cortex,,3,1,3,2,5,5
GCGTTTCAGTGTTCAC-1_2,Epidermal,Mesophyll,,1,2,1,0,0,2
GCGTTTCCACGACAGA-1_6,Mesophyll,Mesophyll,,1,2,1,0,5,2
GCGTTTCGTACTCGAT-1_4,Stele,Cortex,,2,0,2,5,1,7
GCGTTTCGTAGATGTA-1_4,Stele,Mesophyll,,0,0,0,5,1,13
GCGTTTCTCCATCTAT-1_2,Stele,Mesophyll,,3,1,3,2,8,10
GCGTTTCTCCTGTTAT-1_1,Epidermal,Mesophyll,,3,1,3,2,8,15
GCTACAAAGCGACTTT-1_1,Epidermal,Mesophyll,,3,1,3,2,8,10
GCTACAAAGCTGAAAT-1_5,Mesophyll,Mesophyll,,1,2,1,0,0,0
GCTACAACACACTGGC-1_3,Mesophyll,Mesophyll,,2,1,2,0,8,16
GCTACAACATACCGTA-1_3,Mesophyll,Mesophyll,,1,2,1,0,0,0
GCTACAAGTCGCACAC-1_2,Mesophyll,Root cortex,,0,0,0,1,4,9
GCTACAAGTGCAGGAT-1_1,Epidermal,Non-hair,,1,2,1,0,0,14
GCTACAAGTGCTGATT-1_4,Mesophyll,Root endodermis,,0,0,0,6,6,7
GCTACAAGTTCCGGTG-1_4,Epidermal,Phloem parenchyma,,0,0,0,5,1,8
GCTACAATCCACTTTA-1_2,Stele,Mesophyll,,3,1,3,1,4,9
GCTACAATCGCCTAGG-1_4,Epidermal,Shoot system epidermis,,4,3,4,8,10,12
GCTACAATCGCTAAAC-1_5,Mesophyll,Mesophyll,,3,1,3,2,5,5
GCTACAATCGTTTACT-1_5,Epidermal,Non-hair,,0,0,0,1,1,4
GCTACAATCTAGGAAA-1_1,Epidermal,Shoot system epidermis,,2,1,2,3,3,3
GCTACCTCAAATGAAC-1_4,Mesophyll,Mesophyll,,1,2,1,0,0,2
GCTACCTCAATGGCCC-1_5,Epidermal,Columella root cap,,0,0,0,1,1,4
GCTACCTCAGTAGTTC-1_1,Mesophyll,Root endodermis,,1,2,1,0,0,2
GCTACCTGTACGATCT-1_2,Epidermal,Mesophyll,,1,2,1,0,0,0
GCTACCTGTAGACTGG-1_3,Mesophyll,Mesophyll,,0,1,0,1,4,9
GCTACCTGTCCGTACG-1_4,Mesophyll,Mesophyll,,2,0,2,6,6,0
GCTACCTGTGAGGCAT-1_3,Epidermal,Cortex,,2,1,2,3,3,3
GCTACCTGTTACCCTC-1_3,Meristematic,Mesophyll,,1,2,1,0,0,0
GCTACCTTCAGCGCAC-1_6,Epidermal,Leaf pavement cell,,2,0,2,3,3,3
GCTACCTTCAGGAAGC-1_1,Epidermal,Cortex,,2,1,2,4,2,1
GCTACCTTCCCTCGAT-1_3,Mesophyll,Mesophyll,,3,1,3,2,8,15
GCTACCTTCCTCATAT-1_4,Meristematic,Mesophyll,,0,0,0,1,7,0
GCTACCTTCGAACCTA-1_5,Epidermal,Flower meristem,,0,0,0,1,4,9
GCTACCTTCGCTCATC-1_3,Epidermal,Xylem,,1,1,1,0,4,0
GCTCAAAAGCCATTCA-1_3,Mesophyll,Vascular cambium,,2,0,2,1,3,9
GCTCAAAAGGCCACTC-1_3,Mesophyll,Cortex,,3,1,3,2,8,10
GCTCAAAAGTTGCGCC-1_2,Mesophyll,Cortex,,2,1,2,4,2,1
GCTCAAACAGCCGTTG-1_2,Mesophyll,Mesophyll,,4,0,4,8,10,12
GCTCAAACATGAAGGC-1_6,Mesophyll,Root cap,,2,0,2,4,2,7
GCTCAAAGTATCGCAT-1_4,Mesophyll,Mesophyll,,1,2,1,0,4,17
GCTCAAAGTGACACGA-1_4,Epidermal,Root endodermis,,2,0,2,3,3,3
GCTCAAAGTGAGGATC-1_1,Mesophyll,Mesophyll,,1,2,1,0,0,16
GCTCAAAGTTAAAGTG-1_1,Epidermal,Root endodermis,,2,0,2,5,1,7
GCTCAAATCGACGACC-1_4,Epidermal,Lateral root cap,,0,0,0,1,7,4
GCTGAATCACCCTTAC-1_4,Epidermal,Leaf epidermis,,0,0,0,1,7,4
GCTGAATCACCGGAAA-1_2,Mesophyll,Root cap,,3,1,3,2,8,10
GCTGAATCAGTAACCT-1_1,Mesophyll,Mesophyll,,3,1,3,2,5,5
GCTGAATCATGACAAA-1_3,Mesophyll,Root cortex,,3,1,3,2,5,5
GCTGAATGTATGAAAC-1_4,Meristematic,Mesophyll,,0,0,0,6,6,6
GCTGAATGTCTCTCTG-1_6,Epidermal,Mesophyll,,5,2,5,9,4,17
GCTGAATGTTTACCTT-1_6,Stele,Cortex,,0,0,0,1,7,13
GCTGAATTCCCAGTGG-1_4,Epidermal,Cortex,,2,1,2,4,2,1
GCTGAATTCCGTGGGT-1_3,Epidermal,Vascular cambium,,0,0,0,1,4,9
GCTGAATTCCTCTTTC-1_5,Epidermal,Mesophyll,,1,2,1,0,0,0
GCTGAATTCGAGCCAC-1_5,Stele,Mesophyll,,0,2,0,1,7,13
GCTGAATTCTATTCGT-1_2,Epidermal,Root cortex,,2,1,2,6,6,6
GCTGAATTCTCGGCTT-1_4,Mesophyll,Root endodermis,,0,0,0,6,6,6
GCTGAATTCTGCTGAA-1_6,Epidermal,Root procambium,,0,0,0,1,1,4
GCTGCAGAGGACGCAT-1_3,Stele,Mesophyll,,1,2,1,0,0,2
GCTGCAGAGGTGGCTA-1_2,Epidermal,Root cortex,,3,1,3,2,2,1
GCTGCAGCAACACTAC-1_3,Stele,Root cortex,,2,1,2,4,2,1
GCTGCAGCAACGACTT-1_4,Epidermal,Mesophyll,,3,1,3,2,5,5
GCTGCAGCACAGTACT-1_1,Mesophyll,Mesophyll,,1,2,1,2,0,2
GCTGCAGGTCACAGAG-1_5,Mesophyll,Mesophyll,,1,2,1,0,4,0
GCTGCAGGTGAATTAG-1_4,Mesophyll,Mesophyll,,1,2,1,0,0,2
GCTGCAGGTGTCCGTG-1_6,Mesophyll,Mesophyll,,1,2,1,7,9,2
GCTGCAGTCATGGGAG-1_4,Epidermal,Root endodermis,,1,2,1,0,0,0
GCTGGGTAGAATCGAT-1_5,Meristematic,Mesophyll,,0,0,0,1,4,0
GCTGGGTAGCATGATA-1_1,Mesophyll,Mesophyll,,3,1,3,2,2,1
GCTGGGTAGCGCCTTG-1_4,Mesophyll,Root cortex,,3,1,3,4,2,1
GCTGGGTAGCGGATCA-1_4,Meristematic,Root endodermis,,0,0,0,5,1,8
GCTGGGTCACGCAGTC-1_5,Mesophyll,Mesophyll,,3,1,3,2,8,10
GCTGGGTCATGGCCCA-1_4,Meristematic,Root procambium,,1,2,1,0,0,2
GCTGGGTTCAAATGCC-1_5,Mesophyll,Mesophyll,,3,1,3,2,5,0
GCTGGGTTCGAGAAGC-1_5,Epidermal,Non-hair,,4,3,4,8,10,12
GCTGGGTTCTTCTTCC-1_1,Mesophyll,Mesophyll,,1,2,1,7,9,11
GCTTCACAGAGGTATT-1_6,Epidermal,Leaf guard cell,,0,0,0,6,6,19
GCTTCACAGGGTGGGA-1_1,Mesophyll,Root endodermis,,2,0,2,4,2,7
GCTTCACAGTACAACA-1_2,Epidermal,Mesophyll,,3,1,3,2,8,10
GCTTCACCAATAGGAT-1_5,Epidermal,Root cap,,0,0,0,1,1,4
GCTTCACCACGCTGAC-1_3,Epidermal,Phloem,,2,1,2,4,2,1
GCTTCACCATCCTTGC-1_2,Mesophyll,Mesophyll,,3,2,3,1,4,0
GCTTCACGTACAAAGT-1_5,Mesophyll,Mesophyll,,1,2,1,0,0,0
GCTTCACGTACCGCGT-1_2,Epidermal,Leaf pavement cell,,2,1,2,3,3,3
GCTTCACTCCAAGGGA-1_2,Mesophyll,Mesophyll,,1,2,1,0,0,2
GCTTCACTCCCTCAAC-1_1,Epidermal,Mesophyll,,3,1,3,2,8,10
GCTTGGGAGAAATTCG-1_2,Epidermal,Mesophyll,,1,2,1,0,0,2
GCTTGGGAGGGCGAAG-1_5,Meristematic,Leaf guard cell,,0,0,0,1,9,11
GCTTGGGAGTTTCTTC-1_4,Mesophyll,Leaf guard cell,,1,2,1,0,0,19
GCTTGGGCAAGGCGTA-1_4,Epidermal,Root cortex,,2,0,2,3,3,3
GCTTGGGCACAAATCC-1_3,Mesophyll,Xylem,,0,2,0,1,4,9
GCTTGGGCACAGACGA-1_5,Stele,Phloem,,4,3,4,8,10,12
GCTTGGGGTATCTTCT-1_2,Meristematic,Flower meristem,,1,0,1,0,6,16
GCTTGGGTCACCGGGT-1_2,Mesophyll,Mesophyll,,1,2,1,7,9,2
GCTTGGGTCCGAAATC-1_1,Epidermal,Root endodermis,,0,0,0,5,1,8
GCTTGGGTCCGATAGT-1_4,Epidermal,Root endodermis,,0,0,0,1,1,4
GCTTTCGAGACTCAAA-1_6,Mesophyll,Root cortex,,3,1,3,4,5,7
GCTTTCGAGATTGCGG-1_2,Epidermal,Root cortex,,2,1,2,4,2,1
GCTTTCGAGCGAATGC-1_1,Epidermal,Root endodermis,,5,4,5,9,11,18
GCTTTCGAGCTAAACA-1_4,Epidermal,Root cortex,,2,0,2,1,7,14
GCTTTCGAGCTATCCA-1_1,Meristematic,Root endodermis,,0,0,0,5,1,8
GCTTTCGAGGCATGGT-1_3,Mesophyll,Root endodermis,,0,0,0,5,1,8
GCTTTCGCAGTAGTTC-1_6,Mesophyll,Root cortex,,3,1,3,2,5,5
GCTTTCGTCCCATTCG-1_2,Epidermal,Root endodermis,,5,4,5,9,11,18
GCTTTCGTCGATTGGT-1_5,Mesophyll,Mesophyll,,1,2,1,7,9,11
GGAACCCAGAAACTCA-1_2,Stele,Root endodermis,,0,0,0,5,1,8
GGAACCCAGCTACAAA-1_5,Epidermal,Root endodermis,,0,0,0,5,1,8
GGAACCCAGTACGAGC-1_4,Epidermal,Microspore nuclei,,0,0,0,1,4,9
GGAACCCAGTCATGCT-1_4,Epidermal,Shoot system epidermis,,2,1,2,3,3,3
GGAACCCCAAGACCTT-1_1,Mesophyll,Root cortex,,3,1,3,2,5,5
GGAACCCCACGCCACA-1_3,Mesophyll,Phloem pole pericycle,,0,0,0,5,1,7
GGAACCCGTAGGAGGG-1_5,Mesophyll,Mesophyll,,1,2,1,0,0,2
GGAACCCGTGGCATCC-1_6,Epidermal,Flower meristem,,1,2,1,0,6,0
GGAACCCGTTACACAC-1_6,Mesophyll,Root endodermis,,0,0,0,5,1,8
GGAAGTGAGCAACCAG-1_5,Epidermal,Shoot system epidermis,,2,1,2,3,3,3
GGAAGTGAGCACTCGC-1_1,Stele,Mesophyll,,3,1,3,2,5,10
GGAAGTGAGGGTGGGA-1_4,Epidermal,Leaf pavement cell,,2,1,2,3,3,3
GGAAGTGGTTCAAGTC-1_2,Meristematic,Root endodermis,,1,2,1,0,0,14
GGAAGTGTCTGATTCT-1_5,Epidermal,Root cortex,,4,3,4,8,10,12
GGAAGTGTCTTACGGA-1_4,Mesophyll,Leaf pavement cell,,2,1,2,3,3,3
GGAATCTAGAGGCGGA-1_5,Epidermal,Mesophyll,,1,2,1,0,0,16
GGAATCTAGCCTCGTG-1_4,Mesophyll,Flower meristem,,4,3,4,8,10,12
GGAATCTAGCTTGTTG-1_3,Mesophyll,Mesophyll,,1,2,1,0,0,2
GGAATCTAGTACGTCT-1_3,Epidermal,Shoot system epidermis,,0,0,0,3,1,4
GGAATCTAGTAGTGCG-1_3,Stele,Mesophyll,,3,1,3,2,8,10
GGAATCTCACCCTGAG-1_5,Meristematic,Companion cell,,0,0,0,1,4,9
GGAATCTCACTGGACC-1_2,Epidermal,Mesophyll,,1,2,1,0,0,0
GGAATCTGTGTCCACG-1_1,Stele,Cortex,,2,1,2,4,2,1
GGAATCTGTTCGAACT-1_4,Epidermal,Root cortex,,2,1,2,4,2,1
GGAATCTGTTTAAGGA-1_4,Epidermal,Root cortex,,3,1,3,2,8,10
GGAATGGAGAGAGCCT-1_6,Stele,Root cortex,,2,1,2,4,2,9
GGAATGGAGCCGGATA-1_2,Epidermal,Leaf pavement cell,,1,0,1,7,9,11
GGAATGGAGCGTTACT-1_2,Mesophyll,Cortex,,3,1,3,2,5,5
GGAATGGAGGGCTTCC-1_3,Stele,Root cortex,,2,0,2,6,6,19
GGAATGGAGGTCCAGA-1_5,Stele,Vascular cambium,,5,2,5,1,4,17
GGAATGGCATCGGAAG-1_1,Epidermal,Root cortex,,3,1,3,4,5,1
GGAATGGTCACAAGGG-1_4,Epidermal,Root hair,,5,4,5,9,11,18
GGAATGGTCGAGTGGA-1_1,Epidermal,Root cortex,,3,1,3,4,2,1
GGACGTCAGGACTTCT-1_4,Epidermal,Mesophyll,,1,2,1,0,0,2
GGACGTCCAAGCGAAC-1_5,Mesophyll,Root endodermis,,0,0,0,1,1,0
GGACGTCCAATACCCA-1_3,Mesophyll,Explant vasculature and callus founder cell,,3,1,3,2,5,5
GGACGTCCACCGCTAG-1_4,Stele,Leaf guard cell,,1,2,1,0,7,19
GGACGTCCACGGTGCT-1_3,Epidermal,Root endodermis,,2,1,2,3,3,3
GGACGTCCATGAAGGC-1_2,Mesophyll,Mesophyll,,0,0,0,6,6,6
GGACGTCGTCACTTCC-1_3,Epidermal,Root cortex,,3,1,3,2,2,1
GGACGTCGTGGGACAT-1_6,Epidermal,Root cortex,,1,2,1,7,9,14
GGACGTCTCAGAGCAG-1_3,Epidermal,Vascular cambium,,2,0,2,1,3,9
GGACGTCTCATTCCTA-1_5,Epidermal,Mesophyll,,3,1,3,2,5,5
GGAGAACAGAACTCCT-1_5,Mesophyll,Mesophyll,,1,0,1,6,6,6
GGAGAACAGTGTAGAT-1_3,Stele,Root endodermis,,1,0,1,5,0,19
GGAGAACCAGGTTCCG-1_6,Epidermal,Mesophyll,,3,1,3,2,2,1
GGAGAACCATGTGTCA-1_4,Epidermal,Columella root cap,,0,0,0,1,1,4
GGAGAACGTCGTCAGC-1_2,Epidermal,Root cortex,,3,1,3,4,2,1
GGAGAACGTGCGGTAA-1_1,Epidermal,Root endodermis,,0,0,0,6,6,6
GGAGAACGTGTTACAC-1_3,Mesophyll,Mesophyll,,1,2,1,0,8,16
GGAGAACTCACACGAT-1_6,Mesophyll,Root cortex,,3,1,3,2,5,5
GGAGATGAGGTCCGAA-1_6,Epidermal,Non-hair,,0,0,0,1,7,4
GGAGATGCACGTAACT-1_3,Mesophyll,Mesophyll,,1,2,1,0,0,0
GGAGATGCATGCAGCC-1_6,Stele,Mesophyll,,1,2,1,0,0,2
GGAGATGGTATCGGTT-1_1,Stele,Leaf pavement cell,,0,0,0,1,4,9
GGAGATGGTGCAGATG-1_3,Mesophyll,Sieve element,,0,0,0,1,4,13
GGAGATGGTGTAAATG-1_2,Mesophyll,Leaf pavement cell,,0,0,0,5,9,8
GGAGATGGTTAGGGAC-1_3,Mesophyll,Flower meristem,,0,0,0,1,3,9
GGAGATGGTTCAAGTC-1_3,Stele,Sieve element,,3,1,3,3,2,9
GGAGATGGTTGGGACA-1_1,Epidermal,Cortex,,1,2,1,0,0,0
GGAGCAAAGAGCAGAA-1_2,Stele,Vascular cambium,,0,0,0,1,7,4
GGAGCAAAGCACGGAT-1_4,Stele,Root cortex,,2,1,2,7,9,11
GGAGCAAAGTGCTCAT-1_5,Epidermal,Mesophyll,,2,1,2,3,5,2
GGAGCAACAACATACC-1_2,Meristematic,Mesophyll,,1,2,1,0,4,0
GGAGCAACAATTAGGA-1_5,Epidermal,Cortex,,2,0,2,3,3,9
GGAGCAAGTACACTCA-1_5,Epidermal,Leaf pavement cell,,2,1,2,3,3,3
GGAGCAAGTTCTAAGC-1_5,Epidermal,Leaf pavement cell,,2,1,2,4,2,1
GGAGCAATCTCATTGT-1_2,Epidermal,Mesophyll,,1,2,1,0,0,2
GGAGGATAGCAGAAAG-1_4,Mesophyll,Root cortex,,3,1,3,2,8,11
GGAGGATAGGTTACAA-1_1,Mesophyll,Mesophyll,,1,2,1,0,0,0
GGAGGATCACCAACAT-1_2,Mesophyll,Leaf pavement cell,,2,0,2,3,3,3
GGAGGATCACTTCAAG-1_5,Mesophyll,Mesophyll,,1,2,1,0,0,0
GGAGGATGTTCCCACT-1_3,Mesophyll,Mesophyll,,1,2,1,0,0,12
GGAGGTACACGCGGTT-1_4,Mesophyll,Root cap,,0,0,0,1,7,13
GGAGGTACAGCACACC-1_5,Meristematic,Phloem pole pericycle,,2,0,2,4,2,7
GGAGGTAGTCTAACTG-1_5,Epidermal,Phloem parenchyma,,0,0,0,1,1,4
GGAGGTAGTTCGAAGG-1_4,Mesophyll,Mesophyll,,0,0,0,6,6,6
GGAGGTAGTTCGGCTG-1_5,Mesophyll,Mesophyll,,1,2,1,0,0,0
GGAGGTATCCAATGCA-1_1,Epidermal,Mesophyll,,3,1,3,2,5,5
GGAGGTATCTGAATGC-1_1,Epidermal,Root cortex,,3,1,3,2,5,5
GGATCTAGTCAACACT-1_5,Epidermal,Phloem,,0,2,0,1,4,13
GGATCTATCAGCTAGT-1_2,Mesophyll,Root cortex,,3,1,3,2,5,5
GGATGTTAGAAGTCTA-1_3,Epidermal,Root cortex,,2,0,2,3,3,3
GGATGTTAGCACTTTG-1_5,Meristematic,Root endodermis,,1,0,1,5,1,0
GGATGTTAGGCCCACT-1_2,Epidermal,Non-hair,,2,1,2,4,3,0
GGATGTTCATTCCTCG-1_3,Mesophyll,Root cortex,,2,1,2,3,2,1
GGATGTTCATTCGGGC-1_4,Mesophyll,Root cortex,,3,1,3,2,5,5
GGATGTTGTGTTGAGG-1_6,Mesophyll,Mesophyll,,3,1,3,1,7,15
GGATGTTTCCCAGTGG-1_1,Mesophyll,Mesophyll,,3,1,3,5,3,0
GGATGTTTCTATGCCC-1_4,Epidermal,Root procambium,,0,0,0,1,4,17
GGCACGTAGACATACA-1_1,Meristematic,Root procambium,,1,3,1,1,7,14
GGCACGTAGATCCCGC-1_4,Epidermal,Root cortex,,2,1,2,3,3,3
GGCACGTAGCAATAGT-1_5,Mesophyll,Mesophyll,,3,1,3,2,2,1
GGCACGTAGCATCGAG-1_5,Mesophyll,Vascular cambium,,0,0,0,1,4,9
GGCACGTCAAATTAGG-1_2,Epidermal,Root endodermis,,2,0,2,5,1,8
GGCACGTCAACGCATT-1_5,Epidermal,Root endodermis,,2,1,2,3,3,3
GGCACGTCAAGCACAG-1_1,Mesophyll,Root endodermis,,2,0,2,4,2,1
GGCACGTCAGCAGATG-1_1,Epidermal,Phloem parenchyma,,0,0,0,5,1,8
GGCACGTGTGTGATGG-1_6,Epidermal,Mesophyll,,5,2,5,9,4,17
GGCACGTTCAGTCAGT-1_5,Epidermal,Root endodermis,,4,3,4,8,10,12
GGCACGTTCATCTGTT-1_3,Epidermal,Mesophyll,,3,1,3,2,5,5
GGCACGTTCTATGTGG-1_1,Epidermal,Mesophyll,,1,2,1,2,9,14
GGCAGTCAGAGCAACC-1_6,Mesophyll,Root cortex,,0,2,0,1,4,17
GGCAGTCAGGAATGTT-1_5,Mesophyll,Non-hair,,2,1,2,3,3,3
GGCAGTCAGGGCTTCC-1_2,Mesophyll,Mesophyll,,3,1,3,2,5,5
GGCAGTCCAAATGCTC-1_3,Epidermal,Root cortex,,2,1,2,3,2,1
GGCAGTCCAAGCGAGT-1_3,Epidermal,Non-hair,,0,0,0,1,7,13
GGCAGTCCACAGACGA-1_2,Meristematic,Shoot system epidermis,,0,0,0,1,1,4
GGCAGTCGTCGCCTAG-1_6,Mesophyll,Mesophyll,,3,1,3,2,8,10
GGCAGTCGTCTCCTGT-1_6,Epidermal,Root hair,,5,4,5,9,11,18
GGCAGTCGTGTCATGT-1_4,Meristematic,Leaf pavement cell,,2,1,2,3,3,3
GGCAGTCTCATTCCTA-1_1,Mesophyll,Root endodermis,,0,0,0,6,6,4
GGCAGTCTCGCGTAGC-1_6,Epidermal,Root cortex,,3,1,3,2,8,10
GGCAGTCTCTCATAGG-1_1,Epidermal,Root cortex,,2,0,2,4,2,7
GGCAGTCTCTCTGACC-1_5,Epidermal,Mesophyll,,5,2,5,9,4,17
GGCAGTCTCTGCATGA-1_4,Mesophyll,Root cortex,,1,2,1,1,7,11
GGCGTCAAGACTTAAG-1_4,Mesophyll,Mesophyll,,3,1,3,2,5,10
GGCGTCAAGAGTCAAT-1_6,Epidermal,Non-hair,,0,0,0,1,7,4
GGCGTCAAGCGGTAGT-1_1,Epidermal,Cortex,,2,1,2,2,2,1
GGCGTCAAGGAGACCT-1_4,Epidermal,Mesophyll,,3,1,3,2,8,10
GGCGTCACAATTGCAC-1_1,Epidermal,Shoot system epidermis,,0,1,0,1,7,14
GGCGTCACACGTCTCT-1_2,Epidermal,Root cortex,,2,1,2,3,3,3
GGCGTCACAGCAGAAC-1_6,Stele,Root cap,,3,1,3,2,8,10
GGCGTCACAGCGAGTA-1_4,Mesophyll,Root cortex,,3,1,3,2,5,5
GGCGTCATCCGATCTC-1_1,Epidermal,Mesophyll,,1,2,1,0,0,0
GGCGTCATCTCCACTG-1_4,Mesophyll,Mesophyll,,2,1,2,4,2,1
GGCGTCATCTGCGATA-1_1,Epidermal,Columella root cap,,3,1,3,1,3,14
GGCTGTGCACGGTGAA-1_1,Mesophyll,Mesophyll,,1,2,1,7,9,11
GGCTGTGCACTTCCTG-1_4,Stele,Root cortex,,2,1,2,3,3,3
GGCTGTGCAGAACTTC-1_1,Mesophyll,Root endodermis,,0,0,0,1,9,9
GGCTGTGCAGCCTTCT-1_4,Mesophyll,Mesophyll,,1,2,1,0,0,2
GGCTGTGCAGTTGTTG-1_5,Mesophyll,Mesophyll,,1,2,1,7,9,11
GGCTGTGCATTGCAAC-1_5,Epidermal,Mesophyll,,1,2,1,0,0,16
GGCTGTGGTCTGTTAG-1_4,Epidermal,Root cortex,,3,1,3,2,8,1
GGCTGTGGTGAAGCTG-1_4,Meristematic,Mesophyll,,0,0,0,3,1,3
GGCTGTGTCAGACCGC-1_6,Epidermal,Root cortex,,2,1,2,4,2,1
GGCTGTGTCATCGGGC-1_3,Mesophyll,Mesophyll,,1,2,1,7,9,11
GGCTGTGTCGGAGATG-1_3,Epidermal,Mesophyll,,1,2,1,0,0,2
GGCTGTGTCTATCGGA-1_4,Epidermal,Root cap,,0,0,0,1,4,13
GGCTGTGTCTTTCGAT-1_6,Epidermal,Xylem,,2,1,2,4,2,1
GGCTTGGAGCTGTGCC-1_1,Epidermal,Cortex,,2,1,2,4,2,1
GGCTTGGAGGCGTTGA-1_3,Mesophyll,Mesophyll,,1,2,1,7,9,11
GGCTTGGCAAATTGCC-1_1,Epidermal,Bundle sheath,,0,0,0,1,7,13
GGCTTGGCAGTGTATC-1_2,Mesophyll,Cortex,,4,3,4,8,10,12
GGCTTGGGTACTGACT-1_3,Epidermal,Non-hair,,4,0,4,1,10,12
GGCTTGGGTGCAATGG-1_3,Mesophyll,Root endodermis,,0,0,0,5,1,8
GGCTTGGGTTGACTAC-1_4,Mesophyll,Mesophyll,,1,2,1,0,0,2
GGCTTGGGTTGTACGT-1_1,Meristematic,Flower meristem,,3,1,3,2,8,10
GGCTTGGTCTGCCTCA-1_5,Guard,Mesophyll,,1,2,1,0,0,5
GGCTTTCAGAATTCAG-1_3,Mesophyll,Leaf pavement cell,,1,2,1,7,9,11
GGCTTTCAGGTTCCAT-1_4,Stele,Root cap,,0,0,0,1,3,9
GGCTTTCCAAGTCGTT-1_6,Epidermal,Lateral root cap,,5,2,5,9,4,17
GGCTTTCGTACGATTC-1_2,Mesophyll,Mesophyll,,3,1,3,2,5,5
GGCTTTCGTCCTACGG-1_1,Mesophyll,Mesophyll,,0,0,0,6,6,6
GGCTTTCGTGCTGCAC-1_2,Epidermal,Root cap,,2,0,2,4,2,7
GGCTTTCGTTATTCTC-1_5,Stele,Phloem pole pericycle,,0,0,0,5,1,4
GGCTTTCGTTCAGCGC-1_4,Epidermal,Mesophyll,,1,2,1,1,4,9
GGCTTTCGTTCATCGA-1_4,Epidermal,Root cortex,,2,1,2,3,3,3
GGGAAGTAGGGAGTTC-1_6,Epidermal,Non-hair,,0,0,0,1,7,4
GGGAAGTCACTCAAGT-1_4,Epidermal,Root endodermis,,0,0,0,4,2,7
GGGAAGTCAGAACTTC-1_1,Meristematic,Mesophyll,,1,2,1,7,9,11
GGGAAGTCAGAGGTTG-1_4,Epidermal,Mesophyll,,0,0,0,5,6,0
GGGAAGTCATCCGATA-1_6,Epidermal,Root procambium,,4,3,4,8,10,12
GGGAAGTGTTAATCGC-1_3,Epidermal,Mesophyll,,3,2,3,2,5,15
GGGACAAGTGCTGTCG-1_5,Epidermal,Root endodermis,,0,0,0,3,3,3
GGGACAATCACCTCAC-1_4,Mesophyll,Mesophyll,,3,1,3,2,5,5
GGGACAATCAGAACCT-1_4,Mesophyll,Meristematic cell,,1,2,1,0,0,16
GGGACAATCCCGAAAT-1_5,Mesophyll,Mesophyll,,1,2,1,0,4,0
GGGACAATCGCCGATG-1_3,Epidermal,Mesophyll,,3,1,3,2,5,5
GGGACAATCTAAACGC-1_2,Epidermal,Root endodermis,,0,0,0,6,6,19
GGGACCTAGAGTTGCG-1_1,Stele,Mesophyll,,0,0,0,5,1,3
GGGACCTAGCACTAGG-1_5,Epidermal,Mesophyll,,3,1,3,2,5,5
GGGACCTAGTATAACG-1_1,Epidermal,Root cortex,,2,1,2,3,3,3
GGGACCTCACCAGTAT-1_1,Mesophyll,Mesophyll,,1,2,1,0,0,2
GGGACCTCACTTACAG-1_5,Epidermal,Root cortex,,3,1,3,4,2,1
GGGACCTCAGCGCGTT-1_2,Meristematic,Root endodermis,,0,0,0,1,1,4
GGGACCTCATTCACAG-1_3,Epidermal,Root endodermis,,0,0,0,5,1,13
GGGACCTCATTGTCGA-1_5,Mesophyll,Mesophyll,,1,2,1,0,6,6
GGGACCTGTCCCTGTT-1_5,Meristematic,Mesophyll,,2,1,2,4,2,1
GGGACCTGTGACTCTA-1_2,Epidermal,Root procambium,,0,0,0,1,7,4
GGGACCTTCAAGCTTG-1_5,Epidermal,Root cortex,,2,1,2,4,2,1
GGGACCTTCTGCTTAT-1_6,Stele,Root endodermis,,0,0,0,6,6,6
GGGACTCAGCAGTACG-1_5,Meristematic,Root cortex,,0,0,0,5,1,7
GGGACTCCAAAGCAAT-1_6,Epidermal,Root cap,,3,1,3,1,3,14
GGGACTCCAAAGGCAC-1_5,Mesophyll,Root endodermis,,2,0,2,3,3,3
GGGACTCCAACACGAG-1_2,Epidermal,Leaf pavement cell,,2,0,2,3,3,3
GGGACTCCAATCGCGC-1_4,Meristematic,Mesophyll,,3,1,3,2,5,5
GGGACTCCACCCAACG-1_1,Mesophyll,Mesophyll,,1,2,1,0,0,2
GGGACTCCACTACACA-1_5,Mesophyll,Mesophyll,,1,2,1,7,9,11
GGGACTCCATTCTTCA-1_1,Mesophyll,Root cortex,,3,1,3,4,2,1
GGGACTCTCATGCCAA-1_1,Meristematic,Root cortex,,2,0,2,3,3,3
GGGACTCTCCCAACTC-1_4,Mesophyll,Xylem,,0,0,0,6,6,6
GGGACTCTCTAGACCA-1_1,Mesophyll,Leaf pavement cell,,0,0,0,5,1,8
GGGAGATAGACGGATC-1_1,Epidermal,Non-hair,,1,1,1,1,7,14
GGGAGATAGCTGAAAT-1_2,Epidermal,Cortex,,1,2,1,0,0,0
GGGAGATAGTAGATCA-1_5,Mesophyll,Mesophyll,,1,2,1,0,0,2
GGGAGATCAATCAAGA-1_2,Epidermal,Root endodermis,,2,1,2,3,3,3
GGGAGATGTGAGCAGT-1_1,Epidermal,Flower meristem,,5,2,5,0,4,17
GGGAGATTCGCTATTT-1_4,Mesophyll,Mesophyll,,0,0,0,5,1,16
GGGAGTAAGACGATAT-1_5,Epidermal,Phloem parenchyma,,2,0,2,3,3,3
GGGAGTAAGATTTGCC-1_2,Epidermal,Mesophyll,,5,2,5,0,4,17
GGGAGTAAGTTGGACG-1_6,Mesophyll,Mesophyll,,4,3,4,8,10,12
GGGAGTACACGGTGAA-1_1,Epidermal,Mesophyll,,1,2,1,0,7,0
GGGAGTACATAACAGA-1_1,Mesophyll,Mesophyll,,1,2,1,0,0,2
GGGAGTACATAGATCC-1_2,Mesophyll,Root cortex,,3,1,3,2,5,5
GGGAGTAGTCGCGTTG-1_5,Epidermal,Root cortex,,2,1,2,4,2,1
GGGAGTAGTCTAGATC-1_3,Stele,Mesophyll,,1,2,1,0,0,2
GGGAGTAGTGCATGTT-1_1,Epidermal,Root endodermis,,0,0,0,5,1,8
GGGAGTATCCTGTTGC-1_1,Stele,Generative nuclei,,1,2,1,0,0,0
GGGAGTATCTTAAGGC-1_2,Stele,Mesophyll,,2,1,2,4,2,1
GGGATCCAGCATGATA-1_1,Epidermal,Mesophyll,,1,2,1,0,0,2
GGGATCCAGCCTCATA-1_3,Epidermal,Root cap,,0,0,0,1,1,4
GGGATCCCAAGGTTGG-1_2,Mesophyll,Root procambium,,2,0,2,4,2,1
GGGATCCCATGAGAAT-1_4,Mesophyll,Mesophyll,,3,1,3,2,5,15
GGGATCCGTACACGCC-1_2,Epidermal,Mesophyll,,0,1,0,1,6,14
GGGATCCGTGAGTTTC-1_4,Epidermal,Cortex,,4,3,4,8,10,12
GGGATCCGTTATGTGC-1_3,Stele,Mesophyll,,0,2,0,1,4,0
GGGATCCTCGTGGCGT-1_5,Epidermal,Root cortex,,4,3,4,8,10,12
GGGATCCTCTTCTGTA-1_1,Epidermal,Leaf pavement cell,,2,1,2,3,3,3
GGGATGAAGGCACGAT-1_2,Meristematic,Explant vasculature and callus founder cell,,1,2,1,0,0,2
GGGATGAGTCTGCATA-1_2,Meristematic,Shoot system epidermis,,2,1,2,3,3,3
GGGATGAGTGATACTC-1_5,Epidermal,Root cortex,,4,3,4,8,10,12
GGGATGAGTGTTATCG-1_6,Epidermal,Mesophyll,,1,2,1,0,4,0
GGGATGAGTTCTCCCA-1_2,Mesophyll,Mesophyll,,1,2,1,7,9,11
GGGATGATCCCAGTGG-1_6,Stele,Vascular cambium,,3,1,3,1,4,9
GGGCCATAGCATTGAA-1_1,Epidermal,Flower meristem,,0,0,0,1,6,4
GGGCCATAGGGAGTTC-1_3,Mesophyll,Mesophyll,,3,1,3,2,8,10
GGGCCATAGTCTGGTT-1_3,Epidermal,Non-hair,,1,2,1,0,0,0
GGGCCATCACCTGCTT-1_3,Mesophyll,Root cortex,,2,0,2,4,2,1
GGGCCATGTCATATGC-1_1,Epidermal,Mesophyll,,1,2,1,0,5,5
GGGCCATGTCATGGCC-1_2,Mesophyll,Mesophyll,,1,2,1,0,0,2
GGGCCATTCACAGAGG-1_1,Stele,Phloem parenchyma,,0,0,0,6,1,4
GGGCCATTCTCATTTG-1_3,Epidermal,Mesophyll,,0,0,0,6,6,6
GGGCGTTAGAAAGCGA-1_6,Stele,Phloem,,3,1,3,10,4,9
GGGCGTTAGGGTGAGG-1_2,Mesophyll,Mesophyll,,0,0,0,6,6,6
GGGCGTTCAAATTAGG-1_5,Epidermal,Mesophyll,,0,0,0,6,6,0
GGGCGTTCAAGTGGTG-1_6,Epidermal,Root endodermis,,0,0,0,3,3,3
GGGCGTTCATCCAATG-1_1,Epidermal,Root hair,,5,4,5,9,11,18
GGGCGTTCATCCCACT-1_6,Epidermal,Root cortex,,1,2,1,0,0,0
GGGCGTTGTAACAAGT-1_5,Epidermal,Root endodermis,,0,0,0,6,6,6
GGGCGTTGTCACAGAG-1_2,Epidermal,Mesophyll,,3,1,3,2,8,10
GGGCGTTGTGAGGCAT-1_4,Epidermal,Phloem parenchyma,,0,0,0,4,1,14
GGGCGTTTCACGAGGA-1_4,Stele,Mesophyll,,1,2,1,0,0,2
GGGCTACAGGGTACAC-1_2,Mesophyll,Sieve element,,3,1,3,2,4,9
GGGCTACAGGTATCTC-1_4,Mesophyll,Root cortex,,3,2,3,2,5,5
GGGCTACAGTAGAGTT-1_3,Epidermal,Mesophyll,,0,0,0,1,4,0
GGGCTACCAAACTAGA-1_4,Mesophyll,Mesophyll,,3,1,3,2,8,15
GGGCTACCATAGAAAC-1_4,Stele,Mesophyll,,0,0,0,1,4,13
GGGCTACCATATCTCT-1_3,Epidermal,Mesophyll,,1,2,1,0,4,0
GGGCTACGTACGTAGG-1_3,Mesophyll,Mesophyll,,1,2,1,0,0,2
GGGCTACGTCTGTGGC-1_4,Mesophyll,Cortex,,2,0,2,5,8,10
GGGCTACGTGGGCTCT-1_2,Meristematic,Lateral root cap,,0,0,0,7,9,11
GGGCTACTCAACACCA-1_2,Mesophyll,Cortex,,3,1,3,4,2,1
GGGCTACTCAACTCTT-1_2,Epidermal,Mesophyll,,3,1,3,2,5,5
GGGCTACTCCACTGAA-1_4,Epidermal,Root procambium,,0,0,0,1,7,4
GGGCTACTCCTCACCA-1_3,Stele,Phloem,,4,3,4,8,10,12
GGGCTACTCGGTGTTA-1_2,Mesophyll,Mesophyll,,1,2,1,1,4,0
GGGCTCAAGCCATTTG-1_3,Epidermal,Root endodermis,,0,0,0,5,1,8
GGGCTCAAGGCTGGAT-1_5,Mesophyll,Mesophyll,,3,0,3,6,6,6
GGGCTCAAGGGCCTCT-1_2,Mesophyll,Mesophyll,,3,1,3,2,5,5
GGGCTCACAGGTACGA-1_4,Epidermal,Root procambium,,1,2,1,0,0,16
GGGCTCACATCGTCCT-1_3,Mesophyll,Cortex,,3,1,3,2,2,1
GGGCTCAGTTACCTGA-1_3,Stele,Mesophyll,,3,1,3,2,5,5
GGGCTCAGTTCACGAT-1_3,Mesophyll,Flower meristem,,0,0,0,1,4,0
GGGCTCATCCGATCTC-1_5,Epidermal,Flower meristem,,0,0,0,1,1,4
GGGCTCATCCTGCCAT-1_5,Epidermal,Root cap,,0,0,0,1,1,9
GGGTAGAAGAGCAGCT-1_6,Epidermal,Non-hair,,4,3,4,8,10,12
GGGTAGAAGGAATTAC-1_6,Epidermal,Mesophyll,,3,1,3,2,5,5
GGGTAGAAGGCCTTGC-1_5,Stele,Root cortex,,2,0,2,5,7,7
GGGTAGAAGGTCTTTG-1_5,Epidermal,Non-hair,,0,0,0,1,7,4
GGGTAGAAGGTTCTTG-1_3,Meristematic,Vascular cambium,,0,0,0,1,7,13
GGGTAGACACGACGAA-1_3,Epidermal,Root cortex,,2,1,2,3,2,1
GGGTAGACATACTGAC-1_2,Epidermal,Phloem pole pericycle,,0,0,0,1,1,4
GGGTAGACATTAAAGG-1_5,Epidermal,Root endodermis,,0,0,0,6,6,6
GGGTAGAGTGATACTC-1_2,Stele,Flower meristem,,1,2,1,0,0,0
GGGTAGAGTTTCCAAG-1_1,Stele,Flower meristem,,0,2,0,1,4,17
GGGTAGATCCTGGTCT-1_1,Stele,Mesophyll,,1,2,1,0,0,2
GGGTAGATCGCGTGAC-1_3,Epidermal,Mesophyll,,1,1,1,1,7,14
GGGTAGATCTTCCCGA-1_6,Epidermal,Mesophyll,,1,2,1,0,0,16
GGGTATTAGCGTGAGT-1_1,Mesophyll,Mesophyll,,1,2,1,0,0,2
GGGTATTAGCTCCACG-1_2,Epidermal,Mesophyll,,1,2,1,0,0,2
GGGTATTCACAGCCTG-1_5,Epidermal,Cortex,,4,3,4,8,10,12
GGGTATTCAGACCTAT-1_2,Meristematic,Flower meristem,,0,2,0,1,7,0
GGGTATTGTCCTGGGT-1_1,Mesophyll,Root cortex,,2,1,2,4,2,1
GGGTATTTCCCTTCCC-1_1,Epidermal,Root cortex,,3,1,3,2,5,5
GGGTATTTCCGCACTT-1_2,Stele,Root cortex,,4,3,4,8,10,12
GGGTATTTCGACGATT-1_3,Mesophyll,Mesophyll,,3,1,3,2,5,5
GGGTATTTCTCCTGCA-1_4,Mesophyll,Mesophyll,,1,2,1,2,5,2
GGGTCACAGGGACACT-1_4,Epidermal,Lateral root cap,,0,0,0,5,1,8
GGGTCACAGGTACAGC-1_1,Epidermal,Mesophyll,,5,2,5,9,4,17
GGGTCACAGTATAGAC-1_2,Epidermal,Non-hair,,4,3,4,8,10,12
GGGTCACAGTGCAAAT-1_1,Mesophyll,Mesophyll,,1,2,1,0,0,0
GGGTCACTCACGGGAA-1_5,Meristematic,Root endodermis,,0,0,0,5,3,8
GGGTCTGAGAAGGTAG-1_5,Stele,Mesophyll,,0,0,0,6,6,6
GGGTCTGAGTAGGATT-1_6,Mesophyll,Mesophyll,,3,1,3,2,5,5
GGGTCTGCAACCTAAC-1_2,Epidermal,Non-hair,,0,0,0,1,3,14
GGGTCTGCAAGGGTCA-1_5,Epidermal,Mesophyll,,1,2,1,0,0,2
GGGTCTGCAAGTCATC-1_1,Mesophyll,Mesophyll,,0,0,0,6,6,6
GGGTCTGCATGGCGCT-1_6,Epidermal,Root endodermis,,0,0,0,1,1,4
GGGTCTGGTAGACTGG-1_5,Mesophyll,Mesophyll,,3,1,3,2,8,10
GGGTCTGGTATGAAGT-1_2,Stele,Mesophyll,,3,1,3,2,8,10
GGGTCTGTCCATAGGT-1_2,Epidermal,Mesophyll,,1,2,1,0,0,2
GGGTGAAAGGAGCTGT-1_2,Mesophyll,Mesophyll,,3,1,3,2,8,10
GGGTGAACAAACGTGG-1_6,Mesophyll,Mesophyll,,1,2,1,0,0,2
GGGTGAACACGTTCGG-1_3,Mesophyll,Root cortex,,2,3,2,4,2,12
GGGTGAAGTACCCAGC-1_6,Epidermal,Phloem parenchyma,,0,0,0,5,1,4
GGGTGAAGTTTCACTT-1_4,Mesophyll,Non-hair,,1,0,1,1,7,14
GGGTGAATCACCTGGG-1_1,Epidermal,Mesophyll,,0,0,0,6,6,6
GGGTGAATCGAACCTA-1_1,Epidermal,Root endodermis,,1,0,1,5,0,16
GGGTGTCAGGGATCGT-1_3,Epidermal,Shoot system epidermis,,2,1,2,3,3,3
GGGTGTCAGGTCACAG-1_3,Mesophyll,Mesophyll,,1,2,1,7,9,11
GGGTGTCAGTAATACG-1_6,Mesophyll,Mesophyll,,1,2,1,0,6,6
GGGTGTCAGTATAGAC-1_6,Meristematic,Mesophyll,,0,0,0,6,6,6
GGGTGTCCAAGTCCAT-1_3,Mesophyll,Non-hair,,0,0,0,1,1,4
GGGTGTCCATCCCACT-1_4,Epidermal,Mesophyll,,1,2,1,0,0,2
GGGTGTCTCAGCAGAG-1_1,Mesophyll,Cortex,,2,1,2,4,2,1
GGGTGTCTCCTTCTGG-1_5,Epidermal,Vascular cambium,,2,1,2,3,3,9
GGGTGTCTCGTTGTTT-1_3,Epidermal,Mesophyll,,1,2,1,0,0,16
GGGTGTCTCTCAGAAC-1_1,Mesophyll,Mesophyll,,1,2,1,0,0,0
GGGTTATAGCTCGTGC-1_4,Epidermal,Non-hair,,1,1,1,1,7,14
GGGTTATCAACTCCAA-1_3,Epidermal,Explant vasculature and callus founder cell,,0,0,0,1,7,13
GGGTTATCAGGAGACT-1_5,Mesophyll,Mesophyll,,1,2,1,0,0,2
GGGTTATCATGAAAGT-1_3,Mesophyll,Mesophyll,,1,2,1,0,0,16
GGGTTATGTCAGCTTA-1_3,Mesophyll,Mesophyll,,4,3,4,8,10,12
GGGTTATGTTCAACGT-1_6,Mesophyll,Root cortex,,1,2,1,0,0,0
GGGTTATGTTTCACAG-1_2,Epidermal,Non-hair,,3,1,3,1,8,14
GGGTTATTCAACACCA-1_4,Stele,Columella root cap,,0,0,0,1,3,9
GGGTTATTCCCATGGG-1_2,Mesophyll,Root cortex,,3,1,3,2,5,5
GGGTTTAAGCATTGTC-1_1,Epidermal,Mesophyll,,3,1,3,2,5,5
GGGTTTAAGTCGAAAT-1_1,Epidermal,Mesophyll,,1,2,1,0,0,17
GGGTTTAAGTGTAGAT-1_2,Meristematic,Vascular cambium,,0,0,0,1,7,13
GGGTTTACACGCTGCA-1_1,Mesophyll,Mesophyll,,0,0,0,6,6,7
GGGTTTACAGAACATA-1_6,Stele,Mesophyll,,1,2,1,0,0,2
GGGTTTACAGGAGACT-1_5,Mesophyll,Columella root cap,,0,0,0,1,7,4
GGGTTTAGTAAGGCCA-1_2,Epidermal,Mesophyll,,0,0,0,1,4,9
GGGTTTATCCGCCTAT-1_1,Mesophyll,Cortex,,3,1,3,2,5,5
GGTAACTAGAGCAACC-1_6,Meristematic,Leaf pavement cell,,3,1,3,6,6,6
GGTAACTAGAGGTTTA-1_1,Stele,Phloem,,0,0,0,1,4,4
GGTAACTAGTTGAATG-1_6,Epidermal,Phloem pole pericycle,,0,0,0,1,1,4
GGTAACTCAAGCAGGT-1_1,Epidermal,Columella root cap,,0,0,0,1,1,4
GGTAACTCACAAATCC-1_1,Mesophyll,Mesophyll,,1,2,1,7,9,11
GGTAACTCACAGTCCG-1_4,Epidermal,Mesophyll,,3,1,3,2,5,10
GGTAACTCACGTAGTT-1_4,Epidermal,Mesophyll,,3,1,3,2,5,5
GGTAACTGTATAATGG-1_6,Mesophyll,Root cortex,,2,0,2,4,2,6
GGTAACTGTCTGCCTT-1_1,Mesophyll,Mesophyll,,1,2,1,0,0,0
GGTAACTGTGTTTCTT-1_2,Epidermal,Root endodermis,,0,0,0,6,6,6
GGTAACTTCCGATCGG-1_2,Mesophyll,Leaf pavement cell,,0,0,0,3,3,3
GGTAACTTCCTTCAGC-1_5,Mesophyll,Root endodermis,,1,2,1,5,9,16
GGTAACTTCGTAGCCG-1_3,Epidermal,Mesophyll,,3,1,3,2,5,5
GGTAATCAGAGGGCGA-1_6,Mesophyll,Root cortex,,3,1,3,2,8,10
GGTAATCAGATCACTC-1_1,Epidermal,Root cortex,,2,0,2,4,1,7
GGTAATCAGGAGAATG-1_2,Stele,Mesophyll,,1,2,1,0,0,11
GGTAATCAGGGCGAAG-1_2,Mesophyll,Mesophyll,,1,2,1,0,0,2
GGTAATCAGTATGATG-1_2,Mesophyll,Root cortex,,2,1,2,4,2,1
GGTAATCCAGTCCGTG-1_6,Epidermal,Mesophyll,,0,0,0,2,1,16
GGTAATCGTTAAGTCC-1_4,Mesophyll,Mesophyll,,1,2,1,0,0,2
GGTAATCTCCACCTGT-1_5,Epidermal,Root endodermis,,0,0,0,5,1,8
GGTAATCTCCTACCGT-1_1,Mesophyll,Mesophyll,,3,1,3,2,8,10
GGTAGAGAGCGACTAG-1_3,Mesophyll,Mesophyll,,3,1,3,4,3,0
GGTAGAGCAAATCAGA-1_5,Epidermal,Root endodermis,,0,0,0,5,1,8
GGTAGAGCAACCAACT-1_3,Epidermal,Non-hair,,0,1,0,1,3,14
GGTAGAGCAGCACCCA-1_4,Mesophyll,Mesophyll,,1,2,1,0,0,2
GGTAGAGCAGGGTTGA-1_2,Mesophyll,Mesophyll,,0,0,0,0,6,0
GGTAGAGCATTGGCAT-1_5,Epidermal,Root hair,,5,4,5,9,11,18
GGTAGAGGTCGCACGT-1_1,Epidermal,Root cortex,,1,1,1,1,7,14
GGTAGAGGTGCCCACA-1_1,Epidermal,Mesophyll,,1,2,1,0,0,0
GGTAGAGTCAAGTCGT-1_4,Mesophyll,Mesophyll,,2,1,2,3,3,3
GGTAGAGTCATTACCT-1_2,Epidermal,Leaf pavement cell,,0,0,0,6,6,6
GGTAGAGTCATTCATC-1_3,Epidermal,Root cortex,,2,0,2,4,2,1
GGTAGAGTCTCGAGTA-1_4,Stele,Mesophyll,,1,2,1,0,0,0
GGTAGAGTCTCTATGT-1_2,Epidermal,Mesophyll,,2,0,2,6,6,6
GGTCACGAGTGGATTA-1_6,Meristematic,Mesophyll,,1,2,1,0,0,2
GGTCACGCACGACGCT-1_2,Mesophyll,Mesophyll,,1,2,1,0,0,0
GGTCACGCAGAGATTA-1_1,Epidermal,Shoot system epidermis,,2,1,2,3,2,1
GGTCACGCAGGTCCGT-1_5,Mesophyll,Mesophyll,,1,2,1,0,0,0
GGTCACGCATACCACA-1_4,Mesophyll,Mesophyll,,1,0,1,7,9,11
GGTCACGGTCGAACAG-1_5,Epidermal,Root cap,,0,0,0,6,6,7
GGTCACGGTGTCCCTT-1_1,Mesophyll,Explant vasculature and callus founder cell,,0,0,0,1,7,7
GGTCACGGTTGGGCCT-1_2,Mesophyll,Mesophyll,,3,1,3,2,8,10
GGTCACGGTTTCAGAC-1_5,Epidermal,Root cortex,,1,3,1,1,7,14
GGTCACGGTTTGACAC-1_3,Stele,Lateral root cap,,0,0,0,1,7,13
GGTCACGTCGAGCCTG-1_4,Stele,Mesophyll,,1,2,1,0,0,2
GGTCTGGAGGTGCAGT-1_2,Epidermal,Root endodermis,,0,0,0,6,1,4
GGTCTGGCAATGTGGG-1_4,Mesophyll,Mesophyll,,0,0,0,6,6,6
GGTCTGGCACAACATC-1_5,Mesophyll,Phloem,,0,0,0,6,6,6
GGTCTGGCACAAGCCC-1_3,Mesophyll,Root cortex,,3,1,3,4,2,1
GGTCTGGCACGGCTAC-1_1,Epidermal,Root endodermis,,2,0,2,6,6,6
GGTCTGGCACGTCGTG-1_1,Epidermal,Root procambium,,0,0,0,1,1,4
GGTCTGGGTACGTGTT-1_6,Mesophyll,Mesophyll,,1,2,1,0,0,0
GGTCTGGGTCATAAAG-1_2,Epidermal,Mesophyll,,1,2,1,3,0,3
GGTCTGGGTGTGCTTA-1_6,Epidermal,Cortex,,4,3,4,8,10,12
GGTCTGGTCACAAGGG-1_4,Mesophyll,Cortex,,3,1,3,2,8,10
GGTCTGGTCGGCTATA-1_1,Epidermal,Mesophyll,,3,1,3,2,5,15
GGTGAAGAGCGAGGAG-1_1,Stele,Mesophyll,,1,2,1,0,0,2
GGTGAAGAGGTATTGA-1_4,Epidermal,Root procambium,,0,0,0,1,1,4
GGTGAAGAGTTGCATC-1_1,Epidermal,Root procambium,,0,0,0,1,1,4
GGTGAAGCAGTTGAAA-1_2,Mesophyll,Mesophyll,,1,2,1,0,0,2
GGTGAAGGTCAATCTG-1_5,Epidermal,Root cortex,,2,1,2,4,2,1
GGTGAAGGTCCCTGAG-1_3,Epidermal,Root cortex,,1,1,1,7,9,14
GGTGAAGTCCGGCAAC-1_1,Epidermal,Non-hair,,1,1,1,1,7,14
GGTGAAGTCCTACAAG-1_5,Epidermal,Root endodermis,,0,0,0,5,1,8
GGTGAAGTCGACACTA-1_4,Epidermal,Root cortex,,2,1,2,4,2,1
GGTGAAGTCGATTTCT-1_2,Meristematic,Mesophyll,,0,0,0,6,6,6
GGTGAAGTCTCTTGCG-1_4,Epidermal,Shoot system epidermis,,2,1,2,3,8,10
GGTGAAGTCTGCTTAT-1_6,Mesophyll,Phloem parenchyma,,0,0,0,1,1,4
GGTGATTAGATAGCAT-1_4,Epidermal,Flower meristem,,5,2,5,1,4,17
GGTGATTAGCTGACAG-1_6,Epidermal,Mesophyll,,1,2,1,7,9,11
GGTGATTAGGGACTGT-1_4,Mesophyll,Mesophyll,,0,2,0,0,0,0
GGTGATTAGTATAGGT-1_2,Mesophyll,Leaf guard cell,,0,0,0,1,7,13
GGTGATTCAAGGCAAC-1_6,Epidermal,Mesophyll,,3,1,3,2,2,1
GGTGATTCACACACGC-1_6,Mesophyll,Mesophyll,,1,2,1,0,0,16
GGTGATTCAGCTATTG-1_3,Epidermal,Mesophyll,,2,1,2,3,3,3
GGTGATTCATCCGTGG-1_5,Epidermal,Root cortex,,2,1,2,4,5,5
GGTGATTGTTGTGCCG-1_6,Epidermal,Root endodermis,,0,0,0,5,1,4
GGTGATTTCACATACG-1_5,Mesophyll,Root endodermis,,0,0,0,3,3,3
GGTGATTTCTACCACC-1_4,Mesophyll,Mesophyll,,1,0,1,6,6,6
GGTGATTTCTTCGACC-1_2,Epidermal,Root cortex,,2,1,2,4,2,1
GGTGGCTAGAAGCCAC-1_5,Epidermal,Root cortex,,2,0,2,3,3,14
GGTGGCTAGCACCAGA-1_1,Epidermal,Stem cell niche,,2,0,2,4,1,7
GGTGGCTAGCAGGCAT-1_6,Meristematic,Root cortex,,3,1,3,2,5,5
GGTGGCTAGCGACTGA-1_4,Epidermal,Leaf pavement cell,,2,1,2,4,2,1
GGTGGCTAGCGCCTTG-1_5,Meristematic,Shoot system epidermis,,2,1,2,3,3,3
GGTGGCTAGGCTTTCA-1_2,Epidermal,Mesophyll,,2,1,2,3,2,1
GGTGGCTAGGGCTGAT-1_2,Epidermal,Mesophyll,,2,1,2,3,3,0
GGTGGCTCAACAGTGG-1_3,Mesophyll,Mesophyll,,1,2,1,0,0,16
GGTGGCTCAGCTGAAG-1_3,Epidermal,Root endodermis,,0,0,0,3,3,8
GGTGGCTCAGCTGTGC-1_3,Epidermal,Mesophyll,,1,2,1,0,0,2
GGTGGCTGTTCGAGCC-1_6,Mesophyll,Mesophyll,,3,1,3,2,5,5
GGTGGCTTCCGCGGAT-1_6,Epidermal,Root endodermis,,0,0,0,5,1,0
GGTGGCTTCTTGATTC-1_1,Epidermal,Root cortex,,0,0,0,1,7,14
GGTGTCGCACCTTCGT-1_1,Epidermal,Mesophyll,,0,0,0,1,1,4
GGTGTCGCAGCGACCT-1_5,Mesophyll,Mesophyll,,3,1,3,2,5,5
GGTGTCGGTATCGTTG-1_1,Epidermal,Mesophyll,,5,0,5,1,4,9
GGTGTCGGTCGCTGCA-1_4,Epidermal,Mesophyll,,3,1,3,2,5,5
GGTGTCGGTGGCTGCT-1_1,Mesophyll,Root cortex,,1,2,1,0,0,2
GGTGTCGTCGCAAGAG-1_1,Mesophyll,Mesophyll,,1,2,1,7,9,11
GGTGTTAAGCTACTAC-1_1,Mesophyll,Mesophyll,,0,0,0,6,6,6
GGTGTTACACAACGCC-1_2,Epidermal,Mesophyll,,3,1,3,2,8,14
GGTGTTACAGCTAACT-1_4,Mesophyll,Mesophyll,,0,0,0,1,4,15
GGTGTTACAGGACTTT-1_1,Meristematic,Mesophyll,,2,0,2,3,3,3
GGTGTTACATCCGTGG-1_2,Epidermal,Mesophyll,,1,2,1,0,0,2
GGTGTTAGTGACCGAA-1_4,Epidermal,Root cortex,,2,0,2,4,1,7
GGTGTTAGTGCCCTTT-1_6,Epidermal,Root cortex,,1,2,1,0,0,0
GGTGTTATCCTCTCTT-1_2,Epidermal,Mesophyll,,0,0,0,5,1,8
GGTTAACAGCTGACAG-1_1,Mesophyll,Phloem,,3,1,3,2,8,10
GGTTAACAGTGGACGT-1_4,Mesophyll,Sieve element,,2,0,2,4,1,7
GGTTAACCAGACCAAG-1_2,Mesophyll,Mesophyll,,3,1,3,2,5,5
GGTTAACCATAGATCC-1_1,Mesophyll,Shoot system epidermis,,1,2,1,0,4,0
GGTTAACCATTCATCT-1_3,Epidermal,Mesophyll,,3,0,3,6,6,6
GGTTAACGTACAATAG-1_1,Stele,Mesophyll,,0,0,0,1,7,13
GGTTAACGTAGTTACC-1_2,Epidermal,Mesophyll,,1,2,1,0,0,0
GGTTAACGTCCATACA-1_1,Mesophyll,Root cortex,,3,1,3,2,5,5
GGTTAACGTGCTCTCT-1_3,Mesophyll,Mesophyll,,0,1,0,1,4,9
GGTTAACGTTAGGGTG-1_4,Meristematic,Shoot system epidermis,,2,1,2,3,3,3
GGTTAACTCGTGGACC-1_6,Epidermal,Mesophyll,,3,1,3,2,5,15
GGTTCTCAGATGAATC-1_6,Mesophyll,Mesophyll,,1,2,1,7,9,11
GGTTCTCCACCCTAAA-1_5,Epidermal,Non-hair,,0,0,0,5,1,8
GGTTCTCGTATGGAAT-1_5,Epidermal,Mesophyll,,1,2,1,0,0,0
GGTTCTCGTCGCATGC-1_4,Mesophyll,Root endodermis,,2,1,2,3,3,3
GGTTCTCTCGTAACAC-1_3,Mesophyll,Mesophyll,,1,2,1,0,0,16
GGTTCTCTCTCGGTCT-1_4,Mesophyll,Mesophyll,,3,1,3,2,5,5
GGTTGTAAGACATCAA-1_6,Epidermal,Non-hair,,0,0,0,6,6,4
GGTTGTAAGCTAGATA-1_5,Epidermal,Mesophyll,,1,2,1,0,0,0
GGTTGTAAGTCGGCAA-1_4,Mesophyll,Mesophyll,,1,2,1,0,0,0
GGTTGTACAAGCTCTA-1_5,Mesophyll,Root cortex,,2,1,2,4,2,1
GGTTGTACACATGACT-1_1,Mesophyll,Cortex,,3,1,3,2,5,5
GGTTGTACAGGAGACT-1_2,Epidermal,Phloem parenchyma,,0,0,0,5,1,4
GGTTGTACATCAGTCA-1_6,Epidermal,Root endodermis,,0,0,0,1,1,9
GGTTGTAGTATCGCTA-1_2,Epidermal,Non-hair,,2,0,2,3,3,14
GGTTGTAGTCGTATTG-1_5,Stele,Mesophyll,,1,2,1,0,0,2
GGTTGTAGTCTGTAAC-1_1,Epidermal,Root cortex,,3,1,3,4,2,1
GGTTGTAGTTCCTACC-1_1,Epidermal,Non-hair,,2,0,2,3,3,3
GGTTGTAGTTGTAGCT-1_3,Mesophyll,Vascular cambium,,0,0,0,1,7,13
GGTTGTATCAACGCTA-1_2,Mesophyll,Mesophyll,,0,0,0,6,6,6
GGTTGTATCCTCTCGA-1_5,Epidermal,Flower meristem,,0,0,0,1,3,0
GGTTGTATCGGAAGGT-1_2,Mesophyll,Mesophyll,,3,1,3,2,2,1
GGTTGTATCTAGAACC-1_1,Mesophyll,Root cortex,,2,0,2,1,7,14
GGTTGTATCTTTGCAT-1_4,Epidermal,Root cortex,,2,1,2,3,2,1
GTAACACAGCTCGAAG-1_3,Epidermal,Mesophyll,,1,2,1,0,0,0
GTAACACCACTGCATA-1_4,Mesophyll,Mesophyll,,1,2,1,0,0,2
GTAACACGTATTCTCT-1_5,Mesophyll,Cortex,,3,0,3,2,8,10
GTAACACTCAAAGGTA-1_6,Epidermal,Root endodermis,,0,0,0,5,1,8
GTAACACTCTACACTT-1_3,Meristematic,Root cap,,1,2,1,0,0,0
GTAACCAAGAAGTCCG-1_1,Meristematic,Root cortex,,3,1,3,2,8,15
GTAACCAAGACTCAAA-1_1,Mesophyll,Root hair,,1,2,1,7,9,11
GTAACCAAGCCGTCGT-1_5,Mesophyll,Mesophyll,,3,1,3,6,6,6
GTAACCAAGCGTGTTT-1_4,Mesophyll,Root cortex,,1,2,1,0,0,7
GTAACCAGTCCGATCG-1_2,Epidermal,Mesophyll,,3,1,3,2,8,10
GTAACCAGTGGATACG-1_5,Epidermal,Root cortex,,0,0,0,1,1,9
GTAACCAGTTACCCTC-1_2,Mesophyll,Mesophyll,,1,2,1,0,0,11
GTAACCATCATTACCT-1_3,Epidermal,Root cortex,,2,1,2,3,3,3
GTAACCATCCAACCGG-1_1,Mesophyll,Mesophyll,,3,1,3,2,8,10
GTAACCATCTACACTT-1_2,Epidermal,Non-hair,,0,0,0,1,7,4
GTAACCATCTGACCCT-1_3,Epidermal,Root endodermis,,0,0,0,3,3,0
GTAAGTCCAAGCTACT-1_2,Epidermal,Mesophyll,,2,1,2,6,6,6
GTAAGTCCAGCACACC-1_5,Mesophyll,Cortex,,3,1,3,4,2,1
GTAAGTCCAGCGTGCT-1_4,Mesophyll,Mesophyll,,1,2,1,0,0,16
GTAAGTCCATCTAGAC-1_4,Mesophyll,Root endodermis,,2,0,2,5,7,7
GTAAGTCGTCTGATAC-1_4,Mesophyll,Root cortex,,1,2,1,0,0,16
GTAAGTCTCTGTTCAT-1_4,Mesophyll,Mesophyll,,3,2,3,7,9,11
GTAATCGAGACCTGGA-1_2,Stele,Mesophyll,,1,2,1,1,4,0
GTAATCGAGATGTAGT-1_4,Stele,Mesophyll,,1,2,1,0,0,2
GTAATCGAGCCTTCTC-1_4,Mesophyll,Mesophyll,,1,2,1,0,0,0
GTAATCGAGCGACAGT-1_1,Mesophyll,Root cortex,,3,2,3,7,9,11
GTAATCGCAATAGTGA-1_2,Epidermal,Root cap,,0,0,0,1,1,4
GTAATCGCACCAACAT-1_4,Epidermal,Mesophyll,,4,3,4,8,10,12
GTAATCGCAGACCATT-1_1,Mesophyll,Root cortex,,3,1,3,2,5,5
GTAATCGGTTGTAGCT-1_4,Epidermal,Generative nuclei,,1,2,1,0,0,16
GTAATCGTCGCTAAAC-1_2,Epidermal,Shoot system epidermis,,2,1,2,3,3,3
GTAATCGTCGTAATGC-1_5,Epidermal,Mesophyll,,3,1,3,4,6,6
GTAATCGTCTTGATTC-1_2,Epidermal,Mesophyll,,1,2,1,0,0,0
GTAATGCAGTAGGTTA-1_3,Mesophyll,Flower meristem,,1,2,1,1,7,14
GTAATGCAGTTCCATG-1_4,Mesophyll,Cortex,,3,1,3,2,5,5
GTAATGCCAAGCGCTC-1_6,Epidermal,Mesophyll,,3,1,3,2,8,10
GTAATGCCACAAATCC-1_4,Mesophyll,Mesophyll,,3,1,3,2,5,5
GTAATGCCACCCTTGT-1_2,Epidermal,Root procambium,,0,0,0,5,1,8
GTAATGCCACTGAGTT-1_3,Mesophyll,Xylem,,3,1,3,2,8,10
GTAATGCCAGATTCGT-1_2,Epidermal,Non-hair,,4,3,4,8,10,12
GTAATGCGTCATGACT-1_1,Meristematic,Leaf pavement cell,,2,1,2,3,3,3
GTAATGCGTCCCTGAG-1_4,Mesophyll,Root cortex,,4,3,4,8,10,12
GTAATGCGTGCCTATA-1_2,Mesophyll,Cortex,,3,1,3,2,5,5
GTAATGCGTTCAGTAC-1_5,Stele,Mesophyll,,3,1,3,2,5,0
GTAATGCTCATCGCTC-1_2,Epidermal,Leaf pavement cell,,2,0,2,3,1,9
GTACAACAGATTGAGT-1_3,Mesophyll,Mesophyll,,1,2,1,0,0,0
GTACAACAGTCAGAGC-1_2,Meristematic,Root endodermis,,0,0,0,5,1,8
GTACAACAGTTGCATC-1_3,Mesophyll,Mesophyll,,1,2,1,0,0,2
GTACAACCACCTCTAC-1_3,Stele,Phloem,,0,2,0,1,4,13
GTACAACCACGATTCA-1_1,Stele,Mesophyll,,1,2,1,0,0,2
GTACAACCACGGTGTC-1_6,Epidermal,Columella root cap,,0,0,0,1,7,4
GTACAACCAGCTCATA-1_2,Meristematic,Shoot system epidermis,,2,1,2,3,3,3
GTACAACGTCTGCGCA-1_3,Stele,Mesophyll,,0,0,0,1,1,9
GTACAACGTGTCGCTG-1_2,Mesophyll,Mesophyll,,1,2,1,0,0,0
GTACAACGTTATCCAG-1_4,Epidermal,Root procambium,,1,2,1,0,0,0
GTACAACTCAAACCTG-1_4,Epidermal,Root cortex,,2,1,2,3,3,3
GTACAACTCCATATGG-1_1,Epidermal,Lateral root cap,,0,0,0,5,1,8
GTACAACTCGAGCCAC-1_2,Stele,Mesophyll,,3,1,3,2,5,0
GTACAACTCTTCGACC-1_5,Mesophyll,Leaf pavement cell,,1,0,1,7,9,11
GTACAGTAGATTGGGC-1_2,Stele,Non-hair,,3,1,3,3,3,9
GTACAGTAGGCCACCT-1_4,Epidermal,Mesophyll,,3,1,3,2,5,5
GTACAGTAGGTAGCCA-1_4,Stele,Cortex,,2,0,2,1,7,13
GTACAGTCAAATTAGG-1_5,Mesophyll,Lateral root cap,,1,0,1,0,0,8
GTACAGTCAACAGTGG-1_3,Mesophyll,Root cap,,1,2,1,7,9,11
GTACAGTCACAACATC-1_1,Epidermal,Non-hair,,3,1,3,2,8,14
GTACAGTCACAAGCAG-1_1,Meristematic,Flower meristem,,1,2,1,0,4,0
GTACAGTCACACGTGC-1_3,Epidermal,Root cortex,,2,1,2,3,2,3
GTACAGTCACATCATG-1_3,Mesophyll,Mesophyll,,1,2,1,0,0,0
GTACAGTCACCACTGG-1_6,Epidermal,Root endodermis,,0,0,0,6,6,7
GTACAGTCATTGGATC-1_4,Epidermal,Root cortex,,2,1,2,3,2,1
GTACAGTGTATACGGG-1_4,Stele,Vascular cambium,,0,0,0,1,4,9
GTACAGTGTGCCTGAC-1_3,Mesophyll,Root endodermis,,0,0,0,6,6,6
GTACAGTTCACGTCCT-1_5,Epidermal,Mesophyll,,5,2,5,0,4,17
GTACAGTTCACTTGGA-1_1,Epidermal,Mesophyll,,3,1,3,2,5,5
GTACAGTTCAGACCGC-1_5,Epidermal,Mesophyll,,1,2,1,0,0,2
GTAGAAAAGGTACAGC-1_2,Mesophyll,Mesophyll,,1,2,1,0,0,2
GTAGAAACAGGAATAT-1_1,Epidermal,Non-hair,,0,0,0,1,7,4
GTAGAAACATCACAGT-1_6,Epidermal,Root endodermis,,2,1,2,4,2,7
GTAGAAAGTACAGAAT-1_1,Epidermal,Phloem,,0,2,0,1,7,13
GTAGAAAGTCGTGTTA-1_3,Mesophyll,Mesophyll,,3,2,3,2,8,16
GTAGAAAGTCTTTATC-1_2,Epidermal,Non-hair,,4,3,4,8,10,12
GTAGAAAGTTGAGAGC-1_4,Mesophyll,Mesophyll,,3,1,3,2,5,5
GTAGAAAGTTGAGAGC-1_6,Epidermal,Leaf pavement cell,,0,0,0,3,3,3
GTAGAAATCAGTCACA-1_1,Mesophyll,Cortex,,3,1,3,2,8,10
GTAGAAATCGGTGTTA-1_3,Stele,Root cap,,0,0,0,1,7,1
GTAGAAATCTTACCAT-1_2,Epidermal,Root cortex,,1,2,1,0,0,0
GTAGAGGAGGTGCGAT-1_2,Epidermal,Root endodermis,,0,0,0,6,6,6
GTAGAGGCATGGCTAT-1_4,Mesophyll,Root cortex,,3,1,3,2,5,5
GTAGAGGGTCACCACG-1_1,Epidermal,Root cap,,0,0,0,1,1,9
GTAGAGGGTCCTACGG-1_3,Mesophyll,Mesophyll,,1,2,1,0,0,16
GTAGAGGTCAGTCATG-1_4,Mesophyll,Mesophyll,,3,1,3,2,8,15
GTAGAGGTCCAAGCTA-1_6,Epidermal,Shoot system epidermis,,2,1,2,3,3,14
GTAGATCAGATGTTCC-1_5,Epidermal,Bundle sheath,,0,0,0,1,1,9
GTAGATCCACGTGAGA-1_6,Epidermal,Leaf pavement cell,,2,1,2,3,3,3
GTAGATCCAGCGCTTG-1_4,Epidermal,Root cortex,,2,0,2,4,1,7
GTAGATCCATATCTGG-1_4,Mesophyll,Mesophyll,,3,1,3,2,5,5
GTAGATCCATCCAACA-1_3,Epidermal,Root cap,,0,0,0,3,1,4
GTAGATCGTACGTAGG-1_6,Stele,Mesophyll,,1,3,1,1,7,14
GTAGATCTCCAATGCA-1_3,Mesophyll,Mesophyll,,1,2,1,7,9,11
GTAGATCTCCTTTGAT-1_4,Epidermal,Root endodermis,,2,1,2,4,2,1
GTAGATCTCTGCGGGT-1_5,Meristematic,Shoot system epidermis,,2,1,2,3,3,3
GTAGATCTCTGGAGAG-1_6,Epidermal,Shoot system epidermis,,2,1,2,3,3,3
GTAGCTAAGAAGCGGG-1_5,Epidermal,Cortex,,3,1,3,8,10,12
GTAGCTAAGTTTCGAC-1_6,Mesophyll,Mesophyll,,1,2,1,0,0,2
GTAGCTACAAAGCTCT-1_4,Mesophyll,Mesophyll,,1,1,1,2,0,5
GTAGCTACACATTCGA-1_3,Epidermal,Root cortex,,2,1,2,4,2,1
GTAGCTAGTCACCGAC-1_2,Mesophyll,Mesophyll,,2,1,2,3,3,3
GTAGCTAGTCGATTTG-1_1,Mesophyll,Bundle sheath,,0,0,0,1,1,9
GTAGCTATCTCTTAAC-1_3,Mesophyll,Root cortex,,2,1,2,3,2,1
GTAGGAGAGCTGGAGT-1_3,Epidermal,Root endodermis,,0,0,0,1,1,7
GTAGGAGAGTTACGGG-1_1,Mesophyll,Mesophyll,,1,2,1,0,0,2
GTAGGAGAGTTGCCTA-1_3,Meristematic,Mesophyll,,1,2,1,0,4,0
GTAGGAGCAGAGTTCT-1_3,Mesophyll,Leaf pavement cell,,2,1,2,3,3,3
GTAGGAGGTCAACCTA-1_4,Epidermal,Phloem parenchyma,,0,0,0,5,1,8
GTAGGAGGTGGCAACA-1_4,Epidermal,Root endodermis,,5,4,5,9,11,18
GTAGGAGTCACCTACC-1_2,Mesophyll,Mesophyll,,1,2,1,0,0,0
GTAGGTTAGATGAAGG-1_2,Mesophyll,Phloem,,3,1,3,4,2,1
GTAGGTTAGCGTCTCG-1_5,Meristematic,Columella root cap,,0,0,0,1,1,9
GTAGGTTAGGGAGTGG-1_1,Epidermal,Mesophyll,,3,1,3,2,8,15
GTAGGTTCAAAGCTCT-1_2,Epidermal,Mesophyll,,1,2,1,0,0,0
GTAGGTTCAAGCTGCC-1_6,Epidermal,Xylem,,0,0,0,5,1,8
GTAGGTTCAATGTCAC-1_6,Stele,Leaf pavement cell,,1,2,1,7,3,11
GTAGGTTCACCCAAGC-1_2,Meristematic,Mesophyll,,1,2,1,0,0,2
GTAGGTTCACTAACGT-1_3,Epidermal,Root endodermis,,0,0,0,6,6,6
GTAGGTTCAGAAGCTG-1_4,Epidermal,Root endodermis,,2,0,2,5,1,8
GTAGGTTCATGCAGGA-1_6,Epidermal,Mesophyll,,1,2,1,0,0,0
GTAGGTTGTTTGGAAA-1_2,Mesophyll,Mesophyll,,1,2,1,0,0,2
GTAGGTTTCCGCGATG-1_5,Mesophyll,Explant vasculature and callus founder cell,,1,1,1,0,8,16
GTAGGTTTCGATGCAT-1_2,Stele,Mesophyll,,3,1,3,4,2,1
GTAGGTTTCTAGGCAT-1_4,Mesophyll,Root cortex,,3,1,3,4,2,1
GTAGGTTTCTCAAAGC-1_3,Epidermal,Non-hair,,3,1,3,2,7,15
GTAGTACAGAGCACTG-1_3,Epidermal,Leaf pavement cell,,2,1,2,3,3,3
GTAGTACAGTCACACT-1_2,Epidermal,Phloem,,0,0,0,1,4,9
GTAGTACCAAATGATG-1_1,Epidermal,Mesophyll,,0,0,0,7,9,8
GTAGTACCATCATCTT-1_4,Epidermal,Mesophyll,,0,0,0,6,6,6
GTAGTACGTACGTGTT-1_2,Mesophyll,Vascular cambium,,0,2,0,1,4,13
GTAGTACGTAGGCTGA-1_2,Epidermal,Meristematic cell,,2,0,2,1,2,7
GTAGTACGTCCTACAA-1_2,Epidermal,Root procambium,,1,0,1,1,1,16
GTAGTACGTGACACGA-1_2,Mesophyll,Mesophyll,,1,2,1,0,0,0
GTAGTACGTGCCAAGA-1_6,Mesophyll,Mesophyll,,3,1,3,2,5,5
GTAGTACGTGGATCGA-1_3,Epidermal,Root cortex,,2,0,2,4,2,1
GTAGTACTCACTACGA-1_4,Epidermal,Root procambium,,1,2,1,1,4,0
GTAGTACTCAGTCCGG-1_4,Meristematic,Mesophyll,,1,2,1,0,0,0
GTAGTACTCGAGAAAT-1_5,Mesophyll,Mesophyll,,3,1,3,2,9,11
GTATTGGAGCAGTAAT-1_1,Stele,Companion cell,,0,0,0,6,6,6
GTATTGGCACGGGCTT-1_4,Epidermal,Root cortex,,2,1,2,4,2,1
GTATTGGCACTGCACG-1_1,Mesophyll,Root endodermis,,3,0,3,6,6,6
GTATTGGCAGAAGTGC-1_2,Mesophyll,Root cap,,0,0,0,1,1,7
GTATTGGCATGGACAG-1_1,Mesophyll,Root cortex,,2,1,2,3,7,7
GTATTGGCATGTCGTA-1_6,Epidermal,Leaf pavement cell,,2,1,2,3,2,3
GTATTGGCATTGTACG-1_2,Mesophyll,Root cap,,3,1,3,0,5,5
GTATTGGGTAAGTTAG-1_3,Epidermal,Mesophyll,,3,1,3,2,5,5
GTATTGGGTCCTGGGT-1_2,Mesophyll,Mesophyll,,3,1,3,2,5,5
GTATTGGGTGTCGATT-1_2,Meristematic,Root cortex,,3,1,3,2,8,10
GTATTGGGTTATAGCC-1_4,Epidermal,Root cap,,2,1,2,4,2,1
GTATTGGTCACCATGA-1_3,Stele,Root endodermis,,2,0,2,5,1,7
GTATTGGTCATGTCAG-1_4,Epidermal,Mesophyll,,5,2,5,9,4,17
GTATTTCAGACAGTCG-1_3,Epidermal,Root endodermis,,0,0,0,5,1,8
GTATTTCAGAGCCATG-1_3,Stele,Mesophyll,,2,1,2,3,2,1
GTATTTCCACCGGAAA-1_4,Mesophyll,Root endodermis,,0,0,0,3,3,3
GTATTTCCAGTATTCG-1_4,Epidermal,Cortex,,3,1,3,2,5,5
GTATTTCGTATCAGCT-1_1,Epidermal,Flower meristem,,1,2,1,0,0,0
GTATTTCGTGACTCGC-1_5,Epidermal,Phloem,,4,3,4,8,10,12
GTATTTCTCATGAGGG-1_4,Epidermal,Sieve element,,0,2,0,1,4,0
GTATTTCTCCTAGCCT-1_3,Mesophyll,Root cortex,,1,2,1,0,0,0
GTATTTCTCGAGAACG-1_2,Epidermal,Root cortex,,2,1,2,4,2,1
GTATTTCTCGCCTTGT-1_5,Epidermal,Leaf pavement cell,,2,1,2,3,2,3
GTATTTCTCGCGTGCA-1_5,Epidermal,Phloem parenchyma,,0,0,0,5,1,8
GTATTTCTCGTGGCTG-1_6,Epidermal,Mesophyll,,3,1,3,2,8,10
GTCAAACAGCAACAAT-1_1,Mesophyll,Mesophyll,,1,2,1,0,0,2
GTCAAACAGCCTCCAG-1_1,Mesophyll,Mesophyll,,3,1,3,2,8,10
GTCAAACAGTAGCTCT-1_3,Epidermal,Vascular cambium,,0,0,0,1,7,13
GTCAAACCAAGCCCAC-1_4,Meristematic,Mesophyll,,1,2,1,0,0,2
GTCAAACGTCGCTTGG-1_2,Stele,Cortex,,3,1,3,4,2,1
GTCAAACGTGAGTAAT-1_1,Mesophyll,Mesophyll,,1,2,1,6,5,5
GTCAAACGTGTTAGCT-1_5,Stele,Mesophyll,,1,2,1,0,0,0
GTCAAGTAGAGATCGC-1_4,Stele,Mesophyll,,0,0,0,1,6,4
GTCAAGTAGCCACTCG-1_1,Epidermal,Root endodermis,,0,0,0,1,1,4
GTCAAGTAGGTTGGTG-1_1,Epidermal,Root endodermis,,2,0,2,3,3,3
GTCAAGTCAACGGGTA-1_4,Epidermal,Phloem parenchyma,,0,0,0,5,1,8
GTCAAGTCAGCTGAAG-1_5,Mesophyll,Mesophyll,,1,2,1,7,9,11
GTCAAGTCAGTAGTGG-1_6,Epidermal,Phloem,,1,2,1,1,4,0
GTCAAGTGTTGTATGC-1_5,Mesophyll,Sieve element,,2,1,2,7,9,11
GTCAAGTTCAATCTTC-1_3,Epidermal,Root cortex,,2,0,2,3,7,7
GTCAAGTTCAGACCTA-1_5,Epidermal,Root procambium,,1,2,1,0,0,0
GTCAAGTTCCTCTAAT-1_5,Meristematic,Mesophyll,,0,0,0,6,6,6
GTCAAGTTCGCAAGAG-1_4,Epidermal,Mesophyll,,3,1,3,3,8,3
GTCAAGTTCTTGTTAC-1_2,Epidermal,Mesophyll,,1,2,1,0,0,2
GTCACGGAGTAAAGCT-1_2,Epidermal,Root cap,,0,0,0,1,1,4
GTCACGGGTGAATTGA-1_4,Mesophyll,Mesophyll,,1,2,1,5,0,2
GTCACGGGTGTCCATA-1_3,Epidermal,Mesophyll,,1,2,1,0,0,0
GTCACGGGTTATCCAG-1_1,Epidermal,Leaf pavement cell,,2,1,2,3,3,3
GTCACGGTCACGAGGA-1_6,Meristematic,Mesophyll,,1,2,1,0,0,6
GTCACTCAGAATAACC-1_3,Epidermal,Leaf pavement cell,,0,0,0,6,6,6
GTCACTCCACTCTGCT-1_3,Epidermal,Root cortex,,2,1,2,3,2,9
GTCACTCCAGCACACC-1_2,Mesophyll,Root endodermis,,2,0,2,6,6,6
GTCACTCCAGGTTCGC-1_3,Epidermal,Flower meristem,,5,2,5,1,4,17
GTCACTCGTATGTCCA-1_5,Mesophyll,Mesophyll,,1,2,1,0,10,0
GTCACTCTCACCATAG-1_5,Mesophyll,Leaf pavement cell,,2,0,2,3,3,3
GTCACTCTCACGAACT-1_3,Mesophyll,Cortex,,0,0,0,4,7,7
GTCACTCTCGAGAGCA-1_4,Epidermal,Cortex,,2,1,2,4,2,1
GTCACTCTCTTTCCGG-1_4,Mesophyll,Mesophyll,,3,1,3,2,5,5
GTCAGCGAGATTGACA-1_1,Mesophyll,Mesophyll,,1,2,1,7,9,2
GTCAGCGAGCCAAGCA-1_5,Epidermal,Root procambium,,0,0,0,1,7,4
GTCAGCGAGCGGTATG-1_1,Mesophyll,Sieve element,,1,2,1,0,0,16
GTCAGCGAGTTGGCTT-1_3,Mesophyll,Root cortex,,2,1,2,4,5,5
GTCAGCGCATGAATAG-1_4,Mesophyll,Root cortex,,3,1,3,2,9,5
GTCAGCGGTAGTACGG-1_1,Epidermal,Root endodermis,,4,3,4,8,10,12
GTCAGCGGTCACTACA-1_4,Mesophyll,Leaf pavement cell,,0,0,0,1,4,13
GTCAGCGGTTTGGGAG-1_4,Epidermal,Mesophyll,,3,1,3,2,8,15
GTCAGCGTCGCATTAG-1_3,Epidermal,Phloem pole pericycle,,0,0,0,5,1,4
GTCAGCGTCGGTCTAA-1_6,Mesophyll,Mesophyll,,1,2,1,7,9,11
GTCATCCAGATGTAGT-1_3,Mesophyll,Root cortex,,1,2,1,0,0,0
GTCATCCAGCTCCCTT-1_2,Mesophyll,Mesophyll,,3,1,3,1,3,14
GTCATCCAGGGAGTGG-1_1,Stele,Root endodermis,,1,2,1,0,0,2
GTCATCCAGTATTGCC-1_2,Epidermal,Leaf pavement cell,,2,1,2,3,3,3
GTCATCCAGTCCCTAA-1_2,Mesophyll,Mesophyll,,1,2,1,0,0,2
GTCATCCCAAATGAAC-1_5,Mesophyll,Mesophyll,,1,2,1,7,9,11
GTCATCCCACTGCTTC-1_6,Stele,Root cortex,,2,1,2,4,2,1
GTCATCCCACTGTTCC-1_4,Meristematic,Sieve element,,0,0,0,6,1,4
GTCATCCGTCTCCCTA-1_4,Mesophyll,Vascular cambium,,0,0,0,1,7,13
GTCATCCGTTCTGACA-1_1,Mesophyll,Root cortex,,2,1,2,3,3,3
GTCATCCTCACCCATC-1_4,Epidermal,Phloem parenchyma,,0,0,0,3,1,4
GTCATCCTCTAGAGCT-1_1,Mesophyll,Mesophyll,,1,0,1,6,6,6
GTCATGAAGCTATCTG-1_1,Epidermal,Root procambium,,0,0,0,1,7,13
GTCATGAAGGTAGACC-1_6,Epidermal,Root procambium,,0,0,0,6,3,7
GTCATGACAATTCTTC-1_4,Meristematic,Leaf pavement cell,,2,1,2,3,3,3
GTCATGACAGGATGAC-1_2,Epidermal,Root cortex,,3,1,3,2,8,10
GTCATGATCCCGTTCA-1_6,Stele,Phloem,,3,1,3,3,3,9
GTCATTTAGGTGGTTG-1_2,Epidermal,Mesophyll,,3,1,3,2,5,5
GTCATTTAGTGGACGT-1_4,Epidermal,Flower meristem,,5,2,5,9,4,17
GTCATTTCACCGTCGA-1_2,Epidermal,Mesophyll,,1,2,1,0,0,0
GTCATTTCATTGTAGC-1_3,Epidermal,Root procambium,,0,0,0,5,1,8
GTCATTTGTGACACAG-1_3,Meristematic,Mesophyll,,3,1,3,2,5,10
GTCATTTTCGGCCTTT-1_4,Epidermal,Mesophyll,,1,2,1,0,0,2
GTCATTTTCTAGGAAA-1_3,Stele,Root cortex,,2,1,2,4,2,1
GTCATTTTCTTGCGCT-1_3,Epidermal,Cortex,,0,0,0,5,0,6
GTCCACTAGATAACAC-1_4,Stele,Mesophyll,,0,0,0,6,6,6
GTCCACTAGCACTCTA-1_1,Mesophyll,Mesophyll,,0,0,0,6,6,6
GTCCACTAGCGACAGT-1_3,Epidermal,Non-hair,,1,1,1,1,7,14
GTCCACTAGTCCCTAA-1_3,Stele,Phloem,,1,2,1,0,0,15
GTCCACTCAACTGAAA-1_6,Epidermal,Non-hair,,0,0,0,1,7,4
GTCCACTCAAGCGCAA-1_1,Epidermal,Root cortex,,0,0,0,1,7,4
GTCCACTCAAGTGCTT-1_2,Stele,Mesophyll,,0,2,0,1,4,17
GTCCACTCACAAATGA-1_2,Meristematic,Mesophyll,,3,1,3,2,5,10
GTCCACTCACAAGGTG-1_1,Epidermal,Shoot system epidermis,,2,0,2,5,1,8
GTCCACTCACAGAAGC-1_1,Epidermal,Mesophyll,,1,2,1,0,0,2
GTCCACTCAGCAATTC-1_2,Meristematic,Root procambium,,0,0,0,1,1,4
GTCCACTGTGGCCACT-1_5,Mesophyll,Mesophyll,,1,2,1,0,0,2
GTCCACTTCAGGACGA-1_3,Epidermal,Root endodermis,,0,0,0,5,1,8
GTCCACTTCTGTCAGA-1_5,Epidermal,Lateral root cap,,0,0,0,1,7,4
GTCCCATAGAAGTCTA-1_3,Mesophyll,Root endodermis,,0,0,0,5,1,0
GTCCCATAGCACTCAT-1_3,Epidermal,Mesophyll,,1,2,1,0,0,2
GTCCCATAGTAGGGTC-1_6,Mesophyll,Root procambium,,0,0,0,1,7,4
GTCCCATCAACGACTT-1_4,Epidermal,Root procambium,,0,0,0,1,7,7
GTCCCATCAGCTGAGA-1_1,Epidermal,Root endodermis,,0,0,0,5,1,8
GTCCCATGTATTCTCT-1_5,Meristematic,Vascular cambium,,0,0,0,1,1,9
GTCCCATGTCACTCAA-1_3,Stele,Bundle sheath,,0,0,0,1,1,9
GTCCCATGTCAGCGTC-1_3,Mesophyll,Mesophyll,,3,1,3,2,5,5
GTCCCATGTGGTCAAG-1_4,Mesophyll,Cortex,,0,0,0,5,1,7
GTCCCATTCATTTGTC-1_2,Mesophyll,Mesophyll,,1,2,1,0,0,16
GTCCCATTCTAAACGC-1_2,Epidermal,Mesophyll,,3,2,3,2,5,5
GTCCTCAAGGAACTCG-1_2,Mesophyll,Mesophyll,,1,1,1,1,7,14
GTCCTCAAGGCTTTCA-1_6,Epidermal,Root cortex,,4,3,4,8,10,12
GTCCTCAAGGTATCTC-1_3,Epidermal,Non-hair,,0,0,0,1,7,4
GTCCTCAAGTTACTCG-1_3,Epidermal,Bundle sheath,,2,1,2,4,2,1
GTCCTCACAAGTGCAG-1_3,Epidermal,Phloem parenchyma,,0,0,0,5,1,4
GTCCTCAGTCACAGTT-1_2,Meristematic,Mesophyll,,1,2,1,0,0,2
GTCCTCAGTCCCAAAT-1_6,Mesophyll,Mesophyll,,0,0,0,1,4,9
GTCCTCAGTGAACCGA-1_5,Mesophyll,Root cortex,,3,1,3,2,9,15
GTCCTCAGTGCACATT-1_2,Epidermal,Leaf guard cell,,0,0,0,1,1,4
GTCCTCAGTTGCTAGT-1_4,Mesophyll,Mesophyll,,1,2,1,0,0,2
GTCCTCATCACCTCAC-1_5,Epidermal,Root cortex,,2,1,2,4,2,1
GTCCTCATCAGGGTAG-1_2,Meristematic,Non-hair,,2,1,2,3,3,3
GTCCTCATCATGCCGG-1_1,Meristematic,Vascular cambium,,4,3,4,8,10,12
GTCCTCATCCTACGGG-1_3,Epidermal,Root procambium,,0,0,0,1,7,7
GTCCTCATCCTTGACC-1_4,Mesophyll,Root procambium,,0,0,0,1,7,13
GTCCTCATCGATACTG-1_3,Mesophyll,Mesophyll,,3,1,3,2,5,5
GTCCTCATCGCAGAGA-1_1,Mesophyll,Phloem,,0,0,0,1,4,13
GTCCTCATCGGATAAA-1_1,Mesophyll,Leaf guard cell,,0,0,0,1,1,4
GTCGAATAGATGGTCG-1_6,Mesophyll,Mesophyll,,1,2,1,0,0,2
GTCGAATAGCAACTCT-1_2,Epidermal,Sieve element,,0,0,0,1,1,9
GTCGAATCAACGAGGT-1_5,Stele,Leaf pavement cell,,0,0,0,6,1,4
GTCGAATCAGAGGGTT-1_3,Mesophyll,Mesophyll,,1,2,1,0,0,2
GTCGAATGTAACCAGG-1_5,Mesophyll,Shoot system epidermis,,0,0,0,1,1,4
GTCGAATGTACCCGAC-1_3,Epidermal,Mesophyll,,0,0,0,6,6,6
GTCGAATGTGTCTAAC-1_5,Mesophyll,Mesophyll,,1,2,1,7,9,11
GTCGAATGTTAGGCTT-1_6,Mesophyll,Root procambium,,0,0,0,1,7,4
GTCGAATTCCCTTGGT-1_3,Mesophyll,Root cap,,1,2,1,0,4,7
GTCGCGACAAGAAACT-1_4,Mesophyll,Root cortex,,2,1,2,4,2,1
GTCGCGACAGCACAAG-1_2,Epidermal,Mesophyll,,5,2,5,9,4,17
GTCGCGAGTATACCCA-1_5,Mesophyll,Mesophyll,,3,2,3,7,9,11
GTCGCGAGTCCTGTCT-1_4,Stele,Mesophyll,,3,1,3,2,5,5
GTCGCGAGTGTCTTGA-1_2,Mesophyll,Root endodermis,,2,1,2,4,5,5
GTCGCGAGTTGCTTGA-1_2,Epidermal,Root endodermis,,0,0,0,5,1,8
GTCGCGATCTCAAAGC-1_6,Mesophyll,Root endodermis,,2,0,2,6,6,6
GTCGTAAAGAACCCGA-1_6,Stele,Root endodermis,,0,0,0,5,7,8
GTCGTAAAGACAGTCG-1_5,Mesophyll,Cortex,,3,1,3,2,8,10
GTCGTAAAGAGAGCGG-1_1,Epidermal,Root cortex,,3,1,3,2,5,5
GTCGTAAGTATCGATC-1_5,Epidermal,Leaf pavement cell,,2,0,2,3,3,9
GTCGTAAGTGCGAACA-1_5,Mesophyll,Mesophyll,,3,2,3,2,5,2
GTCGTAAGTGTCCGGT-1_4,Stele,Phloem,,4,3,4,8,10,12
GTCGTAATCTCTAAGG-1_3,Meristematic,Shoot system epidermis,,2,1,2,3,3,3
GTCGTTCAGCGTTGTT-1_1,Epidermal,Root cortex,,3,1,3,2,5,5
GTCGTTCAGGAATTAC-1_4,Epidermal,Explant vasculature and callus founder cell,,2,0,2,3,3,3
GTCGTTCGTGAACCGA-1_6,Epidermal,Mesophyll,,1,2,1,0,0,0
GTCGTTCGTGCACAAG-1_5,Epidermal,Mesophyll,,3,0,3,1,4,9
GTCGTTCGTGTCGATT-1_4,Epidermal,Mesophyll,,3,1,3,2,8,5
GTCGTTCTCGGAATGG-1_4,Epidermal,Root cortex,,3,1,3,1,4,9
GTCGTTCTCTCCTGTG-1_6,Epidermal,Shoot system epidermis,,2,1,2,3,3,3
GTCTACCAGCTCCGAC-1_3,Mesophyll,Mesophyll,,4,3,4,8,10,12
GTCTACCCAACCCTAA-1_1,Epidermal,Root cortex,,0,0,0,6,6,6
GTCTACCCAAGGGCAT-1_6,Epidermal,Root cortex,,2,1,2,6,2,6
GTCTACCGTACGACAG-1_6,Epidermal,Mesophyll,,1,2,1,0,0,16
GTCTACCGTTCGGGTC-1_1,Mesophyll,Root cortex,,4,3,4,8,10,12
GTCTACCTCCTCTCTT-1_4,Epidermal,Leaf guard cell,,0,0,0,1,7,4
GTCTACCTCGGCCCAA-1_5,Epidermal,Root cap,,3,1,3,2,5,5
GTCTACCTCGGCCTTT-1_2,Epidermal,Columella root cap,,0,0,0,1,7,4
GTCTACCTCTCTAAGG-1_5,Mesophyll,Root cap,,3,1,3,4,2,1
GTCTACCTCTCTTCAA-1_3,Epidermal,Xylem,,2,1,2,4,2,1
GTCTAGAAGAATTCAG-1_3,Epidermal,Root cortex,,2,1,2,3,3,3
GTCTAGAAGCCTCAAT-1_1,Epidermal,Mesophyll,,1,2,1,0,0,0
GTCTAGAAGCGGTAGT-1_3,Mesophyll,Mesophyll,,3,1,3,2,5,5
GTCTAGAAGGCCCGTT-1_4,Mesophyll,Mesophyll,,1,2,1,7,9,11
GTCTAGACAGGACTAG-1_2,Epidermal,Mesophyll,,1,2,1,0,0,0
GTCTAGACAGTCGCTG-1_5,Epidermal,Mesophyll,,0,0,0,6,6,6
GTCTAGAGTCCCTGTT-1_1,Stele,Shoot system epidermis,,0,0,0,1,7,4
GTCTAGAGTTAAGAAC-1_5,Mesophyll,Root cortex,,2,1,2,4,2,1
GTCTAGAGTTCTCGTC-1_4,Epidermal,Cortex,,3,1,3,4,2,1
GTCTAGATCAGTGGGA-1_2,Mesophyll,Mesophyll,,3,1,3,2,5,5
GTCTAGATCCTATGGA-1_1,Mesophyll,Mesophyll,,4,3,4,8,10,12
GTCTAGATCCTTGAAG-1_5,Mesophyll,Root cortex,,2,1,2,4,2,1
GTCTAGATCGTCCATC-1_6,Epidermal,Mesophyll,,1,2,1,0,0,2
GTCTCACCAAAGGAGA-1_6,Mesophyll,Root cap,,0,0,0,6,1,8
GTCTCACCAAGAAACT-1_3,Stele,Xylem,,0,0,0,5,1,7
GTCTCACCACTTCAAG-1_6,Mesophyll,Mesophyll,,3,1,3,2,5,5
GTCTCACCACTTCCTG-1_2,Mesophyll,Mesophyll,,3,1,3,2,5,5
GTCTCACCAGCGCGTT-1_4,Stele,Root cortex,,2,1,2,3,3,3
GTCTCACCATTCAGGT-1_4,Epidermal,Mesophyll,,0,0,0,1,1,9
GTCTCACGTGTGATGG-1_3,Epidermal,Mesophyll,,1,2,1,0,0,2
GTCTCACTCCACATAG-1_4,Mesophyll,Mesophyll,,1,2,1,0,0,2
GTCTCACTCCGTGGTG-1_1,Epidermal,Root endodermis,,2,1,2,3,2,1
GTCTCACTCCTCTCTT-1_6,Mesophyll,Mesophyll,,1,2,1,0,0,2
GTCTCACTCTTCGTGC-1_1,Mesophyll,Root endodermis,,0,0,0,5,1,4
GTCTGTCCACACCAGC-1_3,Epidermal,Root endodermis,,0,0,0,5,1,4
GTCTGTCGTTCTTGCC-1_4,Mesophyll,Mesophyll,,1,2,1,0,0,10
GTCTGTCTCAACTGGT-1_5,Epidermal,Lateral root cap,,5,4,5,9,11,18
GTCTGTCTCATCGCTC-1_5,Mesophyll,Root cortex,,3,1,3,2,5,5
GTCTGTCTCTTGTTAC-1_4,Epidermal,Root endodermis,,0,0,0,5,1,8
GTCTTTAAGCAGGTCA-1_6,Epidermal,Root endodermis,,0,0,0,5,1,8
GTCTTTAAGCTTAAGA-1_5,Epidermal,Leaf pavement cell,,2,1,2,3,3,3
GTCTTTAAGGGATCGT-1_4,Epidermal,Xylem,,2,1,2,4,2,1
GTCTTTAAGGTTGGAC-1_2,Epidermal,Mesophyll,,1,2,1,0,0,0
GTCTTTACACTACGGC-1_4,Mesophyll,Mesophyll,,1,2,1,0,0,16
GTCTTTACACTTTATC-1_5,Stele,Root cortex,,1,0,1,1,7,14
GTCTTTATCCAGCAAT-1_2,Epidermal,Mesophyll,,1,2,1,0,0,16
GTCTTTATCGACGATT-1_2,Mesophyll,Mesophyll,,1,2,1,0,0,2
GTGACGCCAACCAGAG-1_1,Mesophyll,Mesophyll,,0,0,0,7,9,8
GTGACGCCACGTAACT-1_4,Mesophyll,Cortex,,4,3,4,8,10,12
GTGACGCCATCATCCC-1_2,Mesophyll,Mesophyll,,1,2,1,0,0,2
GTGACGCCATCGCTGG-1_3,Epidermal,Root cap,,0,0,0,1,1,9
GTGACGCGTCACTAGT-1_3,Epidermal,Lateral root cap,,0,0,0,5,1,8
GTGACGCGTCATCGCG-1_4,Stele,Root endodermis,,0,0,0,5,1,8
GTGACGCTCGTGTTCC-1_5,Epidermal,Explant vasculature and callus founder cell,,1,2,1,6,0,7
GTGAGCCAGAATCGTA-1_6,Mesophyll,Mesophyll,,1,2,1,7,9,11
GTGAGCCCAGAAATTG-1_2,Stele,Mesophyll,,3,1,3,2,5,5
GTGAGCCCAGTGCGCT-1_2,Epidermal,Mesophyll,,1,2,1,0,4,17
GTGAGCCCATAGAAAC-1_2,Mesophyll,Root cortex,,2,0,2,3,3,7
GTGAGCCCATCTATCT-1_2,Mesophyll,Mesophyll,,1,2,1,0,0,0
GTGAGCCGTCACTTCC-1_3,Epidermal,Root endodermis,,0,0,0,1,1,9
GTGAGCCGTCGAACAG-1_2,Epidermal,Root cap,,3,1,3,1,4,7
GTGAGCCGTTCGGTCG-1_6,Epidermal,Root cap,,0,0,0,1,7,4
GTGAGCCTCCAACTAG-1_1,Epidermal,Root endodermis,,5,4,5,9,11,18
GTGAGCCTCGCATGAT-1_6,Epidermal,Root procambium,,1,0,1,0,0,0
GTGAGCCTCGCTGTTC-1_6,Mesophyll,Cortex,,3,1,3,4,5,5
GTGAGCCTCGTTCTGC-1_1,Mesophyll,Root cortex,,0,0,0,5,1,8
GTGAGCCTCTACAGGT-1_4,Mesophyll,Leaf pavement cell,,2,1,2,3,3,3
GTGAGCCTCTGGCCAG-1_3,Epidermal,Leaf pavement cell,,2,1,2,3,3,3
GTGAGCCTCTGTCGCT-1_2,Epidermal,Root cortex,,2,0,2,3,3,9
GTGAGGAAGCGTCAGA-1_5,Meristematic,Leaf pavement cell,,2,1,2,3,3,3
GTGAGGAAGCTACTGT-1_1,Epidermal,Mesophyll,,1,0,1,6,6,9
GTGAGGAAGGCGCTTC-1_4,Mesophyll,Root cortex,,3,1,3,4,2,1
GTGAGGAAGTGAATAC-1_6,Epidermal,Root endodermis,,2,0,2,3,1,7
GTGAGGACATCCCACT-1_1,Stele,Root cap,,2,1,2,4,2,1
GTGAGGAGTAAGCTCT-1_5,Mesophyll,Mesophyll,,0,0,0,6,6,6
GTGAGGAGTCATGACT-1_6,Mesophyll,Mesophyll,,1,2,1,7,9,11
GTGAGGAGTCTTACAG-1_4,Mesophyll,Bundle sheath,,0,0,0,1,1,9
GTGAGGAGTGGTCTGC-1_6,Epidermal,Leaf pavement cell,,2,1,2,3,3,3
GTGAGGATCACAACCA-1_6,Stele,Root endodermis,,0,0,0,1,1,7
GTGAGGATCTATCGCC-1_1,Epidermal,Root cortex,,2,1,2,4,2,1
GTGAGGATCTGCCTCA-1_5,Epidermal,Root endodermis,,2,1,2,3,7,7
GTGAGTTAGACTTAAG-1_1,Epidermal,Root cortex,,1,2,1,3,0,3
GTGAGTTAGATGATTG-1_2,Mesophyll,Root endodermis,,0,0,0,5,9,11
GTGAGTTAGTTTGTCG-1_6,Mesophyll,Root cortex,,2,1,2,4,2,1
GTGAGTTCAAGTCGTT-1_1,Mesophyll,Mesophyll,,1,2,1,0,8,16
GTGAGTTCAGTCCCGA-1_2,Epidermal,Non-hair,,0,0,0,1,7,4
GTGAGTTCAGTTACCA-1_1,Epidermal,Mesophyll,,0,2,0,1,9,11
GTGAGTTGTAGACGGT-1_2,Epidermal,Root cortex,,2,0,2,3,1,4
GTGAGTTGTAGTGATA-1_2,Epidermal,Root cortex,,2,1,2,3,3,3
GTGAGTTGTCACTCTC-1_1,Mesophyll,Root cortex,,3,1,3,2,5,5
GTGAGTTGTGCTGTCG-1_2,Epidermal,Mesophyll,,2,1,2,3,3,3
GTGAGTTTCCTAAGTG-1_3,Epidermal,Mesophyll,,1,2,1,0,0,2
GTGAGTTTCGGTAGAG-1_4,Mesophyll,Mesophyll,,1,2,1,0,0,0
GTGAGTTTCTATCGCC-1_3,Mesophyll,Root endodermis,,4,3,4,8,10,12
GTGATGTAGATAGTGT-1_5,Epidermal,Non-hair,,0,0,0,1,7,4
GTGATGTCAAAGGCTG-1_1,Mesophyll,Root cortex,,2,0,2,4,2,7
GTGATGTCAAGATGGC-1_4,Mesophyll,Shoot system epidermis,,2,1,2,3,2,1
GTGATGTGTATACGGG-1_1,Stele,Phloem parenchyma,,0,0,0,1,7,13
GTGATGTGTGCCCAGT-1_6,Mesophyll,Root cortex,,3,1,3,2,8,10
GTGATGTTCAATCGGT-1_3,Epidermal,Mesophyll,,0,0,0,6,6,7
GTGATGTTCTAACGCA-1_1,Epidermal,Root cortex,,2,1,2,4,2,1
GTGCACGAGACATACA-1_2,Mesophyll,Bundle sheath,,1,2,1,1,7,13
GTGCACGAGCCTGCCA-1_2,Epidermal,Bundle sheath,,4,3,4,8,10,12
GTGCACGAGGATACCG-1_4,Epidermal,Vegetative nuclei,,4,3,4,8,10,12
GTGCACGCACAACATC-1_2,Mesophyll,Mesophyll,,1,2,1,0,0,2
GTGCACGCACAACGAG-1_5,Stele,Vascular cambium,,0,0,0,1,4,9
GTGCACGCAGGCTACC-1_2,Mesophyll,Mesophyll,,0,0,0,6,6,6
GTGCACGCAGTTTGGT-1_5,Mesophyll,Mesophyll,,3,1,3,2,8,1
GTGCACGCATTGTACG-1_4,Epidermal,Root endodermis,,0,0,0,1,7,4
GTGCACGGTTGCCGAC-1_6,Epidermal,Non-hair,,0,0,0,5,3,14
GTGCACGTCAAGTGGG-1_4,Mesophyll,Mesophyll,,0,0,0,6,6,6
GTGCACGTCCCATAGA-1_5,Mesophyll,Phloem pole pericycle,,0,0,0,6,6,6
GTGCACGTCTATCGCC-1_2,Epidermal,Root endodermis,,5,4,5,9,11,18
GTGCAGCAGAGGCGGA-1_3,Epidermal,Mesophyll,,1,1,1,2,5,16
GTGCAGCAGCCACCGT-1_2,Stele,Mesophyll,,1,2,1,0,0,2
GTGCAGCAGGGCCCTT-1_3,Stele,Generative nuclei,,4,3,4,8,10,12
GTGCAGCAGGTTCTTG-1_3,Mesophyll,Root endodermis,,1,2,1,0,0,19
GTGCAGCCACAATGTC-1_6,Mesophyll,Root cortex,,3,1,3,4,2,1
GTGCAGCCATATCTCT-1_6,Epidermal,Root endodermis,,0,0,0,6,6,6
GTGCAGCTCCCATTCG-1_2,Epidermal,Root endodermis,,0,0,0,5,1,8
GTGCAGCTCTAGAACC-1_3,Mesophyll,Mesophyll,,3,1,3,2,9,10
GTGCAGCTCTTAGCTT-1_4,Stele,Vascular cambium,,0,2,0,1,4,13
GTGCGTGAGAATTGCA-1_4,Epidermal,Mesophyll,,1,2,1,7,9,11
GTGCGTGAGATGCGAC-1_3,Mesophyll,Root cortex,,3,1,3,2,5,5
GTGCGTGAGATTCGCT-1_1,Stele,Shoot system epidermis,,0,0,0,1,1,9
GTGCGTGCACGACTAT-1_5,Mesophyll,Mesophyll,,1,2,1,0,0,2
GTGCGTGCAGACCTGC-1_2,Epidermal,Root cortex,,3,1,3,2,5,5
GTGCGTGCAGTATTCG-1_2,Epidermal,Explant vasculature and callus founder cell,,2,0,2,5,1,7
GTGCGTGGTCCTGTCT-1_5,Epidermal,Root procambium,,0,0,0,6,1,4
GTGCGTGGTCTGTGAT-1_5,Mesophyll,Explant vasculature and callus founder cell,,0,0,0,1,7,13
GTGCGTGTCATTGGTG-1_2,Epidermal,Root epidermis,,2,1,2,3,3,3
GTGCTGGAGCAACCAG-1_4,Mesophyll,Mesophyll,,1,2,1,0,6,0
GTGCTGGCAAACACGG-1_4,Mesophyll,Mesophyll,,1,2,1,0,0,16
GTGCTGGCACAGTCCG-1_4,Mesophyll,Mesophyll,,1,2,1,0,4,0
GTGCTGGCACTGGCCA-1_4,Epidermal,Root endodermis,,3,1,3,2,5,5
GTGCTGGCATCACCAA-1_1,Mesophyll,Mesophyll,,1,2,1,0,0,2
GTGCTGGCATGATGCT-1_3,Meristematic,Root endodermis,,2,0,2,5,1,8
GTGCTGGGTAGGGTAC-1_5,Epidermal,Columella root cap,,0,0,0,1,1,4
GTGCTGGGTCATGACT-1_4,Mesophyll,Root cortex,,3,1,3,2,5,5
GTGCTGGGTCGAAGCA-1_4,Epidermal,Root endodermis,,0,0,0,5,1,7
GTGCTGGGTCGGCTAC-1_1,Mesophyll,Bundle sheath,,0,0,0,1,1,4
GTGCTGGGTTGGGAAC-1_3,Mesophyll,Sieve element,,0,0,0,1,1,4
GTGCTGGTCAGTGGGA-1_3,Epidermal,Explant vasculature and callus founder cell,,2,1,2,4,7,7
GTGCTGGTCGATGGAG-1_6,Epidermal,Mesophyll,,1,2,1,0,0,2
GTGCTGGTCGGACGTC-1_5,Epidermal,Cortex,,3,1,3,2,5,5
GTGCTTCAGAAGGTAG-1_6,Mesophyll,Leaf guard cell,,0,0,0,6,6,6
GTGCTTCAGGCTAAAT-1_1,Mesophyll,Root endodermis,,4,3,4,8,10,12
GTGCTTCAGTGACACG-1_5,Mesophyll,Root cortex,,2,0,2,4,2,7
GTGCTTCAGTTGCTCA-1_4,Epidermal,Phloem parenchyma,,0,0,0,5,1,4
GTGCTTCCAATCGTCA-1_4,Epidermal,Mesophyll,,0,0,0,6,6,6
GTGCTTCCACAGTCAT-1_2,Epidermal,Mesophyll,,1,2,1,0,8,16
GTGCTTCCATGACGGA-1_2,Meristematic,Mesophyll,,3,2,3,2,4,0
GTGCTTCGTACAGCGA-1_2,Epidermal,Root endodermis,,0,0,0,5,1,7
GTGCTTCGTCCCAAAT-1_3,Mesophyll,Root cortex,,3,1,3,2,8,15
GTGCTTCGTGATAGTA-1_6,Mesophyll,Root procambium,,0,0,0,1,4,13
GTGCTTCTCGACCATA-1_2,Epidermal,Mesophyll,,1,2,1,0,0,0
GTGCTTCTCTTAATCC-1_1,Stele,Root endodermis,,0,0,0,6,6,6
GTGGAAGAGACCAAAT-1_3,Epidermal,Sieve element,,0,0,0,1,7,4
GTGGAAGAGCAATAAC-1_4,Epidermal,Phloem pole pericycle,,0,0,0,1,3,14
GTGGAAGAGCTGTCCG-1_4,Mesophyll,Mesophyll,,3,1,3,2,8,11
GTGGAAGCAAGCTGTT-1_5,Epidermal,Root endodermis,,0,0,0,5,1,8
GTGGAAGTCAGGAAGC-1_6,Mesophyll,Mesophyll,,1,2,1,0,0,16
GTGGAGAAGAAGCTGC-1_6,Epidermal,Vascular cambium,,5,2,5,9,4,17
GTGGAGAAGCAGGGAG-1_2,Mesophyll,Mesophyll,,1,2,1,7,9,11
GTGGAGAAGGTGAGCT-1_3,Mesophyll,Mesophyll,,3,1,3,2,8,11
GTGGAGAAGTATGAGT-1_4,Stele,Root procambium,,0,0,0,6,6,6
GTGGAGAAGTCACACT-1_1,Epidermal,Root cortex,,2,1,2,4,2,1
GTGGAGACACAGGATG-1_1,Mesophyll,Root procambium,,0,0,0,6,6,6
GTGGAGACACTTGAAC-1_2,Epidermal,Mesophyll,,1,2,1,0,0,2
GTGGAGACAGAACGCA-1_1,Mesophyll,Root cortex,,2,1,2,7,9,11
GTGGAGAGTAACTTCG-1_6,Epidermal,Leaf pavement cell,,2,1,2,3,3,3
GTGGAGAGTAGCGTAG-1_1,Mesophyll,Root procambium,,0,0,0,5,1,8
GTGGAGAGTCTCCTGT-1_4,Mesophyll,Phloem parenchyma,,0,0,0,5,1,8
GTGGAGAGTGGACAGT-1_2,Mesophyll,Mesophyll,,0,0,0,6,6,11
GTGGAGAGTTGCCTAA-1_3,Epidermal,Root endodermis,,2,1,2,3,3,3
GTGGAGATCAAGTAAG-1_4,Mesophyll,Mesophyll,,1,2,1,6,6,11
GTGGAGATCTACACTT-1_2,Epidermal,Root cortex,,3,1,3,2,8,0
GTGGCGTAGGAAGTGA-1_3,Mesophyll,Mesophyll,,1,2,1,0,0,2
GTGGCGTCAACTTGGT-1_5,Epidermal,Mesophyll,,3,1,3,0,3,0
GTGGCGTCATAAGCAA-1_4,Epidermal,Root cortex,,2,1,2,3,3,3
GTGGCGTGTGACTCGC-1_2,Mesophyll,Mesophyll,,3,1,3,2,8,10
GTGGCGTTCATCGTAG-1_5,Stele,Phloem pole pericycle,,0,0,0,1,1,4
GTGGCGTTCGTGACTA-1_3,Epidermal,Flower meristem,,0,2,0,1,4,17
GTGGCGTTCTCTGACC-1_6,Stele,Mesophyll,,1,2,1,0,0,0
GTGGCGTTCTTGATTC-1_6,Stele,Root procambium,,0,0,0,1,1,4
GTGGGAACAAGCCTGC-1_4,Epidermal,Mesophyll,,3,1,3,2,5,5
GTGGGAACAAGTTTGC-1_4,Mesophyll,Mesophyll,,1,2,1,0,0,2
GTGGGAAGTACCGGCT-1_6,Epidermal,Root cortex,,2,1,2,3,3,3
GTGGGAATCAGAGTTC-1_4,Epidermal,Root cap,,2,1,2,4,2,1
GTGGGAATCCGGACTG-1_5,Epidermal,Flower meristem,,0,0,0,0,1,0
GTGGTTAAGGCAGGTT-1_2,Mesophyll,Cortex,,3,1,3,2,5,5
GTGGTTAAGTAAACTG-1_4,Epidermal,Root cortex,,1,2,1,0,0,2
GTGGTTAAGTTCATCG-1_3,Stele,Mesophyll,,1,2,1,0,4,0
GTGGTTAGTACGGCAA-1_6,Epidermal,Mesophyll,,1,2,1,0,0,2
GTGGTTAGTAGGGTAC-1_4,Stele,Vascular cambium,,0,0,0,1,1,4
GTGGTTAGTCACAATC-1_5,Meristematic,Mesophyll,,1,2,1,0,0,0
GTGGTTAGTGCCCAGT-1_3,Epidermal,Root cap,,0,0,0,1,1,9
GTGGTTAGTTTACGTG-1_5,Mesophyll,Mesophyll,,3,1,3,2,5,5
GTGGTTATCAGAGCAG-1_5,Epidermal,Lateral root cap,,5,4,5,9,11,18
GTGGTTATCGAGAACG-1_3,Meristematic,Phloem,,0,0,0,1,4,9
GTGGTTATCGCAGTCG-1_4,Mesophyll,Mesophyll,,1,2,1,0,0,2
GTGGTTATCTATCGCC-1_4,Epidermal,Leaf pavement cell,,0,0,0,6,1,4
GTGGTTATCTTCCAGC-1_1,Epidermal,Root procambium,,5,2,5,1,4,17
GTGTAACCAAGTATCC-1_1,Epidermal,Root cortex,,2,1,2,4,2,1
GTGTAACGTAATGCGG-1_3,Epidermal,Root endodermis,,2,0,2,3,1,7
GTGTAACGTAGCGTAG-1_2,Epidermal,Xylem,,0,1,0,3,4,3
GTGTAACTCACCGGTG-1_1,Mesophyll,Root cortex,,3,1,3,1,4,15
GTGTAACTCATCCCGT-1_4,Mesophyll,Mesophyll,,3,1,3,2,5,5
GTGTAACTCCTCTGCA-1_6,Epidermal,Non-hair,,3,1,3,2,2,1
GTGTAACTCGTTCGCT-1_3,Epidermal,Root cortex,,2,1,2,4,2,1
GTGTAACTCTGGGCAC-1_1,Mesophyll,Cortex,,3,1,3,2,2,1
GTGTCCTAGGAGCAAA-1_1,Mesophyll,Mesophyll,,1,2,1,7,9,11
GTGTCCTCAAGTGCAG-1_4,Mesophyll,Root cortex,,2,1,2,3,2,1
GTGTCCTCACCGCTGA-1_4,Mesophyll,Guard cell,,3,1,3,2,5,5
GTGTCCTCACGGTGCT-1_3,Mesophyll,Cortex,,2,1,2,4,2,1
GTGTCCTCAGTTGCGC-1_1,Epidermal,Non-hair,,0,0,0,5,1,7
GTGTCCTCATGGCACC-1_5,Meristematic,Mesophyll,,1,2,1,0,0,2
GTGTCCTCATTGTGCA-1_3,Epidermal,Non-hair,,4,3,4,8,10,12
GTGTCCTGTAACATCC-1_4,Epidermal,Root procambium,,1,0,1,1,7,14
GTGTCCTGTCATGCAT-1_6,Meristematic,Non-hair,,0,0,0,1,7,13
GTGTCCTGTGCGGATA-1_2,Epidermal,Mesophyll,,0,0,0,4,1,12
GTGTCCTGTTCAAACC-1_4,Mesophyll,Leaf pavement cell,,2,1,2,3,3,3
GTGTCCTGTTTACTTC-1_3,Epidermal,Mesophyll,,3,1,3,2,5,5
GTGTCCTTCGGTCGGT-1_4,Epidermal,Non-hair,,0,0,0,5,1,13
GTGTGATAGCGTGTCC-1_1,Epidermal,Mesophyll,,3,1,3,2,5,5
GTGTGATCAAGGTCAG-1_2,Mesophyll,Mesophyll,,0,0,0,6,6,16
GTGTGATCACCAATTG-1_1,Mesophyll,Root cortex,,3,1,3,1,7,15
GTGTGATCAGTATACC-1_3,Mesophyll,Mesophyll,,3,1,3,2,5,5
GTGTGATCATCTTTCA-1_3,Epidermal,Mesophyll,,3,1,3,2,5,5
GTGTGATGTACGCTAT-1_4,Meristematic,Mesophyll,,3,1,3,1,4,9
GTGTGATGTAGCCCTG-1_5,Epidermal,Cortex,,2,2,2,0,5,2
GTGTGATGTGAGGATC-1_4,Epidermal,Microspore nuclei,,0,0,0,5,1,7
GTGTGGCCACAGCTTA-1_5,Epidermal,Mesophyll,,3,1,3,2,4,15
GTGTGGCCACCACATA-1_2,Epidermal,Root cortex,,2,1,2,3,3,3
GTGTGGCCATGCGGTC-1_5,Stele,Root endodermis,,1,2,1,0,0,0
GTGTGGCGTAGGATAT-1_4,Epidermal,Mesophyll,,1,2,1,0,0,2
GTGTGGCGTTACACTG-1_2,Mesophyll,Mesophyll,,1,2,1,0,0,2
GTGTGGCTCAGGGTAG-1_1,Stele,Phloem parenchyma,,0,0,0,5,1,8
GTGTGGCTCATTCGGA-1_2,Epidermal,Vascular cambium,,0,0,0,1,1,4
GTGTGGCTCCGTCCTA-1_2,Stele,Columella root cap,,3,1,3,4,2,1
GTGTGGCTCGTAGGAG-1_1,Epidermal,Lateral root cap,,0,0,0,1,7,4
GTGTTAGAGAGCCTGA-1_1,Mesophyll,Leaf pavement cell,,0,0,0,6,6,4
GTGTTAGAGGTTTACC-1_5,Mesophyll,Root cortex,,2,1,2,3,3,3
GTGTTAGCAAGCAGGT-1_4,Epidermal,Root cortex,,3,1,3,2,8,10
GTGTTAGCATCCAATG-1_6,Epidermal,Root endodermis,,0,0,0,1,4,15
GTGTTAGGTAGCCCTG-1_6,Epidermal,Root endodermis,,0,0,0,5,1,8
GTGTTAGGTCGACTGC-1_2,Mesophyll,Mesophyll,,1,2,1,0,0,0
GTGTTAGGTCTCTCAC-1_2,Mesophyll,Mesophyll,,1,2,1,7,9,11
GTGTTAGGTTGCTCAA-1_6,Epidermal,Vascular cambium,,4,3,4,8,10,12
GTGTTAGTCGCGCCAA-1_5,Epidermal,Non-hair,,1,1,1,1,3,14
GTGTTAGTCTGTACAG-1_2,Epidermal,Mesophyll,,0,0,0,1,6,9
GTGTTCCAGACCATTC-1_5,Mesophyll,Mesophyll,,3,0,3,6,6,6
GTGTTCCAGATCACCT-1_3,Epidermal,Root endodermis,,0,0,0,5,1,8
GTGTTCCAGTAGGTTA-1_3,Mesophyll,Cortex,,3,1,3,2,5,5
GTGTTCCGTAGTCTTG-1_5,Epidermal,Mesophyll,,1,2,1,0,0,2
GTGTTCCGTGCATTAC-1_1,Mesophyll,Root cortex,,2,1,2,3,2,1
GTGTTCCTCACATACG-1_2,Epidermal,Mesophyll,,0,0,0,1,1,4
GTGTTCCTCCACTAGA-1_1,Meristematic,Phloem parenchyma,,0,0,0,1,1,4
GTGTTCCTCGACCTAA-1_5,Meristematic,Root cortex,,3,1,3,2,8,15
GTGTTCCTCTTCGGAA-1_3,Mesophyll,Root procambium,,0,0,0,1,4,0
GTTACAGCAGTAACAA-1_1,Mesophyll,Root cortex,,3,1,3,4,2,1
GTTACAGGTATCCTCC-1_4,Epidermal,Root cortex,,0,0,0,5,1,7
GTTACAGTCCCTTGTG-1_2,Mesophyll,Mesophyll,,1,2,1,0,0,2
GTTACAGTCCGTAGGC-1_1,Epidermal,Root cap,,0,0,0,1,4,13
GTTACAGTCGCAGATT-1_1,Meristematic,Mesophyll,,3,1,3,2,5,5
GTTACAGTCGTGCACG-1_2,Mesophyll,Root cortex,,2,1,2,4,2,1
GTTACAGTCTTGGTCC-1_6,Stele,Mesophyll,,3,1,3,2,5,10
GTTACCCAGACTTCAC-1_3,Epidermal,Shoot system epidermis,,2,1,2,3,3,3
GTTACCCCACGGTAGA-1_2,Mesophyll,Root cortex,,2,1,2,4,2,1
GTTACCCGTAGCCAGA-1_1,Mesophyll,Generative nuclei,,4,3,4,8,10,12
GTTACCCGTCTACACA-1_5,Mesophyll,Generative nuclei,,1,2,1,0,0,16
GTTACCCTCAGCCTTC-1_3,Mesophyll,Explant vasculature and callus founder cell,,3,1,3,2,5,5
GTTACGAAGGAATGTT-1_3,Epidermal,Phloem parenchyma,,0,0,0,5,1,8
GTTACGACAAGAATGT-1_1,Epidermal,Root endodermis,,0,0,0,3,3,7
GTTACGACAAGTCCCG-1_6,Epidermal,Root cortex,,3,1,3,2,5,5
GTTACGAGTTGCTCAA-1_2,Epidermal,Root endodermis,,5,4,5,9,11,18
GTTACGATCAGCCCAG-1_1,Mesophyll,Mesophyll,,3,1,3,2,5,5
GTTACGATCAGTCTTT-1_5,Mesophyll,Root procambium,,0,0,0,1,1,4
GTTACGATCGAAGTGG-1_5,Epidermal,Mesophyll,,1,2,1,0,0,2
GTTACGATCTACGGGC-1_6,Epidermal,Mesophyll,,1,2,1,0,0,2
GTTAGACAGCGCCTCA-1_4,Epidermal,Columella root cap,,0,0,0,1,1,4
GTTAGACAGGCGCTTC-1_5,Epidermal,Root endodermis,,0,0,0,6,6,6
GTTAGACAGGTAAAGG-1_2,Epidermal,Mesophyll,,1,2,1,0,0,16
GTTAGACAGGTGGGTT-1_5,Epidermal,Mesophyll,,3,1,3,2,8,10
GTTAGACCAAAGCACG-1_6,Epidermal,Phloem parenchyma,,0,0,0,1,1,4
GTTAGACCAAGGGCAT-1_2,Mesophyll,Non-hair,,0,0,0,1,7,13
GTTAGACCAGATCACT-1_1,Mesophyll,Mesophyll,,3,1,3,6,6,6
GTTAGACCATAGATCC-1_4,Mesophyll,Root cortex,,3,1,3,2,5,5
GTTAGACGTCCAGCGT-1_5,Epidermal,Leaf pavement cell,,2,1,2,3,3,3
GTTAGACGTTAAGGAT-1_1,Epidermal,Root endodermis,,5,4,5,9,11,18
GTTAGACTCACTCGAA-1_1,Epidermal,Root cortex,,2,1,2,4,2,1
GTTAGACTCCAAGGGA-1_6,Mesophyll,Shoot system epidermis,,2,1,2,3,3,3
GTTAGACTCCAGCACG-1_2,Stele,Mesophyll,,0,0,0,1,4,0
GTTAGACTCCCGTTCA-1_2,Mesophyll,Shoot system epidermis,,0,0,0,1,1,4
GTTAGACTCGTAACCA-1_5,Epidermal,Root cap,,0,0,0,7,9,11
GTTAGTGAGAGATTCA-1_1,Mesophyll,Mesophyll,,1,2,1,0,5,2
GTTAGTGAGCACTCTA-1_5,Mesophyll,Mesophyll,,1,2,1,7,7,14
GTTAGTGAGTATGAAC-1_5,Mesophyll,Mesophyll,,3,1,3,2,8,10
GTTAGTGAGTCTGTAC-1_3,Mesophyll,Root procambium,,0,0,0,1,1,8
GTTAGTGCAAGAGTAT-1_5,Mesophyll,Mesophyll,,1,2,1,0,0,2
GTTAGTGCAGTCACGC-1_6,Epidermal,Bundle sheath,,0,0,0,1,4,9
GTTAGTGCAGTCTACA-1_1,Mesophyll,Mesophyll,,0,0,0,1,4,12
GTTAGTGGTCTCAAGT-1_4,Epidermal,Shoot system epidermis,,2,1,2,3,3,3
GTTAGTGTCTATGTGG-1_2,Epidermal,Root cortex,,0,0,0,5,1,7
GTTAGTGTCTTCGTGC-1_2,Stele,Root cortex,,2,0,2,4,2,7
GTTATGGAGCATGAAT-1_1,Mesophyll,Mesophyll,,1,2,1,0,0,13
GTTATGGAGCGCTGCT-1_2,Meristematic,Mesophyll,,1,2,1,1,4,0
GTTATGGAGTGCAGCA-1_2,Meristematic,Leaf pavement cell,,0,0,0,1,1,4
GTTATGGCAAGCTGTT-1_4,Stele,Root cortex,,2,1,2,4,2,1
GTTATGGCACACCGCA-1_3,Mesophyll,Columella root cap,,1,2,1,0,0,0
GTTATGGCACGTCGGT-1_4,Epidermal,Root hair,,5,3,5,8,10,12
GTTATGGCACTATCCC-1_5,Stele,Mesophyll,,1,2,1,0,0,2
GTTATGGGTCCTCATC-1_6,Mesophyll,Root cortex,,2,1,2,4,2,7
GTTATGGGTCGCACGT-1_4,Epidermal,Root endodermis,,0,0,0,5,1,8
GTTATGGGTGTTTGCA-1_5,Stele,Mesophyll,,1,2,1,0,0,2
GTTATGGTCAGCTAGT-1_5,Epidermal,Root endodermis,,0,0,0,5,1,8
GTTATGGTCCTACACC-1_3,Meristematic,Cortex,,2,0,2,6,6,6
GTTCATTAGAGTAACT-1_6,Stele,Mesophyll,,1,2,1,1,7,14
GTTCATTAGCTTGTGT-1_5,Epidermal,Flower meristem,,0,0,0,5,1,0
GTTCATTAGGTTACAA-1_3,Epidermal,Non-hair,,2,1,2,3,3,14
GTTCATTAGGTTAGTA-1_3,Mesophyll,Mesophyll,,3,1,3,2,5,5
GTTCATTAGTAATCCC-1_5,Epidermal,Root cortex,,2,1,2,4,2,1
GTTCATTAGTCTAGCT-1_2,Mesophyll,Mesophyll,,3,1,3,1,4,9
GTTCATTCAAAGTGTA-1_1,Mesophyll,Mesophyll,,3,1,3,7,9,11
GTTCATTCACTGCGTG-1_6,Mesophyll,Root cap,,0,0,0,5,1,16
GTTCATTCATCGGAGA-1_3,Mesophyll,Mesophyll,,1,2,1,7,9,2
GTTCATTGTACCCGCA-1_1,Mesophyll,Mesophyll,,1,2,1,0,0,2
GTTCATTGTCCTTGTC-1_2,Meristematic,Mesophyll,,3,1,3,2,5,5
GTTCATTGTGAATGTA-1_1,Epidermal,Root endodermis,,0,0,0,5,10,8
GTTCATTGTGATACCT-1_3,Mesophyll,Mesophyll,,1,2,1,0,0,0
GTTCATTTCAAAGAAC-1_4,Epidermal,Leaf pavement cell,,2,1,2,3,3,3
GTTCCGTAGTGTCATC-1_2,Mesophyll,Root cap,,0,0,0,1,4,4
GTTCCGTAGTTGAAAC-1_2,Stele,Vascular cambium,,4,3,4,8,10,12
GTTCCGTCAAGCACAG-1_3,Mesophyll,Root endodermis,,0,0,0,6,6,6
GTTCCGTCACCCAAGC-1_3,Epidermal,Mesophyll,,0,0,0,6,6,6
GTTCCGTGTACCGGAA-1_2,Stele,Mesophyll,,1,2,1,0,0,0
GTTCCGTGTCTACGAT-1_4,Epidermal,Root cortex,,1,1,1,7,9,14
GTTCCGTGTCTATGAC-1_2,Epidermal,Columella root cap,,0,0,0,5,1,4
GTTCCGTGTGCTATTG-1_4,Epidermal,Shoot system epidermis,,2,1,2,3,3,3
GTTCCGTGTTTATGCG-1_2,Epidermal,Root endodermis,,0,0,0,6,6,6
GTTCCGTTCATGCCCT-1_1,Guard,Sieve element,,3,1,3,1,7,15
GTTCGCTAGACATGCG-1_2,Epidermal,Mesophyll,,1,2,1,0,0,0
GTTCGCTAGCCTCTCT-1_1,Mesophyll,Root cortex,,2,1,2,3,2,1
GTTCGCTAGCTTTCTT-1_5,Epidermal,Root procambium,,0,0,0,1,4,9
GTTCGCTCAAATAAGC-1_2,Epidermal,Leaf pavement cell,,0,0,0,1,7,13
GTTCGCTCAGAGGCAT-1_5,Stele,Root hair,,1,2,1,0,0,2
GTTCGCTGTCATCCGG-1_3,Mesophyll,Mesophyll,,1,2,1,7,9,11
GTTCGCTGTGGAAATT-1_1,Meristematic,Mesophyll,,3,1,3,2,5,5
GTTCGCTTCCACAAGT-1_3,Mesophyll,Phloem pole pericycle,,0,0,0,5,1,8
GTTCGCTTCGATCCAA-1_4,Epidermal,Columella root cap,,0,0,0,1,1,4
GTTCGCTTCTCGCGTT-1_4,Epidermal,Shoot system epidermis,,2,1,2,3,3,3
GTTCTATAGCTAGAAT-1_3,Stele,Mesophyll,,1,1,1,2,0,0
GTTCTATCAGAGGCAT-1_6,Mesophyll,Mesophyll,,1,2,1,0,0,2
GTTCTATCAGCAAGAC-1_6,Epidermal,Root cortex,,1,2,1,0,0,14
GTTCTATGTAAGGCCA-1_2,Stele,Phloem,,2,1,2,4,2,1
GTTCTATGTGCACATT-1_2,Epidermal,Leaf pavement cell,,2,1,2,3,3,3
GTTCTATGTGCTCTCT-1_2,Stele,Mesophyll,,1,2,1,3,0,3
GTTCTATGTTGCTTGA-1_4,Mesophyll,Mesophyll,,3,1,3,2,5,5
GTTCTATGTTGTGGAG-1_2,Epidermal,Root endodermis,,0,0,0,5,1,8
GTTCTATTCCATTCAT-1_3,Epidermal,Root endodermis,,0,0,0,1,1,4
GTTCTATTCCCGAGGT-1_6,Epidermal,Leaf pavement cell,,0,0,0,3,3,3
GTTCTATTCTACCTTA-1_1,Stele,Vascular cambium,,0,0,0,3,4,14
GTTCTATTCTTACGTT-1_2,Mesophyll,Cortex,,2,1,2,4,2,1
GTTCTATTCTTTGCAT-1_4,Mesophyll,Mesophyll,,1,2,1,7,9,11
GTTGAACAGATGAATC-1_4,Epidermal,Shoot system epidermis,,3,1,3,3,8,10
GTTGAACAGATTAGTG-1_1,Mesophyll,Mesophyll,,1,2,1,0,6,6
GTTGAACCACATGGTT-1_1,Mesophyll,Bundle sheath,,0,0,0,1,4,9
GTTGAACCAGCATACT-1_1,Epidermal,Mesophyll,,3,1,3,2,8,9
GTTGAACGTGGCTGCT-1_4,Epidermal,Mesophyll,,1,2,1,0,0,0
GTTGAACGTTGATCGT-1_3,Stele,Non-hair,,0,1,0,1,3,14
GTTGAACTCAGAGTTC-1_6,Mesophyll,Mesophyll,,3,1,3,2,8,10
GTTGAACTCCGATCTC-1_3,Epidermal,Mesophyll,,3,0,3,1,4,9
GTTGAACTCCGTATGA-1_1,Mesophyll,Mesophyll,,1,2,1,7,9,11
GTTGAACTCGGTCATA-1_5,Stele,Shoot system epidermis,,2,1,2,3,3,3
GTTGCGGCAAGAGATT-1_3,Mesophyll,Non-hair,,3,1,3,2,8,10
GTTGCGGCACAATGTC-1_5,Mesophyll,Cortex,,3,1,3,2,5,5
GTTGCGGCAGGCTATT-1_3,Mesophyll,Root endodermis,,1,0,1,6,6,6
GTTGCGGGTTGCGGAA-1_3,Epidermal,Mesophyll,,1,2,1,0,0,2
GTTGCGGTCCACTGGG-1_3,Epidermal,Root cortex,,2,1,2,4,2,1
GTTGCTCAGCACTCTA-1_2,Mesophyll,Mesophyll,,3,2,3,2,5,5
GTTGCTCAGGAGAGGC-1_1,Epidermal,Cortex,,2,1,2,3,2,1
GTTGCTCAGGGCAGGA-1_4,Mesophyll,Shoot system epidermis,,2,1,2,3,3,3
GTTGCTCAGGTACCTT-1_2,Mesophyll,Cortex,,4,3,4,8,10,12
GTTGCTCCACACCTTC-1_4,Mesophyll,Root cortex,,3,1,3,2,9,5
GTTGCTCCACGACGAA-1_3,Mesophyll,Non-hair,,1,1,1,1,7,14
GTTGCTCCACTAGTAC-1_4,Mesophyll,Non-hair,,3,1,3,7,8,11
GTTGCTCGTCGTTTCC-1_3,Mesophyll,Mesophyll,,1,2,1,0,0,2
GTTGCTCGTGGCCTCA-1_1,Meristematic,Mesophyll,,3,1,3,2,9,15
GTTGCTCGTTCCACGG-1_1,Mesophyll,Mesophyll,,1,2,1,0,0,2
GTTGCTCTCATACGGT-1_1,Epidermal,Root endodermis,,0,0,0,1,1,4
GTTGCTCTCGGCTGTG-1_1,Mesophyll,Root procambium,,0,0,0,1,1,13
GTTGCTCTCGTGGCTG-1_2,Stele,Root cap,,0,0,0,1,4,4
GTTGTAGAGGTGCTTT-1_3,Epidermal,Vascular cambium,,0,0,0,1,7,13
GTTGTAGCAGCAAGAC-1_6,Mesophyll,Mesophyll,,0,0,0,6,6,6
GTTGTAGCATACTTTC-1_6,Mesophyll,Root cortex,,3,1,3,2,2,1
GTTGTAGCATGACTCA-1_5,Mesophyll,Mesophyll,,4,3,4,8,10,12
GTTGTAGGTCTTGCTC-1_2,Epidermal,Root endodermis,,0,0,0,5,1,8
GTTGTAGGTGGGAGAG-1_5,Mesophyll,Mesophyll,,1,2,1,0,0,16
GTTGTAGGTTTATGCG-1_6,Mesophyll,Mesophyll,,1,2,1,0,0,2
GTTGTAGTCACCTCAC-1_4,Epidermal,Root cortex,,2,1,2,3,2,1
GTTGTAGTCACCTCGT-1_1,Stele,Root cortex,,2,1,2,3,7,7
GTTGTAGTCTCCCTAG-1_2,Mesophyll,Mesophyll,,1,2,1,0,0,2
GTTGTCCAGACCAGAC-1_3,Epidermal,Root cap,,0,0,0,5,1,7
GTTGTCCAGTTACGTC-1_4,Mesophyll,Root endodermis,,2,1,2,4,2,1
GTTGTCCCAAATTAGG-1_2,Mesophyll,Mesophyll,,0,0,0,1,1,8
GTTGTCCCAATATCCG-1_3,Mesophyll,Leaf pavement cell,,2,1,2,3,3,9
GTTGTCCCAGCGAACA-1_3,Epidermal,Shoot system epidermis,,2,1,2,3,3,3
GTTGTCCGTGAGTGAC-1_5,Epidermal,Leaf pavement cell,,2,0,2,3,3,3
GTTGTCCGTTGTCATG-1_1,Epidermal,Mesophyll,,1,2,1,0,0,2
GTTGTCCTCATCTACT-1_1,Mesophyll,Flower meristem,,0,0,0,0,1,16
GTTGTCCTCGATTGGT-1_1,Epidermal,Root endodermis,,2,0,2,6,6,6
GTTGTCCTCGGCCAAC-1_3,Mesophyll,Flower meristem,,0,0,0,1,1,4
GTTGTCCTCTAGGCAT-1_5,Epidermal,Mesophyll,,1,2,1,2,8,14
GTTGTGAAGCTCGTGC-1_3,Epidermal,Mesophyll,,1,0,1,6,6,6
GTTGTGAAGTGGTCAG-1_6,Epidermal,Flower meristem,,5,2,5,1,4,17
GTTGTGAAGTTTGAGA-1_3,Mesophyll,Root procambium,,0,0,0,5,1,16
GTTGTGACAGACCATT-1_4,Mesophyll,Phloem parenchyma,,0,0,0,5,1,8
GTTGTGACAGGTTTAC-1_2,Epidermal,Root endodermis,,0,0,0,5,1,8
GTTGTGACATGTGGCC-1_6,Epidermal,Root cortex,,1,2,1,0,0,2
GTTGTGAGTGAGCTCC-1_3,Epidermal,Mesophyll,,2,0,2,6,6,6
GTTGTGAGTGGTAATA-1_3,Stele,Root endodermis,,2,0,2,5,3,7
GTTGTGATCAATCGGT-1_3,Epidermal,Flower meristem,,0,0,0,0,1,0
GTTGTGATCATCGTAG-1_4,Epidermal,Non-hair,,0,0,0,1,3,4
GTTGTGATCGCCGATG-1_3,Meristematic,Mesophyll,,1,0,1,0,0,0
GTTGTGATCGCTATTT-1_3,Epidermal,Root hair,,5,4,5,9,11,18
GTTGTGATCTCGCTTG-1_5,Epidermal,Cortex,,2,1,2,3,2,1
GTTGTGATCTGTGCTC-1_3,Epidermal,Columella root cap,,0,0,0,1,1,7
GTTTACTCAACTGTGT-1_3,Mesophyll,Mesophyll,,3,1,3,2,5,5
GTTTACTCAAGGACAC-1_6,Epidermal,Mesophyll,,1,2,1,0,0,0
GTTTACTCACTCCGAG-1_6,Epidermal,Mesophyll,,0,0,0,6,6,6
GTTTACTCAGGATCTT-1_5,Stele,Mesophyll,,0,2,0,0,0,0
GTTTACTCATGCAGGA-1_5,Mesophyll,Mesophyll,,1,2,1,0,0,2
GTTTACTGTACCAATC-1_4,Epidermal,Root cap,,0,0,0,1,1,9
GTTTACTGTCAGTCTA-1_6,Mesophyll,Root endodermis,,0,0,0,6,6,6
GTTTACTGTGAGTCAG-1_3,Epidermal,Mesophyll,,0,0,0,6,6,6
GTTTACTTCAGCTTCC-1_6,Epidermal,Root cortex,,2,0,2,5,1,7
GTTTACTTCCGACAGC-1_4,Epidermal,Root cortex,,1,2,1,1,7,14
GTTTACTTCTAGAACC-1_5,Epidermal,Non-hair,,0,0,0,1,3,4
GTTTGGAAGGTTCCGC-1_1,Epidermal,Mesophyll,,0,0,0,6,6,6
GTTTGGACAATAACCC-1_2,Epidermal,Root endodermis,,0,0,0,5,1,8
GTTTGGACAGCGTTGC-1_3,Stele,Phloem parenchyma,,0,0,0,5,1,8
GTTTGGACAGGTTCGC-1_4,Meristematic,Root procambium,,0,0,0,1,3,9
GTTTGGACAGTATTCG-1_3,Mesophyll,Mesophyll,,4,3,4,8,10,12
GTTTGGACATCGTCCT-1_1,Epidermal,Non-hair,,2,1,2,3,3,3
GTTTGGATCTATCACT-1_4,Mesophyll,Cortex,,3,1,3,2,5,5
GTTTGGATCTATCCAT-1_3,Epidermal,Leaf pavement cell,,0,0,0,1,7,4
TAACACGAGCGGACAT-1_3,Mesophyll,Mesophyll,,1,2,1,6,5,5
TAACACGAGGATTTGA-1_4,Stele,Vascular cambium,,0,0,0,1,4,9
TAACACGAGGTAAGTT-1_4,Epidermal,Root endodermis,,2,1,2,3,2,1
TAACACGAGTGCTCGC-1_3,Epidermal,Mesophyll,,1,2,1,0,4,0
TAACACGCATCGAACT-1_2,Mesophyll,Cortex,,3,1,3,2,5,5
TAACACGGTAGCGTCC-1_4,Mesophyll,Mesophyll,,1,2,1,7,9,2
TAACACGGTCCGGATC-1_2,Mesophyll,Mesophyll,,1,2,1,0,0,2
TAACACGGTGTTCGTA-1_2,Epidermal,Root endodermis,,0,0,0,3,3,0
TAACACGTCAGCGGAA-1_2,Epidermal,Leaf pavement cell,,2,1,2,3,3,3
TAACCAGAGACGTCGA-1_5,Epidermal,Mesophyll,,2,1,2,3,2,3
TAACCAGAGCGTTCAT-1_4,Meristematic,Non-hair,,1,2,1,0,0,0
TAACCAGAGGGAGGTG-1_2,Epidermal,Root endodermis,,5,4,5,9,11,18
TAACCAGCAAACTCTG-1_4,Epidermal,Leaf guard cell,,0,2,0,1,7,13
TAACCAGCAACCGCCA-1_5,Epidermal,Sieve element,,0,0,0,1,1,4
TAACCAGCACCGTGAC-1_1,Epidermal,Mesophyll,,3,1,3,2,5,5
TAACCAGCAGTCAACT-1_2,Epidermal,Root endodermis,,0,0,0,5,1,8
TAACCAGCATCGATCA-1_2,Meristematic,Lateral root cap,,0,0,0,1,1,9
TAACCAGGTGAGTAAT-1_4,Epidermal,Root hair,,5,4,5,9,11,18
TAACCAGGTTCTCTCG-1_1,Stele,Xylem,,0,0,0,5,1,16
TAACCAGTCGAAATCC-1_3,Epidermal,Sperm nuclei,,4,3,4,8,10,12
TAACGACAGGGTTGCA-1_4,Epidermal,Cortex,,3,1,3,3,8,10
TAACGACAGGTTGACG-1_3,Mesophyll,Root cortex,,3,1,3,4,2,9
TAACGACAGTATTCCG-1_5,Mesophyll,Mesophyll,,3,1,3,2,5,5
TAACGACAGTGGTGAC-1_6,Epidermal,Root endodermis,,0,0,0,6,6,6
TAACGACCACAGAAGC-1_5,Mesophyll,Root endodermis,,3,1,3,2,8,15
TAACGACGTGCGACAA-1_3,Epidermal,Root procambium,,0,0,0,1,1,4
TAACGACTCCAAACCA-1_4,Epidermal,Root endodermis,,0,0,0,5,1,8
TAACGACTCGAAGCAG-1_4,Mesophyll,Root cortex,,2,1,2,4,2,1
TAACGACTCTCCATAT-1_1,Epidermal,Mesophyll,,1,2,1,0,0,0
TAACTTCAGCTAGATA-1_3,Epidermal,Root endodermis,,0,0,0,6,6,6
TAACTTCAGCTGACCC-1_6,Epidermal,Mesophyll,,3,1,3,2,5,5
TAACTTCAGTCCGTCG-1_1,Epidermal,Mesophyll,,1,2,1,0,10,0
TAACTTCCACTGCGTG-1_3,Mesophyll,Non-hair,,4,3,4,8,10,12
TAACTTCCAGGTTCAT-1_2,Epidermal,Mesophyll,,1,2,1,0,0,2
TAACTTCCATCATGAC-1_5,Meristematic,Vascular cambium,,0,0,0,1,1,4
TAACTTCCATGACACT-1_1,Epidermal,Root cap,,3,1,3,2,8,10
TAACTTCGTACGGATG-1_4,Epidermal,Columella root cap,,0,0,0,3,1,4
TAACTTCGTAGCGTTT-1_2,Mesophyll,Mesophyll,,3,1,3,2,8,10
TAACTTCGTCCGTTTC-1_3,Mesophyll,Mesophyll,,0,0,0,6,6,14
TAACTTCGTCGGCCTA-1_5,Mesophyll,Root cortex,,2,0,2,4,10,12
TAACTTCTCATGCAGT-1_3,Mesophyll,Mesophyll,,3,1,3,2,9,5
TAACTTCTCGCGTGCA-1_1,Stele,Vascular cambium,,0,0,0,1,7,13
TAACTTCTCTTCACGC-1_4,Epidermal,Non-hair,,0,0,0,1,7,4
TAAGCACAGCCTTTGA-1_3,Epidermal,Flower meristem,,0,0,0,5,1,8
TAAGCACAGTAGTCTC-1_2,Mesophyll,Root endodermis,,0,0,0,6,6,6
TAAGCACAGTCTCGTA-1_3,Epidermal,Mesophyll,,1,2,1,0,0,2
TAAGCACCAACAAAGT-1_1,Epidermal,Root cortex,,2,1,2,4,2,1
TAAGCACCAACAGCCC-1_2,Mesophyll,Mesophyll,,1,2,1,0,0,2
TAAGCACCACAGAAGC-1_5,Meristematic,Meristematic cell,,0,0,0,4,1,7
TAAGCACCACATTCGA-1_1,Epidermal,Mesophyll,,1,2,1,0,0,2
TAAGCACGTAGGCAGT-1_3,Meristematic,Mesophyll,,1,2,1,0,6,6
TAAGCACGTAGGTCAG-1_1,Mesophyll,Cortex,,0,0,0,1,1,7
TAAGCACGTATCGGTT-1_3,Epidermal,Root hair,,5,4,5,9,11,18
TAAGCACGTGTTGACT-1_5,Mesophyll,Mesophyll,,0,0,0,5,1,16
TAAGCACTCACCGACG-1_6,Mesophyll,Mesophyll,,1,2,1,0,4,0
TAAGCACTCCATGAGT-1_2,Epidermal,Mesophyll,,0,0,0,5,6,0
TAAGCACTCCGGTTCT-1_3,Epidermal,Root procambium,,0,0,0,1,1,4
TAAGCACTCCTACGAA-1_1,Epidermal,Non-hair,,0,1,0,1,7,14
TAAGCACTCGCGTGCA-1_1,Mesophyll,Mesophyll,,1,2,1,0,0,16
TAAGCACTCGTGTGGC-1_3,Mesophyll,Mesophyll,,3,2,3,2,8,10
TAAGCCAAGAGCCCAA-1_1,Mesophyll,Mesophyll,,3,1,3,4,2,1
TAAGCCAAGTAAGACT-1_1,Stele,Mesophyll,,2,1,2,3,3,14
TAAGCCACACCCAAGC-1_6,Epidermal,Mesophyll,,3,1,3,2,5,5
TAAGCCACACGCTGAC-1_6,Epidermal,Root cap,,0,0,0,5,1,4
TAAGCCACATTACGGT-1_6,Epidermal,Root endodermis,,0,0,0,5,1,9
TAAGCCACATTGTCGA-1_5,Epidermal,Mesophyll,,0,0,0,6,6,6
TAAGCCATCACAACCA-1_4,Epidermal,Non-hair,,0,0,0,1,3,9
TAAGCCATCCAACTAG-1_5,Epidermal,Root procambium,,0,0,0,1,7,4
TAAGCCATCCTTTAGT-1_2,Mesophyll,Non-hair,,0,0,0,1,7,4
TAAGCCATCTGTCTCG-1_4,Epidermal,Mesophyll,,1,2,1,0,4,17
TAAGCGTAGGAGGCAG-1_3,Epidermal,Root cortex,,2,1,2,4,2,1
TAAGCGTAGGCATGCA-1_5,Epidermal,Phloem parenchyma,,0,0,0,5,1,8
TAAGCGTCAAACTCTG-1_6,Meristematic,Mesophyll,,1,2,1,0,0,2
TAAGCGTCATTAAAGG-1_4,Mesophyll,Mesophyll,,0,0,0,6,6,6
TAAGCGTGTAGTCGGA-1_4,Epidermal,Root endodermis,,2,1,2,3,3,3
TAAGCGTGTGTAGTGG-1_3,Mesophyll,Root cap,,0,0,0,5,1,8
TAAGTCGAGAGAGCCT-1_4,Mesophyll,Root cortex,,2,1,2,4,2,1
TAAGTCGAGGTAAGAG-1_4,Mesophyll,Leaf pavement cell,,0,0,0,5,1,8
TAAGTCGAGTGGGAAA-1_5,Epidermal,Bundle sheath,,2,0,2,3,3,9
TAAGTCGCACTGGACC-1_1,Mesophyll,Root endodermis,,1,2,1,6,5,5
TAAGTCGCAGCGTATT-1_1,Mesophyll,Mesophyll,,0,0,0,1,7,4
TAAGTCGCATCCGAGC-1_6,Epidermal,Mesophyll,,0,0,0,6,6,6
TAAGTCGGTCTCAAGT-1_1,Epidermal,Phloem,,0,0,0,1,4,9
TAAGTCGGTGCTTATG-1_6,Mesophyll,Shoot system epidermis,,3,1,3,2,8,15
TAAGTCGGTTGGGAAC-1_2,Epidermal,Root cortex,,2,1,2,3,2,1
TAAGTCGTCACGTAGT-1_3,Epidermal,Sieve element,,0,0,0,1,1,4
TAATCTCAGACTAAGT-1_2,Meristematic,Shoot system epidermis,,0,1,0,1,3,14
TAATCTCAGGCACTCC-1_3,Mesophyll,Phloem,,3,1,3,1,4,9
TAATCTCAGTCTCGTA-1_3,Epidermal,Leaf guard cell,,0,0,0,1,1,4
TAATCTCCAAACTGCT-1_4,Epidermal,Mesophyll,,3,1,3,2,8,3
TAATCTCCAAGTCGTT-1_2,Mesophyll,Mesophyll,,3,1,3,2,5,15
TAATCTCCACAAAGCG-1_2,Mesophyll,Mesophyll,,1,2,1,7,9,11
TAATCTCCACTATCCC-1_1,Mesophyll,Mesophyll,,1,2,1,0,0,15
TAATCTCCAGTTTGGT-1_4,Meristematic,Flower meristem,,1,2,1,0,4,0
TAATCTCCATACTTTC-1_5,Epidermal,Root endodermis,,2,0,2,4,2,3
TAATCTCCATAGTCAC-1_2,Meristematic,Root cap,,2,0,2,5,1,9
TAATCTCGTACGGGAT-1_1,Meristematic,Mesophyll,,1,2,1,11,12,19
TAATCTCGTAGTATAG-1_5,Epidermal,Phloem parenchyma,,0,0,0,5,1,4
TAATCTCGTCCCGGTA-1_3,Stele,Mesophyll,,3,1,3,2,8,10
TAATCTCGTGAGTCAG-1_3,Mesophyll,Mesophyll,,1,2,1,0,0,2
TAATCTCGTGCGAACA-1_3,Mesophyll,Explant vasculature and callus founder cell,,0,0,0,1,1,4
TAATCTCTCATTGCGA-1_1,Epidermal,Root cortex,,3,1,3,4,5,1
TAATCTCTCTAGTGAC-1_3,Epidermal,Root endodermis,,0,0,0,1,1,4
TAATCTCTCTATCCAT-1_3,Mesophyll,Root cortex,,2,1,2,3,3,3
TAATTCCAGAAATTGC-1_3,Epidermal,Flower meristem,,0,0,0,1,1,4
TAATTCCAGCGCCTAC-1_1,Mesophyll,Mesophyll,,1,2,1,0,0,2
TAATTCCAGGCCCACT-1_3,Stele,Root cortex,,2,0,2,4,2,1
TAATTCCAGGTCGAGT-1_3,Epidermal,Root cortex,,0,0,0,5,1,7
TAATTCCAGGTCGTAG-1_6,Epidermal,Leaf pavement cell,,2,1,2,3,3,3
TAATTCCCAATCCTTT-1_3,Mesophyll,Root endodermis,,0,0,0,5,1,8
TAATTCCGTAGGTACG-1_4,Mesophyll,Root endodermis,,1,2,1,0,0,2
TAATTCCGTCGCGTTG-1_6,Epidermal,Mesophyll,,1,2,1,0,0,2
TAATTCCGTCTGTCCT-1_1,Mesophyll,Root cortex,,3,1,3,2,5,5
TAATTCCGTGGAACAC-1_6,Mesophyll,Mesophyll,,1,2,1,0,0,2
TAATTCCTCAGCGCGT-1_1,Meristematic,Cortex,,2,1,2,4,2,1
TAATTCCTCCATCGTC-1_3,Mesophyll,Root cortex,,0,0,0,1,7,7
TAATTCCTCGGTAGAG-1_6,Mesophyll,Mesophyll,,3,1,3,2,5,15
TACAACGCAACCACGC-1_5,Epidermal,Phloem parenchyma,,0,0,0,1,1,4
TACAACGCAAGTACCT-1_1,Stele,Mesophyll,,3,1,3,2,5,10
TACAACGCACAATCTG-1_1,Mesophyll,Root cap,,3,1,3,2,5,5
TACAACGCAGCTTCCT-1_2,Epidermal,Columella root cap,,0,0,0,1,7,4
TACAACGCATATCTCT-1_2,Epidermal,Mesophyll,,1,2,1,0,0,2
TACAACGGTCGGAACA-1_6,Epidermal,Shoot system epidermis,,0,0,0,1,1,4
TACAACGGTGCCTACG-1_2,Epidermal,Mesophyll,,0,0,0,1,7,13
TACAACGTCAGGGATG-1_4,Epidermal,Mesophyll,,1,1,1,1,7,14
TACAACGTCTTACTGT-1_5,Mesophyll,Root procambium,,1,2,1,7,9,11
TACACCCCAAGATGTA-1_6,Epidermal,Leaf pavement cell,,2,1,2,3,3,3
TACACCCCACCCTTGT-1_1,Mesophyll,Root procambium,,0,0,0,5,1,7
TACACCCCACGCGCTA-1_2,Mesophyll,Non-hair,,0,1,0,1,3,14
TACACCCCAGGTTCAT-1_3,Stele,Root cortex,,2,1,2,3,2,1
TACACCCCAGTGCGCT-1_4,Mesophyll,Mesophyll,,3,1,3,2,5,5
TACACCCCATTACGGT-1_3,Mesophyll,Mesophyll,,1,2,1,7,9,11
TACACCCGTAGACTGG-1_3,Meristematic,Root cap,,2,1,2,4,2,1
TACACCCGTATCGCTA-1_1,Mesophyll,Mesophyll,,1,2,1,7,9,11
TACACCCGTCCGACGT-1_4,Epidermal,Shoot system epidermis,,2,1,2,3,3,1
TACACCCGTCCTACAA-1_1,Stele,Root endodermis,,0,0,0,1,6,7
TACACCCGTGCTCCGA-1_2,Epidermal,Cortex,,3,1,3,2,8,10
TACACCCTCATAGGCT-1_4,Mesophyll,Non-hair,,0,0,0,1,4,15
TACACCCTCCGACGGT-1_5,Mesophyll,Mesophyll,,3,1,3,2,5,5
TACACCCTCGCTACAA-1_5,Epidermal,Mesophyll,,3,1,3,2,8,10
TACACCCTCTCTCTAA-1_5,Epidermal,Root cap,,0,0,0,1,7,9
TACACCCTCTTCGTAT-1_4,Epidermal,Root procambium,,0,0,0,1,1,7
TACAGGTAGGTACATA-1_4,Stele,Phloem parenchyma,,0,0,0,6,1,4
TACAGGTAGGTTCTTG-1_1,Epidermal,Shoot system epidermis,,2,1,2,3,3,14
TACAGGTCAATCGCCG-1_4,Mesophyll,Mesophyll,,2,0,2,6,6,6
TACAGGTCAATGGCCC-1_3,Meristematic,Generative nuclei,,3,1,3,2,5,5
TACAGGTCACAGCCAC-1_2,Epidermal,Mesophyll,,1,2,1,0,0,2
TACAGGTCACCTCTGT-1_2,Epidermal,Mesophyll,,1,2,1,0,0,2
TACAGGTTCAGGTGTT-1_3,Epidermal,Root endodermis,,0,0,0,1,7,13
TACAGGTTCCAAGCTA-1_2,Epidermal,Root cap,,2,0,2,5,1,7
TACAGGTTCCAGTGTA-1_5,Mesophyll,Mesophyll,,1,2,1,0,0,2
TACAGGTTCGCTTTAT-1_4,Epidermal,Mesophyll,,2,1,2,4,2,0
TACATTCAGCCTCCAG-1_4,Epidermal,Mesophyll,,3,1,3,2,8,10
TACATTCAGCTCACTA-1_4,Mesophyll,Non-hair,,1,1,1,1,7,14
TACATTCAGGATGCGT-1_1,Stele,Root cortex,,1,2,1,0,0,2
TACATTCAGTGATCGG-1_1,Epidermal,Non-hair,,0,0,0,5,1,4
TACATTCCACTACAGT-1_3,Epidermal,Leaf pavement cell,,2,1,2,3,3,3
TACATTCCATAGGTAA-1_3,Stele,Phloem,,0,0,0,1,1,4
TACATTCCATTCGATG-1_3,Epidermal,Root cap,,5,2,5,1,4,17
TACATTCGTACGAAAT-1_3,Mesophyll,Mesophyll,,3,1,3,2,8,10
TACATTCGTCGTGTTA-1_2,Mesophyll,Root endodermis,,0,0,0,6,6,6
TACATTCGTGGATCGA-1_1,Mesophyll,Mesophyll,,3,1,3,2,5,5
TACATTCGTTACCTGA-1_5,Meristematic,Phloem parenchyma,,0,0,0,6,1,8
TACATTCTCCTGCTAC-1_1,Epidermal,Mesophyll,,0,0,0,6,6,6
TACCCACAGAATCGTA-1_1,Epidermal,Mesophyll,,0,0,0,5,1,8
TACCCACAGCAGCACA-1_4,Mesophyll,Root endodermis,,0,0,0,5,1,8
TACCCACAGCGGGTAT-1_4,Epidermal,Leaf pavement cell,,2,1,2,3,3,3
TACCCACAGGACAAGA-1_2,Epidermal,Non-hair,,0,0,0,1,7,14
TACCCACCACAGCTTA-1_1,Epidermal,Mesophyll,,3,1,3,2,8,10
TACCCACCAGGCTACC-1_1,Mesophyll,Mesophyll,,3,1,3,2,5,5
TACCCACCAGGTGGAT-1_5,Epidermal,Root endodermis,,2,0,2,5,1,7
TACCCACCATCCTGTC-1_5,Mesophyll,Xylem,,3,1,3,2,2,1
TACCCACGTGAACGGT-1_1,Mesophyll,Mesophyll,,1,2,1,0,0,16
TACCCACGTGCATGTT-1_6,Mesophyll,Leaf pavement cell,,0,0,0,6,6,6
TACCCACTCAGTCCGG-1_5,Epidermal,Non-hair,,0,0,0,1,7,4
TACCCACTCCATCCGT-1_1,Mesophyll,Xylem,,2,0,2,3,3,3
TACCCACTCGTGCATA-1_4,Stele,Mesophyll,,4,3,4,8,10,12
TACCCACTCTCGGTAA-1_1,Mesophyll,Root endodermis,,1,2,1,0,0,0
TACCCACTCTCTCCGA-1_5,Epidermal,Mesophyll,,1,2,1,0,0,0
TACCCGTAGCGCTGAA-1_2,Epidermal,Root cortex,,2,1,2,3,2,1
TACCCGTAGGTGGGTT-1_3,Stele,Mesophyll,,1,2,1,0,0,2
TACCCGTAGGTTCCGC-1_4,Meristematic,Mesophyll,,1,2,1,0,0,0
TACCCGTAGTGTACCT-1_5,Mesophyll,Mesophyll,,1,2,1,0,0,2
TACCCGTCATACAGAA-1_4,Mesophyll,Mesophyll,,1,2,1,1,6,0
TACCCGTCATCAGCTA-1_1,Epidermal,Mesophyll,,1,2,1,6,0,7
TACCCGTCATTCTCTA-1_2,Epidermal,Cortex,,2,1,2,4,2,1
TACCCGTGTGGATTTC-1_5,Mesophyll,Leaf pavement cell,,2,1,2,3,3,3
TACCCGTGTTCCTACC-1_6,Epidermal,Mesophyll,,1,2,1,0,0,2
TACCCGTGTTTACTTC-1_1,Mesophyll,Mesophyll,,1,2,1,0,0,2
TACCCGTTCTCATGCC-1_6,Meristematic,Flower meristem,,5,2,5,1,4,17
TACCGAAAGGTATTGA-1_4,Epidermal,Mesophyll,,3,2,3,9,4,0
TACCGAACACCTTCCA-1_4,Epidermal,Root endodermis,,2,1,2,3,2,1
TACCGAACAGAAATTG-1_6,Epidermal,Phloem parenchyma,,0,0,0,5,1,8
TACCGAACAGACAATA-1_2,Mesophyll,Root cap,,3,1,3,2,5,5
TACCGAACATCCGCGA-1_3,Mesophyll,Mesophyll,,3,1,3,2,5,5
TACCGAACATGGGAAC-1_5,Epidermal,Root cortex,,2,1,2,3,3,3
TACCGAAGTGATTGGG-1_1,Epidermal,Root cortex,,2,0,2,4,5,7
TACCGAATCACTGGGC-1_4,Meristematic,Shoot system epidermis,,2,1,2,3,3,3
TACCGAATCCGGACGT-1_3,Mesophyll,Root cortex,,3,1,3,2,5,5
TACCGAATCGCGTCGA-1_6,Meristematic,Shoot system epidermis,,2,1,2,3,3,3
TACCGAATCGGTTGTA-1_3,Meristematic,Vascular cambium,,4,3,4,8,10,12
TACCGAATCTGGGTCG-1_2,Stele,Non-hair,,0,0,0,1,7,4
TACCGGGAGATGTTCC-1_2,Mesophyll,Mesophyll,,1,2,1,0,0,16
TACCGGGAGTCGCCAC-1_3,Mesophyll,Leaf pavement cell,,2,1,2,3,3,3
TACCGGGAGTCTAACC-1_3,Mesophyll,Leaf pavement cell,,0,0,0,1,1,4
TACCGGGCATCTTTCA-1_4,Mesophyll,Mesophyll,,1,2,1,0,0,16
TACCGGGCATGCCGCA-1_4,Epidermal,Non-hair,,0,0,0,1,7,4
TACCGGGGTAATGATG-1_1,Stele,Root endodermis,,0,0,0,5,1,8
TACCGGGGTATCGGTT-1_5,Stele,Root endodermis,,0,0,0,6,6,6
TACCGGGGTCAACATC-1_1,Epidermal,Root procambium,,0,0,0,1,7,4
TACCGGGGTCATCTAG-1_5,Mesophyll,Mesophyll,,3,1,3,2,5,5
TACCGGGGTCGACGCT-1_5,Epidermal,Non-hair,,0,0,0,5,1,8
TACCGGGGTGTAGGAC-1_6,Mesophyll,Mesophyll,,1,2,1,7,9,11
TACCGGGTCAAAGAAC-1_4,Mesophyll,Root endodermis,,0,0,0,1,1,7
TACCGGGTCACTGTTT-1_2,Epidermal,Mesophyll,,1,2,1,0,0,16
TACCGGGTCAGTGCGC-1_1,Epidermal,Vascular cambium,,4,3,4,8,10,12
TACCGGGTCATTACCT-1_5,Stele,Root procambium,,0,0,0,1,4,13
TACCGGGTCCAGCCTT-1_5,Epidermal,Phloem,,3,1,3,4,2,1
TACCGGGTCCGATAGT-1_5,Stele,Mesophyll,,3,1,3,2,5,5
TACCGGGTCGACGCTG-1_1,Epidermal,Mesophyll,,3,1,3,2,2,1
TACCGGGTCGGATTAC-1_3,Stele,Xylem,,2,0,2,3,3,3
TACCTCGAGACCAGCA-1_3,Mesophyll,Phloem parenchyma,,0,0,0,5,1,8
TACCTCGAGGAACGAA-1_1,Epidermal,Non-hair,,1,1,1,1,7,14
TACCTCGAGGTCTTTG-1_5,Epidermal,Root cortex,,1,0,1,0,0,7
TACCTCGCAAGATGTA-1_3,Epidermal,Mesophyll,,1,2,1,0,0,0
TACCTCGCATCACGGC-1_3,Epidermal,Companion cell,,0,0,0,1,1,4
TACCTCGGTCACCGCA-1_4,Mesophyll,Root endodermis,,2,0,2,4,2,8
TACCTCGGTCCTGAAT-1_1,Epidermal,Root endodermis,,0,0,0,6,6,6
TACCTCGTCACAATGC-1_2,Epidermal,Root cortex,,2,1,2,3,3,3
TACCTCGTCGACCACG-1_1,Epidermal,Root cortex,,2,0,2,4,1,7
TACCTCGTCGACCACG-1_6,Mesophyll,Xylem,,0,0,0,4,0,0
TACCTCGTCTTGGCTC-1_5,Epidermal,Root endodermis,,0,0,0,6,6,6
TACCTGCAGCAACTCT-1_4,Mesophyll,Cortex,,3,1,3,2,5,5
TACCTGCCACGCTGTG-1_4,Mesophyll,Mesophyll,,1,2,1,0,0,2
TACCTGCCAGTATGAA-1_6,Epidermal,Root endodermis,,4,3,4,8,10,12
TACCTGCGTAATGATG-1_3,Epidermal,Flower meristem,,1,2,1,0,0,17
TACCTGCGTACCGGAA-1_4,Epidermal,Mesophyll,,1,2,1,0,0,2
TACCTGCGTCCAAGAG-1_2,Epidermal,Shoot system epidermis,,2,1,2,3,3,3
TACCTGCGTTTCCAAG-1_4,Mesophyll,Mesophyll,,3,1,3,2,8,10
TACGCTCAGACCGCCT-1_2,Epidermal,Root endodermis,,1,2,1,0,0,0
TACGCTCAGATTTGCC-1_4,Mesophyll,Flower meristem,,0,0,0,1,7,13
TACGCTCCAACGAGGT-1_1,Mesophyll,Mesophyll,,1,2,1,2,8,2
TACGCTCCACCAGACC-1_4,Mesophyll,Non-hair,,0,0,0,1,4,15
TACGCTCCACGTTGGC-1_1,Epidermal,Mesophyll,,1,2,1,0,0,15
TACGCTCCAGTCAACT-1_5,Epidermal,Root cap,,2,0,2,1,7,3
TACGCTCCATACCAGT-1_2,Mesophyll,Root hair,,1,2,1,7,9,11
TACGCTCCATGACCCG-1_4,Meristematic,Mesophyll,,0,2,0,9,4,0
TACGCTCGTGAGACGT-1_4,Mesophyll,Mesophyll,,1,2,1,0,0,0
TACGCTCTCTTGTTAC-1_5,Mesophyll,Sieve element,,0,0,0,1,4,9
TACGGGCAGAGTCAAT-1_1,Mesophyll,Phloem,,3,1,3,2,8,10
TACGGGCAGCCGGATA-1_5,Epidermal,Leaf pavement cell,,2,1,2,3,3,3
TACGGGCAGGGCTAAC-1_2,Mesophyll,Leaf pavement cell,,1,2,1,7,9,11
TACGGGCCACTGCACG-1_1,Epidermal,Root cortex,,2,1,2,4,2,1
TACGGGCCATGTAACC-1_4,Mesophyll,Mesophyll,,0,0,0,4,1,7
TACGGGCCATTGGGAG-1_5,Meristematic,Root cortex,,2,1,2,4,2,1
TACGGGCGTGAGAACC-1_2,Mesophyll,Root cortex,,2,1,2,4,2,7
TACGGGCGTTTGAAAG-1_3,Epidermal,Mesophyll,,0,0,0,6,6,6
TACGGGCTCCACACCT-1_5,Meristematic,Columella root cap,,0,0,0,1,1,4
TACGGGCTCCATACTT-1_6,Epidermal,Root cortex,,0,0,0,6,6,0
TACGGGCTCCATTTGT-1_2,Mesophyll,Mesophyll,,3,1,3,2,8,10
TACGGTAAGCACCGTC-1_4,Mesophyll,Xylem,,2,2,2,3,3,11
TACGGTAAGCAGGTCA-1_3,Mesophyll,Root endodermis,,0,0,0,5,1,8
TACGGTACACCCGTAG-1_4,Mesophyll,Cortex,,3,1,3,2,5,5
TACGGTACACGACGCT-1_1,Epidermal,Mesophyll,,3,1,3,2,5,5
TACGGTAGTAGTCCTA-1_4,Epidermal,Leaf pavement cell,,3,1,3,3,3,14
TACGGTAGTCCGATCG-1_6,Stele,Mesophyll,,1,2,1,0,0,2
TACGGTATCGCGTGCA-1_2,Meristematic,Root cortex,,2,1,2,4,2,1
TACGTCCAGACTCATC-1_6,Meristematic,Leaf pavement cell,,2,1,2,3,3,3
TACGTCCAGGCCTGCT-1_3,Mesophyll,Root cortex,,3,1,3,4,2,1
TACGTCCCATGTGGCC-1_6,Meristematic,Flower meristem,,0,0,0,1,3,9
TACGTCCGTTAACCTG-1_1,Epidermal,Root procambium,,0,0,0,1,1,7
TACGTCCTCCGATGCG-1_2,Stele,Root procambium,,0,0,0,1,7,4
TACGTCCTCCGTGTGG-1_2,Mesophyll,Root procambium,,0,0,0,1,1,4
TACTGCCAGGGCATGT-1_4,Mesophyll,Phloem,,3,1,3,4,2,1
TACTGCCCAACACAGG-1_2,Stele,Non-hair,,0,0,0,1,3,4
TACTGCCCAGTGGCTC-1_1,Epidermal,Root cortex,,3,1,3,3,8,15
TACTGCCCATATCTGG-1_3,Epidermal,Mesophyll,,1,2,1,0,0,2
TACTGCCTCCCGTAAA-1_3,Mesophyll,Mesophyll,,3,1,3,2,8,10
TACTGCCTCCTTATAC-1_4,Mesophyll,Mesophyll,,0,0,0,6,6,9
TACTGCCTCGCAATTG-1_1,Mesophyll,Mesophyll,,1,2,1,0,0,2
TACTGCCTCGTAGGAG-1_2,Epidermal,Root endodermis,,4,3,4,8,10,12
TACTGCCTCGTGGGTC-1_6,Stele,Mesophyll,,0,0,0,6,6,6
TACTTACCAAATGCTC-1_3,Epidermal,Root cortex,,4,3,4,8,10,12
TACTTACCACACAGAG-1_2,Epidermal,Root cap,,0,0,0,5,4,13
TACTTACCACACTTAG-1_5,Guard,Leaf guard cell,,1,2,1,0,7,19
TACTTACCATAGAGGC-1_5,Epidermal,Mesophyll,,1,0,1,0,0,0
TACTTACGTGACGCCT-1_6,Stele,Mesophyll,,3,1,3,1,4,9
TACTTACGTTCGAGCC-1_4,Mesophyll,Mesophyll,,0,0,0,6,6,6
TACTTACTCACACCGG-1_6,Epidermal,Vascular cambium,,0,0,0,1,7,4
TACTTACTCATTCTTG-1_2,Stele,Mesophyll,,0,0,0,1,7,13
TACTTACTCGACTCCT-1_1,Mesophyll,Root cortex,,3,1,3,2,5,5
TACTTACTCGATTCCC-1_4,Mesophyll,Root endodermis,,0,0,0,5,1,8
TACTTACTCGTTAGTG-1_4,Epidermal,Columella root cap,,0,0,0,5,1,4
TACTTACTCTCGCGTT-1_2,Mesophyll,Root endodermis,,5,2,5,1,4,17
TACTTCACACATGTTG-1_2,Mesophyll,Mesophyll,,0,0,0,1,6,9
TACTTCATCAGGTGTT-1_1,Mesophyll,Leaf pavement cell,,2,1,2,3,3,3
TACTTCATCGCAACAT-1_3,Epidermal,Flower meristem,,3,1,3,1,4,0
TACTTGTAGAAATTGC-1_6,Stele,Mesophyll,,1,2,1,0,0,0
TACTTGTAGACATGCG-1_4,Stele,Mesophyll,,1,2,1,0,0,0
TACTTGTAGCGAGTAC-1_4,Stele,Cortex,,1,1,1,1,7,13
TACTTGTAGGGTAGCT-1_5,Mesophyll,Root endodermis,,0,0,0,5,1,8
TACTTGTAGTATGGCG-1_4,Mesophyll,Mesophyll,,3,1,3,2,5,5
TACTTGTAGTCCCAGC-1_1,Stele,Root cortex,,1,2,1,0,8,0
TACTTGTAGTCTGGTT-1_2,Mesophyll,Mesophyll,,3,1,3,2,8,10
TACTTGTGTACACTCA-1_1,Epidermal,Mesophyll,,3,1,3,1,3,14
TACTTGTGTACTGGGA-1_5,Meristematic,Columella root cap,,0,0,0,1,7,14
TACTTGTGTCCATAGT-1_2,Mesophyll,Mesophyll,,3,1,3,2,2,1
TACTTGTGTGATACAA-1_2,Mesophyll,Root procambium,,0,0,0,1,7,4
TACTTGTGTTCGGCCA-1_4,Meristematic,Mesophyll,,0,2,0,1,4,17
TACTTGTGTTGGTGTT-1_6,Mesophyll,Leaf pavement cell,,2,1,2,3,3,3
TACTTGTTCCCGTGTT-1_2,Epidermal,Root procambium,,1,2,1,7,9,11
TACTTGTTCGTTGTGA-1_3,Epidermal,Root endodermis,,2,1,2,4,2,1
TACTTGTTCTAGCATG-1_1,Epidermal,Mesophyll,,0,0,0,6,6,6
TAGACCAAGCTCCGAC-1_1,Mesophyll,Cortex,,3,1,3,4,2,1
TAGACCACAGCAGTGA-1_3,Stele,Mesophyll,,3,1,3,4,2,1
TAGACCACATCCGGCA-1_1,Epidermal,Root cortex,,2,1,2,4,2,1
TAGACCAGTAGATCGG-1_4,Mesophyll,Root cap,,0,0,0,1,4,4
TAGACCAGTATGAGGC-1_4,Epidermal,Mesophyll,,3,1,3,2,8,10
TAGACCAGTCAACACT-1_2,Mesophyll,Mesophyll,,1,0,1,6,6,6
TAGACCAGTCTATGAC-1_4,Epidermal,Leaf pavement cell,,2,1,2,3,3,3
TAGACCAGTTACCCAA-1_5,Mesophyll,Mesophyll,,3,1,3,2,8,15
TAGACCATCCGCTGTT-1_2,Epidermal,Mesophyll,,3,1,3,2,8,10
TAGACTGAGAGCGACT-1_1,Stele,Root cap,,0,0,0,1,7,4
TAGACTGAGATGGCGT-1_4,Meristematic,Root endodermis,,0,0,0,1,4,13
TAGACTGAGTCTTGGT-1_6,Epidermal,Root cortex,,3,1,3,2,8,15
TAGACTGCAGCAGATG-1_5,Mesophyll,Root cortex,,3,1,3,4,2,1
TAGACTGCATGCAGCC-1_4,Epidermal,Root endodermis,,2,0,2,5,1,8
TAGACTGGTAGGAGTC-1_6,Mesophyll,Mesophyll,,1,0,1,7,9,11
TAGACTGGTGCAGGAT-1_6,Stele,Mesophyll,,0,2,0,6,6,0
TAGACTGGTGTCTTGA-1_5,Mesophyll,Mesophyll,,3,1,3,2,5,5
TAGACTGGTTAAGAAC-1_2,Epidermal,Root cortex,,2,0,2,5,1,8
TAGACTGGTTCCTAAG-1_2,Epidermal,Leaf pavement cell,,2,1,2,3,3,3
TAGACTGTCAAGCTTG-1_4,Meristematic,Mesophyll,,0,0,0,5,1,8
TAGACTGTCCATACAG-1_4,Mesophyll,Mesophyll,,3,1,3,2,5,5
TAGACTGTCCGATGCG-1_1,Stele,Mesophyll,,0,2,0,1,1,17
TAGAGTCAGCTATCTG-1_4,Stele,Bundle sheath,,0,0,0,6,6,9
TAGAGTCGTGCATACT-1_2,Mesophyll,Root endodermis,,2,1,2,3,7,7
TAGAGTCTCGCCGTGA-1_1,Meristematic,Mesophyll,,3,1,3,2,5,5
TAGATCGAGAGAATCT-1_1,Stele,Root endodermis,,0,0,0,0,6,16
TAGATCGAGATAGTCA-1_3,Epidermal,Phloem parenchyma,,2,1,2,3,3,3
TAGATCGAGTGATCGG-1_2,Mesophyll,Mesophyll,,1,2,1,0,0,2
TAGATCGGTACGTTCA-1_2,Epidermal,Root cortex,,2,1,2,4,2,1
TAGATCGGTACTCCCT-1_5,Epidermal,Mesophyll,,3,1,3,1,4,9
TAGATCGGTTGCACGC-1_2,Mesophyll,Root cortex,,2,1,2,4,2,1
TAGATCGTCGCATAGT-1_4,Epidermal,Mesophyll,,2,1,2,4,2,1
TAGATCGTCGCCGAGT-1_2,Mesophyll,Root cortex,,3,2,3,0,0,2
TAGCACAAGAGGATGA-1_1,Mesophyll,Mesophyll,,1,2,1,0,0,2
TAGCACAAGGATGTTA-1_5,Epidermal,Cortex,,2,1,2,4,2,1
TAGCACAAGTCAAGCG-1_3,Epidermal,Mesophyll,,0,0,0,6,6,6
TAGCACAAGTGTAGAT-1_3,Epidermal,Root endodermis,,2,1,2,4,2,1
TAGCACACACGGGTAA-1_3,Mesophyll,Root endodermis,,0,0,0,5,1,7
TAGCACAGTTAGCTAC-1_1,Epidermal,Root cortex,,0,0,0,5,1,7
TAGCACAGTTCCAGGC-1_5,Mesophyll,Cortex,,0,0,0,1,7,13
TAGCACATCAGACAAA-1_3,Epidermal,Phloem,,0,0,0,1,4,4
TAGCACATCATACGGT-1_6,Mesophyll,Mesophyll,,1,2,1,0,0,11
TAGCACATCGGAATTC-1_4,Epidermal,Mesophyll,,1,2,1,0,0,0
TAGCACATCTCCCAAC-1_1,Mesophyll,Root cap,,0,1,0,1,7,7
TAGCACATCTGCATGA-1_2,Meristematic,Sieve element,,0,0,0,1,4,9
TAGGAGGCAGGAGGAG-1_3,Epidermal,Root cortex,,2,0,2,4,2,7
TAGGAGGCATCTAACG-1_4,Mesophyll,Mesophyll,,0,0,0,6,6,6
TAGGAGGTCCGGTAGC-1_1,Mesophyll,Mesophyll,,0,0,0,1,9,11
TAGGAGGTCGAACGCC-1_2,Mesophyll,Root cortex,,3,1,3,2,8,10
TAGGGTTAGATACTGA-1_4,Mesophyll,Mesophyll,,4,3,4,8,10,12
TAGGGTTAGGAACGTC-1_6,Epidermal,Root cortex,,2,1,2,3,2,1
TAGGGTTAGGTCCAGA-1_3,Meristematic,Mesophyll,,1,2,1,7,9,11
TAGGGTTAGTAACGAT-1_3,Epidermal,Mesophyll,,1,2,1,0,0,16
TAGGGTTCACATGAAA-1_3,Epidermal,Root cortex,,2,1,2,4,2,1
TAGGGTTCATCGGATT-1_5,Mesophyll,Mesophyll,,0,0,0,1,4,14
TAGGGTTGTAGCCAGA-1_3,Stele,Mesophyll,,1,2,1,0,7,13
TAGGGTTGTATCTCGA-1_3,Mesophyll,Root cortex,,3,1,3,2,5,5
TAGGGTTGTCTTACTT-1_2,Epidermal,Root endodermis,,0,0,0,5,1,4
TAGGGTTGTGGCCCAT-1_1,Epidermal,Mesophyll,,1,2,1,0,0,2
TAGGGTTGTGGTTTAC-1_3,Epidermal,Vascular cambium,,0,0,0,1,1,4
TAGGGTTTCACGATAC-1_2,Mesophyll,Root cortex,,3,1,3,4,2,1
TAGGGTTTCGCCAGTG-1_1,Epidermal,Leaf pavement cell,,2,1,2,3,3,3
TAGGGTTTCTAGGCAT-1_1,Epidermal,Sieve element,,2,0,2,3,3,7
TAGGGTTTCTAGTACG-1_2,Mesophyll,Mesophyll,,3,1,3,2,9,11
TAGGTACAGCTAGAGC-1_3,Mesophyll,Mesophyll,,1,2,1,0,0,2
TAGGTACAGGTTGACG-1_3,Mesophyll,Root endodermis,,0,0,0,5,1,8
TAGGTACAGTCAACAA-1_5,Mesophyll,Mesophyll,,1,2,1,0,0,0
TAGGTACCAAGTACCT-1_2,Epidermal,Root endodermis,,0,0,0,6,6,6
TAGGTACCAATGAGCG-1_4,Mesophyll,Mesophyll,,3,1,3,2,5,5
TAGGTACCACCTTCGT-1_6,Epidermal,Root cap,,5,2,5,1,4,17
TAGGTACCAGTTCACA-1_4,Epidermal,Root cortex,,3,1,3,2,2,1
TAGGTACCATCAGCTA-1_5,Mesophyll,Mesophyll,,1,2,1,0,0,2
TAGGTACCATGCCATA-1_3,Epidermal,Non-hair,,1,1,1,1,7,14
TAGGTACCATTCAGGT-1_5,Epidermal,Root procambium,,0,0,0,5,1,16
TAGGTACGTAACTGCT-1_5,Meristematic,Root cortex,,2,1,2,4,2,1
TAGGTACGTTAAACCC-1_4,Mesophyll,Mesophyll,,3,1,3,2,5,15
TAGGTTGAGGGTCACA-1_3,Epidermal,Columella root cap,,0,0,0,1,4,0
TAGGTTGAGTACAGAT-1_4,Epidermal,Flower meristem,,0,2,0,1,4,13
TAGGTTGCAGGTTCAT-1_4,Epidermal,Root cortex,,3,1,3,2,5,5
TAGGTTGGTCCGAAGA-1_5,Epidermal,Root endodermis,,2,0,2,4,2,7
TAGGTTGTCAGTCAGT-1_2,Mesophyll,Mesophyll,,1,2,1,7,9,11
TAGGTTGTCATTGGTG-1_1,Stele,Mesophyll,,1,2,1,0,0,2
TAGGTTGTCCCTCGAT-1_3,Epidermal,Root cortex,,3,1,3,2,8,10
TAGGTTGTCTAAGCCA-1_2,Mesophyll,Root cortex,,2,1,2,4,2,1
TAGGTTGTCTATCGTT-1_6,Epidermal,Shoot system epidermis,,2,1,2,3,3,3
TAGTGCAAGAGGACTC-1_5,Epidermal,Mesophyll,,2,0,2,4,2,7
TAGTGCACAAGCTGCC-1_2,Epidermal,Vascular cambium,,0,0,0,1,7,9
TAGTGCACAAGTGGCA-1_1,Mesophyll,Mesophyll,,2,1,2,3,2,3
TAGTGCACACTATCCC-1_6,Meristematic,Guard cell,,1,2,1,0,4,16
TAGTGCAGTTGCTAGT-1_3,Mesophyll,Mesophyll,,3,1,3,2,5,5
TAGTGCAGTTGTGGAG-1_6,Epidermal,Mesophyll,,1,2,1,0,8,15
TAGTGCATCTGCCTCA-1_4,Epidermal,Root endodermis,,0,0,0,6,6,6
TAGTGCATCTTTCCAA-1_1,Stele,Mesophyll,,1,2,1,0,0,2
TATACCTAGACTTCGT-1_1,Epidermal,Root cortex,,2,0,2,4,5,6
TATACCTAGCTCCCTT-1_2,Mesophyll,Mesophyll,,3,1,3,2,8,15
TATACCTAGGGTCTTT-1_2,Mesophyll,Root cortex,,3,1,3,4,2,1
TATACCTCAAATGAAC-1_1,Mesophyll,Root cortex,,3,1,3,4,5,1
TATACCTCACAAGCCC-1_6,Stele,Root procambium,,0,0,0,5,1,4
TATACCTCACCGTACG-1_5,Meristematic,Mesophyll,,3,1,3,2,8,10
TATACCTCACCTGAAT-1_4,Epidermal,Mesophyll,,0,0,0,5,6,0
TATACCTGTGAATGTA-1_4,Meristematic,Xylem,,1,2,1,0,0,0
TATACCTTCACAATGC-1_3,Epidermal,Root cortex,,3,1,3,4,2,1
TATACCTTCACTGTCC-1_5,Epidermal,Leaf pavement cell,,0,0,0,1,1,9
TATACCTTCCTTCAGC-1_2,Mesophyll,Root procambium,,0,0,0,1,7,4
TATACCTTCGACGCTG-1_6,Meristematic,Cortex,,3,1,3,2,5,5
TATACCTTCTACTATC-1_4,Mesophyll,Mesophyll,,1,2,1,0,0,0
TATACCTTCTCCCATG-1_3,Epidermal,Mesophyll,,1,2,1,0,0,16
TATACCTTCTGCTAGA-1_4,Mesophyll,Mesophyll,,1,0,1,6,6,6
TATACCTTCTGTGTGA-1_2,Mesophyll,Root procambium,,1,2,1,0,0,0
TATATCCAGCTCACTA-1_3,Epidermal,Non-hair,,0,0,0,1,1,4
TATATCCAGTAACAGT-1_2,Stele,Cortex,,3,1,3,2,5,5
TATATCCAGTATGCAA-1_1,Mesophyll,Mesophyll,,1,2,1,0,0,16
TATATCCCAACCTATG-1_5,Epidermal,Mesophyll,,1,1,1,0,8,0
TATATCCCAACGAGGT-1_3,Mesophyll,Root procambium,,0,0,0,1,1,4
TATATCCCACTTCAGA-1_6,Stele,Explant vasculature and callus founder cell,,0,0,0,1,7,13
TATATCCCAGAGGCAT-1_4,Meristematic,Mesophyll,,3,1,3,2,8,10
TATATCCCAGATCACT-1_6,Mesophyll,Mesophyll,,3,1,3,2,8,10
TATATCCGTAAGCAAT-1_3,Epidermal,Root procambium,,5,2,5,9,4,17
TATATCCGTCACCCTT-1_1,Epidermal,Root endodermis,,0,0,0,5,4,13
TATATCCGTCGTCTCT-1_6,Meristematic,Mesophyll,,3,1,3,2,8,10
TATATCCTCACAGAGG-1_5,Epidermal,Mesophyll,,2,0,2,6,6,6
TATATCCTCACTCCGT-1_3,Mesophyll,Mesophyll,,1,2,1,0,0,0
TATATCCTCATTGCGA-1_5,Epidermal,Shoot system epidermis,,0,0,0,3,3,14
TATATCCTCGAATGCT-1_3,Stele,Vascular cambium,,0,0,0,1,7,13
TATCAGGAGCTGGCTC-1_6,Mesophyll,Mesophyll,,1,2,1,7,9,11
TATCAGGAGCTTCGTA-1_1,Epidermal,Columella root cap,,0,0,0,1,7,4
TATCAGGAGGCCTTGC-1_2,Mesophyll,Root cortex,,0,0,0,5,7,7
TATCAGGCAACCAGAG-1_3,Mesophyll,Mesophyll,,3,1,3,2,5,5
TATCAGGCAAGCTACT-1_1,Epidermal,Mesophyll,,1,2,1,0,8,15
TATCAGGCACTTCATT-1_3,Epidermal,Flower meristem,,0,0,0,1,4,13
TATCAGGGTCATCAGT-1_3,Mesophyll,Mesophyll,,1,2,1,0,0,2
TATCAGGGTCTCGCGA-1_5,Epidermal,Root cortex,,0,0,0,1,4,4
TATCAGGGTGGGTTGA-1_6,Mesophyll,Mesophyll,,1,2,1,7,9,11
TATCAGGGTTGACTGT-1_2,Mesophyll,Root cortex,,2,1,2,4,2,1
TATCAGGTCTCGTCAC-1_6,Mesophyll,Root cortex,,3,1,3,2,2,1
TATCAGGTCTGCTGAA-1_3,Epidermal,Mesophyll,,4,3,4,8,10,12
TATCCTAAGACGAGCT-1_3,Stele,Flower meristem,,0,0,0,1,4,13
TATCCTAAGGATTTGA-1_5,Epidermal,Mesophyll,,1,2,1,0,0,0
TATCCTAAGGGCCTCT-1_3,Mesophyll,Mesophyll,,1,2,1,7,9,11
TATCCTAAGTCTAGCT-1_4,Meristematic,Root cortex,,2,1,2,4,2,1
TATCCTACATGCCGAC-1_4,Guard,Leaf guard cell,,1,2,1,2,7,15
TATCCTACATGGATCT-1_3,Mesophyll,Leaf pavement cell,,0,0,0,6,6,6
TATCCTAGTAACATCC-1_2,Epidermal,Phloem parenchyma,,0,0,0,0,0,0
TATCCTAGTCGTCGGT-1_3,Epidermal,Root cortex,,4,3,4,8,10,12
TATCCTATCAGTCCGG-1_5,Epidermal,Mesophyll,,0,0,0,6,6,6
TATCCTATCATGCATG-1_3,Stele,Mesophyll,,3,1,3,2,8,10
TATCCTATCTCCAATT-1_3,Stele,Root cap,,0,0,0,5,1,7
TATCCTATCTGAGGCC-1_4,Mesophyll,Mesophyll,,1,2,1,0,4,0
TATCGCCAGATCCGAG-1_5,Stele,Xylem,,0,0,0,5,1,16
TATCGCCGTACCTAGT-1_4,Epidermal,Root cortex,,2,1,2,3,3,1
TATCGCCGTACTAGCT-1_5,Epidermal,Vascular cambium,,5,2,5,1,4,17
TATCGCCGTCAACACT-1_3,Mesophyll,Mesophyll,,3,1,3,2,5,5
TATCGCCGTTCCTTGC-1_1,Epidermal,Leaf pavement cell,,2,1,2,3,3,3
TATCGCCTCAACCCGG-1_1,Epidermal,Non-hair,,0,0,0,5,1,4
TATCGCCTCACCTTGC-1_5,Epidermal,Flower meristem,,0,0,0,1,3,9
TATCGCCTCGTTCGCT-1_3,Mesophyll,Mesophyll,,1,0,1,6,6,6
TATCGCCTCTCTCCGA-1_6,Meristematic,Mesophyll,,3,1,3,2,5,5
TATCTGTAGATACTGA-1_2,Epidermal,Root endodermis,,0,0,0,5,1,8
TATCTGTAGATCGCTT-1_2,Mesophyll,Leaf pavement cell,,2,1,2,3,3,3
TATCTGTAGCCAGAGT-1_2,Meristematic,Flower meristem,,3,1,3,1,4,9
TATCTGTAGCCATTGT-1_2,Mesophyll,Mesophyll,,3,1,3,2,5,5
TATCTGTAGCCTCACG-1_3,Mesophyll,Mesophyll,,0,0,0,6,6,6
TATCTGTAGTAGGTTA-1_4,Mesophyll,Bundle sheath,,0,0,0,1,1,9
TATCTGTAGTCTAGAA-1_2,Meristematic,Leaf pavement cell,,2,1,2,3,3,3
TATCTGTCAAATTGGA-1_4,Mesophyll,Cortex,,4,3,4,8,10,12
TATCTGTCAACTCCCT-1_1,Epidermal,Root cortex,,3,1,3,2,5,5
TATCTGTCAGGATTCT-1_6,Stele,Phloem,,3,2,3,1,4,9
TATCTGTCATACAGGG-1_1,Epidermal,Mesophyll,,5,2,5,9,4,17
TATCTGTGTGGCCCAT-1_3,Mesophyll,Mesophyll,,1,2,1,7,9,11
TATCTGTGTGGGATTG-1_4,Mesophyll,Mesophyll,,3,2,3,2,5,5
TATCTGTTCCAGTTCC-1_2,Stele,Shoot system epidermis,,0,0,0,5,7,13
TATCTGTTCTATCGCC-1_2,Mesophyll,Root cortex,,2,1,2,4,2,1
TATCTTGAGAGAGCCT-1_6,Mesophyll,Root cortex,,2,1,2,3,2,1
TATCTTGAGCTTCATG-1_4,Epidermal,Mesophyll,,0,0,0,6,6,6
TATCTTGAGGCTTAAA-1_3,Epidermal,Flower meristem,,1,2,1,0,4,17
TATCTTGAGTAGAGTT-1_1,Epidermal,Mesophyll,,1,2,1,0,0,0
TATCTTGCAGGAGGAG-1_3,Meristematic,Mesophyll,,1,2,1,0,0,2
TATCTTGGTACATTGC-1_2,Mesophyll,Root cortex,,3,1,3,4,5,1
TATCTTGGTCCTATAG-1_3,Stele,Root procambium,,0,0,0,1,4,13
TATCTTGGTGCCGGTT-1_5,Meristematic,Mesophyll,,1,2,1,0,0,2
TATCTTGGTTCGGTCG-1_5,Mesophyll,Root endodermis,,2,1,2,3,2,1
TATCTTGTCACGAACT-1_6,Epidermal,Root cortex,,2,1,2,3,3,3
TATCTTGTCGGTCTGG-1_1,Meristematic,Mesophyll,,1,2,1,0,0,2
TATCTTGTCTCCCTAG-1_4,Mesophyll,Root cortex,,3,1,3,2,8,10
TATCTTGTCTTCGGTC-1_2,Epidermal,Mesophyll,,3,1,3,2,8,10
TATGTTCAGGATTTCC-1_6,Meristematic,Mesophyll,,3,1,3,4,2,1
TATGTTCCAAAGGAGA-1_4,Mesophyll,Cortex,,3,1,3,2,5,5
TATGTTCCATCTAACG-1_3,Epidermal,Mesophyll,,2,1,2,3,8,15
TATGTTCCATCTCAAG-1_6,Epidermal,Root cortex,,1,2,1,0,0,0
TATGTTCGTCACGTGC-1_2,Epidermal,Shoot system epidermis,,2,1,2,3,3,3
TATGTTCGTGTCGATT-1_6,Mesophyll,Root endodermis,,2,1,2,6,6,6
TATGTTCGTTGTCATG-1_5,Stele,Root cortex,,1,2,1,0,0,2
TATGTTCTCCATTTAC-1_4,Mesophyll,Root endodermis,,2,2,2,0,0,7
TATGTTCTCCCTTGTG-1_3,Mesophyll,Root endodermis,,2,1,2,3,2,1
TATGTTCTCTGGTGCG-1_5,Mesophyll,Leaf pavement cell,,2,1,2,3,2,3
TATTCCAAGAAATCCA-1_6,Mesophyll,Meristematic cell,,3,1,3,2,5,5
TATTCCAAGGTGCAGT-1_4,Epidermal,Root endodermis,,0,0,0,5,1,4
TATTCCAAGTTTCGAC-1_6,Mesophyll,Mesophyll,,3,1,3,2,5,5
TATTCCACAAATGCGG-1_3,Mesophyll,Mesophyll,,0,0,0,6,6,6
TATTCCACACACGGAA-1_1,Mesophyll,Root endodermis,,2,0,2,6,6,6
TATTCCACACGTTGGC-1_3,Epidermal,Root cap,,0,0,0,1,7,13
TATTCCACATACCATG-1_5,Stele,Lateral root cap,,0,0,0,5,7,4
TATTCCACATAGTCGT-1_2,Epidermal,Mesophyll,,5,2,5,9,4,17
TATTCCAGTGGCACTC-1_2,Epidermal,Mesophyll,,0,0,0,6,6,6
TATTCCAGTTATTCCT-1_2,Epidermal,Mesophyll,,3,1,3,2,8,15
TATTCCATCAAAGACA-1_1,Epidermal,Leaf pavement cell,,0,1,0,3,3,3
TATTCCATCCTGCTAC-1_2,Epidermal,Mesophyll,,3,1,3,2,8,10
TATTCCATCTCCGTGT-1_2,Mesophyll,Mesophyll,,3,1,3,2,8,10
TATTGCTCAAGTGACG-1_1,Epidermal,Root cap,,2,0,2,4,5,7
TATTGCTCACAAATCC-1_3,Epidermal,Cortex,,2,1,2,4,2,1
TATTGCTCACACCGAC-1_2,Epidermal,Leaf pavement cell,,2,1,2,3,3,3
TATTGCTTCCACCTGT-1_5,Mesophyll,Mesophyll,,1,2,1,0,0,2
TATTGGGAGTATTCCG-1_4,Stele,Sieve element,,2,0,2,3,3,3
TATTGGGCAATTGAGA-1_1,Stele,Leaf pavement cell,,1,2,1,3,3,3
TATTGGGCACGTGAGA-1_6,Epidermal,Root endodermis,,1,2,1,0,0,17
TATTGGGCAGGTTCAT-1_1,Epidermal,Mesophyll,,1,2,1,7,4,11
TATTGGGGTCTGTAGT-1_1,Mesophyll,Root cortex,,2,0,2,4,1,7
TATTGGGGTCTTGAAC-1_5,Mesophyll,Root endodermis,,2,0,2,6,6,6
TATTGGGGTGTGCTTA-1_4,Mesophyll,Root procambium,,0,0,0,1,7,13
TATTGGGGTTAGGCCC-1_3,Mesophyll,Root endodermis,,0,0,0,6,1,7
TATTGGGGTTGTACGT-1_6,Epidermal,Vascular cambium,,0,0,0,1,4,13
TATTGGGTCTTCTTCC-1_2,Mesophyll,Mesophyll,,1,2,1,0,0,2
TATTTCGAGATGGGCT-1_3,Meristematic,Shoot system epidermis,,2,1,2,3,3,3
TATTTCGAGGAAAGGT-1_1,Epidermal,Mesophyll,,1,2,1,7,9,11
TATTTCGAGGATTTGA-1_3,Stele,Root endodermis,,2,1,2,4,2,1
TATTTCGAGGGAGAAT-1_4,Epidermal,Shoot system epidermis,,2,1,2,3,2,1
TATTTCGAGTATTGCC-1_1,Meristematic,Mesophyll,,0,0,0,6,6,6
TATTTCGCACGCTGCA-1_1,Epidermal,Explant vasculature and callus founder cell,,0,0,0,1,7,13
TATTTCGCAGGCACAA-1_2,Epidermal,Mesophyll,,0,0,0,6,6,6
TATTTCGCAGTAGTTC-1_2,Stele,Root endodermis,,2,0,2,5,1,7
TATTTCGCATAGCTGT-1_4,Mesophyll,Mesophyll,,3,1,3,2,8,15
TATTTCGGTCGTTGGC-1_3,Epidermal,Root cortex,,2,1,2,3,3,3
TATTTCGGTCTACGAT-1_1,Mesophyll,Root cap,,0,0,0,1,0,0
TATTTCGGTCTTCTAT-1_4,Epidermal,Root procambium,,0,0,0,1,7,4
TATTTCGTCAAGATAG-1_6,Epidermal,Mesophyll,,2,0,2,3,7,7
TATTTCGTCCACTTCG-1_6,Mesophyll,Root cortex,,3,1,3,4,2,1
TATTTCGTCGCTTGAA-1_2,Epidermal,Root procambium,,0,0,0,1,7,4
TATTTCGTCGGTCTAA-1_4,Epidermal,Mesophyll,,0,0,0,6,0,0
TCAAGACAGATACGAT-1_4,Epidermal,Mesophyll,,1,2,1,0,0,2
TCAAGACCACCCTGAG-1_5,Epidermal,Root cap,,0,0,0,1,7,4
TCAAGACCATTGCAAC-1_1,Stele,Vascular cambium,,0,0,0,1,1,13
TCAAGACGTAAGGAGA-1_5,Mesophyll,Root endodermis,,1,2,1,0,0,2
TCAAGACGTAATGTGA-1_2,Mesophyll,Mesophyll,,1,2,1,0,0,2
TCAAGACGTCCCGCAA-1_4,Stele,Cortex,,3,1,3,2,2,1
TCAAGACGTTACCTTT-1_2,Epidermal,Mesophyll,,2,1,2,3,3,3
TCAAGACTCACATCAG-1_2,Epidermal,Root cortex,,2,1,2,4,2,1
TCAAGACTCGACCTAA-1_3,Mesophyll,Mesophyll,,1,0,1,6,6,6
TCAAGCAAGCATCGAG-1_4,Mesophyll,Mesophyll,,1,2,1,0,0,2
TCAAGCAAGCGGCTCT-1_2,Mesophyll,Mesophyll,,1,2,1,0,0,2
TCAAGCAAGGTTGACG-1_5,Epidermal,Root cortex,,2,0,2,5,1,7
TCAAGCAAGTGGAAGA-1_6,Guard,Root endodermis,,0,0,0,5,1,8
TCAAGCAGTAGATTAG-1_4,Epidermal,Mesophyll,,0,0,0,4,1,7
TCAAGCAGTCCTGAAT-1_5,Epidermal,Phloem,,4,3,4,8,10,12
TCAAGCAGTGGATACG-1_4,Mesophyll,Mesophyll,,3,1,3,2,5,5
TCAAGCAGTGTGCCTG-1_4,Epidermal,Mesophyll,,0,0,0,6,6,6
TCAAGCAGTTCCTACC-1_4,Stele,Cortex,,3,1,3,2,5,5
TCAAGCATCAAGCCAT-1_3,Epidermal,Mesophyll,,1,2,1,0,0,0
TCAAGCATCCCTTTGG-1_6,Mesophyll,Cortex,,4,3,4,8,10,12
TCAAGCATCGTCTCAC-1_5,Mesophyll,Leaf pavement cell,,3,1,3,2,7,15
TCAAGTGAGCCTGTGC-1_2,Epidermal,Shoot system epidermis,,2,1,2,3,3,3
TCAAGTGAGCGGCTCT-1_3,Mesophyll,Sieve element,,0,0,0,1,9,11
TCAAGTGAGCGGGTTA-1_3,Epidermal,Cortex,,2,0,2,5,1,8
TCAAGTGAGCGTTACT-1_6,Stele,Phloem parenchyma,,2,1,2,3,3,3
TCAAGTGAGCTGAGCA-1_4,Epidermal,Cortex,,0,0,0,1,7,13
TCAAGTGAGGGAGTGG-1_5,Meristematic,Shoot system epidermis,,0,0,0,3,3,3
TCAAGTGAGTCCGCGT-1_3,Epidermal,Non-hair,,2,1,2,3,3,3
TCAAGTGCAAATCGGG-1_3,Mesophyll,Mesophyll,,3,1,3,2,5,5
TCAAGTGCAACGATTC-1_3,Mesophyll,Root endodermis,,0,0,0,6,1,4
TCAAGTGCAAGAGAGA-1_3,Epidermal,Cortex,,2,1,2,4,2,1
TCAAGTGCAATATCCG-1_3,Stele,Columella root cap,,0,0,0,1,7,4
TCAAGTGCACCAAATC-1_4,Mesophyll,Mesophyll,,0,0,0,6,6,6
TCAAGTGCACCTGCGA-1_2,Epidermal,Vascular cambium,,0,0,0,1,4,9
TCAAGTGCACGGCCAT-1_5,Mesophyll,Mesophyll,,1,2,1,0,4,0
TCAAGTGCACTGTTCC-1_4,Epidermal,Shoot system epidermis,,2,0,2,3,3,3
TCAAGTGCATGGGATG-1_3,Mesophyll,Non-hair,,0,1,0,1,3,14
TCAAGTGGTCGCCTAG-1_5,Epidermal,Root cap,,0,0,0,5,1,8
TCAAGTGGTGCGGCTT-1_3,Epidermal,Mesophyll,,1,2,1,0,4,0
TCAAGTGTCATGTCAG-1_5,Stele,Root endodermis,,0,0,0,5,1,8
TCAATCTAGCGGGTTA-1_2,Epidermal,Non-hair,,0,0,0,1,1,4
TCAATCTAGCTAAATG-1_6,Meristematic,Mesophyll,,1,2,1,0,0,2
TCAATCTAGTAACGAT-1_4,Epidermal,Mesophyll,,1,2,1,0,0,2
TCAATCTCAATAAGGT-1_4,Epidermal,Root endodermis,,0,0,0,6,6,6
TCAATCTCACACCAGC-1_6,Epidermal,Vascular cambium,,0,0,0,1,4,9
TCAATCTCATTAAAGG-1_3,Mesophyll,Mesophyll,,1,2,1,0,5,5
TCAATCTGTCACCTTC-1_6,Epidermal,Mesophyll,,0,0,0,6,6,6
TCAATCTTCATGCCGG-1_4,Mesophyll,Mesophyll,,1,2,1,0,0,2
TCAATCTTCGACCAAT-1_3,Mesophyll,Explant vasculature and callus founder cell,,0,0,0,5,1,7
TCAATTCAGGCCTGCT-1_2,Epidermal,Root endodermis,,2,0,2,5,3,8
TCAATTCAGGGCAAGG-1_3,Epidermal,Root cortex,,2,1,2,4,2,1
TCAATTCAGTGGATAT-1_1,Stele,Mesophyll,,1,2,1,0,0,2
TCAATTCAGTTCCGTA-1_5,Epidermal,Cortex,,2,1,2,4,2,1
TCAATTCCAAAGGCAC-1_3,Mesophyll,Mesophyll,,3,2,3,2,5,5
TCAATTCCACTCCCTA-1_2,Stele,Root cortex,,3,1,3,2,8,15
TCAATTCGTCACTGAT-1_6,Mesophyll,Root procambium,,1,2,1,0,0,2
TCAATTCTCTGTGCAA-1_2,Stele,Root cortex,,2,0,2,4,2,1
TCAATTCTCTTCTCAA-1_2,Mesophyll,Root cortex,,2,0,2,0,1,7
TCACAAGAGACATGCG-1_1,Epidermal,Root endodermis,,0,0,0,5,1,8
TCACAAGAGATGACCG-1_2,Epidermal,Phloem,,3,1,3,2,2,1
TCACAAGAGGCCTTGC-1_4,Mesophyll,Mesophyll,,1,2,1,0,0,2
TCACAAGAGGTAAGTT-1_3,Mesophyll,Mesophyll,,3,2,3,7,9,11
TCACAAGAGTAGGCCA-1_6,Epidermal,Phloem parenchyma,,0,0,0,6,1,8
TCACAAGAGTTCTACG-1_6,Mesophyll,Mesophyll,,1,2,1,7,9,11
TCACAAGCACAAAGTA-1_6,Epidermal,Root cortex,,2,1,2,4,2,7
TCACAAGGTAACATAG-1_3,Epidermal,Mesophyll,,0,0,0,1,4,9
TCACAAGGTAACTAAG-1_1,Mesophyll,Non-hair,,0,0,0,1,1,4
TCACAAGGTGGTTCTA-1_6,Epidermal,Root cortex,,2,1,2,4,2,1
TCACAAGTCCGGACGT-1_6,Epidermal,Non-hair,,4,3,4,8,10,12
TCACACCAGGGATGTC-1_3,Mesophyll,Mesophyll,,1,2,1,0,0,2
TCACACCCACGCAGTC-1_4,Epidermal,Root cortex,,4,3,4,8,10,12
TCACACCCATCACCAA-1_3,Epidermal,Columella root cap,,2,0,2,4,1,6
TCACACCCATCGTGGC-1_3,Epidermal,Mesophyll,,2,1,2,4,2,1
TCACACCGTCCCGTGA-1_4,Epidermal,Cortex,,0,1,0,1,7,7
TCACACCGTTTATGCG-1_5,Mesophyll,Mesophyll,,1,2,1,0,0,2
TCACACCTCGCCGTGA-1_3,Epidermal,Mesophyll,,1,2,1,0,0,2
TCACACCTCGGTTGTA-1_4,Epidermal,Mesophyll,,1,2,1,0,0,2
TCACACCTCGTAACTG-1_2,Stele,Shoot system epidermis,,0,0,0,3,3,14
TCACATTAGTAGTCTC-1_1,Epidermal,Root endodermis,,2,1,2,3,3,3
TCACATTAGTGGACTG-1_5,Mesophyll,Leaf pavement cell,,0,0,0,1,4,9
TCACATTAGTTCGCAT-1_1,Mesophyll,Mesophyll,,0,0,0,6,6,6
TCACATTCAAACTAGA-1_5,Epidermal,Root procambium,,0,0,0,1,7,4
TCACATTCATAGCACT-1_2,Stele,Root cortex,,3,1,3,2,8,10
TCACATTCATAGGCGA-1_1,Epidermal,Columella root cap,,0,0,0,5,1,8
TCACATTCATTACGGT-1_1,Epidermal,Mesophyll,,3,1,3,2,5,5
TCACATTGTCGTCGGT-1_4,Epidermal,Non-hair,,0,0,0,1,3,14
TCACATTTCACAACCA-1_4,Mesophyll,Mesophyll,,1,2,1,1,7,13
TCACATTTCCATCGTC-1_1,Epidermal,Root cortex,,2,1,2,4,2,7
TCACATTTCGCAGAGA-1_6,Mesophyll,Mesophyll,,1,2,1,7,9,11
TCACATTTCTGTCGCT-1_3,Epidermal,Mesophyll,,1,2,1,0,0,0
TCACGCTAGACGGTTG-1_1,Mesophyll,Mesophyll,,1,2,1,0,4,0
TCACGCTAGCGCTTCG-1_5,Epidermal,Leaf pavement cell,,0,0,0,6,6,6
TCACGCTAGTGCTCGC-1_4,Epidermal,Bundle sheath,,0,0,0,1,7,9
TCACGCTCACTCAAGT-1_3,Epidermal,Phloem,,0,0,0,6,6,6
TCACGCTGTACGATCT-1_4,Mesophyll,Root cortex,,2,1,2,4,2,1
TCACGCTGTGAGTAGC-1_5,Mesophyll,Root procambium,,1,2,1,1,7,11
TCACGCTGTTGCCAAT-1_4,Epidermal,Root endodermis,,2,1,2,4,2,1
TCACGCTTCATACGAC-1_1,Epidermal,Mesophyll,,1,2,1,0,4,0
TCACGCTTCCCTGGTT-1_5,Epidermal,Root procambium,,0,0,0,1,1,4
TCACGGGAGCACTTTG-1_1,Epidermal,Root endodermis,,2,0,2,5,1,8
TCACGGGAGCCTGAAG-1_6,Stele,Phloem,,0,2,0,1,4,13
TCACGGGAGGTCACTT-1_2,Meristematic,Root endodermis,,2,0,2,3,3,3
TCACGGGAGTCTCTGA-1_5,Epidermal,Mesophyll,,1,2,1,2,5,5
TCACGGGCAGCAGTAG-1_1,Mesophyll,Mesophyll,,3,1,3,1,8,15
TCACGGGCATGACTAC-1_3,Mesophyll,Mesophyll,,1,2,1,0,0,2
TCACGGGGTCGGCCTA-1_5,Epidermal,Root cap,,1,2,1,0,0,0
TCACGGGGTCTGATCA-1_4,Epidermal,Leaf pavement cell,,2,1,2,3,3,3
TCACGGGGTCTGTGCG-1_1,Epidermal,Columella root cap,,2,0,2,5,1,8
TCACGGGGTTGAGTCT-1_3,Mesophyll,Mesophyll,,3,2,3,2,5,5
TCACGGGTCCCTGTTG-1_2,Mesophyll,Root endodermis,,2,0,2,5,2,8
TCACGGGTCGGCGATC-1_1,Epidermal,Root cortex,,2,1,2,4,2,1
TCACGGGTCTCTCCGA-1_3,Mesophyll,Explant vasculature and callus founder cell,,0,0,0,1,7,13
TCACTATAGTGGAATT-1_3,Epidermal,Mesophyll,,1,2,1,0,0,2
TCACTATCAAAGCTCT-1_2,Epidermal,Root endodermis,,0,0,0,5,1,8
TCACTATCAACGGGTA-1_4,Mesophyll,Root cortex,,2,1,2,4,2,1
TCACTATCACAGCTGC-1_3,Mesophyll,Mesophyll,,1,2,1,0,0,0
TCACTATCAGAAGCTG-1_6,Stele,Mesophyll,,1,1,1,0,3,0
TCACTATTCAAGAATG-1_3,Epidermal,Mesophyll,,1,2,1,0,0,0
TCACTATTCACCTCGT-1_4,Mesophyll,Mesophyll,,1,2,1,0,0,0
TCACTATTCACCTTGC-1_4,Epidermal,Root endodermis,,1,2,1,5,6,0
TCACTATTCCCTCGAT-1_4,Epidermal,Root cap,,0,0,0,5,1,7
TCACTATTCGTGTGGC-1_4,Mesophyll,Phloem parenchyma,,0,0,0,5,1,4
TCACTCGAGAGAGTTT-1_6,Stele,Mesophyll,,3,1,3,2,8,10
TCACTCGAGCTGACTT-1_4,Epidermal,Non-hair,,0,1,0,1,3,14
TCACTCGAGTATGAGT-1_5,Meristematic,Mesophyll,,1,2,1,11,12,19
TCACTCGCAAGGCAAC-1_4,Mesophyll,Root cortex,,0,0,0,1,7,7
TCACTCGCACATACGT-1_5,Mesophyll,Mesophyll,,0,1,0,3,3,3
TCACTCGCAGCAGGAT-1_1,Epidermal,Mesophyll,,3,1,3,2,2,15
TCACTCGGTATACCCA-1_3,Epidermal,Leaf pavement cell,,0,0,0,3,3,7
TCACTCGGTCTTGCGG-1_1,Mesophyll,Root cortex,,3,1,3,2,5,5
TCACTCGGTGCAGGAT-1_5,Epidermal,Xylem,,2,1,2,3,3,3
TCACTCGGTGTGCCTG-1_3,Stele,Root cortex,,3,1,3,2,8,1
TCACTCGGTTATGACC-1_4,Epidermal,Non-hair,,0,0,0,1,7,4
TCACTCGGTTCTTGTT-1_1,Mesophyll,Root cortex,,3,1,3,0,8,10
TCACTCGTCAGCTTCC-1_4,Epidermal,Phloem parenchyma,,0,0,0,5,1,4
TCACTCGTCTTACCAT-1_5,Mesophyll,Mesophyll,,1,2,1,7,9,11
TCAGCAAAGACTACGG-1_1,Epidermal,Leaf pavement cell,,2,1,2,3,3,3
TCAGCAAAGAGGCGGA-1_4,Mesophyll,Mesophyll,,1,2,1,7,9,11
TCAGCAAAGCGTCAGA-1_6,Mesophyll,Root cap,,0,0,0,1,1,4
TCAGCAAAGGTACTGG-1_3,Epidermal,Mesophyll,,1,2,1,0,0,2
TCAGCAACAGACAATA-1_4,Epidermal,Mesophyll,,3,1,3,4,2,1
TCAGCAACAGCCTACG-1_6,Mesophyll,Root cortex,,3,1,3,2,8,10
TCAGCAAGTGCACATT-1_3,Epidermal,Root cortex,,2,1,2,4,2,1
TCAGCAATCAATCTTC-1_5,Epidermal,Columella root cap,,2,0,2,3,3,9
TCAGCAATCGTTCTGC-1_2,Epidermal,Leaf pavement cell,,2,0,2,3,3,3
TCAGCCTAGCAACTTC-1_3,Mesophyll,Non-hair,,0,0,0,1,3,4
TCAGCCTCAAAGAACT-1_1,Meristematic,Root cortex,,3,1,3,2,5,5
TCAGCCTCAAATTGGA-1_1,Epidermal,Mesophyll,,0,0,0,6,6,6
TCAGCCTCAGGTCCCA-1_4,Mesophyll,Mesophyll,,0,0,0,1,4,9
TCAGCCTCATCCGATA-1_4,Mesophyll,Mesophyll,,4,3,4,8,10,12
TCAGCCTGTAACGGTG-1_5,Stele,Root endodermis,,0,0,0,5,1,4
TCAGCCTGTACAAGTA-1_5,Meristematic,Root procambium,,0,0,0,5,1,8
TCAGCCTGTTAAACAG-1_5,Mesophyll,Root cortex,,2,1,2,4,2,1
TCAGCCTGTTACCTGA-1_6,Mesophyll,Root cap,,0,0,0,5,1,8
TCAGCCTGTTTACTTC-1_6,Epidermal,Mesophyll,,3,1,3,2,5,7
TCAGCCTTCGCCTTTG-1_3,Meristematic,Mesophyll,,2,1,2,3,3,3
TCAGCCTTCTAACGGT-1_3,Meristematic,Root cap,,2,0,2,3,3,3
TCAGGGCAGATCACCT-1_2,Mesophyll,Phloem,,0,0,0,1,4,9
TCAGGGCAGGCCACCT-1_3,Mesophyll,Mesophyll,,3,1,3,2,5,5
TCAGGGCCAATTGTGC-1_1,Epidermal,Mesophyll,,1,2,1,0,0,0
TCAGGGCCACCTATCC-1_2,Mesophyll,Phloem pole pericycle,,0,0,0,1,1,4
TCAGGGCCAGACCGCT-1_5,Meristematic,Phloem parenchyma,,2,0,2,5,1,8
TCAGGGCGTAGGAGGG-1_4,Epidermal,Root cortex,,2,0,2,5,1,7
TCAGGGCGTATGGGAC-1_3,Stele,Mesophyll,,1,2,1,7,9,11
TCAGGGCGTTGCAACT-1_4,Epidermal,Vascular cambium,,0,2,0,1,4,13
TCAGGGCTCTGCGGCA-1_6,Epidermal,Cortex,,2,0,2,5,1,1
TCAGGTAAGTATAGGT-1_3,Epidermal,Root cap,,0,0,0,1,1,7
TCAGGTACACGCCAGT-1_5,Epidermal,Mesophyll,,5,2,5,9,4,17
TCAGGTACACGCTGAC-1_6,Mesophyll,Phloem parenchyma,,1,2,1,0,0,0
TCAGGTACACTGTGTA-1_1,Epidermal,Mesophyll,,1,2,1,0,0,16
TCAGGTAGTACAGTTC-1_2,Mesophyll,Root cortex,,3,1,3,2,8,15
TCAGGTAGTACGGTTT-1_1,Meristematic,Root endodermis,,0,0,0,5,1,8
TCAGGTAGTCAGCTTA-1_2,Epidermal,Cortex,,4,3,4,8,10,12
TCAGGTAGTCCCGGTA-1_5,Epidermal,Root endodermis,,0,0,0,6,1,6
TCAGGTAGTCCGATCG-1_4,Epidermal,Mesophyll,,3,1,3,2,8,15
TCAGGTATCACCTTAT-1_6,Epidermal,Root cap,,0,0,0,1,1,4
TCAGGTATCATTGTGG-1_3,Mesophyll,Root cortex,,3,1,3,2,5,5
TCAGGTATCTTAGGAC-1_2,Mesophyll,Mesophyll,,0,0,0,6,6,6
TCAGTCCAGACGAAGA-1_6,Stele,Mesophyll,,3,1,3,2,5,10
TCAGTCCAGAGTGAAG-1_1,Meristematic,Mesophyll,,1,2,1,0,0,0
TCAGTCCCAATGAACA-1_5,Stele,Mesophyll,,3,1,3,2,9,10
TCAGTCCCAGACCTGC-1_4,Epidermal,Root cortex,,2,1,2,4,2,1
TCAGTCCCAGTTAAAG-1_2,Epidermal,Root cap,,0,0,0,1,7,4
TCAGTCCGTATGAGGC-1_4,Epidermal,Columella root cap,,2,0,2,3,1,7
TCAGTCCGTGGGTCAA-1_4,Mesophyll,Mesophyll,,1,2,1,0,0,5
TCAGTCCTCACCTTAT-1_1,Epidermal,Root hair,,5,4,5,9,11,18
TCAGTCCTCCAATGCA-1_5,Epidermal,Mesophyll,,1,2,1,2,0,10
TCAGTGAAGGAGTACC-1_1,Epidermal,Phloem parenchyma,,0,0,0,6,1,4
TCAGTGAAGGCCTAAG-1_2,Meristematic,Xylem,,0,0,0,5,1,8
TCAGTGAAGGGATCAC-1_1,Mesophyll,Vascular cambium,,1,2,1,7,9,11
TCAGTGACACGAAGAC-1_3,Epidermal,Phloem parenchyma,,0,0,0,5,1,8
TCAGTGACACGGCACT-1_6,Mesophyll,Mesophyll,,3,1,3,2,8,15
TCAGTGACATGACACT-1_3,Stele,Phloem,,3,1,3,1,4,9
TCAGTGACATGGTGGA-1_1,Epidermal,Root endodermis,,0,0,0,6,6,6
TCAGTGAGTATTGACC-1_1,Epidermal,Root endodermis,,2,0,2,0,0,1
TCAGTTTAGACCTCAT-1_5,Epidermal,Shoot system epidermis,,2,0,2,3,3,3
TCAGTTTCACCAGCCA-1_3,Mesophyll,Phloem,,0,0,0,1,4,15
TCAGTTTCACCGTGAC-1_6,Mesophyll,Mesophyll,,1,0,1,6,6,6
TCAGTTTGTACCCGAC-1_5,Mesophyll,Mesophyll,,1,2,1,0,0,16
TCAGTTTGTAGCGTAG-1_5,Mesophyll,Phloem,,1,2,1,0,0,0
TCAGTTTGTATGAGCG-1_3,Epidermal,Mesophyll,,3,1,3,2,5,5
TCAGTTTTCCCAGTGG-1_3,Mesophyll,Root endodermis,,2,1,2,4,2,1
TCAGTTTTCCTAGCCT-1_4,Stele,Mesophyll,,1,2,1,0,0,0
TCAGTTTTCTTAGTTC-1_6,Epidermal,Root endodermis,,2,0,2,3,3,3
TCATACTAGAGCTGCA-1_4,Epidermal,Flower meristem,,0,0,0,1,7,4
TCATACTAGCTACTAC-1_1,Epidermal,Mesophyll,,0,0,0,1,3,9
TCATACTAGTCATGGG-1_1,Mesophyll,Root cortex,,3,1,3,4,2,1
TCATACTCACAGTCCG-1_6,Epidermal,Mesophyll,,3,1,3,2,5,5
TCATACTCATGGGATG-1_2,Mesophyll,Mesophyll,,1,2,1,0,6,2
TCATACTGTCCGAAAG-1_2,Mesophyll,Explant vasculature and callus founder cell,,0,1,0,1,7,13
TCATACTGTCGTCATA-1_4,Mesophyll,Mesophyll,,3,1,3,2,8,10
TCATACTGTCTAACGT-1_3,Meristematic,Flower meristem,,0,0,0,5,1,4
TCATACTGTCTTCAAG-1_1,Epidermal,Root endodermis,,0,0,0,6,6,6
TCATACTGTGATAGTA-1_6,Meristematic,Root endodermis,,0,0,0,6,6,6
TCATACTGTGCCGAAA-1_6,Epidermal,Leaf pavement cell,,2,1,2,3,3,3
TCATACTTCATCGGGC-1_2,Stele,Mesophyll,,3,1,3,2,2,10
TCATACTTCTCACTCG-1_1,Epidermal,Mesophyll,,1,2,1,0,0,2
TCATATCAGAAGCGCT-1_4,Epidermal,Root hair,,5,4,5,9,11,18
TCATATCAGCCATCCG-1_3,Epidermal,Columella root cap,,0,0,0,3,3,9
TCATATCAGGATTTGA-1_3,Stele,Cortex,,2,1,2,4,2,1
TCATATCAGGTCCTGC-1_1,Meristematic,Flower meristem,,0,0,0,1,4,9
TCATATCAGGTGATAT-1_1,Mesophyll,Mesophyll,,1,2,1,0,0,2
TCATATCCACCGGAAA-1_5,Meristematic,Flower meristem,,0,0,0,1,4,0
TCATATCGTACCCACG-1_1,Epidermal,Root cortex,,1,2,1,0,0,0
TCATATCGTCCAGCAC-1_5,Epidermal,Mesophyll,,1,2,1,0,0,2
TCATATCGTTTGTTGG-1_1,Mesophyll,Mesophyll,,0,0,0,6,6,6
TCATATCTCCACTTTA-1_2,Epidermal,Flower meristem,,0,0,0,1,1,4
TCATATCTCCCAGGAC-1_6,Epidermal,Root procambium,,0,0,0,1,7,4
TCATATCTCCTGGGTG-1_3,Epidermal,Root cortex,,2,1,2,4,2,1
TCATATCTCGACGACC-1_3,Mesophyll,Mesophyll,,3,1,3,2,5,5
TCATCATAGAAGTATC-1_6,Mesophyll,Root cap,,0,0,0,4,1,7
TCATCATAGGCTTAGG-1_4,Meristematic,Mesophyll,,3,1,3,2,8,10
TCATCATAGTGAGCCA-1_3,Mesophyll,Root cortex,,1,2,1,0,0,7
TCATCATAGTGCACCC-1_2,Epidermal,Root endodermis,,0,0,0,6,3,7
TCATCATAGTGGACGT-1_4,Meristematic,Mesophyll,,3,1,3,0,8,10
TCATCATCAACAGTGG-1_3,Mesophyll,Xylem,,2,1,2,4,2,1
TCATCATCACCCTGTT-1_2,Epidermal,Root endodermis,,0,0,0,5,1,8
TCATCATCACGACTAT-1_3,Epidermal,Mesophyll,,0,0,0,6,6,6
TCATCATCAGCGGTTC-1_1,Mesophyll,Root cortex,,2,1,2,2,2,1
TCATCATGTACATACC-1_4,Epidermal,Leaf pavement cell,,2,0,2,3,3,7
TCATCATGTGCATGAG-1_5,Stele,Phloem,,3,0,3,1,4,9
TCATCATGTTACGATC-1_6,Epidermal,Non-hair,,0,0,0,1,3,9
TCATCATGTTGGTAGG-1_3,Mesophyll,Root endodermis,,0,0,0,5,9,8
TCATCATTCGAATCCA-1_4,Stele,Mesophyll,,1,2,1,0,0,2
TCATCATTCTGGCTGG-1_1,Epidermal,Leaf pavement cell,,0,0,0,6,6,6
TCATCCGAGCCGTCGT-1_5,Epidermal,Phloem,,4,3,4,8,10,12
TCATCCGAGGATAATC-1_1,Epidermal,Root cap,,0,0,0,1,7,4
TCATCCGAGTAGCTCT-1_1,Epidermal,Root procambium,,0,0,0,1,1,4
TCATCCGCACAACATC-1_3,Epidermal,Phloem,,3,1,3,4,2,1
TCATCCGGTTTCGTGA-1_4,Epidermal,Root cap,,0,0,0,4,7,7
TCATCCGTCATTTGGG-1_2,Stele,Root cortex,,2,1,2,1,7,13
TCATCCGTCCGGTAAT-1_1,Mesophyll,Mesophyll,,1,2,1,0,10,14
TCATCCGTCGGATACT-1_1,Epidermal,Leaf pavement cell,,2,1,2,3,3,3
TCATCCGTCTCGCTTG-1_1,Mesophyll,Columella root cap,,0,0,0,1,1,4
TCATGAGAGCTGACTT-1_4,Epidermal,Mesophyll,,1,2,1,0,0,0
TCATGAGAGGAAGTAG-1_2,Mesophyll,Mesophyll,,1,2,1,7,9,11
TCATGAGAGGGAGGGT-1_1,Mesophyll,Mesophyll,,1,2,1,7,9,11
TCATGAGCACCTGCAG-1_6,Mesophyll,Mesophyll,,1,2,1,7,9,11
TCATGAGGTAACATGA-1_6,Mesophyll,Flower meristem,,1,2,1,1,4,0
TCATGAGGTAAGCAAT-1_3,Epidermal,Root stele,,3,1,3,4,2,1
TCATGCCAGGTAGATT-1_2,Meristematic,Flower meristem,,1,2,1,0,4,0
TCATGCCCACCTCGTT-1_3,Epidermal,Root cortex,,3,1,3,4,5,5
TCATGCCCAGACCATT-1_2,Epidermal,Phloem,,0,2,0,1,4,13
TCATGCCCATACTTTC-1_3,Epidermal,Mesophyll,,3,1,3,2,5,5
TCATGCCCATGGAATA-1_5,Epidermal,Mesophyll,,1,2,1,0,0,0
TCATGCCCATTCAGCA-1_5,Epidermal,Root procambium,,0,0,0,5,1,7
TCATGCCGTCATGACT-1_3,Epidermal,Root stele,,0,0,0,5,1,7
TCATGCCGTGATACAA-1_1,Stele,Mesophyll,,1,2,1,0,0,2
TCATGGAAGCGCTTCG-1_4,Stele,Non-hair,,0,0,0,3,3,0
TCATGGACAAAGCTAA-1_5,Stele,Generative nuclei,,3,1,3,10,4,9
TCATGGACAATAAGGT-1_2,Meristematic,Mesophyll,,3,1,3,2,5,5
TCATGGACAGAGAATT-1_5,Epidermal,Root cortex,,0,2,0,1,4,13
TCATGGACAGCTCCTT-1_4,Stele,Leaf pavement cell,,0,0,0,6,6,6
TCATGGACAGGATGAC-1_3,Mesophyll,Mesophyll,,3,1,3,2,5,6
TCATGGACAGTCAGAG-1_5,Mesophyll,Mesophyll,,1,2,1,7,9,2
TCATGGAGTGCTTATG-1_1,Mesophyll,Non-hair,,4,3,4,8,10,12
TCATGGAGTGGCTTGC-1_1,Mesophyll,Mesophyll,,3,1,3,2,9,14
TCATGGATCACCCTCA-1_2,Meristematic,Mesophyll,,3,2,3,2,5,10
TCATGGATCCAAACCA-1_3,Mesophyll,Mesophyll,,1,2,1,7,9,11
TCATGGATCCATCCGT-1_2,Meristematic,Mesophyll,,1,2,1,0,0,2
TCATGGATCGAGCCAC-1_6,Epidermal,Root endodermis,,0,0,0,6,6,6
TCATGGATCGTCACCT-1_5,Epidermal,Root cortex,,0,0,0,5,1,7
TCATGTTAGAAACCAT-1_5,Stele,Root cap,,3,1,3,2,8,10
TCATGTTAGACCACGA-1_3,Epidermal,Root endodermis,,0,0,0,6,6,6
TCATGTTAGCAATAGT-1_3,Epidermal,Phloem parenchyma,,0,0,0,5,1,8
TCATGTTAGGTAAGGA-1_3,Epidermal,Generative nuclei,,4,3,4,8,10,12
TCATGTTAGTGCAGGT-1_6,Mesophyll,Mesophyll,,1,2,1,0,6,16
TCATGTTCAAATCGGG-1_4,Stele,Vascular cambium,,3,2,3,1,4,17
TCATGTTCAACAGTGG-1_4,Mesophyll,Mesophyll,,1,2,1,0,0,16
TCATGTTCAACGCCCA-1_4,Mesophyll,Flower meristem,,3,2,3,0,4,0
TCATGTTCAAGCTGTT-1_4,Epidermal,Root cortex,,2,1,2,4,2,1
TCATGTTCACTTCTCG-1_4,Mesophyll,Root endodermis,,3,0,3,5,6,0
TCATGTTCATGATAGA-1_6,Epidermal,Mesophyll,,1,1,1,1,7,14
TCATGTTCATGGTGGA-1_4,Epidermal,Mesophyll,,1,2,1,0,6,15
TCATGTTGTAATGATG-1_2,Stele,Non-hair,,0,0,0,1,1,4
TCATGTTTCTGCCCTA-1_4,Epidermal,Root cortex,,2,1,2,4,2,1
TCATTACAGATGTAGT-1_1,Mesophyll,Root cortex,,3,1,3,2,5,5
TCATTACAGGCAGGGA-1_1,Stele,Mesophyll,,0,0,0,1,1,0
TCATTACAGTAGCCAG-1_3,Stele,Phloem,,3,1,3,10,4,9
TCATTACCACCAGCGT-1_4,Epidermal,Mesophyll,,3,1,3,2,5,5
TCATTACCAGCGAGTA-1_5,Epidermal,Mesophyll,,1,1,1,0,8,16
TCATTACGTAAGGAGA-1_2,Stele,Microspore nuclei,,4,0,4,8,10,12
TCATTACGTCAGGAGT-1_5,Mesophyll,Root endodermis,,1,2,1,0,0,2
TCATTACGTCGCACAC-1_1,Mesophyll,Mesophyll,,1,2,1,0,0,16
TCATTACGTGACATCT-1_3,Mesophyll,Root cap,,3,1,3,4,2,1
TCATTACGTGTGTCGC-1_3,Mesophyll,Mesophyll,,3,1,3,2,8,10
TCATTACTCGCTCTCA-1_5,Stele,Root procambium,,0,0,0,5,1,4
TCATTACTCGCTGCGA-1_5,Mesophyll,Mesophyll,,3,1,3,2,5,10
TCATTCAAGATAGTCA-1_1,Mesophyll,Root cortex,,3,1,3,2,5,5
TCATTCAAGCGACCCT-1_5,Meristematic,Root endodermis,,2,1,2,3,3,3
TCATTCAAGCGCTGAA-1_1,Epidermal,Root cortex,,2,1,2,4,2,1
TCATTCACAAGCTGCC-1_3,Epidermal,Non-hair,,3,1,3,1,8,10
TCATTCACAGTAGATA-1_5,Mesophyll,Root cortex,,2,1,2,4,2,1
TCATTCACATCGATCA-1_5,Mesophyll,Mesophyll,,1,2,1,0,0,0
TCATTCACATCTCCCA-1_4,Epidermal,Root cap,,0,2,0,1,7,13
TCATTCACATCTGGGC-1_3,Epidermal,Root endodermis,,0,0,0,5,1,4
TCATTCAGTAACAGGC-1_3,Stele,Columella root cap,,0,0,0,1,7,7
TCATTCAGTACACGTT-1_4,Epidermal,Lateral root cap,,5,4,5,9,11,18
TCATTCAGTACTCGTA-1_2,Mesophyll,Leaf pavement cell,,0,0,0,3,1,4
TCATTCAGTCCATAGT-1_4,Epidermal,Mesophyll,,1,2,1,0,0,2
TCATTCAGTGCATTTG-1_1,Epidermal,Leaf pavement cell,,0,0,0,5,1,6
TCATTCAGTTGTTGTG-1_4,Epidermal,Root endodermis,,0,0,0,6,1,4
TCATTCATCAACTGGT-1_4,Mesophyll,Mesophyll,,3,1,3,2,2,9
TCATTCATCACGTCCT-1_6,Mesophyll,Root endodermis,,0,0,0,6,6,6
TCATTCATCCTCATAT-1_5,Epidermal,Mesophyll,,1,2,1,0,0,2
TCATTCATCGAACGGA-1_3,Mesophyll,Explant vasculature and callus founder cell,,3,1,3,1,4,15
TCATTGTAGAATCGCG-1_2,Epidermal,Vascular cambium,,0,0,0,1,1,9
TCATTGTAGTCTCGTA-1_1,Mesophyll,Root cortex,,3,1,3,2,5,5
TCATTGTAGTTATGGA-1_1,Mesophyll,Mesophyll,,1,2,1,7,9,11
TCATTGTCATGACACT-1_4,Stele,Cortex,,2,1,2,1,7,13
TCATTGTGTCCAGGTC-1_2,Epidermal,Leaf pavement cell,,2,1,2,3,3,3
TCATTGTGTTGTCATG-1_4,Mesophyll,Root cortex,,3,1,3,2,8,10
TCATTGTGTTGTTGAC-1_4,Mesophyll,Non-hair,,0,0,0,1,7,4
TCATTGTTCACCATGA-1_4,Stele,Mesophyll,,1,2,1,0,0,0
TCATTGTTCGGCTTGG-1_5,Epidermal,Mesophyll,,3,1,3,2,5,5
TCATTGTTCTATTTCG-1_5,Mesophyll,Mesophyll,,3,1,3,2,5,5
TCATTTGCAATAACCC-1_3,Mesophyll,Root cortex,,2,1,2,4,2,1
TCATTTGCACACAGCC-1_1,Meristematic,Root cap,,3,1,3,2,8,10
TCATTTGCACTAAACC-1_6,Epidermal,Non-hair,,3,1,3,1,3,14
TCATTTGGTCACTACA-1_2,Epidermal,Non-hair,,2,1,2,3,3,3
TCATTTGTCAGTGGGA-1_5,Mesophyll,Mesophyll,,1,2,1,0,0,2
TCATTTGTCCAGTACA-1_4,Stele,Phloem,,3,1,3,4,4,9
TCATTTGTCCGTGCGA-1_3,Epidermal,Leaf pavement cell,,2,0,2,3,3,3
TCATTTGTCGGACGTC-1_1,Epidermal,Root cortex,,2,1,2,4,2,1
TCATTTGTCTTGCAGA-1_1,Meristematic,Shoot system epidermis,,0,0,0,1,1,4
TCCACCAAGGCAGCTA-1_4,Epidermal,Leaf pavement cell,,3,1,3,2,8,10
TCCACCAAGTATAGGT-1_5,Epidermal,Root cortex,,1,2,1,0,0,7
TCCACCAAGTCACAGG-1_2,Epidermal,Root procambium,,0,0,0,1,7,13
TCCACCACAGCACACC-1_3,Epidermal,Mesophyll,,1,2,1,0,0,2
TCCACCAGTAAGCGGT-1_3,Meristematic,Root cortex,,4,3,4,8,10,12
TCCACCAGTAATTGGA-1_4,Epidermal,Mesophyll,,0,0,0,6,6,6
TCCACCATCAGTCACA-1_2,Stele,Phloem pole pericycle,,0,0,0,1,1,4
TCCACCATCCAGCACG-1_3,Epidermal,Non-hair,,3,1,3,2,7,15
TCCACCATCGTTCCTG-1_6,Mesophyll,Mesophyll,,3,1,3,2,5,5
TCCACCATCTCGGTCT-1_3,Stele,Mesophyll,,3,1,3,2,8,10
TCCACGTAGCTAATCC-1_5,Mesophyll,Root endodermis,,0,0,0,1,4,4
TCCACGTAGGGAGTGG-1_1,Mesophyll,Xylem,,2,1,2,3,3,3
TCCACGTAGGTAGATT-1_2,Stele,Root cortex,,1,1,1,0,0,16
TCCACGTAGTAAACAC-1_6,Mesophyll,Mesophyll,,3,1,3,2,5,5
TCCACGTGTAATACCC-1_1,Mesophyll,Phloem,,3,2,3,0,4,0
TCCACGTGTCGTTGGC-1_2,Epidermal,Root cortex,,2,1,2,3,3,3
TCCACGTGTGAATTAG-1_4,Mesophyll,Root cap,,2,0,2,4,2,1
TCCACGTGTGTTGACT-1_2,Mesophyll,Root cortex,,2,1,2,4,2,1
TCCACGTTCAACTGGT-1_6,Epidermal,Root cortex,,3,1,3,2,8,15
TCCACGTTCGCCCAGA-1_3,Epidermal,Generative nuclei,,3,1,3,4,4,9
TCCACGTTCGTAGCTA-1_2,Epidermal,Leaf pavement cell,,0,0,0,1,7,4
TCCACGTTCTCTCTAA-1_2,Mesophyll,Mesophyll,,1,2,1,0,0,2
TCCAGAAAGTGGACTG-1_1,Epidermal,Root cortex,,2,1,2,4,2,1
TCCAGAAGTCTCCCTA-1_1,Epidermal,Root cortex,,3,1,3,2,5,5
TCCAGAAGTTGTGGAG-1_6,Mesophyll,Mesophyll,,3,1,3,2,5,5
TCCAGAATCCATTGGA-1_3,Mesophyll,Mesophyll,,1,2,1,0,0,0
TCCAGAATCGCGGTAC-1_5,Mesophyll,Non-hair,,0,0,0,1,1,4
TCCAGAATCTCGTTTA-1_4,Epidermal,Non-hair,,4,3,4,8,10,12
TCCATCGAGCTTCATG-1_2,Epidermal,Root cortex,,2,1,2,4,2,1
TCCATCGAGGATGCGT-1_4,Stele,Root cortex,,3,1,3,2,8,15
TCCATCGAGTTGAAGT-1_4,Epidermal,Root cortex,,2,0,2,3,3,8
TCCATCGAGTTGGACG-1_6,Epidermal,Mesophyll,,0,0,0,1,1,4
TCCATCGCAAACGTGG-1_4,Mesophyll,Mesophyll,,0,0,0,3,1,3
TCCATCGCAAGTTCCA-1_4,Mesophyll,Leaf pavement cell,,2,1,2,3,3,3
TCCATCGCAATCGTCA-1_5,Meristematic,Cortex,,3,1,3,4,2,1
TCCATCGGTACAACGG-1_5,Mesophyll,Mesophyll,,1,2,1,7,9,2
TCCATCGGTCCAGCAC-1_5,Mesophyll,Root endodermis,,2,0,2,6,6,6
TCCATCGGTCTTGAAC-1_6,Epidermal,Root hair,,5,4,5,9,11,17
TCCATGCAGAAGGCTC-1_1,Mesophyll,Root endodermis,,0,0,0,6,6,6
TCCATGCAGTGCAACG-1_1,Epidermal,Root endodermis,,0,0,0,1,1,4
TCCATGCCACTTCATT-1_1,Epidermal,Root hair,,5,2,5,9,4,17
TCCATGCCAGGCACTC-1_3,Meristematic,Mesophyll,,5,2,5,1,4,17
TCCATGCCAGTATACC-1_2,Epidermal,Root procambium,,0,0,0,1,7,13
TCCATGCGTCCCGGTA-1_4,Stele,Flower meristem,,0,0,0,1,4,0
TCCATGCTCAACCTTT-1_5,Epidermal,Root endodermis,,2,1,2,4,2,1
TCCATGCTCCGAGATT-1_1,Epidermal,Root cap,,3,1,3,4,4,7
TCCATGCTCGACGACC-1_3,Epidermal,Mesophyll,,1,2,1,0,0,2
TCCATGCTCTGACCCT-1_1,Mesophyll,Mesophyll,,1,2,1,0,0,0
TCCCACAAGCTACTAC-1_2,Mesophyll,Mesophyll,,3,1,3,2,5,5
TCCCACAAGTGAATAC-1_5,Epidermal,Mesophyll,,3,1,3,2,5,5
TCCCACACAACGCCCA-1_3,Meristematic,Vascular cambium,,0,0,0,1,7,13
TCCCACACACCCTAGG-1_3,Stele,Mesophyll,,3,1,3,2,8,10
TCCCACACACCTTCGT-1_4,Mesophyll,Mesophyll,,1,2,1,7,9,11
TCCCACACACGCGGTT-1_6,Epidermal,Non-hair,,0,0,0,1,7,4
TCCCACACACGGTGCT-1_1,Stele,Root endodermis,,2,0,2,6,6,6
TCCCACACAGAAGCTG-1_3,Mesophyll,Root procambium,,0,0,0,1,1,4
TCCCACACAGTGTGCC-1_3,Epidermal,Mesophyll,,0,0,0,6,6,6
TCCCACAGTATTCTCT-1_1,Meristematic,Root cortex,,1,2,1,0,0,0
TCCCACAGTGGATACG-1_5,Stele,Root cortex,,2,1,2,4,2,1
TCCCACATCGCATTGA-1_1,Mesophyll,Mesophyll,,3,1,3,2,8,10
TCCCAGTAGATTAGAC-1_3,Epidermal,Bundle sheath,,0,0,0,1,4,9
TCCCAGTAGTATGATG-1_3,Epidermal,Non-hair,,0,0,0,1,1,4
TCCCAGTCAAACTCTG-1_6,Epidermal,Cortex,,3,1,3,0,8,10
TCCCAGTCAAAGCTAA-1_4,Meristematic,Phloem,,0,2,0,1,4,13
TCCCAGTCAATGGGTG-1_6,Stele,Explant vasculature and callus founder cell,,0,0,0,1,7,7
TCCCAGTGTCTAACTG-1_1,Epidermal,Root cortex,,2,1,2,4,2,1
TCCCAGTGTTATCTTC-1_5,Epidermal,Root cap,,0,0,0,1,1,9
TCCCAGTGTTCCAAAC-1_4,Mesophyll,Root endodermis,,0,0,0,6,6,6
TCCCAGTTCAATCGGT-1_3,Stele,Mesophyll,,3,1,3,2,5,10
TCCCAGTTCACTACTT-1_3,Epidermal,Leaf pavement cell,,2,1,2,3,3,3
TCCCAGTTCTGAATCG-1_4,Meristematic,Columella root cap,,2,0,2,3,3,3
TCCCAGTTCTGCAGCG-1_3,Epidermal,Cortex,,2,1,2,4,2,1
TCCCATGCAAGAGAGA-1_1,Mesophyll,Mesophyll,,3,1,3,2,5,5
TCCCATGCAATCGAAA-1_5,Epidermal,Mesophyll,,1,2,1,0,0,2
TCCCATGCACATAGCT-1_3,Epidermal,Mesophyll,,1,2,1,0,0,11
TCCCATGCATCATTTC-1_4,Epidermal,Root cortex,,2,0,2,3,3,3
TCCCATGCATTCAGCA-1_4,Stele,Companion cell,,2,0,2,3,3,14
TCCCATGGTTAGAAAC-1_3,Stele,Mesophyll,,1,2,1,0,0,2
TCCCATGTCTAAGAAG-1_6,Mesophyll,Mesophyll,,1,2,1,7,9,16
TCCGAAAAGGAACGAA-1_3,Epidermal,Root cortex,,3,1,3,2,5,5
TCCGAAACACTGCATA-1_1,Epidermal,Mesophyll,,1,2,1,0,0,0
TCCGAAACACTTCATT-1_3,Epidermal,Non-hair,,4,3,4,8,10,12
TCCGAAACAGGATTCT-1_1,Mesophyll,Sieve element,,3,1,3,1,4,9
TCCGAAAGTATTCCGA-1_1,Mesophyll,Mesophyll,,3,1,3,2,4,15
TCCGAAAGTGTCTTCC-1_1,Epidermal,Root procambium,,0,0,0,1,1,4
TCCGAAAGTTTACGAC-1_6,Mesophyll,Leaf pavement cell,,2,1,2,3,3,3
TCCGAAATCAAGCTTG-1_4,Stele,Mesophyll,,3,1,3,4,4,9
TCCGAAATCACAATGC-1_5,Mesophyll,Mesophyll,,3,0,3,6,6,6
TCCGAAATCACTACGA-1_3,Meristematic,Mesophyll,,3,1,3,2,5,5
TCCGAAATCCATACAG-1_5,Epidermal,Root endodermis,,2,0,2,6,6,6
TCCGAAATCCGCTAGG-1_5,Epidermal,Non-hair,,0,0,0,1,3,14
TCCGATCAGAACCGCA-1_2,Epidermal,Mesophyll,,0,0,0,6,6,6
TCCGATCAGATGAATC-1_3,Epidermal,Bundle sheath,,0,0,0,1,4,9
TCCGATCAGGGCGAGA-1_2,Mesophyll,Mesophyll,,0,0,0,6,6,6
TCCGATCCACCTCTGT-1_4,Epidermal,Flower meristem,,5,2,5,1,4,17
TCCGATCGTGCAGGAT-1_1,Mesophyll,Mesophyll,,1,2,1,2,5,5
TCCGATCTCAAACCTG-1_1,Epidermal,Mesophyll,,1,2,1,0,4,0
TCCGATCTCATCGACA-1_3,Epidermal,Root cortex,,2,1,2,4,2,7
TCCGATCTCCTGGGTG-1_2,Epidermal,Leaf pavement cell,,2,1,2,3,3,3
TCCGATCTCTGTTGGA-1_1,Mesophyll,Mesophyll,,0,0,0,6,6,6
TCCGGGACAAAGGATT-1_3,Epidermal,Flower meristem,,0,0,0,1,4,4
TCCGGGAGTAACGTTC-1_2,Stele,Root cortex,,1,3,1,1,7,14
TCCGGGAGTATACGGG-1_3,Epidermal,Root cortex,,2,1,2,3,3,3
TCCGGGAGTCCCAAAT-1_1,Epidermal,Root cap,,0,0,0,5,1,4
TCCGGGAGTGGCTCTG-1_2,Mesophyll,Mesophyll,,0,0,0,6,6,6
TCCGTGTCATCCGATA-1_4,Mesophyll,Root cortex,,2,1,2,4,2,1
TCCGTGTGTACAAACA-1_5,Mesophyll,Mesophyll,,1,2,1,7,9,11
TCCGTGTTCCTCCACA-1_4,Mesophyll,Lateral root cap,,0,0,0,0,1,16
TCCTAATAGATGTAGT-1_1,Mesophyll,Vascular cambium,,3,1,3,2,8,9
TCCTAATAGCTGACAG-1_5,Mesophyll,Mesophyll,,1,2,1,0,0,2
TCCTAATAGGACAGCT-1_1,Epidermal,Mesophyll,,1,2,1,0,0,11
TCCTAATAGTAGAGTT-1_1,Epidermal,Leaf pavement cell,,2,1,2,3,3,3
TCCTAATAGTCAACAA-1_6,Meristematic,Mesophyll,,1,2,1,11,12,19
TCCTAATAGTTACGGG-1_2,Epidermal,Root cortex,,2,1,2,3,3,3
TCCTAATCACACTGGC-1_3,Mesophyll,Generative nuclei,,4,3,4,8,10,12
TCCTAATCAGATCATC-1_4,Mesophyll,Explant vasculature and callus founder cell,,3,1,3,3,4,0
TCCTAATCAGATCCTA-1_2,Mesophyll,Root endodermis,,2,0,2,4,10,12
TCCTAATCATTAGGAA-1_2,Stele,Root endodermis,,0,0,0,6,6,6
TCCTAATGTATCAGGG-1_3,Stele,Sieve element,,0,0,0,6,6,6
TCCTAATGTTCGGTTA-1_3,Mesophyll,Root cortex,,1,2,1,7,9,11
TCCTAATGTTCTCAGA-1_3,Epidermal,Root cap,,2,1,2,4,2,1
TCCTAATTCATTGTTC-1_2,Mesophyll,Phloem,,0,2,0,1,4,13
TCCTAATTCCGTATAG-1_2,Mesophyll,Root cortex,,2,1,2,4,2,1
TCCTCCCAGTAAAGCT-1_3,Epidermal,Root cortex,,2,0,2,3,3,16
TCCTCCCAGTAGGATT-1_4,Epidermal,Non-hair,,0,0,0,5,1,8
TCCTCCCCAACCACAT-1_1,Mesophyll,Mesophyll,,1,2,1,0,0,2
TCCTCCCGTCACTACA-1_5,Mesophyll,Mesophyll,,1,2,1,0,0,0
TCCTCCCGTCATCGCG-1_2,Epidermal,Root cortex,,3,1,3,2,8,10
TCCTCCCGTCCTGAAT-1_2,Meristematic,Mesophyll,,1,2,1,0,0,0
TCCTCCCGTCTCGGAC-1_1,Epidermal,Cortex,,3,1,3,2,5,5
TCCTCCCTCAAGAGTA-1_6,Epidermal,Cortex,,3,1,3,2,4,0
TCCTCCCTCATTGCTT-1_4,Epidermal,Root cortex,,2,1,2,4,2,1
TCCTCCCTCCGCACTT-1_6,Epidermal,Root cortex,,2,1,2,4,2,1
TCCTCCCTCCGGACTG-1_6,Epidermal,Leaf pavement cell,,2,0,2,3,3,3
TCCTCCCTCTAGACCA-1_3,Epidermal,Xylem,,3,1,3,1,4,9
TCCTCGACACTCATAG-1_3,Epidermal,Mesophyll,,1,2,1,0,0,2
TCCTCGAGTCGCAACC-1_3,Mesophyll,Mesophyll,,1,2,1,0,0,2
TCCTCGAGTGACACGA-1_4,Mesophyll,Mesophyll,,3,1,3,2,5,5
TCCTCGAGTTCCAGGC-1_5,Mesophyll,Root cortex,,2,0,2,6,6,6
TCCTCGAGTTCTTGTT-1_3,Epidermal,Root cortex,,0,0,0,5,1,7
TCCTCGAGTTTGTTCT-1_5,Epidermal,Flower meristem,,0,0,0,5,1,8
TCCTCGATCGAGAGAC-1_2,Epidermal,Mesophyll,,0,0,0,6,6,6
TCCTCTTAGAGCCATG-1_5,Mesophyll,Phloem parenchyma,,0,0,0,5,1,6
TCCTCTTAGGCCATAG-1_5,Epidermal,Root cortex,,2,1,2,4,2,1
TCCTCTTAGGCTGAAC-1_6,Meristematic,Leaf pavement cell,,0,0,0,3,3,3
TCCTCTTCAATATCCG-1_2,Meristematic,Phloem parenchyma,,0,0,0,5,1,8
TCCTCTTCACTTACAG-1_1,Epidermal,Root cortex,,4,3,4,8,10,12
TCCTCTTCAGCGAACA-1_2,Epidermal,Mesophyll,,3,1,3,2,5,10
TCCTCTTCATAGCACT-1_1,Stele,Mesophyll,,1,2,1,0,0,0
TCCTCTTGTAGGATAT-1_3,Mesophyll,Root cortex,,3,1,3,2,5,5
TCCTCTTGTAGTCGGA-1_3,Mesophyll,Mesophyll,,3,1,3,2,5,10
TCCTCTTGTCACAGAG-1_5,Mesophyll,Mesophyll,,0,0,0,6,6,6
TCCTCTTGTCGTCGGT-1_6,Stele,Mesophyll,,3,1,3,2,5,10
TCCTCTTGTGCCGTAC-1_3,Mesophyll,Non-hair,,0,0,0,1,7,13
TCCTCTTGTTACCTTT-1_2,Mesophyll,Cortex,,3,1,3,2,5,5
TCCTCTTGTTCTCCCA-1_2,Stele,Explant vasculature and callus founder cell,,0,0,0,1,7,13
TCCTCTTGTTGTTGTG-1_3,Epidermal,Root cap,,0,0,0,1,1,4
TCCTCTTTCCTCTAAT-1_6,Epidermal,Root endodermis,,4,3,4,8,10,12
TCCTCTTTCTCAGTCC-1_4,Epidermal,Root endodermis,,0,0,0,6,6,6
TCCTGCAAGATTCGCT-1_4,Epidermal,Root procambium,,0,0,0,1,1,4
TCCTGCAAGCGCCTTG-1_6,Mesophyll,Leaf pavement cell,,3,1,3,2,8,15
TCCTGCACAAATGGAT-1_2,Epidermal,Root cap,,0,0,0,1,7,4
TCCTGCACAACCGATT-1_4,Epidermal,Root endodermis,,1,0,1,1,7,14
TCCTGCACACCTATCC-1_2,Epidermal,Explant vasculature and callus founder cell,,0,0,0,4,1,7
TCCTGCACAGAAATTG-1_3,Epidermal,Root cortex,,3,1,3,2,8,10
TCCTGCACAGATCCTA-1_3,Mesophyll,Root endodermis,,0,0,0,5,1,8
TCCTGCACAGTGAGCA-1_5,Mesophyll,Columella root cap,,0,0,0,5,1,4
TCCTGCAGTCACTCAA-1_5,Epidermal,Mesophyll,,1,2,1,0,0,0
TCCTGCAGTGCGTGCT-1_1,Mesophyll,Pericycle,,0,0,0,1,7,13
TCCTGCATCAACTGAC-1_5,Epidermal,Phloem pole pericycle,,0,0,0,1,1,4
TCCTTCTAGGATTTAG-1_2,Mesophyll,Mesophyll,,1,2,1,0,0,0
TCCTTCTAGTACCCTA-1_1,Epidermal,Phloem,,0,0,0,5,1,7
TCCTTCTCAAGGAGTC-1_1,Stele,Mesophyll,,1,2,1,0,0,0
TCCTTCTCACAAATAG-1_2,Epidermal,Root cap,,0,2,0,0,1,16
TCCTTCTCAGACTGCC-1_5,Epidermal,Lateral root cap,,4,3,4,8,10,12
TCCTTCTCAGCGTACC-1_1,Meristematic,Mesophyll,,1,2,1,0,0,0
TCCTTCTGTACTGCCG-1_3,Mesophyll,Mesophyll,,1,2,1,0,0,0
TCCTTCTGTCGTCAGC-1_4,Epidermal,Phloem pole pericycle,,0,0,0,1,7,13
TCCTTCTGTGAAGCTG-1_2,Epidermal,Mesophyll,,1,2,1,0,0,0
TCCTTTCAGCCTTTCC-1_4,Stele,Mesophyll,,0,0,0,6,6,6
TCCTTTCAGGTCCAGA-1_1,Meristematic,Root cortex,,3,1,3,2,5,1
TCCTTTCCAGGCTTGC-1_4,Mesophyll,Mesophyll,,1,2,1,0,0,2
TCCTTTCGTCGTGATT-1_5,Epidermal,Flower meristem,,5,2,5,9,4,17
TCCTTTCGTTAAAGTG-1_6,Epidermal,Leaf pavement cell,,0,0,0,5,1,8
TCCTTTCTCACAAGGG-1_3,Stele,Mesophyll,,3,1,3,2,8,10
TCCTTTCTCAGCGGAA-1_4,Stele,Mesophyll,,3,1,3,2,8,5
TCGAACAAGTGGAAGA-1_1,Epidermal,Phloem,,3,1,3,1,7,15
TCGAACACACCAATTG-1_4,Epidermal,Mesophyll,,2,1,2,3,2,1
TCGAACACACGTCGTG-1_1,Stele,Phloem parenchyma,,0,0,0,1,1,4
TCGAACATCAAATGCC-1_5,Epidermal,Root endodermis,,0,0,0,5,1,4
TCGAACATCACTTATC-1_4,Epidermal,Non-hair,,1,1,1,1,7,14
TCGAACATCACTTGGA-1_2,Mesophyll,Mesophyll,,3,1,3,2,4,15
TCGAACATCGCCCAGA-1_2,Epidermal,Vascular cambium,,2,0,2,3,3,9
TCGAACATCTGCACCT-1_4,Meristematic,Mesophyll,,1,2,1,0,4,0
TCGAAGTAGCATGCAG-1_2,Epidermal,Phloem,,3,0,3,1,4,9
TCGAAGTAGCGAGTAC-1_1,Epidermal,Phloem,,4,3,4,8,10,12
TCGAAGTAGGTTTACC-1_3,Epidermal,Root cortex,,3,1,3,4,2,7
TCGAAGTCACAGCTGC-1_3,Mesophyll,Root cortex,,3,1,3,2,2,1
TCGAAGTCATACAGCT-1_5,Mesophyll,Mesophyll,,1,2,1,0,4,16
TCGAAGTCATTGACAC-1_1,Epidermal,Root procambium,,0,0,0,1,1,7
TCGAAGTGTCGCATTA-1_6,Mesophyll,Mesophyll,,1,2,1,7,9,11
TCGAAGTTCCGCTGTT-1_3,Mesophyll,Root endodermis,,0,0,0,6,6,6
TCGACCTAGCAACTTC-1_5,Epidermal,Microspore nuclei,,1,2,1,0,0,0
TCGACCTAGGACGCAT-1_6,Mesophyll,Mesophyll,,1,2,1,7,9,11
TCGACCTAGGTCCAGA-1_4,Epidermal,Root endodermis,,4,3,4,8,10,12
TCGACCTCAGACCATT-1_4,Epidermal,Columella root cap,,0,0,0,1,4,9
TCGACCTCAGTTCACA-1_4,Mesophyll,Root procambium,,0,2,0,1,7,13
TCGACCTCATTCGGGC-1_1,Mesophyll,Mesophyll,,0,0,0,6,6,6
TCGACCTGTAGAGATT-1_4,Stele,Root cortex,,3,1,3,4,5,7
TCGACCTGTATCATGC-1_4,Mesophyll,Root cortex,,4,3,4,8,10,12
TCGACCTGTCTCCTGT-1_5,Epidermal,Xylem,,2,1,2,3,3,3
TCGACCTGTTACCCAA-1_2,Epidermal,Mesophyll,,1,2,1,0,0,0
TCGACCTGTTCGGACC-1_5,Epidermal,Leaf pavement cell,,2,1,2,3,2,3
TCGACCTTCAATGTCG-1_1,Epidermal,Flower meristem,,0,0,0,1,4,17
TCGACCTTCCATTTCA-1_5,Mesophyll,Mesophyll,,3,1,3,4,2,0
TCGACCTTCCCTTGTG-1_2,Epidermal,Mesophyll,,1,2,1,0,0,0
TCGACCTTCCTACACC-1_4,Mesophyll,Mesophyll,,3,1,3,2,8,15
TCGACCTTCGCTACAA-1_4,Epidermal,Root procambium,,0,0,0,6,6,6
TCGACCTTCTCGCCTA-1_4,Epidermal,Mesophyll,,1,2,1,2,9,2
TCGACGGAGTCCGCCA-1_5,Epidermal,Root cortex,,2,1,2,3,3,3
TCGACGGGTCTACAGT-1_4,Mesophyll,Leaf guard cell,,1,2,1,0,0,15
TCGACGGGTGACTGAG-1_4,Meristematic,Mesophyll,,3,1,3,2,5,5
TCGACGGGTGCATACT-1_2,Epidermal,Leaf pavement cell,,2,1,2,3,3,3
TCGACGGGTGGTGATG-1_5,Mesophyll,Mesophyll,,3,1,3,2,8,10
TCGACGGTCATTGGTG-1_2,Stele,Root procambium,,0,0,0,6,6,6
TCGACGGTCCACATAG-1_4,Mesophyll,Mesophyll,,3,1,3,2,5,5
TCGACGGTCGCCTCTA-1_6,Stele,Phloem,,0,0,0,1,7,4
TCGACGGTCTCAAAGC-1_3,Epidermal,Root cortex,,2,1,2,3,3,3
TCGACGGTCTGCTGAA-1_6,Meristematic,Mesophyll,,1,2,1,0,0,2
TCGATTTAGTTGGGAC-1_2,Epidermal,Non-hair,,0,0,0,5,1,4
TCGATTTCAACAGCTT-1_1,Epidermal,Mesophyll,,3,1,3,2,5,5
TCGATTTCACCTTCCA-1_4,Epidermal,Non-hair,,3,1,3,2,8,10
TCGATTTGTGCATGAG-1_5,Epidermal,Columella root cap,,1,2,1,0,0,0
TCGATTTTCGCTTGCT-1_4,Mesophyll,Explant vasculature and callus founder cell,,0,0,0,1,7,13
TCGCACTAGATCGACG-1_5,Mesophyll,Mesophyll,,3,0,3,6,6,6
TCGCACTAGCTCTATG-1_3,Meristematic,Mesophyll,,3,1,3,2,5,5
TCGCACTAGGAGCTGT-1_2,Mesophyll,Root cortex,,2,0,2,4,2,7
TCGCACTAGTTCCTGA-1_2,Epidermal,Mesophyll,,3,1,3,2,8,10
TCGCACTCACTTGAAC-1_2,Mesophyll,Mesophyll,,1,2,1,0,0,2
TCGCACTCAGGTCCCA-1_4,Stele,Pericycle,,3,1,3,2,8,10
TCGCACTGTCCATACA-1_5,Mesophyll,Root endodermis,,0,0,0,6,6,7
TCGCACTGTCTTCCGT-1_4,Epidermal,Root hair,,5,4,5,9,11,18
TCGCACTGTTTACGTG-1_6,Epidermal,Root endodermis,,0,0,0,5,7,7
TCGCACTTCAAGTCTG-1_1,Epidermal,Root endodermis,,0,0,0,5,1,8
TCGCACTTCGAGATGG-1_3,Mesophyll,Mesophyll,,3,1,3,2,8,15
TCGCACTTCGCAATGT-1_1,Stele,Phloem pole pericycle,,2,0,2,3,3,3
TCGCAGGAGAGACAAG-1_6,Epidermal,Mesophyll,,1,2,1,0,4,17
TCGCAGGAGGTCCGAA-1_6,Epidermal,Shoot system epidermis,,4,3,4,8,10,12
TCGCAGGAGTATGCAA-1_1,Epidermal,Phloem pole pericycle,,4,3,4,8,10,12
TCGCAGGCAGGGAGAG-1_1,Mesophyll,Cortex,,2,1,2,4,2,1
TCGCAGGCAGTTCTAG-1_6,Epidermal,Root cortex,,0,0,0,0,1,7
TCGCAGGCATACAGGG-1_6,Stele,Mesophyll,,1,2,1,0,0,2
TCGCAGGGTAATGTGA-1_6,Epidermal,Root hair,,5,2,5,9,4,17
TCGCAGGGTTTACACG-1_2,Epidermal,Mesophyll,,0,0,0,6,1,6
TCGCAGGTCGACGATT-1_5,Meristematic,Mesophyll,,0,0,0,6,6,6
TCGCAGGTCGGAACTT-1_2,Mesophyll,Mesophyll,,1,2,1,7,9,11
TCGCAGGTCTGACGCG-1_2,Mesophyll,Mesophyll,,4,3,4,8,10,12
TCGCTCAAGAGGGCGA-1_3,Stele,Mesophyll,,0,0,0,6,6,6
TCGCTCAAGGACAGCT-1_2,Mesophyll,Leaf pavement cell,,3,1,3,2,5,7
TCGCTCAAGGACATCG-1_1,Epidermal,Mesophyll,,1,2,1,1,9,11
TCGCTCAAGTCGTTAC-1_1,Stele,Root cortex,,2,1,2,4,2,1
TCGCTCACAATTCTCT-1_6,Epidermal,Mesophyll,,1,1,1,6,0,0
TCGCTCAGTGTGCTTA-1_3,Epidermal,Root cortex,,3,1,3,2,8,15
TCGCTCAGTTGTGTAC-1_5,Mesophyll,Root endodermis,,2,1,2,4,2,1
TCGCTCATCGCACGGT-1_3,Mesophyll,Cortex,,1,2,1,0,0,2
TCGCTCATCGCCAACG-1_3,Epidermal,Flower meristem,,0,2,0,1,4,0
TCGCTTGAGGGCTGAT-1_5,Epidermal,Mesophyll,,3,1,3,2,5,5
TCGCTTGAGGTCCCGT-1_4,Stele,Root cortex,,2,1,2,4,2,1
TCGCTTGCACACAGAG-1_1,Meristematic,Root procambium,,0,0,0,1,7,4
TCGCTTGCATCCAACA-1_5,Epidermal,Mesophyll,,0,2,0,1,6,15
TCGCTTGCATCTAGAC-1_6,Epidermal,Root endodermis,,1,2,1,0,0,19
TCGCTTGGTGAATGAT-1_5,Stele,Root cortex,,1,2,1,0,0,2
TCGCTTGGTGGGACAT-1_2,Meristematic,Leaf pavement cell,,2,0,2,3,3,9
TCGCTTGGTGTACATC-1_5,Mesophyll,Mesophyll,,0,0,0,7,0,0
TCGCTTGGTTCATCGA-1_5,Meristematic,Flower meristem,,1,2,1,0,4,0
TCGCTTGTCACATCAG-1_1,Mesophyll,Explant vasculature and callus founder cell,,0,0,0,1,7,13
TCGCTTGTCCACAAGT-1_4,Epidermal,Flower meristem,,1,2,1,1,4,15
TCGGATAAGCACACAG-1_4,Epidermal,Leaf pavement cell,,2,1,2,3,3,3
TCGGATAAGCACGTCC-1_6,Stele,Phloem,,0,0,0,1,4,9
TCGGATAAGCCTATTG-1_2,Epidermal,Mesophyll,,1,2,1,0,0,14
TCGGATAAGGTCATAA-1_4,Epidermal,Lateral root cap,,0,0,0,5,1,8
TCGGATAAGTTGGGAC-1_3,Mesophyll,Lateral root cap,,0,2,0,5,4,0
TCGGATAGTACCCACG-1_6,Mesophyll,Vascular cambium,,4,3,4,8,10,12
TCGGATAGTGAATGAT-1_5,Mesophyll,Columella root cap,,0,0,0,1,1,4
TCGGATAGTGAGCTCC-1_1,Epidermal,Root cortex,,2,1,2,4,2,1
TCGGATATCAGTGTTG-1_2,Epidermal,Root cortex,,2,1,2,3,3,3
TCGGATATCGTCTACC-1_3,Epidermal,Columella root cap,,0,0,0,1,1,0
TCGGATATCTTCCACG-1_3,Mesophyll,Root endodermis,,1,0,1,7,9,11
TCGGGACAGATCCGAG-1_2,Mesophyll,Cortex,,3,1,3,2,5,5
TCGGGACAGCCGTTGC-1_2,Epidermal,Leaf pavement cell,,2,1,2,3,3,3
TCGGGACCACCTGCAG-1_4,Mesophyll,Root endodermis,,0,0,0,6,1,4
TCGGGACCACTGAATC-1_5,Mesophyll,Root cortex,,4,3,4,8,10,12
TCGGGACGTACAGTTC-1_4,Epidermal,Shoot system epidermis,,2,1,2,3,3,3
TCGGGACGTCGCACAC-1_4,Epidermal,Root procambium,,0,0,0,6,6,6
TCGGGACTCTATTGTC-1_6,Epidermal,Root endodermis,,2,1,2,3,3,3
TCGGGACTCTCAGTCC-1_4,Epidermal,Leaf pavement cell,,2,1,2,3,3,3
TCGGGCAAGCTAATCC-1_4,Epidermal,Phloem,,4,3,4,8,10,12
TCGGGCAAGTAGGCCA-1_3,Mesophyll,Mesophyll,,1,2,1,0,0,0
TCGGGCACAACTCGAT-1_2,Mesophyll,Mesophyll,,3,1,3,2,5,5
TCGGGCACACAGCATT-1_3,Stele,Non-hair,,0,0,0,1,1,4
TCGGGCACAGAGGAAA-1_3,Epidermal,Phloem parenchyma,,0,0,0,5,1,8
TCGGGCACAGCCCAGT-1_2,Stele,Root cortex,,1,2,1,0,0,2
TCGGGCAGTGCCTAAT-1_5,Meristematic,Root cortex,,2,2,2,4,2,0
TCGGGCAGTTGTTGCA-1_5,Epidermal,Sieve element,,1,2,1,1,7,14
TCGGGCATCTTTCGAT-1_1,Epidermal,Mesophyll,,1,2,1,0,0,2
TCGGGTGAGCATCCCG-1_1,Mesophyll,Shoot system epidermis,,0,0,0,5,1,8
TCGGGTGCAATGAACA-1_4,Epidermal,Root endodermis,,2,2,2,0,0,0
TCGGGTGCACACGCCA-1_6,Mesophyll,Mesophyll,,1,2,1,7,9,11
TCGGGTGCACTGCTTC-1_3,Mesophyll,Mesophyll,,3,1,3,2,8,10
TCGGGTGGTCATTCCC-1_5,Epidermal,Root cortex,,2,0,2,5,2,7
TCGGTCTAGAGGATCC-1_1,Epidermal,Mesophyll,,0,0,0,4,5,6
TCGGTCTAGGATTTCC-1_6,Mesophyll,Mesophyll,,1,2,1,0,0,2
TCGGTCTCACCTCTAC-1_3,Epidermal,Non-hair,,0,0,0,3,3,3
TCGGTCTCACGTAGTT-1_5,Meristematic,Root cortex,,2,1,2,7,9,1
TCGGTCTCACTGTTCC-1_3,Meristematic,Root endodermis,,0,0,0,6,6,6
TCGGTCTCAGAGTCTT-1_1,Epidermal,Root endodermis,,0,0,0,6,6,19
TCGGTCTCATCCGCGA-1_5,Epidermal,Non-hair,,0,0,0,1,7,4
TCGGTCTTCCCATACC-1_2,Epidermal,Mesophyll,,1,2,1,0,0,15
TCGGTCTTCCGTTGAA-1_4,Meristematic,Root endodermis,,0,0,0,1,1,4
TCGGTCTTCGGCCAAC-1_2,Mesophyll,Non-hair,,3,1,3,2,8,10
TCGGTCTTCTTACTGT-1_5,Stele,Columella root cap,,0,0,0,1,7,4
TCGTAGAAGCAGTACG-1_4,Mesophyll,Mesophyll,,4,3,4,8,10,12
TCGTAGAAGCCGTTGC-1_6,Epidermal,Mesophyll,,1,2,1,0,4,0
TCGTAGACAACGATCT-1_4,Epidermal,Mesophyll,,3,1,3,2,5,5
TCGTAGAGTGTTTGCA-1_1,Epidermal,Root cortex,,2,0,2,4,2,7
TCGTAGAGTTGCGGAA-1_3,Epidermal,Non-hair,,1,1,1,1,7,14
TCGTAGATCAAGGCTT-1_1,Meristematic,Phloem parenchyma,,0,0,0,5,1,8
TCGTCCAAGGAGCTGT-1_4,Epidermal,Root cap,,0,0,0,5,1,4
TCGTCCACACGTCGGT-1_2,Meristematic,Leaf pavement cell,,2,1,2,3,3,3
TCGTCCAGTACTCGTA-1_2,Epidermal,Phloem,,1,2,1,0,0,2
TCGTCCAGTAGCGCTC-1_1,Meristematic,Meristematic cell,,0,1,0,1,4,9
TCGTCCATCATGCGGC-1_5,Epidermal,Explant vasculature and callus founder cell,,3,1,3,2,5,5
TCGTCCATCCCAGGAC-1_6,Epidermal,Cortex,,0,0,0,1,7,13
TCGTCCATCCTTCACG-1_1,Epidermal,Mesophyll,,1,2,1,0,4,0
TCGTCCATCTACTATC-1_4,Mesophyll,Mesophyll,,1,2,1,7,9,11
TCGTGCTAGTGGTCAG-1_4,Epidermal,Mesophyll,,0,0,0,6,6,6
TCGTGCTGTCGTTATG-1_3,Epidermal,Leaf pavement cell,,0,0,0,3,6,3
TCGTGCTGTGCCCAGT-1_6,Mesophyll,Mesophyll,,3,1,3,4,3,0
TCGTGCTGTTTGTTCT-1_5,Epidermal,Root cortex,,2,0,2,4,2,7
TCGTGCTTCGATAACC-1_4,Epidermal,Mesophyll,,1,2,1,0,0,2
TCGTGCTTCTATCGCC-1_4,Meristematic,Xylem,,0,0,0,1,7,7
TCGTGCTTCTGATTCT-1_3,Epidermal,Leaf pavement cell,,2,1,2,3,3,3
TCGTGGGAGACGCTCC-1_2,Epidermal,Leaf pavement cell,,0,0,0,1,1,4
TCGTGGGAGCGCCTCA-1_1,Epidermal,Mesophyll,,1,2,1,0,0,2
TCGTGGGCATCCTGTC-1_3,Mesophyll,Non-hair,,0,0,0,1,7,4
TCGTGGGGTCGTGGAA-1_6,Stele,Vascular cambium,,0,0,0,1,7,13
TCGTGGGTCACGACTA-1_1,Mesophyll,Mesophyll,,1,2,1,6,6,6
TCGTGGGTCTCCCAAC-1_2,Epidermal,Root endodermis,,0,0,0,5,1,8
TCTAACTAGACCACGA-1_5,Mesophyll,Leaf pavement cell,,2,1,2,3,3,3
TCTAACTCAAGACCGA-1_5,Meristematic,Sieve element,,3,1,3,2,4,15
TCTAACTCATGCCGAC-1_6,Meristematic,Leaf pavement cell,,2,1,2,3,3,3
TCTAACTTCCAATCCC-1_3,Epidermal,Mesophyll,,1,2,1,0,0,2
TCTAACTTCCATCGTC-1_4,Meristematic,Root cortex,,3,1,3,4,2,1
TCTAACTTCCGGTAAT-1_2,Epidermal,Non-hair,,0,0,0,5,1,4
TCTAACTTCCTTCTTC-1_3,Epidermal,Root procambium,,5,2,5,1,4,17
TCTAACTTCGACGTCG-1_1,Epidermal,Mesophyll,,1,2,1,0,0,2
TCTAACTTCTCCACTG-1_4,Epidermal,Root endodermis,,0,0,0,5,1,4
TCTACATAGTTGAATG-1_2,Stele,Root procambium,,0,0,0,1,7,4
TCTACATCAACCTAAC-1_1,Epidermal,Mesophyll,,5,4,5,9,11,18
TCTACATCACCTAAAC-1_5,Mesophyll,Mesophyll,,3,1,3,2,7,15
TCTACATCAGTCGTTA-1_3,Stele,Root cortex,,4,3,4,8,10,12
TCTACATGTACATACC-1_4,Epidermal,Root cortex,,1,2,1,0,0,0
TCTACATGTTTAGAGA-1_3,Epidermal,Root endodermis,,2,1,2,0,3,3
TCTACATTCAGGGATG-1_1,Epidermal,Mesophyll,,1,2,1,0,0,0
TCTACATTCCGTTTCG-1_3,Mesophyll,Root endodermis,,2,0,2,6,6,6
TCTACCGAGAAACTGT-1_5,Epidermal,Root cortex,,3,1,3,2,8,10
TCTACCGAGCTAGTTC-1_3,Epidermal,Root procambium,,0,0,0,5,1,8
TCTACCGCAAACTCTG-1_4,Mesophyll,Mesophyll,,1,2,1,7,9,2
TCTACCGCAACCAATC-1_4,Stele,Root cortex,,3,1,3,2,8,10
TCTACCGCAATAGTGA-1_5,Epidermal,Root cortex,,3,1,3,2,5,5
TCTACCGCACCTAAAC-1_2,Epidermal,Mesophyll,,0,0,0,5,1,8
TCTACCGCACGGTCTG-1_1,Epidermal,Vascular cambium,,5,2,5,1,4,17
TCTACCGGTTAAAGTG-1_5,Mesophyll,Root cap,,2,0,2,4,2,7
TCTACCGGTTGGAGAC-1_2,Meristematic,Mesophyll,,1,2,1,7,9,11
TCTACCGTCACCATCC-1_2,Mesophyll,Root procambium,,0,0,0,1,1,4
TCTACCGTCACTGATG-1_2,Epidermal,Root cortex,,2,1,2,3,3,3
TCTACCGTCAGACCGC-1_3,Epidermal,Root cortex,,0,0,0,5,1,7
TCTACCGTCATGCAGT-1_6,Meristematic,Mesophyll,,3,1,3,2,5,5
TCTACCGTCCAACACA-1_6,Epidermal,Root procambium,,0,0,0,5,1,13
TCTATACAGACCATGG-1_4,Epidermal,Root cap,,0,0,0,6,6,7
TCTATACAGATGGCGT-1_4,Mesophyll,Companion cell,,1,2,1,1,4,0
TCTATACAGTAGATCA-1_3,Mesophyll,Explant vasculature and callus founder cell,,0,0,0,1,7,7
TCTATACCAATCGTCA-1_4,Mesophyll,Mesophyll,,3,1,3,2,5,9
TCTATACCAATGAGCG-1_5,Epidermal,Leaf epidermis,,2,0,2,5,0,7
TCTATACCACGAAAGC-1_5,Epidermal,Root cortex,,2,1,2,4,2,1
TCTATACCAGAGACTG-1_3,Epidermal,Mesophyll,,1,1,1,1,7,14
TCTATACCAGTTGAAA-1_1,Epidermal,Root endodermis,,2,0,2,5,1,8
TCTATACCATGCCGAC-1_6,Mesophyll,Root cortex,,2,1,2,4,2,1
TCTATACGTCTGCATA-1_1,Epidermal,Root cap,,2,0,2,4,2,7
TCTATACGTTCGAAGG-1_4,Mesophyll,Cortex,,3,1,3,2,7,7
TCTATACTCAAATGCC-1_4,Epidermal,Root endodermis,,0,0,0,5,1,8
TCTATACTCATCCTAT-1_3,Epidermal,Xylem,,0,0,0,5,1,8
TCTATACTCGGTTGTA-1_3,Epidermal,Shoot system epidermis,,2,1,2,3,3,3
TCTATCAAGAGGCCAT-1_1,Epidermal,Bundle sheath,,0,0,0,1,7,9
TCTATCAAGGTTTGAA-1_3,Mesophyll,Mesophyll,,1,2,1,0,0,16
TCTATCACACCGCTAG-1_5,Stele,Phloem,,3,1,3,1,4,14
TCTATCACACGCAGTC-1_4,Epidermal,Non-hair,,0,0,0,6,6,4
TCTATCACACTCAAGT-1_3,Epidermal,Explant vasculature and callus founder cell,,2,0,2,5,2,7
TCTATCACAGACACCC-1_1,Mesophyll,Mesophyll,,0,0,0,1,1,4
TCTATCACATCGCCTT-1_2,Epidermal,Leaf pavement cell,,2,1,2,3,3,3
TCTATCACATGACTGT-1_6,Mesophyll,Root cortex,,1,2,1,0,0,2
TCTATCAGTTGCGAAG-1_5,Meristematic,Mesophyll,,1,2,1,0,0,0
TCTATCAGTTGTCTAG-1_5,Epidermal,Root cap,,0,0,0,1,2,9
TCTATCATCAACACGT-1_4,Stele,Root cortex,,3,1,3,2,5,5
TCTATCATCACCACAA-1_1,Epidermal,Root cap,,2,0,2,3,3,3
TCTATCATCATCTATC-1_3,Epidermal,Non-hair,,0,0,0,6,1,4
TCTATCATCTCAATCT-1_6,Stele,Mesophyll,,3,1,3,2,8,10
TCTCACGAGACAGCGT-1_6,Epidermal,Mesophyll,,3,1,3,2,5,5
TCTCACGGTTTGTTGG-1_1,Epidermal,Leaf pavement cell,,2,1,2,3,3,3
TCTCACGTCCGTAGGC-1_1,Stele,Root endodermis,,0,1,0,5,1,14
TCTCAGCAGAGCCTGA-1_2,Epidermal,Mesophyll,,0,0,0,6,6,4
TCTCAGCAGCTACTGT-1_3,Mesophyll,Mesophyll,,1,2,1,0,0,2
TCTCAGCAGGCTAGCA-1_6,Mesophyll,Microspore nuclei,,0,0,0,1,7,13
TCTCAGCAGGTAAGTT-1_3,Mesophyll,Mesophyll,,3,1,3,2,5,5
TCTCAGCCAATATCCG-1_3,Mesophyll,Mesophyll,,1,2,1,0,0,2
TCTCAGCCACCGCTAG-1_6,Mesophyll,Mesophyll,,1,2,1,0,0,10
TCTCAGCCACTAAACC-1_3,Epidermal,Mesophyll,,3,1,3,2,5,5
TCTCAGCCATCCGAAT-1_1,Stele,Mesophyll,,3,1,3,2,8,10
TCTCAGCCATGCACTA-1_6,Epidermal,Root cortex,,2,0,2,4,2,7
TCTCAGCGTATCCTCC-1_4,Mesophyll,Mesophyll,,1,2,1,0,0,2
TCTCAGCGTCCTGTCT-1_3,Mesophyll,Mesophyll,,3,1,3,2,7,15
TCTCAGCGTCTCTCCA-1_4,Meristematic,Mesophyll,,1,2,1,0,9,16
TCTCAGCTCTTACACT-1_4,Epidermal,Phloem,,2,1,2,7,9,9
TCTCCGAAGACTCTTG-1_2,Mesophyll,Mesophyll,,3,0,3,6,6,6
TCTCCGAAGCGAGAAA-1_5,Mesophyll,Mesophyll,,3,1,3,2,8,10
TCTCCGAAGTAGCCAG-1_4,Epidermal,Root cortex,,2,1,2,4,2,1
TCTCCGACAATTTCCT-1_1,Epidermal,Mesophyll,,1,2,1,0,0,16
TCTCCGACATCAGCTA-1_1,Epidermal,Root cortex,,2,1,2,3,3,3
TCTCCGAGTAACCCGC-1_1,Epidermal,Root endodermis,,0,0,0,4,1,8
TCTCCGAGTATGCTAC-1_6,Epidermal,Root cap,,3,1,3,2,8,10
TCTCCGAGTCACCGCA-1_1,Epidermal,Root procambium,,0,0,0,1,4,13
TCTCCGAGTCCTTAAG-1_5,Stele,Root endodermis,,0,0,0,6,6,0
TCTCCGAGTTACGCCG-1_6,Meristematic,Root cortex,,2,1,2,4,2,1
TCTCCGATCAAACCTG-1_6,Epidermal,Bundle sheath,,0,0,0,1,4,4
TCTCCGATCCAAAGGG-1_2,Epidermal,Root endodermis,,5,2,5,9,4,17
TCTCCGATCCCATACC-1_5,Mesophyll,Root cap,,0,0,0,1,7,13
TCTCCGATCCTTCTTC-1_5,Meristematic,Cortex,,3,0,3,4,5,7
TCTCTGGAGACATAGT-1_6,Mesophyll,Mesophyll,,1,2,1,7,9,11
TCTCTGGAGCGTCTGC-1_4,Mesophyll,Sieve element,,0,0,0,4,7,7
TCTCTGGAGGGCCAAT-1_1,Mesophyll,Mesophyll,,1,2,1,1,4,9
TCTCTGGCAGGCAATG-1_6,Epidermal,Leaf pavement cell,,2,1,2,3,3,3
TCTCTGGGTTCCTAAG-1_2,Mesophyll,Phloem,,3,1,3,2,2,15
TCTCTGGTCCGTACGG-1_5,Mesophyll,Mesophyll,,1,2,1,0,0,2
TCTGCCAAGAACCGCA-1_2,Epidermal,Mesophyll,,1,2,1,0,0,2
TCTGCCAAGACTTCGT-1_6,Epidermal,Protoxylem,,1,2,1,7,9,11
TCTGCCAAGAGAAGGT-1_6,Epidermal,Lateral root cap,,0,0,0,1,1,4
TCTGCCAAGAGTTGTA-1_5,Stele,Root cortex,,2,1,2,3,3,3
TCTGCCAAGCAATTAG-1_1,Mesophyll,Non-hair,,2,1,2,3,3,14
TCTGCCAAGCCATTGT-1_4,Epidermal,Columella root cap,,2,0,2,5,1,7
TCTGCCAAGGTCTACT-1_6,Mesophyll,Mesophyll,,3,1,3,3,4,15
TCTGCCACAAGAAACT-1_1,Epidermal,Root endodermis,,0,0,0,5,3,3
TCTGCCACAATCGAAA-1_3,Mesophyll,Root cortex,,2,1,2,4,2,1
TCTGCCACAGAGACTG-1_6,Mesophyll,Mesophyll,,1,2,1,0,0,0
TCTGCCACAGATCCAT-1_2,Mesophyll,Mesophyll,,1,2,1,0,0,2
TCTGCCAGTTACACAC-1_6,Epidermal,Columella root cap,,0,0,0,5,1,8
TCTGCCATCAAGCCTA-1_4,Mesophyll,Mesophyll,,3,1,3,2,5,5
TCTGCCATCACGAGGA-1_4,Mesophyll,Root cortex,,0,0,0,1,4,15
TCTGCCATCCTACGGG-1_5,Stele,Root procambium,,0,0,0,1,7,4
TCTGCCATCTGGTGCG-1_1,Meristematic,Root endodermis,,0,0,0,5,1,7
TCTGCCATCTGTAAGC-1_2,Epidermal,Leaf pavement cell,,2,1,2,3,3,3
TCTGGCTAGGCATGCA-1_5,Mesophyll,Root cortex,,1,0,1,7,9,11
TCTGGCTCAGGCATGA-1_6,Stele,Mesophyll,,1,2,1,7,9,11
TCTGGCTCAGTATTCG-1_1,Mesophyll,Mesophyll,,1,2,1,0,0,2
TCTGGCTCATGAATCC-1_3,Epidermal,Mesophyll,,1,2,1,0,0,2
TCTGGCTGTACGACAG-1_1,Mesophyll,Mesophyll,,1,2,1,0,0,2
TCTGGCTGTACTTCCC-1_1,Meristematic,Mesophyll,,1,2,1,0,0,0
TCTGGCTGTCAAATCC-1_6,Epidermal,Root cap,,5,4,5,9,11,18
TCTGGCTGTCACGTGC-1_6,Mesophyll,Mesophyll,,1,2,1,0,0,13
TCTGGCTGTGGTCTTA-1_5,Stele,Lateral root cap,,0,0,0,1,1,4
TCTGGCTTCCGTTTCG-1_2,Mesophyll,Mesophyll,,1,2,1,7,9,11
TCTGGCTTCGACCATA-1_4,Meristematic,Mesophyll,,0,0,0,0,4,0
TCTGGCTTCGATTCCC-1_1,Mesophyll,Root procambium,,0,0,0,1,3,14
TCTGGCTTCGTGCAGC-1_2,Mesophyll,Root cortex,,3,1,3,4,2,1
TCTGGCTTCTTCCACG-1_5,Epidermal,Phloem,,0,2,0,1,4,13
TCTGTCGAGAATAGTC-1_5,Mesophyll,Lateral root cap,,1,2,1,7,9,11
TCTGTCGAGACGCCCT-1_1,Mesophyll,Columella root cap,,0,0,0,1,1,7
TCTGTCGAGGTGCATG-1_4,Stele,Root cortex,,4,1,4,8,10,12
TCTGTCGCACCTCAGG-1_6,Epidermal,Mesophyll,,1,2,1,0,0,2
TCTGTCGCACTGCGTG-1_6,Epidermal,Mesophyll,,1,0,1,6,6,6
TCTGTCGCAGCTTTGA-1_1,Epidermal,Bundle sheath,,2,1,2,4,2,1
TCTGTCGCAGGACAGT-1_2,Stele,Phloem parenchyma,,0,0,0,1,4,13
TCTGTCGGTGCGGCTT-1_5,Mesophyll,Root cortex,,3,1,3,2,8,12
TCTTAGTAGCATCAAA-1_5,Epidermal,Mesophyll,,1,2,1,0,0,2
TCTTAGTAGCGAATGC-1_4,Epidermal,Mesophyll,,3,1,3,2,8,10
TCTTAGTCAGTCTCTC-1_4,Epidermal,Bundle sheath,,2,1,2,3,3,3
TCTTAGTGTCGAGATG-1_2,Epidermal,Shoot system epidermis,,4,3,4,8,10,12
TCTTAGTGTTAACAGA-1_4,Epidermal,Root cap,,0,0,0,1,7,13
TCTTAGTTCTGACGCG-1_3,Mesophyll,Mesophyll,,2,1,2,3,3,3
TCTTCCTAGAAGCCAC-1_4,Mesophyll,Mesophyll,,3,1,3,2,5,5
TCTTCCTAGCAAATCA-1_4,Epidermal,Columella root cap,,2,0,2,5,1,7
TCTTCCTAGGATGTTA-1_3,Mesophyll,Mesophyll,,3,1,3,2,8,10
TCTTCCTCAAAGAGTT-1_1,Epidermal,Mesophyll,,1,2,1,0,0,0
TCTTCCTCATACCGTA-1_5,Epidermal,Root cap,,0,0,0,1,7,13
TCTTCCTCATATAGCC-1_4,Mesophyll,Mesophyll,,0,0,0,1,4,9
TCTTCCTCATGAATCC-1_5,Epidermal,Root endodermis,,1,2,1,0,0,19
TCTTCCTGTCACTACA-1_5,Mesophyll,Mesophyll,,3,1,3,2,5,5
TCTTCCTGTCGAGCTC-1_1,Epidermal,Root cortex,,2,1,2,4,2,1
TCTTCCTGTGCAATAA-1_3,Epidermal,Non-hair,,0,0,0,1,3,4
TCTTCCTGTGGCTGAA-1_3,Epidermal,Root cortex,,3,1,3,1,7,14
TCTTCCTGTTTGCCGG-1_1,Mesophyll,Root cap,,3,1,3,2,8,10
TCTTCCTTCATGTCTT-1_2,Epidermal,Leaf pavement cell,,0,0,0,6,6,6
TCTTCCTTCATTTGCT-1_6,Epidermal,Mesophyll,,1,2,1,0,0,0
TCTTCCTTCCCTGGTT-1_1,Epidermal,Non-hair,,2,1,2,3,3,3
TCTTCCTTCGTCTACC-1_5,Epidermal,Root cortex,,2,0,2,5,7,7
TCTTGCGAGCCTGACC-1_3,Epidermal,Root cortex,,2,1,2,4,2,1
TCTTGCGAGTACAACA-1_5,Epidermal,Non-hair,,2,0,2,4,3,0
TCTTGCGCACACCAGC-1_6,Mesophyll,Leaf pavement cell,,3,1,3,2,8,10
TCTTGCGCAGAGGTAC-1_3,Mesophyll,Root cortex,,2,1,2,4,2,1
TCTTGCGCATTCTTCA-1_5,Epidermal,Root endodermis,,2,1,2,3,3,3
TCTTGCGGTATGCTTG-1_2,Stele,Root cortex,,2,1,2,4,2,1
TCTTGCGGTCTCTCAC-1_4,Mesophyll,Mesophyll,,1,2,1,0,4,0
TCTTGCGGTGCATTAC-1_1,Stele,Root cap,,0,0,0,1,1,4
TCTTGCGGTTAGGCCC-1_2,Mesophyll,Mesophyll,,1,2,1,0,0,0
TCTTGCGTCAGCATTG-1_1,Epidermal,Cortex,,2,1,2,4,2,1
TCTTGCGTCCCATACC-1_4,Epidermal,Root cortex,,2,0,2,3,3,3
TCTTGCGTCTGCTTTA-1_1,Stele,Cortex,,2,1,2,4,2,1
TCTTTGAAGGTACAGC-1_2,Epidermal,Root cortex,,3,1,3,2,5,5
TCTTTGACACAATGCT-1_3,Epidermal,Root cortex,,2,1,2,3,3,3
TCTTTGACAGAGTGAC-1_1,Stele,Phloem,,3,1,3,3,4,9
TCTTTGACAGTTGGTT-1_3,Stele,Companion cell,,3,1,3,2,5,5
TCTTTGAGTCGCCACA-1_2,Epidermal,Explant vasculature and callus founder cell,,1,1,1,1,7,15
TCTTTGATCAGGACGA-1_3,Epidermal,Root endodermis,,0,0,0,5,1,8
TCTTTGATCATGACAC-1_6,Epidermal,Mesophyll,,3,1,3,2,5,5
TGAACGTAGACTTCGT-1_6,Epidermal,Root cortex,,2,1,2,4,2,1
TGAACGTAGTAGATCA-1_4,Epidermal,Non-hair,,0,0,0,1,3,14
TGAACGTCACGTCGTG-1_3,Mesophyll,Mesophyll,,0,0,0,6,6,6
TGAACGTCATGAATCC-1_1,Mesophyll,Mesophyll,,1,2,1,7,9,2
TGAACGTGTCGACTGC-1_1,Epidermal,Root endodermis,,2,0,2,5,1,7
TGAACGTGTTTCGTTT-1_4,Mesophyll,Mesophyll,,0,0,0,6,6,6
TGAACGTTCAACGAGG-1_3,Epidermal,Non-hair,,3,1,3,4,2,1
TGAACGTTCATCACTT-1_4,Mesophyll,Root cortex,,2,1,2,4,2,1
TGAACGTTCATTGCCC-1_5,Epidermal,Root procambium,,0,0,0,1,1,4
TGAACGTTCTACCTTA-1_1,Mesophyll,Mesophyll,,1,2,1,0,0,16
TGAATCGAGATCCTAC-1_2,Epidermal,Root cortex,,2,1,2,3,3,3
TGAATCGAGTAGTCAA-1_3,Mesophyll,Root cortex,,2,1,2,3,3,3
TGAATCGCAGCCGTTG-1_2,Epidermal,Root cortex,,2,0,2,4,2,1
TGAATCGCATTAAGCC-1_4,Epidermal,Mesophyll,,1,0,1,6,6,6
TGAATCGTCCCAGGAC-1_6,Epidermal,Flower meristem,,2,0,2,3,3,3
TGAATCGTCCCGGTAG-1_2,Epidermal,Root cortex,,3,1,3,2,8,10
TGAATCGTCCCTCGTA-1_3,Epidermal,Root endodermis,,0,0,0,5,1,7
TGAATCGTCGATACTG-1_1,Mesophyll,Mesophyll,,3,1,3,2,5,5
TGAATCGTCGCCTAGG-1_1,Epidermal,Flower meristem,,0,0,0,1,3,9
TGAATGCAGCCTTTCC-1_4,Mesophyll,Mesophyll,,3,1,3,2,5,5
TGAATGCCACCTCTAC-1_2,Epidermal,Root cortex,,0,0,0,1,7,13
TGAATGCCAGGAAGTC-1_3,Epidermal,Leaf guard cell,,0,0,0,1,7,13
TGAATGCCAGGCACAA-1_2,Guard,Root cap,,1,2,1,0,7,19
TGAATGCGTACCGGCT-1_4,Mesophyll,Mesophyll,,1,2,1,0,0,0
TGAATGCGTCCAGCGT-1_2,Epidermal,Mesophyll,,1,2,1,7,9,11
TGAATGCGTCGTGATT-1_3,Mesophyll,Non-hair,,0,0,0,1,3,3
TGAATGCTCTGACCCT-1_1,Epidermal,Root cortex,,2,1,2,4,2,1
TGACAGTAGCGTTGTT-1_3,Epidermal,Bundle sheath,,3,2,3,1,4,7
TGACAGTAGTGTAGTA-1_5,Mesophyll,Mesophyll,,3,1,3,2,5,5
TGACAGTAGTTGGACG-1_2,Stele,Mesophyll,,0,0,0,6,6,6
TGACAGTCACCAATTG-1_3,Mesophyll,Mesophyll,,1,2,1,0,0,2
TGACAGTTCAATCCAG-1_5,Epidermal,Cortex,,4,3,4,8,10,12
TGACAGTTCCACTTTA-1_5,Epidermal,Leaf pavement cell,,2,1,2,3,3,3
TGACAGTTCTATCCAT-1_1,Mesophyll,Mesophyll,,1,2,1,1,4,9
TGACCCTAGGGCAGTT-1_3,Epidermal,Mesophyll,,1,1,1,1,7,14
TGACCCTAGGTCGTCC-1_1,Epidermal,Root cortex,,2,1,2,4,2,1
TGACCCTAGTAGACCG-1_4,Epidermal,Root endodermis,,0,0,0,1,1,4
TGACCCTCACAATGTC-1_3,Mesophyll,Mesophyll,,0,0,0,6,6,6
TGACCCTCAGCGTACC-1_2,Mesophyll,Mesophyll,,1,2,1,0,5,5
TGACCCTGTATCTTCT-1_2,Epidermal,Root endodermis,,2,0,2,4,2,8
TGACCCTGTATGCTAC-1_1,Mesophyll,Bundle sheath,,0,0,0,1,7,13
TGACCCTTCCGGTAGC-1_5,Epidermal,Columella root cap,,2,0,2,3,3,9
TGACCCTTCGACGACC-1_2,Epidermal,Leaf pavement cell,,0,0,0,1,1,4
TGACCCTTCTACCCAC-1_5,Mesophyll,Mesophyll,,3,1,3,2,8,10
TGACCCTTCTCAACCC-1_6,Stele,Mesophyll,,4,3,4,8,10,12
TGACCCTTCTTCCCGA-1_1,Mesophyll,Root endodermis,,0,0,0,5,1,8
TGACGCGAGTATGCAA-1_5,Mesophyll,Root cortex,,2,1,2,3,2,1
TGACGCGAGTCATAGA-1_6,Mesophyll,Shoot system epidermis,,0,0,0,5,1,8
TGACGCGCAATGTCTG-1_4,Epidermal,Mesophyll,,0,0,0,1,7,13
TGACGCGCAGACGCTC-1_1,Mesophyll,Mesophyll,,1,2,1,7,9,11
TGACGCGCAGATACCT-1_4,Mesophyll,Mesophyll,,1,2,1,0,4,0
TGACGCGCAGGCAATG-1_5,Epidermal,Explant vasculature and callus founder cell,,3,1,3,1,4,9
TGACGCGCATCACGGC-1_2,Epidermal,Root endodermis,,0,0,0,5,1,7
TGACGCGGTACCCACG-1_5,Epidermal,Root cortex,,1,3,1,1,7,14
TGACGCGGTATTGGCT-1_3,Mesophyll,Root endodermis,,0,0,0,6,6,6
TGACGCGGTTGATGTC-1_1,Mesophyll,Mesophyll,,1,2,1,0,0,0
TGACGCGGTTTAAGGA-1_3,Epidermal,Leaf pavement cell,,2,1,2,3,3,3
TGACGCGGTTTGATCG-1_5,Epidermal,Xylem,,0,0,0,5,1,13
TGACGCGTCCTAACAG-1_5,Mesophyll,Mesophyll,,3,1,3,2,8,11
TGACGCGTCGCTTGCT-1_1,Epidermal,Flower meristem,,5,2,5,1,4,17
TGACGCGTCTAGCCTC-1_1,Epidermal,Root cortex,,2,1,2,3,3,3
TGACTCCAGAGTTGTA-1_6,Mesophyll,Root cortex,,2,1,2,4,2,1
TGACTCCCACAATTCG-1_3,Epidermal,Leaf pavement cell,,0,0,0,5,1,8
TGACTCCCACATATCG-1_5,Mesophyll,Mesophyll,,1,2,1,0,0,2
TGACTCCCACCCGTAG-1_5,Epidermal,Leaf pavement cell,,2,1,2,3,3,3
TGACTCCCACGCCACA-1_3,Epidermal,Mesophyll,,0,1,0,1,7,13
TGACTCCCACTTGTGA-1_1,Epidermal,Mesophyll,,0,0,0,6,6,6
TGACTCCCAGGAGGAG-1_6,Epidermal,Root procambium,,0,0,0,5,1,8
TGACTCCCATGACTTG-1_5,Mesophyll,Root endodermis,,0,0,0,5,1,8
TGACTCCCATGGGTTT-1_2,Mesophyll,Phloem,,4,3,4,8,10,12
TGACTCCGTAGCCAGA-1_2,Epidermal,Non-hair,,3,1,3,2,8,10
TGACTCCGTCTTGAAC-1_5,Meristematic,Phloem,,3,1,3,2,2,1
TGACTCCGTTTACGTG-1_4,Mesophyll,Mesophyll,,0,0,0,6,6,6
TGACTCCTCAGTCCGG-1_1,Epidermal,Mesophyll,,1,2,1,0,0,2
TGACTCCTCATAGCAC-1_5,Epidermal,Root endodermis,,2,0,2,6,6,7
TGACTCCTCCACGTCT-1_1,Mesophyll,Mesophyll,,3,1,3,2,5,5
TGACTCCTCGAAGCCC-1_6,Epidermal,Non-hair,,2,0,2,1,3,1
TGACTCCTCGACATAC-1_1,Epidermal,Leaf pavement cell,,0,0,0,1,1,9
TGACTCCTCTCTCTTC-1_2,Stele,Xylem,,2,1,2,4,2,1
TGACTCCTCTGCACCT-1_5,Mesophyll,Root cortex,,3,1,3,2,5,5
TGAGACTAGCGGCTCT-1_2,Meristematic,Flower meristem,,4,3,4,8,10,12
TGAGACTAGTGCCAGA-1_5,Meristematic,Shoot system epidermis,,2,1,2,3,3,3
TGAGACTCAGCTTCGG-1_2,Mesophyll,Root endodermis,,0,0,0,6,6,6
TGAGACTCAGGTCCCA-1_4,Mesophyll,Mesophyll,,1,2,1,0,0,2
TGAGACTCATGCCGGT-1_5,Mesophyll,Root cortex,,4,3,4,8,10,12
TGAGACTGTCTGTGCG-1_6,Mesophyll,Mesophyll,,1,2,1,0,0,2
TGAGACTGTTGCTAGT-1_4,Meristematic,Root cortex,,4,3,4,8,10,12
TGAGACTTCCATCTGC-1_3,Epidermal,Mesophyll,,0,0,0,6,6,6
TGAGACTTCCCACAGG-1_5,Stele,Root cap,,0,0,0,1,1,4
TGAGACTTCTTGCAGA-1_4,Mesophyll,Leaf pavement cell,,0,0,0,5,1,8
TGAGCATAGAGAACCC-1_4,Epidermal,Root cap,,2,0,2,3,3,9
TGAGCATAGGACAAGA-1_6,Mesophyll,Mesophyll,,1,2,1,0,0,2
TGAGCATAGTGACACG-1_6,Mesophyll,Mesophyll,,0,0,0,1,1,4
TGAGCATAGTGGTGAC-1_5,Epidermal,Vascular cambium,,0,0,0,1,7,13
TGAGCATCAAAGGGTC-1_2,Epidermal,Shoot system epidermis,,2,1,2,3,3,3
TGAGCATCAAGACCTT-1_3,Epidermal,Mesophyll,,1,2,1,0,0,0
TGAGCATCACCTCTAC-1_1,Mesophyll,Root procambium,,4,3,4,8,10,12
TGAGCATCAGACAAAT-1_3,Epidermal,Mesophyll,,1,2,1,0,0,2
TGAGCATCATACCAGT-1_4,Epidermal,Root procambium,,0,0,0,1,7,13
TGAGCATGTATCTCGA-1_5,Meristematic,Leaf pavement cell,,2,1,2,3,3,3
TGAGCATGTTCTTCAT-1_2,Mesophyll,Mesophyll,,1,2,1,0,0,16
TGAGCATTCGTTGTAG-1_1,Stele,Mesophyll,,1,2,1,0,4,17
TGAGCATTCTCCATAT-1_4,Epidermal,Root hair,,5,4,5,9,11,18
TGAGCGCAGAAATCCA-1_6,Epidermal,Mesophyll,,3,1,3,2,8,15
TGAGCGCAGATCCCAT-1_4,Epidermal,Mesophyll,,1,2,1,0,4,17
TGAGCGCAGGACTATA-1_4,Stele,Mesophyll,,3,1,3,2,5,5
TGAGCGCCAGCGCTTG-1_2,Epidermal,Root cortex,,0,0,0,5,1,8
TGAGCGCCATTCCTAT-1_3,Mesophyll,Mesophyll,,1,2,1,0,0,5
TGAGCGCGTTGTCTAG-1_4,Mesophyll,Root cap,,1,2,1,7,9,11
TGAGCGCTCGCTGTTC-1_3,Mesophyll,Root endodermis,,2,1,2,4,2,1
TGAGCGCTCGGAGATG-1_5,Meristematic,Mesophyll,,0,0,0,6,6,6
TGAGCGCTCGTAACAC-1_4,Mesophyll,Explant vasculature and callus founder cell,,1,2,1,0,0,2
TGAGCGCTCTAGAGCT-1_3,Epidermal,Root cortex,,3,1,3,2,8,14
TGAGGAGAGATCCGAG-1_5,Mesophyll,Root cortex,,3,1,3,2,5,5
TGAGGAGAGGACACTG-1_1,Epidermal,Non-hair,,0,0,0,5,1,4
TGAGGAGAGGATTACA-1_3,Epidermal,Root procambium,,1,2,1,6,9,11
TGAGGAGAGGTGCATG-1_4,Mesophyll,Mesophyll,,1,2,1,0,0,2
TGAGGAGCAACGAGGT-1_6,Mesophyll,Mesophyll,,3,2,3,2,8,10
TGAGGAGGTATGACAA-1_1,Epidermal,Root cortex,,1,1,1,4,7,14
TGAGGAGTCATATGGC-1_4,Epidermal,Leaf pavement cell,,2,1,2,3,3,3
TGAGGAGTCTCTATAC-1_3,Epidermal,Root endodermis,,2,2,2,0,0,3
TGAGGAGTCTGAGATC-1_1,Meristematic,Leaf pavement cell,,4,0,4,8,10,12
TGAGGAGTCTTCACGC-1_1,Stele,Mesophyll,,0,0,0,6,6,6
TGAGGGAAGCCAAGGT-1_3,Stele,Mesophyll,,3,1,3,1,4,9
TGAGGGAAGGTGATCG-1_6,Epidermal,Cortex,,4,3,4,8,10,12
TGAGGGAAGTAGTCAA-1_3,Mesophyll,Root cortex,,3,1,3,4,5,5
TGAGGGACAACACACT-1_2,Epidermal,Root endodermis,,2,3,2,3,3,3
TGAGGGAGTCAAAGAT-1_2,Mesophyll,Mesophyll,,1,2,1,0,0,2
TGAGGGAGTCATCACA-1_4,Stele,Root cortex,,0,0,0,1,7,7
TGAGGGAGTGAGATCG-1_4,Epidermal,Root cortex,,2,1,2,3,3,3
TGAGGGAGTGTCTTGA-1_5,Meristematic,Cortex,,3,1,3,2,8,10
TGAGGGATCCTAGAGT-1_5,Mesophyll,Root cap,,0,0,0,0,1,16
TGAGGGATCCTATGGA-1_4,Mesophyll,Mesophyll,,1,2,1,0,0,2
TGAGGTTAGGTAGTCG-1_5,Mesophyll,Root cortex,,3,1,3,4,2,1
TGAGGTTCAAGAGGCT-1_3,Epidermal,Columella root cap,,0,0,0,1,1,0
TGAGGTTCAGAGGACT-1_2,Epidermal,Mesophyll,,1,2,1,0,0,0
TGAGGTTCAGGAACCA-1_3,Mesophyll,Sieve element,,0,0,0,1,1,4
TGAGGTTGTAGGCTGA-1_6,Meristematic,Mesophyll,,0,0,0,6,6,6
TGAGGTTGTATCGCAT-1_5,Mesophyll,Mesophyll,,3,1,3,2,8,10
TGAGGTTGTGCCCACA-1_3,Epidermal,Root endodermis,,1,2,1,0,0,0
TGAGGTTTCCACGTGG-1_2,Epidermal,Root hair,,5,4,5,9,11,18
TGAGGTTTCGAATCCA-1_3,Epidermal,Phloem parenchyma,,0,0,0,5,1,8
TGAGGTTTCTCTATGT-1_4,Epidermal,Non-hair,,0,0,0,1,3,14
TGAGTCAAGCAGGCTA-1_1,Epidermal,Root cortex,,2,0,2,3,3,3
TGAGTCAAGCTCGACC-1_4,Stele,Mesophyll,,1,2,1,0,0,2
TGAGTCACAACCAACT-1_2,Mesophyll,Leaf pavement cell,,0,0,0,5,1,3
TGAGTCACACAGGATG-1_5,Epidermal,Root cortex,,3,1,3,2,9,5
TGAGTCAGTGCCTTTC-1_6,Epidermal,Root endodermis,,0,0,0,6,1,6
TGAGTCAGTGTCCACG-1_5,Epidermal,Mesophyll,,1,2,1,0,4,0
TGAGTCATCAACTTTC-1_1,Mesophyll,Root endodermis,,2,0,2,3,3,3
TGAGTCATCAATCCAG-1_5,Epidermal,Root endodermis,,0,0,0,6,6,6
TGAGTCATCATTACTC-1_3,Mesophyll,Mesophyll,,3,1,3,2,5,5
TGAGTCATCATTCCTA-1_3,Stele,Root endodermis,,0,0,0,5,1,8
TGAGTCATCCAACTGA-1_4,Stele,Cortex,,2,1,2,4,2,1
TGAGTCATCCATTTGT-1_5,Mesophyll,Mesophyll,,1,2,1,0,0,5
TGAGTCATCTTCTTCC-1_3,Mesophyll,Root endodermis,,0,0,0,5,1,7
TGATCAGAGAATTTGG-1_6,Stele,Mesophyll,,0,0,0,7,0,0
TGATCAGAGCACGGAT-1_5,Mesophyll,Phloem,,0,2,0,1,7,0
TGATCAGAGGCGTTAG-1_4,Mesophyll,Mesophyll,,3,1,3,1,4,15
TGATCAGCACTACCCT-1_2,Stele,Sieve element,,0,0,0,6,6,9
TGATCAGCAGTCAACT-1_2,Mesophyll,Mesophyll,,1,2,1,1,4,0
TGATCAGCATTGCTGA-1_3,Stele,Root cortex,,3,1,3,2,5,5
TGATCAGCATTGCTTT-1_3,Mesophyll,Mesophyll,,1,2,1,0,0,2
TGATCAGGTCATCACA-1_5,Epidermal,Mesophyll,,1,2,1,0,0,16
TGATCAGGTCCAAAGG-1_5,Epidermal,Non-hair,,2,1,2,3,3,3
TGATCAGGTGCCGTAC-1_2,Meristematic,Root cortex,,3,1,3,2,8,15
TGATCAGGTGTGCTTA-1_1,Epidermal,Leaf pavement cell,,2,1,2,3,3,3
TGATCAGGTGTTCCTC-1_2,Stele,Mesophyll,,1,2,1,0,0,0
TGATCAGTCCAACACA-1_2,Epidermal,Non-hair,,0,0,0,5,1,4
TGATCAGTCTCGCTCA-1_4,Mesophyll,Cortex,,2,0,2,3,3,16
TGATCTTAGTTACGAA-1_2,Epidermal,Mesophyll,,1,2,1,0,0,0
TGATCTTTCGCGTGCA-1_3,Guard,Explant vasculature and callus founder cell,,1,2,1,0,7,19
TGATCTTTCTGGCTGG-1_2,Stele,Mesophyll,,1,2,1,0,0,2
TGATGCAAGTACTGGG-1_1,Epidermal,Shoot system epidermis,,0,0,0,1,7,4
TGATGCAAGTATGGAT-1_1,Epidermal,Root cortex,,1,2,1,0,0,14
TGATGCACATGGAAGC-1_2,Epidermal,Leaf guard cell,,0,0,0,1,7,14
TGATGCAGTCACCACG-1_4,Epidermal,Mesophyll,,3,1,3,2,4,9
TGATGCAGTGATCATC-1_3,Mesophyll,Mesophyll,,1,2,1,0,4,13
TGATGCAGTTCAGCGC-1_2,Mesophyll,Mesophyll,,1,2,1,7,9,11
TGATGCATCATCACTT-1_2,Meristematic,Root cortex,,3,1,3,4,4,9
TGATGGTAGGTGAGAA-1_3,Stele,Microspore nuclei,,1,2,1,1,4,0
TGATGGTAGTCAGGGT-1_4,Mesophyll,Root cap,,1,2,1,7,9,11
TGATGGTCACCAGTAT-1_4,Epidermal,Root cortex,,2,1,2,4,2,1
TGATGGTCACGTAGTT-1_5,Epidermal,Leaf pavement cell,,2,1,2,3,3,9
TGATGGTTCATCAGTG-1_3,Epidermal,Root cortex,,2,1,2,4,2,1
TGATGGTTCTGCCTGT-1_3,Guard,Root procambium,,0,0,0,5,1,4
TGATGGTTCTGGGCAC-1_5,Stele,Mesophyll,,1,2,1,0,0,16
TGATTCTAGAGTAACT-1_1,Mesophyll,Cortex,,2,1,2,4,2,1
TGATTCTCAACGATCT-1_3,Mesophyll,Root cap,,0,0,0,4,1,7
TGATTCTCAATAGGGC-1_1,Mesophyll,Mesophyll,,1,2,1,0,0,2
TGATTCTGTGGATCGA-1_6,Epidermal,Root cortex,,1,2,1,0,7,19
TGATTCTTCGAAGCAG-1_5,Mesophyll,Mesophyll,,1,2,1,7,9,11
TGATTCTTCGAGAACG-1_4,Stele,Root procambium,,0,0,0,1,7,7
TGATTTCAGAAATTGC-1_5,Stele,Root cortex,,1,2,1,0,0,2
TGATTTCAGTTGCGCC-1_5,Mesophyll,Root cap,,0,0,0,1,4,4
TGATTTCCAAATCCCA-1_4,Epidermal,Columella root cap,,0,0,0,5,1,8
TGATTTCCACAGTACT-1_6,Epidermal,Mesophyll,,1,2,1,0,0,2
TGATTTCCACCGTACG-1_5,Epidermal,Root endodermis,,2,0,2,3,1,3
TGATTTCCACTGAATC-1_2,Meristematic,Mesophyll,,3,1,3,2,8,10
TGATTTCCACTGTTCC-1_1,Mesophyll,Root endodermis,,1,0,1,7,9,11
TGATTTCCACTTCATT-1_4,Mesophyll,Mesophyll,,1,2,1,0,4,0
TGATTTCCAGACAAGC-1_6,Meristematic,Lateral root cap,,0,0,0,5,1,8
TGATTTCCATCGTGCG-1_2,Epidermal,Explant vasculature and callus founder cell,,0,0,0,1,4,15
TGATTTCGTGCTGATT-1_5,Mesophyll,Root cortex,,2,1,2,4,2,1
TGATTTCGTTGTCATG-1_3,Epidermal,Root cortex,,2,1,2,3,3,15
TGATTTCTCACTGATG-1_4,Epidermal,Root cap,,0,0,0,1,1,9
TGATTTCTCCATTGCC-1_6,Epidermal,Mesophyll,,0,0,0,5,1,16
TGCACGGAGGTCGTAG-1_4,Mesophyll,Mesophyll,,1,2,1,0,0,2
TGCACGGCACATATCG-1_3,Epidermal,Root endodermis,,0,0,0,5,1,8
TGCACGGCAGTATGAA-1_4,Epidermal,Flower meristem,,0,0,0,1,1,4
TGCACGGCATTGACCA-1_4,Epidermal,Root endodermis,,0,0,0,5,7,7
TGCACGGGTCACTTCC-1_2,Stele,Vascular cambium,,0,0,0,1,4,13
TGCACGGGTCGCTTGG-1_2,Epidermal,Root cap,,0,0,0,1,7,4
TGCACGGTCACTTATC-1_2,Mesophyll,Mesophyll,,1,2,1,7,9,11
TGCACGGTCCATTTCA-1_2,Mesophyll,Mesophyll,,3,1,3,2,5,5
TGCACGGTCGATACTG-1_5,Epidermal,Non-hair,,2,1,2,3,3,3
TGCAGATAGAGAGGGC-1_5,Mesophyll,Root cortex,,2,1,2,0,5,2
TGCAGATAGCCGATTT-1_4,Mesophyll,Mesophyll,,1,2,1,7,9,11
TGCAGATAGTGTAGAT-1_1,Stele,Companion cell,,1,2,1,1,4,0
TGCAGATCACAATGCT-1_3,Epidermal,Root endodermis,,0,0,0,5,1,8
TGCAGATCACTCCGGA-1_2,Epidermal,Root endodermis,,4,3,4,8,10,12
TGCAGATCACTGCGAC-1_3,Epidermal,Root cortex,,0,0,0,4,7,7
TGCAGATCAGTATGAA-1_4,Meristematic,Phloem,,3,1,3,8,4,9
TGCAGATGTACGCTTA-1_1,Mesophyll,Mesophyll,,1,2,1,0,0,2
TGCAGATGTCGAGTGA-1_4,Epidermal,Shoot system epidermis,,2,1,2,3,3,3
TGCAGATGTCGTCGGT-1_2,Mesophyll,Root cortex,,3,2,3,7,9,11
TGCAGATGTGAGAGGG-1_5,Epidermal,Mesophyll,,1,2,1,0,0,0
TGCAGATGTTCTCCCA-1_3,Mesophyll,Root cortex,,3,1,3,2,8,11
TGCAGATTCAAATGCC-1_4,Epidermal,Root endodermis,,1,0,1,0,0,16
TGCAGATTCGCAGTCG-1_4,Mesophyll,Root endodermis,,0,0,0,5,1,8
TGCAGATTCGTAGAGG-1_2,Epidermal,Root cap,,0,0,0,1,7,13
TGCAGATTCGTGGTAT-1_5,Meristematic,Root procambium,,0,0,0,5,1,9
TGCAGATTCTAAGAAG-1_4,Stele,Mesophyll,,1,2,1,0,0,2
TGCAGATTCTCCATAT-1_3,Stele,Root cap,,2,0,2,4,2,7
TGCAGGCCAAAGGCGT-1_5,Mesophyll,Root cortex,,3,1,3,2,2,1
TGCAGGCCACCAGTTA-1_1,Stele,Phloem parenchyma,,0,0,0,5,1,8
TGCAGGCCAGCAGGAT-1_6,Stele,Shoot system epidermis,,0,0,0,1,7,4
TGCAGGCCATGAAAGT-1_5,Meristematic,Root procambium,,2,0,2,3,1,16
TGCAGGCGTGGTTCTA-1_6,Epidermal,Xylem,,2,1,2,4,2,1
TGCAGGCTCAAGCCTA-1_2,Meristematic,Mesophyll,,3,1,3,1,4,9
TGCAGGCTCGGAATTC-1_3,Stele,Root cortex,,2,1,2,4,2,1
TGCAGTAAGTTGCATC-1_4,Epidermal,Non-hair,,1,2,1,0,0,15
TGCAGTACAATCTCTT-1_2,Stele,Phloem parenchyma,,0,0,0,5,1,8
TGCAGTACAATGAAAC-1_1,Epidermal,Root endodermis,,0,0,0,6,6,6
TGCAGTACACCGTGCA-1_3,Epidermal,Mesophyll,,0,0,0,6,6,6
TGCAGTACAGGTACGA-1_5,Epidermal,Mesophyll,,3,1,3,2,5,5
TGCAGTAGTACTGTTG-1_4,Stele,Cortex,,0,0,0,5,1,7
TGCAGTAGTCTCGGAC-1_3,Epidermal,Root endodermis,,0,0,0,6,1,8
TGCAGTAGTGAGACCA-1_1,Epidermal,Vascular cambium,,3,1,3,1,4,9
TGCAGTAGTGAGGCAT-1_5,Epidermal,Root cortex,,3,1,3,2,2,1
TGCAGTAGTTGGACCC-1_1,Stele,Root procambium,,0,0,0,1,4,13
TGCAGTATCCGCCTAT-1_4,Epidermal,Phloem parenchyma,,0,0,0,6,1,4
TGCAGTATCGGAATGG-1_2,Mesophyll,Root cortex,,2,1,2,4,2,1
TGCATCCAGCATGCGA-1_6,Epidermal,Mesophyll,,2,0,2,3,3,7
TGCATCCAGCCTGAAG-1_1,Mesophyll,Mesophyll,,1,2,1,7,9,11
TGCATCCAGTAAAGCT-1_3,Epidermal,Mesophyll,,0,0,0,1,4,4
TGCATCCAGTAGGATT-1_2,Epidermal,Meristematic cell,,2,0,2,4,2,1
TGCATCCAGTGCACCC-1_2,Epidermal,Root endodermis,,0,0,0,5,1,8
TGCATCCCAAGCTACT-1_5,Epidermal,Shoot system epidermis,,2,0,2,3,3,9
TGCATCCCAGCTCCTT-1_4,Stele,Columella root cap,,0,0,0,5,1,4
TGCATCCGTATATGGA-1_1,Epidermal,Shoot system epidermis,,2,1,2,3,3,3
TGCATCCGTTCGGGTC-1_4,Epidermal,Flower meristem,,0,0,0,1,7,4
TGCATCCGTTCGTTCC-1_5,Mesophyll,Mesophyll,,1,2,1,0,0,16
TGCATCCGTTGATGTC-1_1,Epidermal,Root cortex,,2,0,2,5,1,7
TGCATCCTCACTTTGT-1_4,Epidermal,Non-hair,,0,1,0,1,3,14
TGCATCCTCAGGTAAA-1_6,Epidermal,Root procambium,,0,0,0,5,1,8
TGCATCCTCGAAGTGG-1_1,Epidermal,Mesophyll,,1,2,1,7,9,2
TGCATGAAGACCTCCG-1_4,Epidermal,Root cortex,,1,1,1,4,7,14
TGCATGAAGCCTCGTG-1_1,Mesophyll,Mesophyll,,1,2,1,0,0,2
TGCATGAAGTATGATG-1_4,Epidermal,Cortex,,2,1,2,2,2,1
TGCATGACATGCGGTC-1_3,Epidermal,Mesophyll,,3,1,3,2,5,5
TGCATGAGTGCCCAGT-1_4,Meristematic,Mesophyll,,1,2,1,0,0,2
TGCATGAGTGCCGTTG-1_1,Mesophyll,Microspore nuclei,,1,2,1,0,0,0
TGCATGAGTTAGGAGC-1_6,Stele,Xylem,,1,2,1,1,9,11
TGCATGAGTTTCGTTT-1_1,Mesophyll,Mesophyll,,3,1,3,2,8,10
TGCCGAGAGGACACTG-1_1,Mesophyll,Mesophyll,,3,1,3,2,5,5
TGCCGAGAGTTAGTGA-1_3,Epidermal,Root cap,,0,0,0,1,1,4
TGCCGAGCAAGCGCTC-1_2,Mesophyll,Mesophyll,,1,2,1,7,9,11
TGCCGAGCATATCTGG-1_6,Stele,Root cortex,,3,1,3,4,2,1
TGCCGAGGTAGGGTAC-1_4,Epidermal,Mesophyll,,1,2,1,0,0,2
TGCCGAGGTTCTTAGG-1_2,Epidermal,Mesophyll,,1,2,1,0,0,0
TGCCGAGTCCTTCTTC-1_3,Mesophyll,Phloem pole pericycle,,0,0,0,1,1,4
TGCCGAGTCGACGTCG-1_2,Mesophyll,Mesophyll,,1,2,1,2,8,2
TGCGACGAGGCCCACT-1_4,Stele,Phloem parenchyma,,0,0,0,6,1,4
TGCGACGCAACCGACC-1_3,Epidermal,Root cortex,,2,1,2,4,2,1
TGCGACGCACTCAGAT-1_2,Mesophyll,Mesophyll,,1,2,1,0,0,16
TGCGACGCATCCGCGA-1_1,Mesophyll,Mesophyll,,1,2,1,0,0,2
TGCGACGCATGTGCTA-1_6,Stele,Root cortex,,2,1,2,4,2,1
TGCGACGGTCGCTCGA-1_4,Epidermal,Leaf pavement cell,,2,1,2,3,3,3
TGCGACGTCGAGTGAG-1_2,Mesophyll,Flower meristem,,0,0,0,1,4,4
TGCGACGTCTAACGGT-1_4,Epidermal,Root endodermis,,5,4,5,9,11,18
TGCGATAAGAGTCGAC-1_1,Stele,Mesophyll,,1,2,1,0,0,2
TGCGATAAGCCATTGT-1_5,Mesophyll,Mesophyll,,0,0,0,6,6,6
TGCGATAAGTGCACTT-1_6,Mesophyll,Root cortex,,3,1,3,2,8,0
TGCGATACAACCCTCT-1_4,Epidermal,Root endodermis,,0,0,0,6,6,6
TGCGATACAGCTGTGC-1_1,Stele,Mesophyll,,0,0,0,6,6,6
TGCGATACAGTCCCGA-1_5,Mesophyll,Flower meristem,,0,0,0,1,6,0
TGCGATACATCAGTCA-1_4,Meristematic,Root endodermis,,2,2,2,0,0,7
TGCGATAGTATGAAGT-1_3,Epidermal,Non-hair,,4,3,4,8,10,12
TGCGATAGTTAAGACA-1_4,Epidermal,Root cortex,,3,1,3,2,5,5
TGCGATATCCATCTCG-1_5,Mesophyll,Mesophyll,,1,2,1,0,0,2
TGCGATATCGCGTTTC-1_2,Epidermal,Xylem,,0,0,0,0,1,16
TGCGATATCGGCATAT-1_6,Epidermal,Mesophyll,,2,1,2,4,2,1
TGCGATATCGGCCTTT-1_1,Stele,Cortex,,3,1,3,4,2,1
TGCGGCAAGGATACGC-1_5,Epidermal,Root endodermis,,2,0,2,3,3,16
TGCGGCAAGGTGCGAT-1_4,Epidermal,Mesophyll,,1,2,1,0,0,5
TGCGGCACAATGTGGG-1_3,Mesophyll,Root endodermis,,2,0,2,6,6,6
TGCGGCATCATTTGCT-1_1,Stele,Root cortex,,1,0,1,7,9,11
TGCGGCATCGAGAGCA-1_3,Epidermal,Root cortex,,3,1,3,2,8,11
TGCGGCATCTCTCCGA-1_6,Epidermal,Root cortex,,1,2,1,0,0,0
TGCGGGTAGACATACA-1_2,Epidermal,Cortex,,3,1,3,0,7,15
TGCGGGTAGGACAAGA-1_5,Mesophyll,Mesophyll,,2,0,2,6,3,3
TGCGGGTAGTCATCCA-1_4,Epidermal,Root hair,,5,3,5,8,10,12
TGCGGGTCAAATTGCC-1_2,Stele,Mesophyll,,1,2,1,0,0,16
TGCGGGTCAACGAGGT-1_6,Stele,Root cortex,,2,1,2,3,4,9
TGCGGGTCACTCATAG-1_5,Mesophyll,Cortex,,0,0,0,1,1,9
TGCGGGTCACTGCGTG-1_3,Epidermal,Root procambium,,0,0,0,5,1,8
TGCGGGTCAGGACTAG-1_1,Epidermal,Vascular cambium,,5,2,5,1,4,17
TGCGGGTGTTCCGCGA-1_4,Epidermal,Root cap,,0,0,0,1,7,4
TGCTCCAAGCGACTTT-1_6,Epidermal,Mesophyll,,0,0,0,6,6,6
TGCTCCACAATATCCG-1_5,Mesophyll,Root cap,,3,1,3,2,5,5
TGCTCCACAATGAACA-1_6,Epidermal,Root cortex,,2,0,2,4,1,7
TGCTCCACAGGCTTGC-1_6,Epidermal,Root endodermis,,2,0,2,3,3,3
TGCTCCAGTACAAAGT-1_2,Mesophyll,Cortex,,2,1,2,3,2,7
TGCTCCAGTAGCTGCC-1_1,Epidermal,Root endodermis,,0,2,0,1,4,17
TGCTCCAGTGGACCAA-1_3,Epidermal,Mesophyll,,3,1,3,2,4,15
TGCTCCATCAAGCGTT-1_1,Mesophyll,Mesophyll,,1,2,1,0,0,2
TGCTCCATCCGATAAC-1_3,Epidermal,Mesophyll,,1,2,1,0,0,0
TGCTCCATCCTACAAG-1_6,Meristematic,Phloem,,2,1,2,1,3,14
TGCTCCATCCTGTAGA-1_4,Epidermal,Mesophyll,,1,2,1,0,0,0
TGCTCCATCGAGCCTG-1_4,Epidermal,Mesophyll,,0,0,0,6,6,6
TGCTCCATCGATACTG-1_1,Epidermal,Root cap,,0,0,0,5,1,7
TGCTCCATCGGTCTAA-1_1,Mesophyll,Root endodermis,,2,0,2,3,1,7
TGCTCGTAGGATTACA-1_3,Mesophyll,Cortex,,2,1,2,4,2,1
TGCTCGTAGGTTCATC-1_6,Epidermal,Root cortex,,2,1,2,3,3,3
TGCTCGTAGTGCGACA-1_6,Epidermal,Non-hair,,0,0,0,1,7,4
TGCTCGTCAATGAGCG-1_2,Mesophyll,Mesophyll,,4,3,4,8,10,12
TGCTCGTCACTATCGA-1_4,Epidermal,Mesophyll,,1,2,1,0,0,2
TGCTCGTGTCTCACGG-1_1,Mesophyll,Mesophyll,,3,1,3,2,5,5
TGCTCGTGTGCGGCTT-1_6,Epidermal,Mesophyll,,1,2,1,0,0,2
TGCTCGTGTTGCTCAA-1_2,Meristematic,Mesophyll,,1,2,1,7,9,11
TGCTCGTTCATGGATC-1_4,Epidermal,Lateral root cap,,0,0,0,1,7,4
TGCTCGTTCCGACATA-1_4,Mesophyll,Root cortex,,3,1,3,2,5,5
TGCTCGTTCTCGGTAA-1_4,Epidermal,Root endodermis,,2,1,2,3,3,3
TGCTGAAAGGATCATA-1_1,Mesophyll,Mesophyll,,3,1,3,2,8,15
TGCTGAAAGTACCATC-1_3,Epidermal,Non-hair,,0,0,0,6,6,6
TGCTGAAAGTCACTAC-1_2,Mesophyll,Phloem parenchyma,,0,0,0,5,1,8
TGCTGAACAACTTGGT-1_6,Mesophyll,Root cap,,3,1,3,2,8,10
TGCTGAACACATTACG-1_1,Epidermal,Mesophyll,,3,1,3,2,5,5
TGCTGAACATCTCGTC-1_5,Epidermal,Cortex,,2,0,2,3,1,7
TGCTGAAGTCGCATGC-1_2,Stele,Root cap,,0,0,0,1,7,4
TGCTGAAGTGAATGTA-1_6,Mesophyll,Non-hair,,2,1,2,4,3,0
TGCTGAAGTTTCCCAC-1_1,Meristematic,Bundle sheath,,0,0,0,1,1,9
TGCTGAATCATAAGGA-1_2,Epidermal,Mesophyll,,0,0,0,6,6,6
TGCTGAATCCATTCAT-1_5,Epidermal,Mesophyll,,3,1,3,2,5,15
TGCTTCGAGGGCCAAT-1_3,Epidermal,Mesophyll,,0,0,0,1,4,0
TGCTTCGCACTAACCA-1_1,Epidermal,Mesophyll,,1,2,1,0,10,0
TGCTTCGCAGGCGAAT-1_2,Epidermal,Non-hair,,0,0,0,1,1,4
TGCTTCGGTAACCCTA-1_6,Meristematic,Root cortex,,2,0,2,5,1,7
TGCTTCGGTCTTGGTA-1_1,Mesophyll,Root cortex,,2,1,2,4,2,1
TGCTTCGTCATCGCTC-1_3,Mesophyll,Mesophyll,,0,0,0,3,1,6
TGCTTGCAGGTTCACT-1_3,Mesophyll,Mesophyll,,2,0,2,4,2,7
TGCTTGCCAACTGCTA-1_3,Mesophyll,Root cortex,,3,1,3,4,2,1
TGCTTGCCAATTCTTC-1_2,Meristematic,Root procambium,,0,0,0,1,7,13
TGCTTGCGTAGTCACT-1_5,Epidermal,Flower meristem,,5,2,5,1,4,17
TGCTTGCGTTAAGACA-1_3,Mesophyll,Mesophyll,,1,2,1,0,0,0
TGCTTGCTCGCTCCTA-1_4,Mesophyll,Mesophyll,,1,2,1,0,0,2
TGCTTGCTCTCCAAGA-1_1,Epidermal,Mesophyll,,3,1,3,2,8,10
TGCTTGCTCTTTCCGG-1_4,Epidermal,Phloem parenchyma,,0,0,0,1,1,9
TGGAACTAGATTGCGG-1_4,Mesophyll,Root endodermis,,0,0,0,6,6,6
TGGAACTAGGGAGGCA-1_3,Epidermal,Phloem pole pericycle,,0,0,0,1,1,4
TGGAACTCAAATTGCC-1_3,Mesophyll,Non-hair,,0,0,0,1,1,4
TGGAACTCACAGTCCG-1_1,Epidermal,Root cortex,,3,1,3,2,5,5
TGGAACTCATTGCTTT-1_4,Epidermal,Mesophyll,,3,1,3,1,4,9
TGGAACTGTGTTGCCG-1_5,Mesophyll,Phloem parenchyma,,0,0,0,6,1,4
TGGAACTGTTGACTAC-1_1,Mesophyll,Mesophyll,,1,2,1,0,0,2
TGGAACTTCAGCAATC-1_3,Epidermal,Non-hair,,2,1,2,3,3,3
TGGAACTTCGGATTAC-1_5,Epidermal,Root procambium,,0,0,0,1,1,4
TGGAACTTCGGCTCTT-1_3,Epidermal,Root procambium,,0,0,0,1,7,4
TGGAACTTCTACACTT-1_3,Epidermal,Mesophyll,,1,2,1,6,0,2
TGGAGAGCATGACAGG-1_1,Epidermal,Vascular cambium,,0,0,0,1,4,4
TGGAGAGCATGACTTG-1_4,Meristematic,Root endodermis,,1,0,1,0,0,8
TGGAGAGGTTGGCCGT-1_2,Epidermal,Root cortex,,2,1,2,3,3,3
TGGAGAGGTTTAGAGA-1_1,Mesophyll,Cortex,,3,1,3,2,5,5
TGGAGAGTCAGCAGAG-1_2,Epidermal,Mesophyll,,0,0,0,5,1,13
TGGAGAGTCAGGTGTT-1_4,Epidermal,Explant vasculature and callus founder cell,,1,2,1,0,0,0
TGGAGAGTCTAGGCAT-1_3,Mesophyll,Mesophyll,,1,2,1,0,0,16
TGGAGAGTCTTGGAAC-1_1,Stele,Root cortex,,2,1,2,3,3,3
TGGAGAGTCTTTGCTA-1_2,Epidermal,Mesophyll,,3,1,3,2,5,10
TGGAGGAAGCCTTGAT-1_4,Mesophyll,Root cortex,,4,0,4,8,7,13
TGGAGGACAAGAGGCT-1_5,Stele,Mesophyll,,0,2,0,1,7,13
TGGAGGACAGCTGAAG-1_3,Mesophyll,Sieve element,,0,0,0,1,1,4
TGGAGGACAGGTTCAT-1_6,Stele,Root endodermis,,0,0,0,5,1,8
TGGAGGACATAAGATG-1_3,Stele,Mesophyll,,1,2,1,1,9,11
TGGAGGACATCACCAA-1_1,Epidermal,Flower meristem,,5,2,5,1,4,17
TGGAGGAGTAAGGAGA-1_4,Epidermal,Mesophyll,,0,0,0,6,6,6
TGGAGGAGTCTACGTA-1_6,Stele,Mesophyll,,1,2,1,0,0,0
TGGAGGAGTTCCCAAA-1_1,Mesophyll,Mesophyll,,1,2,1,7,9,11
TGGAGGATCGAAATCC-1_6,Stele,Lateral root cap,,0,0,0,1,7,13
TGGAGGATCGACCACG-1_1,Epidermal,Mesophyll,,1,2,1,0,0,2
TGGAGGATCGGACCAC-1_4,Epidermal,Mesophyll,,3,1,3,2,3,3
TGGATCAAGCCTCTCT-1_4,Mesophyll,Mesophyll,,1,2,1,7,9,11
TGGATCAAGGACATCG-1_4,Epidermal,Root cortex,,2,0,2,4,2,7
TGGATCACACAACGTT-1_5,Mesophyll,Flower meristem,,0,0,0,1,7,4
TGGATCACACAATTCG-1_5,Stele,Phloem,,5,2,5,9,4,17
TGGATCACAGTAGAAT-1_3,Mesophyll,Phloem,,3,2,3,7,4,9
TGGATCAGTTCTATCT-1_3,Epidermal,Vascular cambium,,5,2,5,9,4,17
TGGATCATCTGTAACG-1_5,Epidermal,Flower meristem,,0,2,0,1,4,0
TGGATGTAGTGTGTTC-1_6,Mesophyll,Mesophyll,,1,2,1,0,0,2
TGGATGTAGTTGAAGT-1_6,Epidermal,Root endodermis,,0,0,0,5,1,4
TGGATGTCAAGTGTCT-1_4,Epidermal,Non-hair,,0,0,0,1,7,4
TGGATGTCACTAGGTT-1_3,Stele,Root endodermis,,0,0,0,5,1,8
TGGATGTGTACTCGCG-1_4,Mesophyll,Mesophyll,,3,1,3,2,8,10
TGGATGTGTCGATTTG-1_3,Epidermal,Root endodermis,,0,0,0,5,1,8
TGGATGTGTCGCGTCA-1_6,Epidermal,Mesophyll,,1,1,1,0,0,5
TGGATGTTCCATCTGC-1_4,Stele,Vascular cambium,,0,0,0,1,1,9
TGGATGTTCCGAAGGA-1_5,Epidermal,Non-hair,,0,0,0,1,1,4
TGGATGTTCCGGTAGC-1_4,Mesophyll,Vegetative nuclei,,0,0,0,1,1,4
TGGATGTTCGGTAACT-1_4,Mesophyll,Root procambium,,0,0,0,1,7,4
TGGCGTGAGACTCAAA-1_4,Epidermal,Root cortex,,2,1,2,4,2,1
TGGCGTGAGCAACAAT-1_6,Meristematic,Companion cell,,0,0,0,1,7,4
TGGCGTGAGCTTTGTG-1_4,Epidermal,Flower meristem,,0,0,0,1,4,9
TGGCGTGAGGAGGGTG-1_3,Epidermal,Mesophyll,,0,0,0,6,6,6
TGGCGTGCACACCGAC-1_6,Epidermal,Root cap,,0,0,0,1,3,4
TGGCGTGCACGCGTGT-1_1,Epidermal,Root cortex,,3,1,3,1,4,7
TGGCGTGCATTCATCT-1_5,Epidermal,Sieve element,,3,1,3,3,4,9
TGGCGTGGTCCGAAAG-1_5,Epidermal,Mesophyll,,1,2,1,0,0,2
TGGCGTGGTCCTATAG-1_5,Mesophyll,Mesophyll,,1,2,1,7,9,11
TGGCGTGTCCCGAATA-1_4,Mesophyll,Root hair,,1,2,1,0,0,2
TGGCGTGTCGTCAACA-1_4,Epidermal,Phloem,,3,1,3,4,2,1
TGGCGTGTCTACTCAT-1_1,Mesophyll,Root cortex,,1,2,1,7,9,11
TGGGAAGAGAGAGCAA-1_2,Epidermal,Root endodermis,,5,4,5,9,11,18
TGGGAAGAGATTGACA-1_2,Mesophyll,Mesophyll,,1,2,1,0,0,2
TGGGAAGAGGTACAAT-1_5,Epidermal,Root endodermis,,0,0,0,6,6,6
TGGGAAGAGTCGCTAT-1_4,Epidermal,Root cortex,,2,0,2,4,2,7
TGGGAAGCAGGCAATG-1_1,Stele,Xylem,,2,1,2,3,3,3
TGGGAAGCATGGGAAC-1_4,Stele,Mesophyll,,0,0,0,5,1,8
TGGGAAGGTATCCCTC-1_3,Mesophyll,Mesophyll,,3,1,3,2,5,5
TGGGAAGGTTAGAGTA-1_6,Mesophyll,Mesophyll,,1,2,1,7,9,11
TGGGAAGTCATGACAC-1_1,Stele,Mesophyll,,3,2,3,0,0,2
TGGGAAGTCGAGTCTA-1_3,Epidermal,Root cortex,,3,1,3,4,5,7
TGGGAGAAGAAGCCAC-1_1,Epidermal,Leaf pavement cell,,2,1,2,3,3,3
TGGGAGAAGTTCATGC-1_4,Epidermal,Root cortex,,3,1,3,2,4,15
TGGGAGACAAATTAGG-1_5,Epidermal,Root cap,,3,1,3,2,4,15
TGGGAGACAGCTTTCC-1_4,Mesophyll,Mesophyll,,1,2,1,0,0,2
TGGGAGAGTCATCAGT-1_5,Epidermal,Root procambium,,0,0,0,1,1,4
TGGGAGAGTCTCTCAC-1_3,Epidermal,Vascular cambium,,4,3,4,8,10,12
TGGGAGATCGCGTCGA-1_6,Epidermal,Root endodermis,,2,1,2,3,3,3
TGGGAGATCGTGTTCC-1_6,Stele,Leaf pavement cell,,3,1,3,3,8,11
TGGGAGATCTAGACCA-1_6,Mesophyll,Mesophyll,,1,2,1,7,9,11
TGGGATTAGCCATTGT-1_1,Mesophyll,Root cortex,,2,1,2,4,2,1
TGGGATTAGTTTGCTG-1_5,Epidermal,Flower meristem,,1,0,1,4,0,7
TGGGATTCACCTTCCA-1_1,Epidermal,Mesophyll,,1,2,1,0,0,0
TGGGATTCAGTTAGGG-1_6,Stele,Root procambium,,1,2,1,1,7,11
TGGGATTGTAGTGGCA-1_4,Mesophyll,Phloem,,3,1,3,1,4,9
TGGGATTGTATCGCTA-1_1,Mesophyll,Mesophyll,,1,2,1,0,6,0
TGGGATTGTCTCTCTG-1_4,Epidermal,Mesophyll,,1,2,1,0,0,2
TGGGATTGTGGTATGG-1_4,Epidermal,Shoot system epidermis,,2,1,2,3,3,3
TGGGATTGTTAAGCAA-1_5,Stele,Mesophyll,,1,2,1,0,0,2
TGGGATTTCATTCGTT-1_5,Epidermal,Root endodermis,,0,0,0,5,1,8
TGGGATTTCGCCTCTA-1_1,Stele,Root endodermis,,1,2,1,0,7,19
TGGGATTTCGGATTAC-1_3,Mesophyll,Mesophyll,,1,2,1,0,0,0
TGGGCGTAGGATGTTA-1_4,Meristematic,Mesophyll,,1,2,1,0,4,0
TGGGCGTAGTCTCGTA-1_6,Epidermal,Lateral root cap,,5,4,5,9,11,18
TGGGCGTAGTGGTGGT-1_1,Mesophyll,Mesophyll,,1,2,1,0,0,2
TGGGCGTCAGAGTGAC-1_5,Stele,Root endodermis,,2,1,2,4,2,1
TGGGCGTCAGTACTAC-1_3,Mesophyll,Phloem parenchyma,,0,0,0,1,1,8
TGGGCGTCATCCTCAC-1_3,Epidermal,Mesophyll,,3,1,3,2,5,5
TGGGCGTGTCCACGCA-1_4,Stele,Mesophyll,,1,2,1,0,0,2
TGGGCGTGTGTTTGCA-1_3,Stele,Xylem,,3,1,3,3,7,7
TGGGCGTTCACAACCA-1_2,Epidermal,Shoot system epidermis,,2,1,2,3,3,3
TGGGCGTTCCTTGGAA-1_5,Mesophyll,Root procambium,,0,0,0,1,4,13
TGGGCGTTCCTTTGAT-1_5,Stele,Root endodermis,,2,1,2,3,3,3
TGGGCGTTCGAGCCAC-1_3,Mesophyll,Mesophyll,,0,0,0,6,6,6
TGGGCTGAGGATAATC-1_3,Mesophyll,Mesophyll,,1,2,1,7,9,11
TGGGCTGAGGCCATAG-1_1,Mesophyll,Root endodermis,,2,0,2,5,1,8
TGGGCTGCAACCAATC-1_1,Epidermal,Meristematic cell,,3,1,3,2,5,5
TGGGCTGCATCCCGTT-1_3,Epidermal,Mesophyll,,3,1,3,2,5,5
TGGGCTGGTACGTACT-1_3,Mesophyll,Root cortex,,2,1,2,4,2,1
TGGGCTGGTAGGAGGG-1_2,Epidermal,Shoot system epidermis,,2,1,2,3,3,3
TGGGCTGGTCTCTCTG-1_2,Meristematic,Vascular cambium,,0,0,0,1,4,0
TGGGCTGGTGGCTCTG-1_2,Epidermal,Mesophyll,,3,1,3,2,8,15
TGGGCTGGTTTCGTAG-1_2,Epidermal,Leaf pavement cell,,3,1,3,3,8,3
TGGGCTGTCAATCCAG-1_4,Mesophyll,Mesophyll,,3,2,3,2,5,5
TGGGCTGTCATGCATG-1_1,Mesophyll,Mesophyll,,1,2,1,0,0,2
TGGGCTGTCGCAGTTA-1_5,Epidermal,Cortex,,4,3,4,8,10,12
TGGGTTAAGCGAACTG-1_2,Mesophyll,Mesophyll,,1,2,1,0,4,0
TGGGTTAAGCTGGCCT-1_4,Epidermal,Root endodermis,,0,0,0,1,7,13
TGGGTTACAAGTGGCA-1_1,Epidermal,Mesophyll,,0,0,0,6,6,6
TGGGTTACACTGGCGT-1_4,Mesophyll,Root endodermis,,0,0,0,5,1,8
TGGGTTACAGCACAGA-1_3,Mesophyll,Mesophyll,,1,2,1,0,0,0
TGGGTTACAGCCGTTG-1_2,Epidermal,Non-hair,,2,1,2,3,3,3
TGGGTTACAGTTCTAG-1_5,Epidermal,Leaf pavement cell,,2,1,2,3,2,1
TGGGTTAGTATACGGG-1_1,Mesophyll,Flower meristem,,0,0,0,1,1,4
TGGGTTATCTCTTGCG-1_1,Epidermal,Leaf pavement cell,,2,1,2,3,3,3
TGGTACAAGCCGTTGC-1_2,Epidermal,Leaf pavement cell,,2,1,2,3,3,3
TGGTACACACACCAGC-1_4,Mesophyll,Mesophyll,,2,0,2,6,6,6
TGGTACAGTCAACACT-1_4,Epidermal,Root cap,,0,0,0,1,4,14
TGGTACAGTGAGCGAT-1_4,Mesophyll,Mesophyll,,0,2,0,0,1,16
TGGTACAGTGTAAATG-1_5,Epidermal,Root cortex,,2,1,2,4,2,1
TGGTACATCCGTTGGG-1_4,Mesophyll,Non-hair,,4,1,4,7,9,11
TGGTAGTAGAAACTGT-1_5,Epidermal,Root cortex,,2,1,2,3,3,3
TGGTAGTAGCGTCTCG-1_6,Epidermal,Root endodermis,,2,0,2,5,1,7
TGGTAGTAGTCTGGAG-1_3,Epidermal,Root procambium,,0,0,0,1,7,4
TGGTAGTAGTGATCGG-1_3,Guard,Non-hair,,3,1,3,3,3,14
TGGTAGTCAAGTCATC-1_5,Mesophyll,Non-hair,,2,0,2,3,3,14
TGGTAGTCAGTAGAAT-1_4,Epidermal,Mesophyll,,0,0,0,6,7,4
TGGTAGTCAGTTTGGT-1_1,Stele,Root cortex,,2,1,2,3,2,1
TGGTAGTTCACCTCAC-1_5,Epidermal,Mesophyll,,1,2,1,0,0,2
TGGTAGTTCATTATCC-1_1,Meristematic,Mesophyll,,1,2,1,0,0,15
TGGTAGTTCCATCGTC-1_2,Stele,Columella root cap,,2,0,2,3,3,3
TGGTAGTTCGATACTG-1_4,Mesophyll,Flower meristem,,0,0,0,1,1,4
TGGTAGTTCGCTTACC-1_3,Mesophyll,Root cortex,,1,2,1,0,0,0
TGGTGATAGCTGTACT-1_1,Epidermal,Mesophyll,,1,2,1,0,0,2
TGGTGATCAGTAGTGG-1_4,Mesophyll,Mesophyll,,3,1,3,2,5,10
TGGTGATCATCGTTCC-1_4,Stele,Companion cell,,3,1,3,10,4,9
TGGTGATTCAGTCACA-1_5,Mesophyll,Cortex,,3,1,3,2,5,5
TGGTGATTCGTAACAC-1_5,Mesophyll,Leaf pavement cell,,2,1,2,3,3,3
TGGTGATTCTCTATAC-1_5,Meristematic,Leaf pavement cell,,2,0,2,3,3,3
TGGTTAGAGTTGCTCA-1_1,Mesophyll,Mesophyll,,3,1,3,2,8,10
TGGTTAGCACACGGTC-1_3,Epidermal,Root endodermis,,0,0,0,5,0,16
TGGTTAGCACTGGATT-1_4,Epidermal,Mesophyll,,0,0,0,1,4,4
TGGTTAGGTAACACGG-1_6,Mesophyll,Phloem parenchyma,,0,0,0,5,1,8
TGGTTAGGTCGATGCC-1_3,Meristematic,Non-hair,,2,1,2,3,3,1
TGGTTAGTCAGAGCAG-1_2,Mesophyll,Root cortex,,2,1,2,3,3,3
TGGTTAGTCCATCTCG-1_2,Meristematic,Mesophyll,,1,2,1,0,0,2
TGGTTAGTCTAGTTCT-1_2,Epidermal,Explant vasculature and callus founder cell,,2,1,2,3,3,3
TGTAACGAGCGCATCC-1_3,Mesophyll,Root cortex,,3,1,3,2,5,5
TGTAACGAGCGGCTCT-1_3,Epidermal,Root cortex,,2,1,2,3,3,3
TGTAACGAGCTGTTCA-1_5,Epidermal,Leaf pavement cell,,2,1,2,3,3,3
TGTAACGAGGCGCTCT-1_4,Mesophyll,Leaf pavement cell,,0,0,0,6,6,14
TGTAACGAGGTTATAG-1_6,Epidermal,Mesophyll,,1,2,1,6,0,6
TGTAACGCAATCTCGA-1_3,Epidermal,Explant vasculature and callus founder cell,,0,0,0,1,1,7
TGTAACGTCGGCCTTT-1_2,Epidermal,Root endodermis,,0,0,0,5,1,8
TGTAACGTCGGCTTGG-1_4,Epidermal,Leaf pavement cell,,2,1,2,3,3,3
TGTAACGTCTAGGCAT-1_3,Mesophyll,Mesophyll,,1,2,1,7,9,11
TGTAAGCAGTGCACTT-1_4,Epidermal,Mesophyll,,0,0,0,0,6,4
TGTAAGCCACTTCATT-1_6,Epidermal,Non-hair,,0,0,0,5,1,4
TGTAAGCGTAGAGCTG-1_4,Mesophyll,Mesophyll,,1,2,1,0,0,16
TGTAAGCGTGAGACCA-1_4,Epidermal,Root cortex,,2,1,2,3,2,1
TGTAAGCGTGCGTTTA-1_6,Epidermal,Mesophyll,,0,0,0,5,6,8
TGTAAGCTCAACGAGG-1_3,Mesophyll,Mesophyll,,1,2,1,0,0,7
TGTAAGCTCAGCAATC-1_1,Epidermal,Mesophyll,,3,1,3,2,8,15
TGTAAGCTCCGCACTT-1_1,Epidermal,Flower meristem,,0,0,0,1,7,4
TGTAAGCTCGTTAGAC-1_5,Epidermal,Mesophyll,,1,2,1,0,0,10
TGTAAGCTCTTGAACG-1_6,Stele,Root endodermis,,2,0,2,3,6,0
TGTACAGGTCCAGAAG-1_5,Epidermal,Mesophyll,,1,2,1,0,0,0
TGTACAGTCCCAGGAC-1_1,Mesophyll,Root cortex,,3,1,3,2,8,11
TGTACAGTCCCGTTGT-1_4,Mesophyll,Mesophyll,,0,0,0,0,1,4
TGTACAGTCCGTGTGG-1_3,Epidermal,Non-hair,,3,1,3,3,3,9
TGTACAGTCGGCCTTT-1_5,Epidermal,Root cap,,2,1,2,3,3,3
TGTAGACAGACTACCT-1_3,Meristematic,Mesophyll,,1,2,1,0,0,0
TGTAGACAGCCTCACG-1_5,Mesophyll,Mesophyll,,1,2,1,7,9,11
TGTAGACAGCGTCGAA-1_4,Epidermal,Root endodermis,,0,0,0,5,1,8
TGTAGACCACGAGGTA-1_1,Stele,Mesophyll,,1,2,1,0,0,2
TGTAGACCACTTCATT-1_3,Epidermal,Root cap,,1,2,1,0,0,14
TGTAGACGTCACGTGC-1_6,Mesophyll,Mesophyll,,1,2,1,0,0,2
TGTAGACTCCTCTCGA-1_3,Mesophyll,Root cortex,,3,1,3,1,4,7
TGTAGACTCGTGGCTG-1_3,Mesophyll,Mesophyll,,3,1,3,2,5,5
TGTAGACTCTTCGCTG-1_4,Epidermal,Root cortex,,2,1,2,4,2,1
TGTAGACTCTTCTAAC-1_1,Epidermal,Root cortex,,1,2,1,0,0,0
TGTCAGAAGCAACAGC-1_1,Mesophyll,Leaf guard cell,,0,2,0,1,7,13
TGTCAGAAGTATCCTG-1_5,Epidermal,Root endodermis,,2,0,2,6,3,3
TGTCAGAAGTGCTCGC-1_6,Stele,Mesophyll,,1,2,1,0,0,2
TGTCAGAAGTGGATTA-1_1,Mesophyll,Mesophyll,,0,0,0,6,6,6
TGTCAGACAATCTCTT-1_6,Stele,Mesophyll,,1,2,1,0,0,15
TGTCAGACACACTTAG-1_1,Epidermal,Shoot system epidermis,,0,0,0,5,1,7
TGTCAGACACGGTGCT-1_2,Epidermal,Root endodermis,,1,2,1,0,0,2
TGTCAGACAGTCGAGA-1_1,Mesophyll,Mesophyll,,0,0,0,3,3,3
TGTCAGATCACCTCAC-1_4,Epidermal,Mesophyll,,5,4,5,9,11,18
TGTCAGATCTCGGCTT-1_6,Mesophyll,Mesophyll,,1,2,1,7,9,11
TGTCCACAGGGACAGG-1_3,Mesophyll,Root cortex,,1,2,1,1,7,14
TGTCCACCAAGTAGTA-1_4,Mesophyll,Mesophyll,,1,2,1,0,7,13
TGTCCACCACTGCATA-1_5,Mesophyll,Root endodermis,,0,0,0,5,1,7
TGTCCACGTGAGAGGG-1_2,Epidermal,Flower meristem,,4,3,4,8,10,12
TGTCCACTCACCTCAC-1_2,Meristematic,Vascular cambium,,0,0,0,1,7,7
TGTCCACTCAGCGCAC-1_4,Epidermal,Root endodermis,,2,0,2,5,1,7
TGTCCCAAGACCATGG-1_5,Epidermal,Root cortex,,1,1,1,4,7,14
TGTCCCAAGCTCGACC-1_4,Mesophyll,Root cortex,,2,0,2,4,2,1
TGTCCCAAGTCATGCT-1_6,Stele,Flower meristem,,0,0,0,1,1,4
TGTCCCAAGTGAGTGC-1_5,Epidermal,Non-hair,,0,0,0,1,1,4
TGTCCCACACTCTGCT-1_2,Stele,Phloem,,0,2,0,1,4,13
TGTCCCACACTTACAG-1_3,Meristematic,Cortex,,4,3,4,8,10,12
TGTCCCACAGCTGTGC-1_4,Mesophyll,Root procambium,,0,0,0,7,9,11
TGTCCCAGTATGGGAC-1_2,Stele,Root cortex,,0,0,0,1,7,4
TGTCCCAGTGAGTGAC-1_4,Epidermal,Root cortex,,2,1,2,3,2,1
TGTCCCAGTGTCGCTG-1_5,Meristematic,Vascular cambium,,3,1,3,1,4,9
TGTCCCATCACGTCCT-1_2,Mesophyll,Root cortex,,1,2,1,7,9,11
TGTCCCATCATAGACC-1_3,Epidermal,Root cap,,0,0,0,1,7,13
TGTCCCATCTTAGTTC-1_2,Epidermal,Leaf pavement cell,,3,1,3,2,8,10
TGTCCTGAGAAGGGAT-1_5,Epidermal,Mesophyll,,1,2,1,0,0,0
TGTCCTGAGAGGCGTT-1_4,Stele,Mesophyll,,0,0,0,1,7,13
TGTCCTGAGGTAAAGG-1_4,Epidermal,Root endodermis,,0,0,0,6,6,6
TGTCCTGAGGTAAGAG-1_1,Mesophyll,Mesophyll,,1,2,1,0,0,2
TGTCCTGCAAACCACT-1_4,Epidermal,Meristematic cell,,2,1,2,3,2,1
TGTCCTGCAGTGCCTG-1_2,Stele,Mesophyll,,3,1,3,2,8,15
TGTCCTGCATGACAGG-1_6,Epidermal,Mesophyll,,5,4,5,9,11,18
TGTCCTGGTACGATTC-1_3,Mesophyll,Mesophyll,,1,2,1,7,9,11
TGTCCTGGTCAATGGG-1_3,Meristematic,Root cortex,,2,0,2,5,7,7
TGTCCTGGTTTACTGG-1_2,Mesophyll,Root cortex,,2,1,2,4,2,1
TGTCCTGTCAGTGGGA-1_4,Epidermal,Root cortex,,2,0,2,5,1,7
TGTCCTGTCCACAGGC-1_4,Epidermal,Root endodermis,,0,0,0,5,1,8
TGTCCTGTCCGCGATG-1_4,Stele,Mesophyll,,1,2,1,0,0,2
TGTGAGTAGATTGACA-1_3,Epidermal,Root endodermis,,2,1,2,4,2,1
TGTGAGTAGCCTTGAT-1_1,Epidermal,Root cap,,2,1,2,4,7,7
TGTGAGTAGTCGGCAA-1_3,Epidermal,Mesophyll,,1,2,1,0,0,0
TGTGAGTAGTCTGCAT-1_5,Epidermal,Root cortex,,2,1,2,3,3,3
TGTGAGTCAACAGCCC-1_6,Epidermal,Flower meristem,,0,0,0,1,1,4
TGTGAGTGTCCTTAAG-1_1,Mesophyll,Mesophyll,,1,2,1,0,0,2
TGTGAGTGTGACGTCC-1_1,Epidermal,Root endodermis,,0,0,0,3,1,7
TGTGAGTTCAGTCACA-1_5,Mesophyll,Mesophyll,,3,1,3,2,6,6
TGTGAGTTCCGACAGC-1_5,Epidermal,Root endodermis,,0,0,0,6,1,4
TGTGATGAGACTCGAG-1_4,Epidermal,Mesophyll,,1,2,1,7,9,11
TGTGATGAGGACATCG-1_2,Mesophyll,Flower meristem,,0,0,0,6,6,6
TGTGATGAGGTTCCAT-1_4,Mesophyll,Flower meristem,,1,2,1,0,0,16
TGTGATGAGTCTGTAC-1_4,Mesophyll,Mesophyll,,3,2,3,2,5,5
TGTGATGCAATACGCT-1_5,Mesophyll,Root endodermis,,2,1,2,3,2,1
TGTGATGCACCAGGTC-1_3,Epidermal,Mesophyll,,1,2,1,0,0,0
TGTGATGCATAGCTGT-1_4,Epidermal,Mesophyll,,1,2,1,2,9,14
TGTGATGGTGCCCAGT-1_5,Stele,Cortex,,3,1,3,4,2,1
TGTGATGTCTCCAAGA-1_5,Epidermal,Root endodermis,,2,1,2,3,3,3
TGTGATGTCTGATGGT-1_5,Mesophyll,Cortex,,3,1,3,2,5,5
TGTGCGGCAAGACGGT-1_3,Stele,Cortex,,0,1,0,4,1,16
TGTGCGGCACAAAGCG-1_3,Epidermal,Root endodermis,,0,0,0,6,6,6
TGTGCGGCACCGTACG-1_6,Mesophyll,Shoot system epidermis,,1,2,1,0,0,0
TGTGCGGCACTCTGCT-1_4,Epidermal,Root endodermis,,0,0,0,5,1,8
TGTGCGGGTTGGACCC-1_6,Mesophyll,Root cortex,,2,1,2,4,2,1
TGTGCGGTCATGCTAG-1_6,Mesophyll,Mesophyll,,1,2,1,0,0,16
TGTGCGGTCTCAGGCG-1_4,Epidermal,Mesophyll,,3,1,3,2,3,10
TGTGGCGAGACTCTTG-1_2,Mesophyll,Root cortex,,3,1,3,2,8,11
TGTGGCGAGCTGAGCA-1_3,Epidermal,Root endodermis,,2,0,2,3,3,3
TGTGGCGAGGTCGTCC-1_3,Epidermal,Root endodermis,,1,2,1,0,0,0
TGTGGCGCATAGGTAA-1_3,Epidermal,Mesophyll,,3,1,3,2,5,5
TGTGGCGGTACCGCGT-1_1,Epidermal,Root cortex,,2,1,2,2,2,1
TGTGGCGGTAGACACG-1_1,Epidermal,Root endodermis,,1,1,1,3,3,3
TGTGGCGGTATGCTTG-1_4,Mesophyll,Mesophyll,,1,2,1,7,9,11
TGTGGCGTCGTAGGGA-1_3,Mesophyll,Xylem,,2,0,2,5,1,7
TGTGGCGTCGTCAAAC-1_2,Mesophyll,Root cortex,,3,1,3,4,5,5
TGTGGCGTCTTCACGC-1_6,Epidermal,Mesophyll,,3,1,3,2,5,5
TGTGTGAAGCGTATGG-1_3,Mesophyll,Flower meristem,,3,0,3,0,8,16
TGTGTGACAACAACAA-1_2,Epidermal,Root cortex,,2,1,2,4,2,1
TGTGTGACACTAAACC-1_3,Stele,Mesophyll,,1,2,1,0,0,16
TGTGTGAGTCAAGTTC-1_2,Epidermal,Mesophyll,,0,0,0,6,6,6
TGTTACTAGAGTTGCG-1_4,Epidermal,Root cap,,0,0,0,1,1,9
TGTTACTAGTTGGCTT-1_5,Mesophyll,Mesophyll,,1,2,1,7,9,2
TGTTACTCAACGTTAC-1_4,Stele,Root cap,,0,0,0,1,1,4
TGTTACTCAACTCGTA-1_1,Epidermal,Non-hair,,0,0,0,1,7,4
TGTTACTCAAGACAAT-1_4,Epidermal,Root endodermis,,0,0,0,6,6,6
TGTTACTCACACCGCA-1_1,Stele,Root cortex,,2,2,2,3,3,3
TGTTACTCAGCACAGA-1_4,Epidermal,Mesophyll,,3,1,3,2,5,7
TGTTACTGTGCATTTG-1_2,Mesophyll,Mesophyll,,3,1,3,2,8,10
TGTTACTGTTGCTCGG-1_1,Stele,Root procambium,,0,0,0,1,1,8
TGTTACTTCAGAGTGG-1_2,Mesophyll,Root cortex,,2,1,2,4,2,1
TGTTACTTCGGTCAGC-1_3,Mesophyll,Mesophyll,,1,2,1,7,9,11
TGTTCATAGTAGGAAG-1_2,Epidermal,Leaf pavement cell,,0,0,0,3,3,14
TGTTCATAGTCTAGAA-1_1,Mesophyll,Cortex,,3,1,3,2,5,5
TGTTCATCATAATCGC-1_6,Meristematic,Root cortex,,1,2,1,0,0,0
TGTTCATCATGGAAGC-1_3,Stele,Root endodermis,,0,0,0,3,1,3
TGTTCATGTAGCACAG-1_6,Meristematic,Mesophyll,,3,1,3,2,5,10
TGTTCATTCACGATCA-1_6,Meristematic,Mesophyll,,1,2,1,1,6,0
TGTTCATTCCTTCTTC-1_3,Mesophyll,Mesophyll,,3,1,3,2,5,5
TGTTCCGAGGCCCGTT-1_5,Mesophyll,Mesophyll,,1,0,1,6,6,6
TGTTCCGAGGTATAGT-1_4,Mesophyll,Mesophyll,,0,0,0,6,6,6
TGTTCCGCAACTTGGT-1_6,Mesophyll,Mesophyll,,1,2,1,7,9,2
TGTTCCGCACAAGCTT-1_5,Mesophyll,Root endodermis,,1,1,1,2,0,0
TGTTCCGCACCAGGTC-1_5,Stele,Root cap,,3,1,3,2,8,15
TGTTCCGGTACCGTCG-1_5,Epidermal,Columella root cap,,0,0,0,1,1,9
TGTTCCGGTAGCGTCC-1_5,Mesophyll,Root endodermis,,0,0,0,5,1,8
TGTTCCGTCGCTTGCT-1_3,Mesophyll,Root endodermis,,4,3,4,8,10,12
TGTTCCGTCTCACTCG-1_5,Mesophyll,Mesophyll,,1,2,1,0,0,2
TGTTCCGTCTGTCGCT-1_5,Mesophyll,Columella root cap,,0,0,0,1,1,9
TGTTCTAAGCAGTACG-1_2,Epidermal,Leaf pavement cell,,2,1,2,3,3,3
TGTTCTAAGGGACAGG-1_5,Mesophyll,Root cortex,,1,2,1,0,0,0
TGTTCTACAGCTGTCG-1_2,Epidermal,Generative nuclei,,2,0,2,4,2,7
TGTTCTATCACAGAGG-1_3,Mesophyll,Sieve element,,0,1,0,1,7,14
TGTTCTATCCGAGCTG-1_6,Mesophyll,Mesophyll,,0,0,0,7,9,8
TGTTCTATCGGTAACT-1_5,Epidermal,Mesophyll,,1,2,1,0,0,2
TGTTGAGAGACTGTTC-1_5,Epidermal,Leaf pavement cell,,2,1,2,3,2,1
TGTTGAGAGATAGTCA-1_1,Epidermal,Root cortex,,3,1,3,4,2,1
TGTTGAGCAGAGGACT-1_4,Mesophyll,Mesophyll,,0,0,0,6,6,6
TGTTGAGCATCGGAGA-1_6,Mesophyll,Root cortex,,4,3,4,8,10,12
TGTTGAGGTCATAACC-1_4,Mesophyll,Mesophyll,,3,1,3,2,5,5
TGTTGAGGTCTACAGT-1_2,Meristematic,Mesophyll,,1,0,1,0,0,6
TGTTGAGGTGTCGATT-1_3,Epidermal,Mesophyll,,1,2,1,0,0,0
TGTTGAGTCAGGGATG-1_6,Epidermal,Phloem,,5,2,5,1,4,13
TGTTGAGTCTCCGAGG-1_1,Epidermal,Mesophyll,,2,0,2,6,6,6
TGTTGAGTCTCTCTTC-1_4,Epidermal,Root endodermis,,0,0,0,1,7,13
TGTTGGAAGCCAACCC-1_5,Stele,Root procambium,,1,2,1,7,9,11
TGTTGGAAGCGTTAGG-1_2,Epidermal,Mesophyll,,3,2,3,2,5,5
TGTTGGAAGCTCCATA-1_6,Epidermal,Phloem pole pericycle,,0,0,0,5,1,4
TGTTGGAAGGCGTTAG-1_5,Mesophyll,Phloem parenchyma,,0,0,0,1,1,4
TGTTGGACAAAGCTAA-1_1,Stele,Mesophyll,,1,0,1,1,7,13
TGTTGGACAAATCAAG-1_1,Mesophyll,Mesophyll,,1,2,1,7,9,11
TGTTGGACAATCCTTT-1_4,Mesophyll,Bundle sheath,,0,0,0,1,4,13
TGTTGGAGTGTGCTTA-1_4,Stele,Root cap,,0,2,0,0,1,16
TGTTGGATCTTGGGCG-1_5,Epidermal,Mesophyll,,0,0,0,6,6,6
TGTTTGTAGTAGCTCT-1_2,Epidermal,Mesophyll,,1,2,1,0,0,16
TGTTTGTCACAATGAA-1_2,Mesophyll,Root procambium,,0,0,0,1,3,14
TGTTTGTCAGCAGATG-1_1,Mesophyll,Mesophyll,,0,0,0,6,6,6
TGTTTGTCAGTGGTGA-1_4,Epidermal,Lateral root cap,,0,0,0,1,1,4
TGTTTGTGTGGTAATA-1_4,Mesophyll,Cortex,,3,1,3,2,8,10
TGTTTGTTCCCAATAG-1_5,Meristematic,Mesophyll,,3,1,3,2,8,10
TGTTTGTTCCTAAGTG-1_1,Epidermal,Root procambium,,0,0,0,1,1,4
TGTTTGTTCGACGATT-1_1,Epidermal,Mesophyll,,1,2,1,0,0,2
TGTTTGTTCGGACAAG-1_3,Mesophyll,Mesophyll,,2,0,2,3,3,0
TTAATCCAGAATACAC-1_1,Stele,Mesophyll,,3,1,3,2,8,15
TTAATCCAGCGTACAG-1_6,Mesophyll,Root procambium,,1,2,1,0,0,2
TTAATCCAGTTAACAG-1_5,Epidermal,Phloem parenchyma,,2,0,2,5,1,8
TTAATCCCACAGTCCG-1_2,Epidermal,Mesophyll,,5,2,5,9,4,17
TTAATCCCAGAGTGTG-1_4,Meristematic,Root cortex,,4,3,4,8,10,12
TTAATCCGTAGGCAAC-1_2,Mesophyll,Mesophyll,,1,2,1,7,9,2
TTAATCCGTGTCCATA-1_1,Meristematic,Mesophyll,,3,0,3,2,5,5
TTAATCCGTGTGTGGA-1_1,Mesophyll,Phloem parenchyma,,0,0,0,1,1,4
TTAATCCGTTGCCGAC-1_5,Mesophyll,Root cortex,,2,0,2,4,2,1
TTAATCCTCAGACCTA-1_3,Mesophyll,Root endodermis,,0,0,0,5,1,8
TTAATCCTCCTGTTGC-1_4,Mesophyll,Mesophyll,,0,0,0,6,1,4
TTACAGGAGAATTGCA-1_5,Epidermal,Flower meristem,,4,3,4,8,10,12
TTACAGGAGCATCAAA-1_6,Mesophyll,Leaf pavement cell,,0,0,0,1,6,13
TTACAGGAGTAAACAC-1_5,Stele,Non-hair,,3,1,3,3,3,14
TTACAGGCACTGGCCA-1_2,Epidermal,Phloem parenchyma,,0,0,0,6,1,4
TTACAGGCAGGGTCTC-1_5,Epidermal,Phloem,,0,3,0,1,4,0
TTACAGGCAGTCTTCC-1_2,Mesophyll,Mesophyll,,3,1,3,6,6,6
TTACAGGGTAACTGCT-1_1,Mesophyll,Explant vasculature and callus founder cell,,3,1,3,2,5,5
TTACAGGGTGACTAAA-1_2,Stele,Mesophyll,,2,0,2,6,6,6
TTACAGGGTGTGTACT-1_1,Epidermal,Non-hair,,2,1,2,3,3,3
TTACAGGGTTAGCTAC-1_2,Epidermal,Generative nuclei,,4,3,4,8,10,12
TTACAGGGTTTCGCTC-1_2,Epidermal,Leaf pavement cell,,0,0,0,6,6,14
TTACAGGTCAATCGGT-1_4,Epidermal,Flower meristem,,1,2,1,0,10,0
TTACAGGTCAGGAACG-1_2,Mesophyll,Mesophyll,,1,0,1,0,6,16
TTACAGGTCCACAGGC-1_2,Epidermal,Cortex,,2,1,2,4,2,7
TTACCATAGAAATCCA-1_1,Epidermal,Mesophyll,,0,0,0,5,1,4
TTACCATAGTCACTAC-1_6,Epidermal,Non-hair,,0,0,0,1,1,4
TTACCATCACTTGAAC-1_5,Epidermal,Phloem parenchyma,,0,0,0,6,6,6
TTACCATGTAGCTTTG-1_1,Epidermal,Shoot system epidermis,,0,0,0,1,3,4
TTACCATGTGGCATCC-1_1,Mesophyll,Root cap,,0,0,0,1,7,13
TTACCATTCAACTACG-1_2,Mesophyll,Mesophyll,,3,1,3,2,8,10
TTACCATTCCCGAACG-1_1,Stele,Mesophyll,,3,1,3,2,8,10
TTACCATTCCTAGCGG-1_3,Stele,Microspore nuclei,,1,2,1,1,0,0
TTACCATTCTCCAATT-1_4,Mesophyll,Mesophyll,,3,1,3,2,8,15
TTACCATTCTGGAGAG-1_4,Mesophyll,Mesophyll,,0,0,0,6,9,11
TTACCATTCTGGCCAG-1_5,Epidermal,Mesophyll,,1,2,1,0,0,2
TTACCGCAGCACTCGC-1_3,Mesophyll,Cortex,,3,1,3,2,5,5
TTACCGCAGCCACCGT-1_5,Epidermal,Mesophyll,,1,2,1,0,0,0
TTACCGCAGGAAAGTG-1_4,Epidermal,Root cortex,,2,1,2,3,3,3
TTACCGCAGGTGCTTT-1_5,Meristematic,Shoot system epidermis,,3,1,3,2,8,10
TTACCGCAGTGTTCCA-1_1,Stele,Root endodermis,,0,0,0,5,1,8
TTACCGCCACACCAGC-1_4,Epidermal,Microspore nuclei,,0,0,0,1,7,4
TTACCGCCACTACCCT-1_4,Mesophyll,Mesophyll,,1,2,1,7,9,11
TTACCGCCATACAGCT-1_6,Epidermal,Non-hair,,2,1,2,3,3,3
TTACCGCGTACGTGAG-1_3,Epidermal,Shoot system epidermis,,2,0,2,3,3,3
TTACCGCGTACTTGTG-1_4,Meristematic,Mesophyll,,3,1,3,2,5,5
TTACCGCGTCTGTCCT-1_4,Mesophyll,Columella root cap,,2,1,2,4,2,1
TTACCGCGTGAATATG-1_5,Epidermal,Root cortex,,2,0,2,4,2,7
TTACCGCGTGTGGACA-1_5,Epidermal,Root cap,,0,0,0,5,1,8
TTACCGCTCTTTGGAG-1_3,Epidermal,Mesophyll,,0,0,0,1,1,4
TTACGCCAGAGAATCT-1_4,Mesophyll,Mesophyll,,3,1,3,1,4,9
TTACGCCAGGATTTGA-1_4,Epidermal,Mesophyll,,3,1,3,10,4,9
TTACGCCAGGCAGTCA-1_4,Epidermal,Phloem parenchyma,,0,0,0,3,3,3
TTACGCCAGGCGTTGA-1_4,Epidermal,Root cortex,,3,1,3,2,8,12
TTACGCCAGGTTAGTA-1_6,Stele,Companion cell,,3,1,3,10,4,9
TTACGCCAGTGGCCTC-1_2,Epidermal,Mesophyll,,0,0,0,1,1,9
TTACGCCCAACATCGT-1_1,Mesophyll,Root endodermis,,2,1,2,3,7,7
TTACGCCCACAGCTGC-1_3,Mesophyll,Mesophyll,,1,2,1,0,0,0
TTACGCCCAGCGGTCT-1_5,Epidermal,Mesophyll,,3,1,3,2,5,5
TTACGCCCATAGGTAA-1_2,Stele,Root cortex,,4,3,4,8,10,12
TTACGCCCATCTAGAC-1_5,Epidermal,Root procambium,,0,0,0,5,1,8
TTACGCCCATTGACAC-1_4,Mesophyll,Mesophyll,,1,2,1,0,0,2
TTACGCCGTGAGACCA-1_5,Epidermal,Leaf pavement cell,,2,1,2,3,2,1
TTACGCCGTTCTGACA-1_5,Epidermal,Mesophyll,,0,0,0,6,6,6
TTACGCCGTTGGATCT-1_5,Mesophyll,Shoot apical meristem,,0,0,0,4,7,7
TTACGTTAGGCTTCCG-1_6,Mesophyll,Flower meristem,,0,0,0,1,4,0
TTACGTTCAAGCGCAA-1_4,Epidermal,Root cortex,,2,1,2,3,2,1
TTACGTTCAAGTTGGG-1_1,Mesophyll,Mesophyll,,1,2,1,0,0,2
TTACGTTCACTCTGCT-1_6,Epidermal,Columella root cap,,0,0,0,5,1,7
TTACGTTCATCCTTGC-1_2,Epidermal,Root endodermis,,2,0,2,5,7,7
TTACGTTGTGTCCGTG-1_6,Mesophyll,Root endodermis,,1,2,1,0,0,2
TTACTGTAGAACAGGA-1_1,Mesophyll,Mesophyll,,3,1,3,2,8,10
TTACTGTAGCCATTCA-1_2,Epidermal,Sieve element,,0,1,0,1,4,16
TTACTGTAGTATAACG-1_1,Mesophyll,Mesophyll,,1,2,1,7,9,11
TTACTGTCACAAATCC-1_2,Mesophyll,Mesophyll,,1,2,1,0,0,2
TTACTGTCACCTATCC-1_3,Mesophyll,Root endodermis,,0,0,0,5,1,8
TTACTGTCAGCTATTG-1_1,Mesophyll,Mesophyll,,1,2,1,0,0,2
TTACTGTGTCACCCTT-1_4,Mesophyll,Mesophyll,,1,2,1,0,0,19
TTACTGTGTGGTACAG-1_2,Mesophyll,Mesophyll,,1,2,1,0,0,2
TTACTGTGTTCGTACA-1_3,Epidermal,Mesophyll,,3,1,3,2,5,5
TTACTGTGTTCTCCCA-1_2,Epidermal,Root endodermis,,0,0,0,4,2,8
TTACTGTGTTTCGGCG-1_5,Epidermal,Root cortex,,4,3,4,8,10,12
TTACTGTTCACTGTCC-1_4,Stele,Cortex,,2,1,2,4,2,1
TTACTGTTCAGCTTGA-1_1,Mesophyll,Root endodermis,,2,0,2,3,2,8
TTACTGTTCAGTCAGT-1_2,Epidermal,Non-hair,,0,0,0,1,1,4
TTAGGCAAGAGTATAC-1_2,Epidermal,Explant vasculature and callus founder cell,,0,1,0,1,7,7
TTAGGCACAACACGAG-1_4,Epidermal,Root endodermis,,0,0,0,5,1,8
TTAGGCACAGCAGTGA-1_2,Mesophyll,Mesophyll,,1,2,1,0,0,0
TTAGGCAGTACGCGTC-1_1,Mesophyll,Mesophyll,,4,3,4,8,10,12
TTAGGCAGTCCTGTCT-1_2,Stele,Phloem parenchyma,,0,0,0,0,1,16
TTAGGCAGTTCTCCAC-1_5,Epidermal,Root cortex,,2,1,2,4,2,1
TTAGGCATCAAGGAGC-1_6,Epidermal,Root endodermis,,0,0,0,1,7,4
TTAGGCATCACCCTGT-1_4,Meristematic,Cortex,,0,0,0,1,1,7
TTAGGCATCCACCCTA-1_6,Epidermal,Flower meristem,,0,0,0,1,7,13
TTAGGCATCGGCGATC-1_2,Epidermal,Root cap,,1,2,1,1,4,11
TTAGGCATCGTCGGGT-1_4,Mesophyll,Columella root cap,,0,0,0,1,1,9
TTAGGCATCTGTACAG-1_4,Mesophyll,Root endodermis,,2,0,2,3,3,9
TTAGGCATCTTGGGCG-1_5,Mesophyll,Root endodermis,,0,0,0,5,1,4
TTAGGGTAGACAACAT-1_3,Epidermal,Cortex,,2,1,2,4,2,1
TTAGGGTAGCGTCTGC-1_3,Epidermal,Mesophyll,,3,1,3,2,5,5
TTAGGGTAGTCTCGTA-1_1,Mesophyll,Root cap,,0,0,0,1,4,9
TTAGGGTCATAGATGA-1_1,Mesophyll,Root cap,,0,0,0,5,1,16
TTAGGGTCATGGCCCA-1_2,Epidermal,Root cap,,0,0,0,5,1,3
TTAGGGTCATTAAAGG-1_4,Epidermal,Mesophyll,,1,2,1,0,0,0
TTAGTCTAGCATACTC-1_3,Meristematic,Root endodermis,,2,0,2,5,7,7
TTAGTCTAGGGACAGG-1_3,Meristematic,Phloem,,3,1,3,2,5,10
TTAGTCTAGTGCAAAT-1_2,Epidermal,Mesophyll,,1,2,1,0,0,16
TTAGTCTCAACAGATA-1_3,Mesophyll,Root cortex,,2,1,2,4,2,1
TTAGTCTCAACTGGTT-1_5,Epidermal,Columella root cap,,0,0,0,1,7,4
TTAGTCTCAGCGTAGA-1_6,Epidermal,Leaf pavement cell,,2,1,2,3,3,3
TTAGTCTCATTGTCGA-1_5,Mesophyll,Mesophyll,,1,2,1,0,0,0
TTAGTCTGTAGGATAT-1_3,Mesophyll,Mesophyll,,1,2,1,7,9,11
TTAGTCTGTCGCTCGA-1_3,Epidermal,Mesophyll,,3,1,3,2,5,5
TTAGTCTGTGCATTAC-1_2,Epidermal,Root cortex,,3,1,3,1,3,14
TTAGTCTGTTTAGTCG-1_3,Mesophyll,Mesophyll,,3,1,3,2,5,5
TTAGTCTTCTTGGAAC-1_6,Epidermal,Root cap,,3,1,3,2,8,10
TTAGTCTTCTTGGGCG-1_2,Epidermal,Root cap,,3,1,3,4,2,1
TTATTGCAGCTCTATG-1_5,Meristematic,Phloem,,3,1,3,4,2,9
TTATTGCAGGTAGCAC-1_4,Epidermal,Flower meristem,,5,2,5,1,4,17
TTATTGCCACATATGC-1_2,Mesophyll,Leaf pavement cell,,0,0,0,1,3,14
TTATTGCCACCAGTAT-1_3,Stele,Mesophyll,,1,2,1,0,0,2
TTATTGCCAGCAGTCC-1_4,Stele,Columella root cap,,2,0,2,5,1,7
TTATTGCGTGCTTCAA-1_4,Meristematic,Mesophyll,,3,1,3,2,9,11
TTATTGCGTTGAGTCT-1_6,Mesophyll,Mesophyll,,2,0,2,4,2,7
TTATTGCTCAGCATTG-1_3,Stele,Phloem,,3,1,3,10,4,9
TTCAATCAGCCATTCA-1_2,Mesophyll,Root cortex,,1,1,1,7,9,11
TTCAATCAGGTAAAGG-1_3,Mesophyll,Phloem,,2,1,2,4,2,1
TTCAATCAGGTTGAGC-1_5,Epidermal,Mesophyll,,3,1,3,2,5,15
TTCAATCAGTTAGAAC-1_2,Epidermal,Cortex,,4,3,4,8,10,12
TTCAATCCAAAGGCAC-1_4,Meristematic,Root endodermis,,0,0,0,6,6,6
TTCAATCCAAGATCCT-1_6,Epidermal,Leaf pavement cell,,3,1,3,2,2,1
TTCAATCCACAGACGA-1_2,Epidermal,Mesophyll,,1,2,1,0,0,0
TTCAATCCACTTGAGT-1_4,Stele,Root endodermis,,0,0,0,6,6,6
TTCAATCCAGATTCGT-1_4,Mesophyll,Phloem,,1,2,1,0,0,9
TTCAATCTCCGCATAA-1_3,Mesophyll,Mesophyll,,1,2,1,0,0,2
TTCAATCTCTAGCAAC-1_5,Mesophyll,Flower meristem,,0,0,0,1,4,4
TTCAATCTCTTAAGGC-1_4,Mesophyll,Root cortex,,3,1,3,2,8,15
TTCACCGAGAACTGAT-1_6,Stele,Mesophyll,,1,2,1,0,0,2
TTCACCGAGACTGAGC-1_3,Epidermal,Leaf pavement cell,,2,1,2,3,3,3
TTCACCGAGCCAACCC-1_1,Epidermal,Root endodermis,,2,0,2,3,3,3
TTCACCGAGGTGCAGT-1_1,Mesophyll,Mesophyll,,1,2,1,0,0,2
TTCACCGAGGTTCACT-1_5,Epidermal,Root cortex,,2,1,2,4,2,1
TTCACCGAGTGGATAT-1_4,Epidermal,Root endodermis,,0,0,0,6,6,6
TTCACCGAGTGTTGAA-1_4,Epidermal,Mesophyll,,3,1,3,2,5,5
TTCACCGCAAGACGGT-1_2,Mesophyll,Mesophyll,,3,1,3,2,5,10
TTCACCGCAGGATTCT-1_2,Mesophyll,Mesophyll,,1,2,1,0,0,0
TTCACCGCATCATCTT-1_2,Stele,Root cortex,,0,0,0,1,1,4
TTCACCGCATCTGTTT-1_4,Mesophyll,Root procambium,,0,0,0,1,1,4
TTCACCGGTCTTGGTA-1_2,Mesophyll,Root endodermis,,0,0,0,5,1,8
TTCACCGGTGCAAGAC-1_5,Epidermal,Non-hair,,0,0,0,1,1,4
TTCACCGGTGGATCGA-1_6,Mesophyll,Mesophyll,,3,1,3,2,8,10
TTCACCGGTTACCCTC-1_2,Mesophyll,Flower meristem,,0,0,0,1,4,4
TTCACCGGTTGAATCC-1_1,Mesophyll,Non-hair,,3,1,3,2,8,10
TTCACCGGTTTCTTAC-1_1,Epidermal,Mesophyll,,1,2,1,0,0,0
TTCACCGTCTCACTCG-1_4,Mesophyll,Root cortex,,3,1,3,4,5,5
TTCACGCAGCGATGGT-1_4,Mesophyll,Mesophyll,,1,2,1,7,9,11
TTCACGCCAATTCTTC-1_2,Epidermal,Vascular cambium,,0,0,0,1,4,13
TTCACGCCACTGAGGA-1_3,Mesophyll,Xylem,,2,1,2,4,2,1
TTCACGCCAGACCCGT-1_5,Epidermal,Vascular cambium,,0,0,0,1,7,13
TTCACGCCAGGACTAG-1_5,Epidermal,Root cortex,,2,1,2,3,3,3
TTCACGCCATGCCGGT-1_2,Mesophyll,Mesophyll,,1,2,1,0,0,2
TTCACGCGTTCCTTGC-1_6,Mesophyll,Mesophyll,,3,1,3,2,5,5
TTCACGCTCACTTGGA-1_4,Stele,Flower meristem,,1,2,1,0,0,0
TTCACGCTCAGCCTTC-1_4,Epidermal,Root cap,,0,0,0,1,4,9
TTCACGCTCGACCACG-1_6,Stele,Lateral root cap,,0,0,0,5,1,8
TTCACGCTCGTAGCCG-1_3,Mesophyll,Mesophyll,,3,1,3,2,8,15
TTCACGCTCTAGATCG-1_2,Epidermal,Root procambium,,5,2,5,1,4,17
TTCACGCTCTAGTGTG-1_2,Mesophyll,Cortex,,2,0,2,4,1,7
TTCACGCTCTGGACCG-1_2,Epidermal,Mesophyll,,2,1,2,4,3,0
TTCAGGACAAACACCT-1_2,Epidermal,Bundle sheath,,0,0,0,1,7,13
TTCAGGACACGGATCC-1_4,Stele,Root endodermis,,0,0,0,5,1,8
TTCAGGACAGGGTCTC-1_4,Mesophyll,Cortex,,3,1,3,4,5,7
TTCAGGACATCTTCGC-1_4,Mesophyll,Mesophyll,,1,2,1,0,0,2
TTCAGGACATTGCCGG-1_2,Epidermal,Phloem parenchyma,,2,0,2,3,3,3
TTCAGGAGTACCTTCC-1_5,Epidermal,Cortex,,0,0,0,6,4,7
TTCAGGAGTGATACTC-1_4,Mesophyll,Root cap,,1,2,1,0,0,0
TTCAGGAGTTAGGCTT-1_6,Meristematic,Cortex,,3,1,3,2,5,5
TTCAGGAGTTGATGTC-1_6,Epidermal,Root cortex,,2,1,2,4,2,1
TTCAGGATCCACGTGG-1_1,Meristematic,Mesophyll,,1,2,1,0,0,0
TTCAGGATCTGTCTCG-1_3,Stele,Root endodermis,,2,0,2,3,3,3
TTCATGTAGGGCCCTT-1_2,Mesophyll,Root endodermis,,0,0,0,6,6,6
TTCATGTAGTGCACCC-1_2,Epidermal,Mesophyll,,1,2,1,0,0,0
TTCATGTCACAAAGTA-1_3,Stele,Root cortex,,0,0,0,1,7,13
TTCATGTCATGGTGGA-1_1,Mesophyll,Mesophyll,,3,1,3,2,8,15
TTCATGTGTACACGTT-1_2,Mesophyll,Mesophyll,,3,2,3,2,5,5
TTCATGTGTCTCCTGT-1_5,Epidermal,Phloem parenchyma,,0,0,0,5,1,8
TTCATGTGTGGCTAGA-1_3,Mesophyll,Mesophyll,,1,2,1,7,9,11
TTCATGTGTTACGGAG-1_2,Mesophyll,Vascular cambium,,0,0,0,1,7,13
TTCATTGAGAAACTGT-1_3,Epidermal,Root hair,,5,4,5,9,11,18
TTCATTGAGACCAAGC-1_1,Stele,Phloem,,0,2,0,1,4,13
TTCATTGAGATCGCCC-1_3,Stele,Mesophyll,,1,2,1,0,0,0
TTCATTGAGCCTGCCA-1_4,Epidermal,Root cortex,,2,1,2,3,3,3
TTCATTGAGGCTCAAG-1_1,Epidermal,Mesophyll,,3,2,3,2,4,12
TTCATTGCAGATGCGA-1_4,Epidermal,Root endodermis,,4,3,4,4,10,12
TTCATTGCAGTCGCTG-1_5,Mesophyll,Mesophyll,,1,2,1,0,0,2
TTCATTGGTCTGCGCA-1_1,Epidermal,Phloem parenchyma,,0,0,0,6,6,6
TTCATTGTCCTAGCCT-1_1,Epidermal,Mesophyll,,3,1,3,2,8,10
TTCATTGTCGCAGTGC-1_6,Mesophyll,Root procambium,,1,2,1,0,0,2
TTCATTGTCGCTCATC-1_6,Mesophyll,Root cortex,,0,0,0,1,7,13
TTCATTGTCGGCCTTT-1_3,Epidermal,Root endodermis,,0,0,0,5,6,7
TTCCAATAGCCGTTGC-1_3,Mesophyll,Mesophyll,,3,1,3,2,2,15
TTCCAATAGGCCGCTT-1_4,Meristematic,Cortex,,2,0,2,4,2,13
TTCCAATAGTAATCCC-1_4,Epidermal,Root endodermis,,0,0,0,6,6,6
TTCCAATCACACGTGC-1_4,Mesophyll,Root cortex,,3,1,3,4,2,1
TTCCAATCACTTCAAG-1_2,Mesophyll,Mesophyll,,1,2,1,7,9,11
TTCCAATCATCCTTGC-1_4,Epidermal,Mesophyll,,3,1,3,1,4,9
TTCCAATCATGAGTAA-1_4,Epidermal,Root endodermis,,2,0,2,6,6,6
TTCCAATGTACAGAAT-1_4,Mesophyll,Root procambium,,0,0,0,7,3,14
TTCCAATGTCCGGATC-1_6,Stele,Root cap,,0,0,0,6,6,6
TTCCAATTCATCCTGC-1_6,Epidermal,Explant vasculature and callus founder cell,,1,2,1,0,0,2
TTCCAATTCTCTAAGG-1_4,Epidermal,Explant vasculature and callus founder cell,,3,1,3,1,4,9
TTCCAATTCTGGCTGG-1_2,Meristematic,Mesophyll,,1,2,1,0,0,2
TTCCAATTCTGTCCCA-1_5,Epidermal,Root cortex,,2,1,2,3,3,3
TTCCACGAGACATGCG-1_4,Mesophyll,Mesophyll,,1,2,1,0,0,2
TTCCACGCACAGCTGC-1_1,Meristematic,Root cortex,,2,1,2,4,2,1
TTCCACGCACCTCTAC-1_2,Stele,Root procambium,,0,0,0,5,1,3
TTCCACGCACGACGTC-1_4,Stele,Vascular cambium,,0,0,0,1,4,9
TTCCACGCATAGTCGT-1_5,Epidermal,Root endodermis,,0,0,0,3,3,0
TTCCACGGTATACCTG-1_2,Meristematic,Explant vasculature and callus founder cell,,3,1,3,5,7,16
TTCCACGGTGCTGCAC-1_4,Mesophyll,Cortex,,3,1,3,2,8,10
TTCCACGGTGGATGAC-1_5,Mesophyll,Mesophyll,,0,1,0,3,3,3
TTCCACGGTGTGTACT-1_6,Mesophyll,Mesophyll,,1,2,1,0,5,0
TTCCACGGTTGACTAC-1_1,Mesophyll,Root procambium,,0,0,0,1,7,4
TTCCACGGTTGTACGT-1_4,Epidermal,Root endodermis,,0,0,0,5,1,4
TTCCACGTCCAAATGC-1_4,Epidermal,Root cortex,,3,1,3,2,8,15
TTCCACGTCTATGCCC-1_2,Epidermal,Vascular cambium,,0,0,0,1,1,4
TTCCGGTAGATTTGCC-1_3,Epidermal,Mesophyll,,1,2,1,1,4,9
TTCCGGTAGCTCGGCT-1_4,Epidermal,Root endodermis,,2,0,2,5,1,7
TTCCGGTAGTTGCTGT-1_4,Mesophyll,Mesophyll,,1,2,1,7,9,11
TTCCGGTCAAAGGGTC-1_2,Stele,Root procambium,,3,0,3,1,7,15
TTCCGGTCAAGAGTTA-1_6,Stele,Root cortex,,1,0,1,1,7,14
TTCCGGTCACGCCAGT-1_2,Mesophyll,Mesophyll,,3,1,3,2,5,10
TTCCGGTCACTGTGTA-1_4,Mesophyll,Generative nuclei,,0,0,0,1,4,15
TTCCGGTCATCAACCA-1_5,Stele,Lateral root cap,,0,0,0,5,1,8
TTCCGGTCATTCTCCG-1_4,Epidermal,Root procambium,,0,0,0,1,1,4
TTCCGGTGTACATACC-1_3,Epidermal,Root endodermis,,0,0,0,6,1,6
TTCCGGTGTCAACCAT-1_4,Mesophyll,Root endodermis,,2,0,2,3,3,3
TTCCGGTGTCCACATA-1_4,Epidermal,Columella root cap,,0,0,0,5,1,4
TTCCGGTGTTCTCCCA-1_2,Mesophyll,Mesophyll,,3,1,3,0,4,0
TTCCGGTTCGTTCTCG-1_6,Epidermal,Mesophyll,,3,1,3,2,5,5
TTCCGTGAGGACCCAA-1_2,Mesophyll,Phloem parenchyma,,0,0,0,1,1,4
TTCCGTGAGGATCATA-1_3,Mesophyll,Mesophyll,,1,2,1,0,0,0
TTCCGTGAGGTCGCCT-1_5,Epidermal,Mesophyll,,1,2,1,1,4,9
TTCCGTGCAGTTTGGT-1_5,Mesophyll,Root cortex,,1,2,1,2,9,11
TTCCGTGCATTAAGCC-1_4,Mesophyll,Mesophyll,,1,2,1,0,0,0
TTCCTAACAACTGCCG-1_6,Epidermal,Mesophyll,,1,2,1,7,9,11
TTCCTAACAATACCTG-1_2,Epidermal,Mesophyll,,1,2,1,0,0,2
TTCCTAACACCAATTG-1_2,Epidermal,Vascular cambium,,5,2,5,1,4,17
TTCCTAAGTAGCACGA-1_4,Mesophyll,Mesophyll,,1,2,1,7,9,11
TTCCTAAGTGAGGCAT-1_5,Epidermal,Root endodermis,,2,0,2,5,1,7
TTCCTAATCGCTTTAT-1_4,Epidermal,Root endodermis,,0,0,0,5,1,8
TTCCTAATCTTTACAC-1_6,Epidermal,Root hair,,5,4,5,9,11,18
TTCCTCTAGACCACGA-1_5,Mesophyll,Leaf pavement cell,,2,0,2,3,3,9
TTCCTCTAGAGCAACC-1_5,Meristematic,Root procambium,,0,0,0,1,7,13
TTCCTCTCAAGTCGTT-1_2,Epidermal,Root cortex,,1,2,1,0,0,0
TTCCTCTCACTCCGAG-1_5,Epidermal,Mesophyll,,3,1,3,2,8,10
TTCCTCTCAGGTTCCG-1_6,Stele,Mesophyll,,0,2,0,1,7,13
TTCCTCTGTCTGGTTA-1_4,Mesophyll,Mesophyll,,0,0,0,6,1,4
TTCCTCTGTCTTCCGT-1_5,Epidermal,Mesophyll,,0,1,0,1,7,7
TTCCTCTTCAAGTAAG-1_2,Meristematic,Explant vasculature and callus founder cell,,0,0,0,4,1,7
TTCCTCTTCACGAACT-1_4,Meristematic,Mesophyll,,3,1,3,2,8,10
TTCCTCTTCCACTGAA-1_3,Epidermal,Root procambium,,0,0,0,6,6,19
TTCCTCTTCGCCAGAC-1_1,Epidermal,Mesophyll,,3,1,3,1,4,9
TTCCTCTTCTTGAACG-1_5,Epidermal,Flower meristem,,0,0,0,0,1,16
TTCCTTCAGCCAGACA-1_2,Epidermal,Flower meristem,,4,3,4,8,10,12
TTCCTTCAGGAAAGAC-1_2,Epidermal,Root endodermis,,0,0,0,5,1,4
TTCCTTCAGGATATGT-1_2,Mesophyll,Mesophyll,,1,2,1,0,0,2
TTCCTTCAGGCTCACC-1_4,Epidermal,Mesophyll,,1,2,1,0,0,2
TTCCTTCCAACGGCCT-1_3,Epidermal,Root cortex,,2,1,2,3,3,3
TTCCTTCCACATTCGA-1_3,Epidermal,Mesophyll,,3,1,3,2,2,1
TTCCTTCCACGATTCA-1_3,Mesophyll,Sieve element,,0,0,0,6,6,6
TTCCTTCCAGCGAACA-1_4,Mesophyll,Mesophyll,,1,2,1,0,6,15
TTCCTTCGTCAGCTTA-1_5,Epidermal,Mesophyll,,0,0,0,6,6,6
TTCCTTCGTCGAGTTT-1_2,Mesophyll,Root cortex,,2,1,2,3,7,7
TTCCTTCGTGGGACAT-1_4,Epidermal,Non-hair,,0,0,0,1,7,4
TTCCTTCGTTGCTCAA-1_4,Mesophyll,Non-hair,,4,3,4,8,10,12
TTCCTTCTCCCGAGAC-1_2,Mesophyll,Mesophyll,,2,0,2,6,6,6
TTCCTTCTCTGGTGGC-1_1,Epidermal,Non-hair,,0,0,0,1,7,4
TTCGATTAGACTTAAG-1_3,Mesophyll,Mesophyll,,1,2,1,0,0,0
TTCGATTAGGCCCAAA-1_2,Meristematic,Sieve element,,0,0,0,1,7,4
TTCGATTAGTGGCCTC-1_3,Mesophyll,Mesophyll,,3,1,3,2,8,14
TTCGATTCAAGCGGAT-1_6,Mesophyll,Leaf pavement cell,,2,1,2,3,2,10
TTCGATTCAGGAGGTT-1_6,Mesophyll,Root cortex,,2,1,2,6,5,6
TTCGATTCATATCTCT-1_4,Epidermal,Mesophyll,,0,0,0,1,1,9
TTCGATTGTACTCGCG-1_3,Stele,Bundle sheath,,0,2,0,1,7,13
TTCGATTGTTCTCCAC-1_2,Epidermal,Mesophyll,,1,2,1,0,0,16
TTCGATTTCACCTTGC-1_4,Mesophyll,Root cortex,,2,1,2,4,2,1
TTCGATTTCAGATTGC-1_6,Epidermal,Mesophyll,,1,2,1,0,0,0
TTCGATTTCGGCTGGT-1_1,Meristematic,Leaf pavement cell,,2,0,2,3,3,3
TTCGATTTCGTCCTCA-1_1,Epidermal,Root endodermis,,0,0,0,5,1,8
TTCGATTTCGTCTACC-1_6,Meristematic,Mesophyll,,1,2,1,11,12,19
TTCGATTTCTCCCATG-1_5,Stele,Cortex,,2,1,2,4,2,1
TTCGATTTCTGCTAGA-1_3,Mesophyll,Vascular cambium,,0,0,0,1,1,4
TTCGCTGAGACCCTTA-1_4,Stele,Mesophyll,,3,1,3,2,8,10
TTCGCTGAGCCTCACG-1_1,Stele,Root endodermis,,0,0,0,5,7,13
TTCGCTGAGCGCAATG-1_3,Meristematic,Mesophyll,,1,2,1,0,6,6
TTCGCTGAGTAGCATA-1_1,Epidermal,Mesophyll,,0,2,0,0,4,0
TTCGCTGAGTCATTGC-1_4,Mesophyll,Phloem pole pericycle,,0,0,0,5,1,8
TTCGCTGAGTGCAAAT-1_5,Mesophyll,Cortex,,3,1,3,4,2,1
TTCGCTGCAACCCTCT-1_6,Mesophyll,Mesophyll,,1,2,1,0,0,0
TTCGCTGCAGAAGCTG-1_1,Epidermal,Mesophyll,,0,0,0,6,6,0
TTCGCTGCATTCCTAT-1_2,Epidermal,Mesophyll,,3,1,3,2,8,10
TTCGCTGGTAATTGGA-1_3,Mesophyll,Mesophyll,,0,0,0,6,6,6
TTCGCTGGTAGGTCAG-1_5,Mesophyll,Cortex,,3,1,3,2,5,5
TTCGCTGGTCCCTCAT-1_5,Epidermal,Root cap,,0,0,0,1,4,13
TTCGCTGGTCGAGCTC-1_3,Epidermal,Leaf pavement cell,,2,1,2,3,3,3
TTCGCTGTCACATCAG-1_3,Epidermal,Root endodermis,,2,0,2,5,1,7
TTCGCTGTCGCCTATC-1_1,Mesophyll,Root cortex,,3,1,3,2,8,10
TTCGCTGTCTACGCAA-1_4,Epidermal,Non-hair,,2,0,2,3,3,14
TTCGCTGTCTTACTGT-1_4,Stele,Mesophyll,,1,2,1,0,0,2
TTCGGTCAGCTACGTT-1_2,Epidermal,Root cortex,,2,1,2,4,2,1
TTCGGTCAGGATACCG-1_3,Stele,Mesophyll,,3,1,3,2,2,1
TTCGGTCCAAATACAG-1_2,Mesophyll,Mesophyll,,1,2,1,5,1,16
TTCGGTCCACGGTCTG-1_2,Mesophyll,Root endodermis,,2,1,2,4,2,1
TTCGGTCCAGAAGCTG-1_5,Meristematic,Explant vasculature and callus founder cell,,0,0,0,1,7,13
TTCGGTCCAGCTGTGC-1_5,Epidermal,Flower meristem,,0,0,0,5,1,4
TTCGGTCGTAGGCTGA-1_5,Epidermal,Root endodermis,,0,0,0,6,6,6
TTCGGTCGTGACCGTC-1_3,Epidermal,Flower meristem,,0,2,0,1,4,17
TTCGGTCTCCGAACGC-1_3,Stele,Phloem,,0,0,0,1,4,9
TTCGGTCTCTCTTAAC-1_1,Mesophyll,Mesophyll,,3,1,3,2,8,10
TTCTAACAGAGTTGAT-1_5,Epidermal,Non-hair,,1,1,1,1,7,14
TTCTAACAGTAGTCTC-1_4,Mesophyll,Columella root cap,,0,0,0,5,1,4
TTCTAACAGTGACCTT-1_1,Stele,Phloem parenchyma,,0,0,0,6,6,6
TTCTAACAGTTTGAGA-1_5,Mesophyll,Xylem,,0,0,0,1,1,4
TTCTAACCAACTGATC-1_2,Epidermal,Root cap,,1,2,1,0,0,2
TTCTAACCACCAGCCA-1_5,Epidermal,Flower meristem,,0,0,0,5,1,8
TTCTAACCAGCTACAT-1_6,Mesophyll,Mesophyll,,1,2,1,0,0,2
TTCTAACCAGCTCGGT-1_4,Mesophyll,Sieve element,,1,2,1,7,9,11
TTCTAACCATGATGCT-1_4,Mesophyll,Root cortex,,2,1,2,4,2,1
TTCTAACGTACCGTCG-1_4,Mesophyll,Mesophyll,,0,0,0,5,1,7
TTCTAACTCAAGCCGC-1_5,Epidermal,Cortex,,3,1,3,2,5,5
TTCTAACTCCCTCGAT-1_3,Mesophyll,Root endodermis,,0,1,0,1,3,14
TTCTAACTCCTCACTG-1_3,Mesophyll,Mesophyll,,1,2,1,0,0,19
TTCTAACTCTGCTAGA-1_5,Mesophyll,Mesophyll,,3,1,3,2,4,0
TTCTAGTAGGAGTCTG-1_3,Mesophyll,Mesophyll,,1,2,1,7,9,11
TTCTAGTAGGCCACCT-1_2,Epidermal,Shoot system epidermis,,2,1,2,3,3,3
TTCTAGTCAAGCGCTC-1_5,Mesophyll,Root cortex,,3,1,3,2,8,10
TTCTAGTCAGACATCT-1_1,Epidermal,Root cap,,0,0,0,6,6,6
TTCTAGTCAGAGGACT-1_5,Mesophyll,Root cortex,,3,1,3,2,8,10
TTCTAGTCAGCATTGT-1_5,Epidermal,Phloem,,0,2,0,1,4,4
TTCTAGTCATTCAGCA-1_4,Epidermal,Non-hair,,0,0,0,1,7,4
TTCTAGTGTAGGCTGA-1_5,Epidermal,Non-hair,,1,1,1,1,7,14
TTCTAGTGTGAGTGAC-1_3,Mesophyll,Mesophyll,,3,1,3,2,5,5
TTCTAGTTCTATCGTT-1_2,Mesophyll,Mesophyll,,1,2,1,0,0,2
TTCTAGTTCTCTTCAA-1_5,Epidermal,Root endodermis,,0,0,0,5,2,8
TTCTCTCAGCCTCTCT-1_5,Mesophyll,Mesophyll,,1,2,1,0,0,0
TTCTCTCAGCGGTAGT-1_1,Epidermal,Mesophyll,,1,2,1,0,0,16
TTCTCTCAGTGACACG-1_3,Mesophyll,Mesophyll,,1,2,1,7,9,11
TTCTCTCCAACTGAAA-1_2,Epidermal,Mesophyll,,1,1,1,2,5,16
TTCTCTCCAATGAAAC-1_4,Epidermal,Mesophyll,,3,1,3,2,8,10
TTCTCTCCAGGCTCTG-1_2,Meristematic,Root endodermis,,0,0,0,6,6,0
TTCTCTCGTAGGATAT-1_6,Mesophyll,Mesophyll,,3,1,3,2,5,5
TTCTCTCGTCCAACGC-1_2,Epidermal,Non-hair,,0,0,0,1,7,4
TTCTCTCGTGCTCCGA-1_5,Epidermal,Flower meristem,,0,2,0,1,4,17
TTCTCTCGTTGGGTTT-1_1,Epidermal,Mesophyll,,1,2,1,0,0,0
TTCTCTCTCATATGGC-1_4,Epidermal,Mesophyll,,1,2,1,0,0,16
TTCTGTAAGAGCAGAA-1_4,Mesophyll,Root cortex,,1,2,1,7,9,11
TTCTGTAAGCGCACAA-1_4,Stele,Root cortex,,2,1,2,4,2,1
TTCTGTAAGTGGTTAA-1_1,Epidermal,Mesophyll,,1,2,1,0,0,2
TTCTGTAAGTGTAGAT-1_2,Stele,Root cortex,,3,1,3,4,2,1
TTCTGTACACAGCTTA-1_2,Meristematic,Root endodermis,,2,0,2,4,2,1
TTCTGTACAGATTAAG-1_5,Epidermal,Explant vasculature and callus founder cell,,0,0,0,1,7,13
TTCTGTACATCCCACT-1_1,Mesophyll,Mesophyll,,1,2,1,7,9,11
TTCTGTAGTCACCTTC-1_1,Epidermal,Mesophyll,,0,0,0,1,1,9
TTCTGTAGTCGCTTGG-1_6,Epidermal,Root endodermis,,0,0,0,5,1,8
TTCTGTAGTCTGATCA-1_1,Epidermal,Root cap,,0,0,0,1,1,4
TTCTGTATCATTGCCC-1_6,Stele,Mesophyll,,0,0,0,6,6,6
TTCTGTATCTTGATTC-1_5,Mesophyll,Mesophyll,,3,1,3,2,5,5
TTCTTCCAGTAGTGCG-1_6,Stele,Mesophyll,,1,2,1,0,0,2
TTCTTCCCAAATGCTC-1_2,Epidermal,Columella root cap,,2,0,2,3,3,9
TTCTTCCCACGTATAC-1_3,Epidermal,Vascular cambium,,2,1,2,3,7,7
TTCTTCCGTTGGTAGG-1_5,Mesophyll,Mesophyll,,3,1,3,2,5,5
TTCTTCCTCAGACCGC-1_3,Mesophyll,Mesophyll,,0,2,0,1,4,4
TTCTTCCTCCAAGAGG-1_2,Epidermal,Root cortex,,2,1,2,3,3,3
TTCTTCCTCCATCTGC-1_5,Epidermal,Root endodermis,,0,0,0,1,3,14
TTCTTCCTCCTGTAGA-1_4,Epidermal,Root cortex,,2,0,2,5,1,7
TTCTTCCTCGCTTAAG-1_3,Mesophyll,Mesophyll,,3,1,3,2,5,5
TTCTTCCTCGTCAACA-1_1,Epidermal,Root cortex,,3,1,3,2,5,5
TTCTTGAAGAGGTGCT-1_6,Stele,Flower meristem,,0,0,0,1,1,4
TTCTTGAAGATGCTGG-1_3,Mesophyll,Mesophyll,,3,1,3,2,5,5
TTCTTGAAGCGTGCTC-1_4,Mesophyll,Mesophyll,,0,0,0,6,6,6
TTCTTGAAGCTCTGTA-1_2,Mesophyll,Mesophyll,,1,2,1,7,9,2
TTCTTGACAGAGATTA-1_3,Epidermal,Leaf pavement cell,,2,1,2,3,3,3
TTCTTGACAGCTGTGC-1_3,Mesophyll,Leaf pavement cell,,3,1,3,2,8,10
TTCTTGAGTAGGTGCA-1_1,Epidermal,Mesophyll,,3,1,3,2,8,15
TTCTTGAGTGGATCAG-1_3,Epidermal,Root cortex,,2,1,2,4,2,1
TTCTTGATCCGTGTAA-1_1,Mesophyll,Mesophyll,,3,1,3,2,5,5
TTGAACGAGCAGTACG-1_4,Epidermal,Root endodermis,,0,0,0,5,1,8
TTGAACGCACTACCCT-1_1,Mesophyll,Mesophyll,,1,2,1,0,0,2
TTGAACGTCAAATGCC-1_4,Epidermal,Root procambium,,0,0,0,1,1,4
TTGAACGTCCCGTAAA-1_2,Mesophyll,Vascular cambium,,0,0,0,1,10,12
TTGAACGTCGATTGAC-1_5,Mesophyll,Mesophyll,,3,1,3,2,5,5
TTGAACGTCTTAGCCC-1_5,Epidermal,Mesophyll,,3,1,3,2,7,15
TTGAACGTCTTCGATT-1_3,Epidermal,Phloem parenchyma,,0,0,0,6,6,6
TTGACCCAGAGATGCC-1_1,Guard,Leaf guard cell,,1,2,1,0,7,19
TTGACCCAGCTCGGCT-1_2,Epidermal,Leaf pavement cell,,2,1,2,3,3,3
TTGACCCAGGGAGGTG-1_2,Mesophyll,Root procambium,,0,0,0,1,1,4
TTGACCCCACGAAGAC-1_2,Epidermal,Root cortex,,0,0,0,1,1,0
TTGACCCCACTACCCT-1_5,Epidermal,Root cortex,,0,0,0,5,1,7
TTGACCCCATCCGATA-1_4,Mesophyll,Root endodermis,,0,0,0,6,6,6
TTGACCCGTCCATAGT-1_4,Epidermal,Root endodermis,,0,0,0,6,6,6
TTGACCCGTCTAACGT-1_4,Epidermal,Non-hair,,0,0,0,1,7,14
TTGACCCGTTATGACC-1_3,Stele,Root endodermis,,0,0,0,5,1,8
TTGACCCGTTCTTAGG-1_5,Mesophyll,Mesophyll,,3,1,3,2,8,10
TTGACCCTCGAAGGAC-1_6,Epidermal,Vascular cambium,,5,2,5,1,4,17
TTGACCCTCTAGCAAC-1_3,Stele,Root endodermis,,0,0,0,5,1,8
TTGACCCTCTGGTGCG-1_4,Epidermal,Root endodermis,,0,0,0,6,1,4
TTGACCCTCTTAGGAC-1_3,Epidermal,Mesophyll,,0,0,0,6,6,6
TTGAGTGCAACTGGTT-1_2,Mesophyll,Root cap,,3,1,3,2,4,15
TTGAGTGCAATGTCTG-1_6,Epidermal,Root cortex,,2,1,2,4,5,5
TTGAGTGCATTCAGGT-1_4,Epidermal,Flower meristem,,4,3,4,8,10,12
TTGAGTGTCATTCGTT-1_5,Mesophyll,Mesophyll,,2,1,2,4,2,1
TTGAGTGTCGTCCTTG-1_2,Epidermal,Root cortex,,1,2,1,0,0,0
TTGATGGAGGCATCGA-1_2,Mesophyll,Mesophyll,,1,2,1,0,0,10
TTGATGGCAAACAGGC-1_1,Mesophyll,Mesophyll,,1,2,1,7,9,11
TTGATGGGTTGGACCC-1_6,Epidermal,Mesophyll,,3,1,3,2,5,5
TTGATGGTCGGTGAAG-1_3,Stele,Mesophyll,,3,0,3,6,3,6
TTGCATTAGAACGCGT-1_6,Mesophyll,Mesophyll,,1,2,1,7,9,2
TTGCATTAGCTGACTT-1_5,Mesophyll,Root cap,,3,1,3,2,8,10
TTGCATTCAAGTTTGC-1_2,Epidermal,Root endodermis,,4,3,4,8,10,12
TTGCATTCACTGCTTC-1_1,Mesophyll,Root cortex,,3,1,3,2,5,5
TTGCATTCAGACTGCC-1_4,Mesophyll,Mesophyll,,0,0,0,6,6,6
TTGCATTCAGTTCCAA-1_5,Epidermal,Mesophyll,,3,1,3,2,8,10
TTGCATTGTATCTCGA-1_6,Mesophyll,Root cortex,,3,2,3,2,5,5
TTGCATTGTGCATCTA-1_5,Mesophyll,Root procambium,,0,0,0,7,9,11
TTGCATTTCGAACCAT-1_2,Mesophyll,Leaf pavement cell,,0,0,0,3,3,14
TTGCATTTCGCATAGT-1_2,Mesophyll,Mesophyll,,1,2,1,0,0,0
TTGCATTTCGCATGAT-1_3,Mesophyll,Mesophyll,,1,2,1,0,0,2
TTGCATTTCGCTGCGA-1_1,Mesophyll,Mesophyll,,1,2,1,0,0,0
TTGCATTTCTCTTGCG-1_2,Epidermal,Phloem parenchyma,,0,0,0,5,1,8
TTGCATTTCTGTCGCT-1_4,Epidermal,Root endodermis,,0,0,0,5,1,8
TTGCCTGAGCGCACAA-1_5,Epidermal,Mesophyll,,1,0,1,6,6,6
TTGCCTGAGTAAGACT-1_6,Epidermal,Flower meristem,,3,1,3,2,8,14
TTGCCTGAGTCCCGAC-1_1,Stele,Root cortex,,2,1,2,4,2,1
TTGCCTGCAAGTGCTT-1_4,Mesophyll,Mesophyll,,3,1,3,2,8,10
TTGCCTGCAATGAAAC-1_6,Stele,Root cap,,0,0,0,1,1,4
TTGCCTGCAGGTTACT-1_4,Mesophyll,Mesophyll,,3,1,3,2,6,15
TTGCCTGCAGTCCCGA-1_5,Epidermal,Xylem,,0,2,0,9,4,9
TTGCCTGGTCTAGGTT-1_3,Epidermal,Mesophyll,,3,1,3,0,8,0
TTGCCTGGTCTTCATT-1_6,Epidermal,Root cortex,,3,1,3,2,8,0
TTGCCTGGTGGGCTTC-1_4,Epidermal,Mesophyll,,1,2,1,3,4,0
TTGCCTGTCACTTTGT-1_5,Epidermal,Root hair,,5,2,5,9,4,17
TTGCCTGTCTAAACGC-1_4,Epidermal,Mesophyll,,5,2,5,9,4,17
TTGCCTGTCTTGGATG-1_1,Mesophyll,Mesophyll,,1,2,1,0,6,6
TTGCGTCAGGTGCAGT-1_3,Epidermal,Root endodermis,,0,0,0,5,1,8
TTGCGTCAGTCACACT-1_6,Mesophyll,Mesophyll,,3,1,3,7,9,11
TTGCGTCAGTCTGGTT-1_6,Epidermal,Cortex,,1,2,1,0,0,0
TTGCGTCCACCATAAC-1_1,Epidermal,Mesophyll,,1,2,1,0,0,0
TTGCGTCGTACCCGCA-1_1,Mesophyll,Mesophyll,,1,2,1,0,0,0
TTGCGTCGTCAGGTAG-1_4,Mesophyll,Mesophyll,,1,2,1,0,4,0
TTGCGTCGTCGAATTC-1_6,Meristematic,Vascular cambium,,4,3,4,8,10,12
TTGCGTCTCACAACCA-1_3,Epidermal,Leaf pavement cell,,2,1,2,3,2,1
TTGCGTCTCACGGACC-1_1,Mesophyll,Mesophyll,,1,2,1,7,9,11
TTGCGTCTCAGAACCT-1_4,Epidermal,Mesophyll,,0,0,0,6,6,6
TTGCGTCTCTGGTCAA-1_1,Epidermal,Root hair,,5,4,5,9,11,18
TTGCTGCAGAACTCCT-1_1,Epidermal,Root cortex,,2,0,2,4,2,7
TTGCTGCAGACCAAAT-1_2,Mesophyll,Mesophyll,,3,1,3,2,5,5
TTGCTGCAGCATCCCG-1_6,Meristematic,Non-hair,,0,0,0,1,1,4
TTGCTGCAGGCTTAAA-1_3,Mesophyll,Mesophyll,,3,1,3,2,8,10
TTGCTGCAGTGCCCGT-1_2,Epidermal,Root endodermis,,0,0,0,5,1,4
TTGCTGCCACAACGTT-1_1,Epidermal,Root cortex,,1,2,1,0,0,7
TTGCTGCCACCACTGG-1_6,Mesophyll,Root endodermis,,0,0,0,6,6,6
TTGCTGCCAGCTACCG-1_5,Epidermal,Leaf pavement cell,,2,1,2,3,3,3
TTGCTGCCATTGTAGC-1_5,Epidermal,Non-hair,,0,0,0,1,7,4
TTGCTGCGTGTAGTGG-1_1,Epidermal,Mesophyll,,1,2,1,3,3,3
TTGCTGCTCTATTTCG-1_2,Mesophyll,Root cortex,,3,1,3,3,8,10
TTGCTGCTCTTCGGTC-1_1,Mesophyll,Generative nuclei,,1,2,1,0,10,12
TTGGATGAGATGAAGG-1_6,Meristematic,Root endodermis,,0,0,0,6,6,6
TTGGATGAGCGCTGCT-1_2,Epidermal,Mesophyll,,1,2,1,3,0,3
TTGGATGCAAATGGTA-1_4,Meristematic,Root endodermis,,2,0,2,5,1,16
TTGGATGCAAGTGCTT-1_2,Epidermal,Non-hair,,0,0,0,1,3,4
TTGGATGCAGTTTCGA-1_3,Epidermal,Phloem parenchyma,,0,0,0,5,1,8
TTGGATGCATACTGTG-1_1,Epidermal,Cortex,,2,1,2,3,3,3
TTGGATGGTACGCGTC-1_5,Meristematic,Leaf pavement cell,,2,1,2,3,3,3
TTGGATGGTTTACACG-1_3,Epidermal,Root endodermis,,0,0,0,5,1,8
TTGGATGTCATCCCGT-1_3,Epidermal,Root cap,,1,2,1,0,6,0
TTGGATGTCATGACAC-1_2,Meristematic,Root endodermis,,2,0,2,5,6,7
TTGGATGTCCATCACC-1_1,Epidermal,Mesophyll,,0,0,0,0,1,16
TTGGATGTCGCAATTG-1_2,Mesophyll,Root endodermis,,0,0,0,3,7,7
TTGGATGTCGCAGTCG-1_6,Epidermal,Generative nuclei,,4,3,4,8,10,12
TTGGATGTCGCTTTAT-1_6,Mesophyll,Mesophyll,,1,2,1,7,9,2
TTGGATGTCTGTGCTC-1_4,Mesophyll,Mesophyll,,1,2,1,0,0,19
TTGGGATAGACGAGCT-1_1,Epidermal,Root cap,,0,0,0,4,10,0
TTGGGATAGGGCAACT-1_4,Epidermal,Phloem parenchyma,,0,0,0,6,6,4
TTGGGATCAAATAAGC-1_5,Epidermal,Mesophyll,,1,2,1,0,0,16
TTGGGATCATGAGAAT-1_4,Stele,Root cortex,,3,1,3,4,4,9
TTGGGATTCCACTGGG-1_5,Mesophyll,Root cortex,,3,1,3,4,0,7
TTGGGATTCGAACGGA-1_3,Meristematic,Phloem parenchyma,,0,0,0,1,1,9
TTGGGCGCACTCAGAT-1_2,Epidermal,Mesophyll,,3,2,3,0,4,0
TTGGGCGCACTTGGGC-1_2,Epidermal,Cortex,,2,1,2,3,3,7
TTGGGCGCATACGCAT-1_3,Epidermal,Mesophyll,,0,0,0,6,6,6
TTGGGCGGTACCATAC-1_1,Epidermal,Cortex,,3,1,3,2,5,5
TTGGGCGGTAGCGTAG-1_1,Mesophyll,Mesophyll,,1,2,1,0,0,0
TTGGGCGGTATGAGCG-1_4,Mesophyll,Root cortex,,1,1,1,7,9,11
TTGGGCGGTATTGGCT-1_2,Epidermal,Root endodermis,,2,0,2,5,1,7
TTGGGCGGTCACTAGT-1_2,Epidermal,Leaf pavement cell,,2,1,2,3,2,1
TTGGGCGGTGGGTATG-1_4,Mesophyll,Sieve element,,0,0,0,1,7,14
TTGGGTAAGGTCTGGA-1_2,Meristematic,Mesophyll,,1,2,1,0,0,2
TTGGGTACACGGTGAA-1_3,Epidermal,Mesophyll,,0,0,0,6,6,6
TTGGGTACAGACCTGC-1_1,Epidermal,Root endodermis,,0,0,0,5,1,8
TTGGGTACAGTCGGTC-1_4,Mesophyll,Root endodermis,,0,0,0,1,1,4
TTGGGTACATATACCG-1_5,Epidermal,Shoot system epidermis,,2,0,2,3,3,3
TTGGGTACATATTCGG-1_2,Epidermal,Mesophyll,,0,0,0,6,6,6
TTGGGTAGTACTGAGG-1_4,Epidermal,Mesophyll,,3,1,3,2,8,15
TTGGGTAGTGTTCAGT-1_1,Mesophyll,Root procambium,,0,0,0,1,7,4
TTGGGTATCCCTTTGG-1_4,Mesophyll,Root cap,,1,2,1,0,7,19
TTGGGTATCGCTTACC-1_6,Epidermal,Root cortex,,2,1,2,4,2,1
TTGGGTATCTTAGTTC-1_1,Epidermal,Root endodermis,,0,0,0,5,1,8
TTGGTTTAGCCTCTCT-1_1,Epidermal,Root cortex,,3,1,3,4,2,9
TTGGTTTAGTGTTGTC-1_5,Epidermal,Mesophyll,,1,2,1,7,9,11
TTGGTTTAGTTCATGC-1_1,Stele,Mesophyll,,3,1,3,2,5,5
TTGGTTTCAATAGTCC-1_3,Meristematic,Flower meristem,,0,0,0,1,1,4
TTGGTTTCACGTGAGA-1_3,Epidermal,Bundle sheath,,2,0,2,3,3,9
TTGGTTTCAGACGCTC-1_4,Epidermal,Root cortex,,3,1,3,4,2,1
TTGGTTTCATGACTAC-1_6,Meristematic,Leaf guard cell,,0,0,0,3,3,3
TTGGTTTGTAACAGTA-1_6,Mesophyll,Root endodermis,,0,0,0,5,1,8
TTGGTTTGTACCTGTA-1_1,Epidermal,Leaf pavement cell,,0,0,0,3,1,3
TTGGTTTGTACTCCCT-1_5,Mesophyll,Mesophyll,,3,1,3,2,5,15
TTGGTTTGTGCTCTTC-1_1,Mesophyll,Leaf pavement cell,,2,0,2,5,1,8
TTGGTTTGTGGCACTC-1_6,Epidermal,Root procambium,,0,0,0,1,1,4
TTGGTTTGTGTCATTG-1_4,Mesophyll,Mesophyll,,1,2,1,0,0,13
TTGGTTTTCTTGATTC-1_4,Epidermal,Mesophyll,,0,0,0,6,6,6
TTGTGGAAGACTTGTC-1_1,Epidermal,Root cap,,0,0,0,0,1,8
TTGTGGAAGCACTAAA-1_3,Epidermal,Root cap,,5,2,5,9,4,17
TTGTGGAAGCTAAGTA-1_5,Epidermal,Phloem,,5,3,5,8,10,12
TTGTGGAAGGTAGCCA-1_2,Epidermal,Root cap,,2,1,2,3,3,3
TTGTGGAAGTCGGGAT-1_5,Mesophyll,Root cortex,,3,1,3,2,5,1
TTGTGGACACTGGATT-1_5,Epidermal,Root endodermis,,2,0,2,4,2,1
TTGTGGACAGACAAAT-1_1,Epidermal,Root cap,,0,0,0,1,4,9
TTGTGGACAGAGGACT-1_5,Mesophyll,Mesophyll,,0,0,0,6,6,6
TTGTGGACAGGTCCGT-1_4,Mesophyll,Mesophyll,,2,1,2,3,3,3
TTGTGGACATCGTCCT-1_5,Mesophyll,Mesophyll,,1,2,1,5,6,0
TTGTGGAGTACGAGCA-1_4,Mesophyll,Mesophyll,,1,2,1,0,0,16
TTGTGGAGTGGCTTGC-1_6,Mesophyll,Root endodermis,,1,0,1,7,9,11
TTGTGGAGTTCTCCTG-1_4,Epidermal,Explant vasculature and callus founder cell,,0,1,0,1,7,13
TTGTGGATCAAGCCGC-1_1,Stele,Lateral root cap,,0,0,0,6,6,9
TTGTGGATCATGAGGG-1_5,Mesophyll,Root cortex,,3,1,3,2,5,5
TTGTGGATCATGGTAC-1_4,Epidermal,Vascular cambium,,0,0,0,5,1,4
TTGTGGATCTCTATGT-1_6,Epidermal,Mesophyll,,3,1,3,2,3,3
TTGTGGATCTGGGATT-1_4,Epidermal,Root cortex,,4,3,4,8,10,12
TTGTGTTAGCGCTTCG-1_5,Epidermal,Stem cell niche,,2,0,2,4,2,1
TTGTGTTAGCTATCCA-1_2,Epidermal,Leaf pavement cell,,0,0,0,6,6,6
TTGTGTTAGCTGAAGC-1_1,Epidermal,Root cortex,,3,1,3,2,5,5
TTGTGTTCATGACTAC-1_2,Epidermal,Xylem,,2,1,2,3,3,3
TTGTGTTGTGCATGAG-1_6,Epidermal,Explant vasculature and callus founder cell,,0,0,0,1,7,13
TTGTTCAAGCAAGTGC-1_1,Epidermal,Mesophyll,,0,0,0,3,1,7
TTGTTCAAGTACCGGA-1_2,Epidermal,Flower meristem,,0,0,0,1,7,17
TTGTTCAGTGTGGTCC-1_4,Stele,Non-hair,,0,0,0,5,1,8
TTGTTCATCATTACCT-1_5,Epidermal,Root endodermis,,0,0,0,5,1,8
TTGTTCATCTGGAGAG-1_6,Mesophyll,Mesophyll,,1,2,1,7,9,11
TTGTTGTAGCCTCTGG-1_5,Stele,Root cortex,,2,0,2,4,2,8
TTGTTGTAGCTGGCCT-1_4,Mesophyll,Mesophyll,,3,1,3,2,8,10
TTGTTGTCAGCAAGAC-1_3,Epidermal,Root procambium,,0,0,0,1,7,13
TTGTTGTCAGCTGTTA-1_2,Mesophyll,Mesophyll,,3,1,3,2,5,10
TTGTTGTGTGTAAACA-1_3,Mesophyll,Mesophyll,,1,2,1,0,0,2
TTGTTGTTCAGACTGT-1_1,Mesophyll,Vascular cambium,,3,1,3,1,4,9
TTGTTGTTCGCTAAAC-1_1,Mesophyll,Mesophyll,,1,2,1,0,0,0
TTGTTTGAGTCGGCCT-1_3,Stele,Bundle sheath,,4,3,4,8,10,12
TTGTTTGAGTGCGTCC-1_6,Mesophyll,Mesophyll,,1,2,1,0,6,6
TTGTTTGCAAACTAGA-1_3,Epidermal,Root cortex,,2,1,2,3,7,7
TTGTTTGCAACGACTT-1_3,Epidermal,Root cap,,0,0,0,6,6,7
TTGTTTGCAAGGCGTA-1_2,Epidermal,Mesophyll,,1,2,1,0,0,2
TTGTTTGCACGACCTG-1_3,Epidermal,Root cortex,,4,3,4,8,10,12
TTGTTTGCATACCACA-1_6,Mesophyll,Mesophyll,,1,2,1,7,9,2
TTGTTTGGTCCAAATC-1_2,Mesophyll,Root cap,,0,0,0,1,7,4
TTGTTTGGTGGGACAT-1_5,Mesophyll,Mesophyll,,3,0,3,6,6,6
TTGTTTGGTTTACGAC-1_6,Epidermal,Root endodermis,,0,0,0,6,1,4
TTGTTTGTCATCGGGC-1_4,Meristematic,Mesophyll,,1,2,1,0,0,2
TTGTTTGTCCAGCAAT-1_1,Stele,Mesophyll,,3,1,3,2,8,10
TTGTTTGTCCTACCAC-1_4,Mesophyll,Cortex,,3,1,3,2,5,5
TTGTTTGTCTAGTTCT-1_2,Meristematic,Explant vasculature and callus founder cell,,2,0,2,5,7,7
TTTACCAAGAGCCGTA-1_3,Mesophyll,Mesophyll,,1,2,1,0,0,2
TTTACCAAGATACATG-1_4,Meristematic,Leaf guard cell,,0,0,0,1,7,4
TTTACCAAGATGCCGA-1_5,Epidermal,Mesophyll,,1,2,1,0,0,0
TTTACCAAGCCGATCC-1_5,Mesophyll,Flower meristem,,1,2,1,0,6,0
TTTACCAAGCGAAACC-1_6,Epidermal,Root procambium,,0,0,0,5,7,8
TTTACCAAGCGGACAT-1_3,Epidermal,Cortex,,3,1,3,2,5,5
TTTACCAAGCTTTCTT-1_2,Epidermal,Non-hair,,2,1,2,1,4,9
TTTACCAAGTGCGCTC-1_5,Stele,Root procambium,,0,0,0,1,1,4
TTTACCAAGTTATGGA-1_1,Mesophyll,Mesophyll,,4,3,4,8,10,12
TTTACCACAATACCCA-1_4,Mesophyll,Cortex,,1,2,1,0,0,7
TTTACCACATCTATCT-1_3,Epidermal,Cortex,,2,1,2,4,2,7
TTTACCACATGCTGCG-1_3,Epidermal,Root endodermis,,0,0,0,5,1,8
TTTACCATCACCTGTC-1_2,Mesophyll,Root procambium,,0,0,0,6,6,6
TTTACCATCATTTGCT-1_1,Mesophyll,Mesophyll,,1,2,1,0,0,0
TTTACCATCGCAACAT-1_3,Mesophyll,Leaf pavement cell,,2,1,2,3,2,1
TTTACCATCTGTCGCT-1_1,Stele,Flower meristem,,3,1,3,0,7,15
TTTACGTAGCAATTCC-1_3,Mesophyll,Root cortex,,3,1,3,2,5,7
TTTACGTCAGCCCACA-1_5,Epidermal,Root procambium,,0,0,0,1,7,4
TTTACGTGTATGTCCA-1_4,Epidermal,Leaf pavement cell,,2,1,2,3,3,3
TTTACGTGTCAGTCTA-1_3,Mesophyll,Root cortex,,3,1,3,2,5,5
TTTACGTGTCTTACTT-1_4,Epidermal,Root endodermis,,2,1,2,3,2,3
TTTACGTTCCCGTGTT-1_4,Epidermal,Mesophyll,,3,1,3,2,8,10
TTTACGTTCTCAAAGC-1_4,Mesophyll,Mesophyll,,0,0,0,6,6,6
TTTACGTTCTCACCCA-1_4,Epidermal,Mesophyll,,0,0,0,3,7,13
TTTACGTTCTTCTCAA-1_2,Epidermal,Leaf pavement cell,,2,1,2,3,3,3
TTTACTGAGACCTCAT-1_2,Epidermal,Leaf pavement cell,,2,1,2,3,3,3
TTTACTGAGCACCGAA-1_2,Mesophyll,Root endodermis,,0,0,0,5,1,0
TTTACTGAGCCAAGTG-1_4,Mesophyll,Mesophyll,,1,2,1,7,9,11
TTTACTGCACTCACTC-1_4,Mesophyll,Mesophyll,,3,1,3,2,8,15
TTTACTGCAGGTCAAG-1_4,Mesophyll,Mesophyll,,1,2,1,0,0,2
TTTACTGCAGTCGGTC-1_4,Epidermal,Leaf pavement cell,,2,1,2,3,3,3
TTTACTGCATATGGCT-1_1,Epidermal,Bundle sheath,,2,0,2,3,3,0
TTTACTGGTCCAGCGT-1_3,Epidermal,Bundle sheath,,0,0,0,1,4,13
TTTACTGGTCTTGCGG-1_5,Epidermal,Shoot system epidermis,,2,0,2,3,3,3
TTTACTGGTGAGATAT-1_6,Meristematic,Vascular cambium,,0,0,0,1,7,13
TTTACTGGTTCCCAAA-1_3,Meristematic,Mesophyll,,1,2,1,0,0,2
TTTACTGTCAAATAGG-1_2,Epidermal,Root cap,,2,1,2,3,3,3
TTTACTGTCAGTAGGG-1_6,Meristematic,Root cortex,,1,2,1,11,12,19
TTTACTGTCGCCGTGA-1_4,Mesophyll,Mesophyll,,1,2,1,0,0,16
TTTAGTCAGATTAGTG-1_4,Meristematic,Cortex,,3,1,3,2,8,10
TTTAGTCAGGTGCTGA-1_1,Epidermal,Mesophyll,,1,2,1,0,0,15
TTTAGTCCAAATGCTC-1_6,Epidermal,Root cortex,,3,1,3,4,2,1
TTTAGTCCAAGACGGT-1_1,Stele,Mesophyll,,3,1,3,2,5,5
TTTAGTCGTACTTGTG-1_3,Meristematic,Mesophyll,,1,2,1,0,0,2
TTTAGTCGTGGTCTTA-1_4,Mesophyll,Non-hair,,0,0,0,6,6,6
TTTAGTCTCTACGGTA-1_3,Guard,Mesophyll,,1,0,1,0,0,6
TTTAGTCTCTTCCTAA-1_5,Stele,Cortex,,3,1,3,2,8,10
TTTATGCAGACCAAGC-1_4,Mesophyll,Root cortex,,2,1,2,4,2,1
TTTATGCAGACTGGGT-1_2,Mesophyll,Columella root cap,,0,0,0,1,1,4
TTTATGCAGGTTACAA-1_4,Meristematic,Mesophyll,,1,2,1,0,8,0
TTTATGCCAACACGTT-1_2,Epidermal,Leaf pavement cell,,0,0,0,6,1,4
TTTATGCCAGAACTTC-1_3,Epidermal,Root endodermis,,0,0,0,6,1,7
TTTATGCCAGCTACCG-1_2,Mesophyll,Root cap,,3,1,3,2,8,10
TTTATGCCAGCTACTA-1_3,Epidermal,Non-hair,,0,0,0,1,7,4
TTTATGCCATATCGGT-1_3,Mesophyll,Mesophyll,,1,2,1,0,0,2
TTTATGCGTAACGGTG-1_5,Epidermal,Flower meristem,,0,0,0,1,4,9
TTTATGCGTCGATTTG-1_5,Mesophyll,Root endodermis,,0,0,0,5,1,8
TTTATGCGTCGCAACC-1_4,Epidermal,Mesophyll,,3,2,3,2,4,0
TTTATGCGTTTCGTGA-1_5,Meristematic,Root cortex,,2,1,2,4,2,1
TTTATGCTCCCAGTGG-1_3,Mesophyll,Mesophyll,,1,2,1,0,0,2
TTTATGCTCGCAGTCG-1_2,Epidermal,Root cortex,,2,1,2,4,2,1
TTTATGCTCGCCAGAC-1_2,Epidermal,Leaf pavement cell,,3,1,3,2,8,10
TTTATGCTCTTAATCC-1_3,Mesophyll,Mesophyll,,1,2,1,0,0,0
TTTCACAAGTGGACTG-1_1,Epidermal,Root cortex,,1,2,1,7,9,11
TTTCACACACACACGC-1_3,Mesophyll,Mesophyll,,1,2,1,7,9,11
TTTCACACACACAGCC-1_2,Epidermal,Flower meristem,,0,0,0,1,7,4
TTTCACACACTTGAAC-1_6,Epidermal,Leaf pavement cell,,0,0,0,1,1,9
TTTCACATCGTCGCTT-1_4,Epidermal,Mesophyll,,1,0,1,7,9,11
TTTCACATCTCGAGTA-1_4,Mesophyll,Bundle sheath,,4,3,4,8,10,12
TTTCACATCTCGGCTT-1_5,Meristematic,Root procambium,,0,0,0,1,7,13
TTTCACATCTGCGAGC-1_6,Meristematic,Mesophyll,,0,0,0,6,6,6
TTTCACATCTTGGATG-1_6,Mesophyll,Root cortex,,2,1,2,4,2,1
TTTCAGTAGACCAACG-1_2,Epidermal,Phloem parenchyma,,0,0,0,6,1,4
TTTCAGTCAATAACGA-1_3,Mesophyll,Cortex,,3,1,3,2,5,5
TTTCAGTCAATACGCT-1_2,Epidermal,Mesophyll,,0,0,0,6,6,6
TTTCAGTCACATTACG-1_6,Mesophyll,Cortex,,3,1,3,2,5,5
TTTCAGTCAGACATCT-1_4,Stele,Xylem,,0,0,0,1,1,4
TTTCAGTCAGCGGTTC-1_1,Mesophyll,Mesophyll,,1,2,1,0,0,0
TTTCAGTCATAAGCAA-1_5,Stele,Root cortex,,3,1,3,2,7,13
TTTCAGTCATTAGGAA-1_2,Meristematic,Root cortex,,3,1,3,4,2,1
TTTCAGTTCAACGAGG-1_1,Stele,Phloem,,3,1,3,10,4,9
TTTCAGTTCCGAGGCT-1_2,Epidermal,Lateral root cap,,0,0,0,5,1,4
TTTCAGTTCGATACTG-1_4,Mesophyll,Mesophyll,,1,2,1,0,0,2
TTTCAGTTCTAAGCCA-1_4,Meristematic,Root cortex,,1,2,1,0,8,15
TTTCATGAGTTACGTC-1_4,Stele,Hydathodes,,4,3,4,8,10,12
TTTCATGCAAGTTCCA-1_3,Mesophyll,Mesophyll,,1,2,1,0,0,16
TTTCATGCAGCAGACA-1_6,Meristematic,Mesophyll,,1,2,1,0,0,2
TTTCATGGTCGTGGAA-1_5,Epidermal,Root endodermis,,0,0,0,5,1,8
TTTCATGGTCTCTCCA-1_1,Meristematic,Root cortex,,2,1,2,3,3,7
TTTCATGGTTTGCAGT-1_3,Mesophyll,Mesophyll,,3,1,3,2,4,15
TTTCATGTCATCGACA-1_1,Epidermal,Root cap,,1,2,1,0,0,2
TTTCCTCAGCTAAATG-1_4,Epidermal,Root endodermis,,2,0,2,3,3,3
TTTCCTCAGTACTGTC-1_3,Epidermal,Phloem,,5,2,5,1,4,17
TTTCCTCCACAAGCTT-1_2,Mesophyll,Mesophyll,,1,2,1,0,0,5
TTTCCTCCAGAATCGG-1_2,Meristematic,Vascular cambium,,0,0,0,1,4,9
TTTCCTCCATCCGAAT-1_4,Mesophyll,Mesophyll,,1,2,1,7,0,0
TTTCCTCGTAGACTGG-1_1,Meristematic,Mesophyll,,2,0,2,6,6,6
TTTCCTCGTGAAAGTT-1_4,Epidermal,Root cortex,,2,1,2,3,4,7
TTTCCTCGTTTGAACC-1_3,Mesophyll,Leaf pavement cell,,2,0,2,3,3,3
TTTCCTCTCATGGATC-1_4,Epidermal,Leaf pavement cell,,2,1,2,3,3,3
TTTCCTCTCATTATCC-1_4,Epidermal,Mesophyll,,1,2,1,0,0,10
TTTCCTCTCATTCATC-1_4,Mesophyll,Flower meristem,,1,2,1,0,10,12
TTTCCTCTCCGAAATC-1_2,Stele,Columella root cap,,0,1,0,1,7,7
TTTCGATAGAGTCGAC-1_4,Mesophyll,Leaf guard cell,,1,2,1,0,7,19
TTTCGATAGCACTCAT-1_6,Mesophyll,Columella root cap,,2,0,2,4,2,7
TTTCGATAGCTCCACG-1_1,Epidermal,Root cap,,0,0,0,5,1,8
TTTCGATAGGGTTGCA-1_1,Mesophyll,Root cortex,,2,0,2,4,2,1
TTTCGATCAAGACGGT-1_5,Mesophyll,Root endodermis,,1,0,1,7,9,11
TTTCGATCATCAGCGC-1_4,Mesophyll,Root cortex,,2,1,2,4,2,1
TTTCGATGTCGCTTGG-1_4,Epidermal,Flower meristem,,0,0,0,1,1,4
TTTCGATGTCGTCGGT-1_5,Mesophyll,Cortex,,3,1,3,2,5,5
TTTCGATTCGCTTGAA-1_1,Meristematic,Cortex,,3,1,3,2,2,1
TTTCGATTCGGATAAA-1_4,Stele,Root endodermis,,0,0,0,6,6,19
TTTGACTCAACCTAAC-1_5,Mesophyll,Mesophyll,,1,2,1,7,9,11
TTTGACTCAAGGAGTC-1_3,Mesophyll,Mesophyll,,1,2,1,0,0,2
TTTGACTCACACAGCC-1_5,Epidermal,Root cap,,0,0,0,1,7,4
TTTGACTCATGCGGTC-1_6,Epidermal,Root cap,,0,0,0,6,3,9
TTTGACTGTCGCACAC-1_2,Mesophyll,Root procambium,,0,0,0,1,1,4
TTTGACTGTCGCATGC-1_3,Mesophyll,Cortex,,0,1,0,1,7,13
TTTGACTGTCTTCTAT-1_5,Epidermal,Root cortex,,3,1,3,2,5,5
TTTGACTTCAAGGTGG-1_4,Epidermal,Mesophyll,,1,2,1,0,4,0
TTTGACTTCGGATAAA-1_3,Mesophyll,Root cortex,,3,1,3,2,5,5
TTTGATCAGCGCTGCT-1_5,Mesophyll,Root cortex,,2,1,2,4,5,5
TTTGATCAGTATAGGT-1_4,Stele,Root cortex,,3,1,3,2,8,15
TTTGATCAGTATCCTG-1_5,Epidermal,Mesophyll,,1,2,1,0,0,2
TTTGATCAGTCACACT-1_4,Mesophyll,Root cortex,,3,1,3,2,8,10
TTTGATCAGTCTTGGT-1_2,Mesophyll,Root cortex,,2,1,2,4,2,1
TTTGATCCACTAGGTT-1_3,Epidermal,Root procambium,,0,0,0,6,1,4
TTTGATCGTCGAACGA-1_4,Mesophyll,Root endodermis,,2,0,2,4,2,7
TTTGATCGTCGTTATG-1_4,Epidermal,Phloem parenchyma,,0,0,0,1,1,4
TTTGATCTCTTGTTAC-1_5,Mesophyll,Root cortex,,0,0,0,1,1,7
TTTGGAGAGCGGGTAT-1_3,Epidermal,Root cap,,0,0,0,5,1,8
TTTGGAGAGGGCTAAC-1_6,Epidermal,Mesophyll,,3,1,3,2,3,3
TTTGGAGCAAGTGGCA-1_2,Epidermal,Mesophyll,,1,2,1,0,0,2
TTTGGAGCACTATCGA-1_4,Epidermal,Root cortex,,2,1,2,4,2,1
TTTGGAGCATTAAGCC-1_1,Epidermal,Mesophyll,,0,0,0,6,0,0
TTTGGAGGTCAGCTTA-1_5,Stele,Root cortex,,3,1,3,2,8,11
TTTGGAGGTCGAACGA-1_4,Mesophyll,Root endodermis,,0,0,0,5,1,4
TTTGGAGTCAGCTCTC-1_3,Mesophyll,Root procambium,,4,3,4,8,10,12
TTTGGAGTCCCGAGAC-1_5,Epidermal,Leaf pavement cell,,0,1,0,1,7,14
TTTGGAGTCTTACCAT-1_3,Epidermal,Shoot system epidermis,,2,1,2,3,3,3
TTTGGTTGTACGTGAG-1_1,Epidermal,Flower meristem,,0,0,0,1,4,9
TTTGGTTGTAGGACCA-1_4,Stele,Mesophyll,,1,2,1,0,0,0
TTTGGTTGTATACAGA-1_2,Epidermal,Mesophyll,,3,1,3,2,8,10
TTTGGTTGTCCCAAAT-1_3,Epidermal,Mesophyll,,0,0,0,6,6,6
TTTGGTTTCACTTCTA-1_4,Mesophyll,Mesophyll,,3,1,3,2,8,10
TTTGGTTTCATGACAC-1_2,Epidermal,Root procambium,,5,2,5,9,4,17
TTTGGTTTCATTACGG-1_1,Mesophyll,Mesophyll,,0,0,0,1,4,9
TTTGGTTTCGAGGCAA-1_5,Epidermal,Mesophyll,,0,0,0,6,6,6
TTTGTTGAGGACAACC-1_4,Epidermal,Root cortex,,0,0,0,1,7,4
TTTGTTGAGGCGACAT-1_1,Epidermal,Root cortex,,4,3,4,8,10,12
TTTGTTGAGGTTACAA-1_1,Mesophyll,Mesophyll,,3,1,3,2,8,10
TTTGTTGAGTGGAAGA-1_1,Stele,Mesophyll,,3,1,3,2,5,5
TTTGTTGCACACACTA-1_5,Epidermal,Root cortex,,2,0,2,1,1,7
TTTGTTGCAGGCACTC-1_5,Epidermal,Non-hair,,4,3,4,8,10,12
TTTGTTGCATATCTGG-1_2,Epidermal,Phloem parenchyma,,0,0,0,5,1,4
TTTGTTGCATCAGTCA-1_4,Epidermal,Cortex,,2,1,2,4,2,1
TTTGTTGCATGACAGG-1_6,Meristematic,Root cap,,3,1,3,2,8,10
TTTGTTGGTCACAATC-1_4,Mesophyll,Root endodermis,,0,0,0,5,1,8
TTTGTTGGTCGAGTGA-1_1,Mesophyll,Root endodermis,,0,0,0,1,1,4
TTTGTTGGTCGGCCTA-1_1,Mesophyll,Leaf guard cell,,1,2,1,0,7,19
TTTGTTGGTTTCGATG-1_4,Epidermal,Root cortex,,2,0,2,4,2,7
TTTGTTGTCCATAGAC-1_1,Stele,Non-hair,,2,1,2,4,2,1
TTTGTTGTCGGTCTGG-1_5,Mesophyll,Phloem parenchyma,,0,0,0,5,1,4
TTTGTTGTCTTGCGCT-1_2,Epidermal,Flower meristem,,0,0,0,1,7,13
