"query_name","source","term_id","term_name","p_value","term_size","query_size","intersection_size","precision","recall","intersection"
"All_85","KEGG","KEGG:04141","Protein processing in endoplasmic reticulum",2.60620292766117e-08,15,85,9,0.105882352941176,0.6,"AT4G10250,AT1G07400,AT1G52560,AT2G29500,AT1G53540,AT1G54050,AT5G59720,AT3G46230,AT4G25200"
"All_85","GO:BP","GO:0009408","response to heat",0.0108070297237036,31,85,8,0.0941176470588235,0.258064516129032,"AT4G10250,AT1G07400,AT1G52560,AT5G48570,AT5G59720,AT2G38750,AT3G46230,AT2G42540"
"All_85","GO:BP","GO:0009812","flavonoid metabolic process",0.0744447361922851,16,85,5,0.0588235294117647,0.3125,"AT2G02990,AT5G13930,AT4G27560,AT2G36790,AT3G51240"
"All_85","KEGG","KEGG:00941","Flavonoid biosynthesis",0.119955934421691,5,85,2,0.0235294117647059,0.4,"AT5G13930,AT3G51240"
"All_85","KEGG","KEGG:00910","Nitrogen metabolism",0.119955934421691,5,85,2,0.0235294117647059,0.4,"AT1G08090,AT3G52720"
"All_85","GO:BP","GO:0009813","flavonoid biosynthetic process",0.162450086557805,13,85,4,0.0470588235294118,0.307692307692308,"AT2G02990,AT5G13930,AT2G36790,AT3G51240"
"All_85","GO:BP","GO:0046283","anthocyanin-containing compound metabolic process",0.162450086557805,6,85,3,0.0352941176470588,0.5,"AT2G02990,AT5G13930,AT4G27560"
"All_85","KEGG","KEGG:04120","Ubiquitin mediated proteolysis",0.178145208359203,2,85,1,0.0117647058823529,0.5,"AT5G50580"
"All_85","KEGG","KEGG:00999","Biosynthesis of various plant secondary metabolites",0.178145208359203,10,85,2,0.0235294117647059,0.2,"AT5G56080,AT3G21370"
"All_85","KEGG","KEGG:00944","Flavone and flavonol biosynthesis",0.178145208359203,2,85,1,0.0117647058823529,0.5,"AT2G36790"
"All_85","KEGG","KEGG:00540","Lipopolysaccharide biosynthesis",0.178145208359203,2,85,1,0.0117647058823529,0.5,"AT1G25145"
"All_85","KEGG","KEGG:00640","Propanoate metabolism",0.178145208359203,2,85,1,0.0117647058823529,0.5,"AT3G21720"
"All_85","KEGG","KEGG:00000","KEGG root term",0.178145208359203,432,85,24,0.282352941176471,0.0555555555555556,"AT4G10250,AT4G30170,AT5G56080,AT3G21370,AT1G07400,AT1G08090,AT1G52560,AT2G29500,AT2G41850,AT1G53540,AT1G54050,AT3G52720,AT5G59720,AT1G25145,AT5G50580,AT3G46230,AT3G01260,AT5G13930,AT2G26010,AT3G21720,AT2G36790,AT4G25200,AT3G51240,AT5G65800"
"All_85","KEGG","KEGG:00270","Cysteine and methionine metabolism",0.178145208359203,12,85,2,0.0235294117647059,0.166666666666667,"AT5G56080,AT5G65800"
"All_85","KEGG","KEGG:04712","Circadian rhythm - plant",0.178145208359203,2,85,1,0.0117647058823529,0.5,"AT5G13930"
"All_85","GO:BP","GO:0036294","cellular response to decreased oxygen levels",0.190212385956721,26,85,5,0.0588235294117647,0.192307692307692,"AT4G10250,AT2G14247,AT1G07400,AT1G54050,AT3G46230"
"All_85","GO:BP","GO:0071453","cellular response to oxygen levels",0.190212385956721,26,85,5,0.0588235294117647,0.192307692307692,"AT4G10250,AT2G14247,AT1G07400,AT1G54050,AT3G46230"
"All_85","GO:BP","GO:0070482","response to oxygen levels",0.190212385956721,27,85,5,0.0588235294117647,0.185185185185185,"AT4G10250,AT2G14247,AT1G07400,AT1G54050,AT3G46230"
"All_85","GO:BP","GO:0071456","cellular response to hypoxia",0.190212385956721,25,85,5,0.0588235294117647,0.2,"AT4G10250,AT2G14247,AT1G07400,AT1G54050,AT3G46230"
"All_85","GO:BP","GO:0001666","response to hypoxia",0.190212385956721,26,85,5,0.0588235294117647,0.192307692307692,"AT4G10250,AT2G14247,AT1G07400,AT1G54050,AT3G46230"
"All_85","GO:BP","GO:0036293","response to decreased oxygen levels",0.190212385956721,27,85,5,0.0588235294117647,0.185185185185185,"AT4G10250,AT2G14247,AT1G07400,AT1G54050,AT3G46230"
"All_85","GO:BP","GO:0010286","heat acclimation",0.26152196064484,10,85,3,0.0352941176470588,0.3,"AT5G48570,AT5G59720,AT2G42540"
"All_85","GO:CC","GO:0005783","endoplasmic reticulum",0.280967147391651,88,85,8,0.0941176470588235,0.0909090909090909,"AT4G10250,AT3G21370,AT1G70260,AT3G52720,AT3G57020,AT5G13930,AT2G36790,AT1G51270"
"All_85","GO:CC","GO:0005769","early endosome",0.280967147391651,1,85,1,0.0117647058823529,1,"AT4G19690"
"All_85","GO:CC","GO:0031410","cytoplasmic vesicle",0.280967147391651,44,85,5,0.0588235294117647,0.113636363636364,"AT3G22060,AT3G05727,AT4G19690,AT2G26010,AT4G11650"
"All_85","GO:CC","GO:0009514","glyoxysome",0.280967147391651,1,85,1,0.0117647058823529,1,"AT3G21720"
"All_85","GO:CC","GO:0019005","SCF ubiquitin ligase complex",0.280967147391651,1,85,1,0.0117647058823529,1,"AT3G44326"
"All_85","GO:CC","GO:0012505","endomembrane system",0.280967147391651,123,85,11,0.129411764705882,0.0894308943089431,"AT4G10250,AT3G21370,AT1G70260,AT4G22690,AT3G52720,AT2G38750,AT3G57020,AT4G19690,AT5G13930,AT2G36790,AT1G51270"
"All_85","GO:CC","GO:0031461","cullin-RING ubiquitin ligase complex",0.280967147391651,1,85,1,0.0117647058823529,1,"AT3G44326"
"All_85","GO:CC","GO:0000151","ubiquitin ligase complex",0.280967147391651,1,85,1,0.0117647058823529,1,"AT3G44326"
"All_85","GO:CC","GO:0099503","secretory vesicle",0.280967147391651,31,85,4,0.0470588235294118,0.129032258064516,"AT3G22060,AT3G05727,AT2G26010,AT4G11650"
"All_85","GO:CC","GO:0097708","intracellular vesicle",0.280967147391651,46,85,5,0.0588235294117647,0.108695652173913,"AT3G22060,AT3G05727,AT4G19690,AT2G26010,AT4G11650"
"All_85","KEGG","KEGG:00052","Galactose metabolism",0.292013376300931,4,85,1,0.0117647058823529,0.25,"AT3G01260"
"All_85","GO:CC","GO:0031982","vesicle",0.298784826772172,48,85,5,0.0588235294117647,0.104166666666667,"AT3G22060,AT3G05727,AT4G19690,AT2G26010,AT4G11650"
"All_85","GO:BP","GO:0032446","protein modification by small protein conjugation",0.354215109594284,12,85,3,0.0352941176470588,0.25,"AT3G49970,AT5G50580,AT1G60190"
"All_85","GO:BP","GO:0043687","post-translational protein modification",0.354215109594284,12,85,3,0.0352941176470588,0.25,"AT3G49970,AT5G50580,AT1G60190"
"All_85","GO:BP","GO:0070647","protein modification by small protein conjugation or removal",0.354215109594284,12,85,3,0.0352941176470588,0.25,"AT3G49970,AT5G50580,AT1G60190"
"All_85","GO:MF","GO:0033897","ribonuclease T2 activity",0.384410125615683,2,85,1,0.0117647058823529,0.5,"AT2G02990"
"All_85","GO:MF","GO:0016859","cis-trans isomerase activity",0.384410125615683,2,85,1,0.0117647058823529,0.5,"AT5G48570"
"All_85","GO:MF","GO:0016847","1-aminocyclopropane-1-carboxylate synthase activity",0.384410125615683,2,85,1,0.0117647058823529,0.5,"AT5G65800"
"All_85","GO:MF","GO:0005375","copper ion transmembrane transporter activity",0.384410125615683,2,85,1,0.0117647058823529,0.5,"AT4G19690"
"All_85","GO:MF","GO:0045486","flavanone 3-dioxygenase activity",0.384410125615683,2,85,1,0.0117647058823529,0.5,"AT3G51240"
"All_85","GO:MF","GO:0019948","SUMO activating enzyme activity",0.384410125615683,1,85,1,0.0117647058823529,1,"AT5G50580"
"All_85","GO:MF","GO:0031418","L-ascorbic acid binding",0.384410125615683,2,85,1,0.0117647058823529,0.5,"AT3G51240"
"All_85","GO:MF","GO:0120545","nucleic acid conformation isomerase activity",0.384410125615683,2,85,1,0.0117647058823529,0.5,"AT1G24575"
"All_85","GO:MF","GO:0120543","macromolecular conformation isomerase activity",0.384410125615683,2,85,1,0.0117647058823529,0.5,"AT1G24575"
"All_85","GO:MF","GO:0103117","UDP-3-O-acyl-N-acetylglucosamine deacetylase activity",0.384410125615683,2,85,1,0.0117647058823529,0.5,"AT1G25145"
"All_85","GO:MF","GO:0004842","ubiquitin-protein transferase activity",0.384410125615683,2,85,1,0.0117647058823529,0.5,"AT1G60190"
"All_85","GO:MF","GO:0016853","isomerase activity",0.384410125615683,21,85,3,0.0352941176470588,0.142857142857143,"AT1G24575,AT5G48570,AT3G01260"
"All_85","GO:MF","GO:0016849","phosphorus-oxygen lyase activity",0.384410125615683,2,85,1,0.0117647058823529,0.5,"AT2G02990"
"All_85","GO:MF","GO:0016829","lyase activity",0.384410125615683,49,85,5,0.0588235294117647,0.102040816326531,"AT3G52720,AT2G02990,AT1G54040,AT3G21720,AT5G65800"
"All_85","GO:MF","GO:0016755","aminoacyltransferase activity",0.384410125615683,2,85,1,0.0117647058823529,0.5,"AT1G60190"
"All_85","GO:MF","GO:0016844","strictosidine synthase activity",0.384410125615683,2,85,1,0.0117647058823529,0.5,"AT3G57020"
"All_85","GO:MF","GO:0016833","oxo-acid-lyase activity",0.384410125615683,1,85,1,0.0117647058823529,1,"AT3G21720"
"All_85","GO:MF","GO:0016811","hydrolase activity, acting on carbon-nitrogen (but not peptide) bonds, in linear amides",0.384410125615683,6,85,2,0.0235294117647059,0.333333333333333,"AT1G25145,AT5G23220"
"All_85","GO:MF","GO:0016810","hydrolase activity, acting on carbon-nitrogen (but not peptide) bonds",0.384410125615683,10,85,3,0.0352941176470588,0.3,"AT1G25145,AT3G57020,AT5G23220"
"All_85","GO:MF","GO:0016420","malonyltransferase activity",0.384410125615683,1,85,1,0.0117647058823529,1,"AT3G29670"
"All_85","GO:MF","GO:0003755","peptidyl-prolyl cis-trans isomerase activity",0.384410125615683,2,85,1,0.0117647058823529,0.5,"AT5G48570"
"All_85","GO:MF","GO:0004040","amidase activity",0.384410125615683,2,85,1,0.0117647058823529,0.5,"AT5G23220"
"All_85","GO:MF","GO:0016210","naringenin-chalcone synthase activity",0.384410125615683,1,85,1,0.0117647058823529,1,"AT5G13930"
"All_85","GO:MF","GO:0008936","nicotinamidase activity",0.384410125615683,1,85,1,0.0117647058823529,1,"AT5G23220"
"All_85","GO:MF","GO:0008641","ubiquitin-like modifier activating enzyme activity",0.384410125615683,1,85,1,0.0117647058823529,1,"AT5G50580"
"All_85","GO:MF","GO:0005544","calcium-dependent phospholipid binding",0.384410125615683,2,85,1,0.0117647058823529,0.5,"AT2G38750"
"All_85","GO:MF","GO:0005534","galactose binding",0.384410125615683,2,85,1,0.0117647058823529,0.5,"AT2G42540"
"All_85","GO:MF","GO:0048029","monosaccharide binding",0.384410125615683,4,85,2,0.0235294117647059,0.5,"AT3G51240,AT2G42540"
"All_85","GO:MF","GO:0004386","helicase activity",0.384410125615683,2,85,1,0.0117647058823529,0.5,"AT1G24575"
"All_85","GO:MF","GO:0004451","isocitrate lyase activity",0.384410125615683,1,85,1,0.0117647058823529,1,"AT3G21720"
"All_85","GO:MF","GO:0050736","O-malonyltransferase activity",0.384410125615683,1,85,1,0.0117647058823529,1,"AT3G29670"
"All_85","GO:MF","GO:0030410","nicotianamine synthase activity",0.384410125615683,1,85,1,0.0117647058823529,1,"AT5G56080"
"All_85","GO:MF","GO:0030246","carbohydrate binding",0.384410125615683,54,85,5,0.0588235294117647,0.0925925925925926,"AT5G57540,AT3G01260,AT3G51240,AT2G42540,AT5G38550"
"All_85","GO:MF","GO:0019842","vitamin binding",0.384410125615683,9,85,2,0.0235294117647059,0.222222222222222,"AT3G51240,AT5G65800"
"All_85","GO:MF","GO:0019787","ubiquitin-like protein transferase activity",0.384410125615683,2,85,1,0.0117647058823529,0.5,"AT1G60190"
"All_85","GO:BP","GO:0009411","response to UV",0.389448375975322,7,85,2,0.0235294117647059,0.285714285714286,"AT5G13930,AT3G51240"
"All_85","GO:BP","GO:0009718","anthocyanin-containing compound biosynthetic process",0.389448375975322,5,85,2,0.0235294117647059,0.4,"AT2G02990,AT5G13930"
"All_85","GO:BP","GO:0010233","phloem transport",0.389448375975322,1,85,1,0.0117647058823529,1,"AT5G56080"
"All_85","GO:BP","GO:0009667","plastid inner membrane organization",0.389448375975322,1,85,1,0.0117647058823529,1,"AT2G42540"
"All_85","GO:BP","GO:0061817","endoplasmic reticulum-plasma membrane tethering",0.389448375975322,1,85,1,0.0117647058823529,1,"AT1G51270"
"All_85","GO:BP","GO:0051643","endoplasmic reticulum localization",0.389448375975322,1,85,1,0.0117647058823529,1,"AT1G51270"
"All_85","GO:BP","GO:0061024","membrane organization",0.389448375975322,8,85,2,0.0235294117647059,0.25,"AT1G51270,AT2G42540"
"All_85","GO:BP","GO:0003008","system process",0.389448375975322,1,85,1,0.0117647058823529,1,"AT5G56080"
"All_85","GO:BP","GO:0010224","response to UV-B",0.389448375975322,5,85,2,0.0235294117647059,0.4,"AT5G13930,AT3G51240"
"All_85","GO:BP","GO:0042440","pigment metabolic process",0.389448375975322,30,85,4,0.0470588235294118,0.133333333333333,"AT2G02990,AT5G13930,AT4G27560,AT2G36790"
"All_85","GO:BP","GO:0033554","cellular response to stress",0.389448375975322,83,85,8,0.0941176470588235,0.0963855421686747,"AT4G10250,AT2G14247,AT3G56970,AT1G07400,AT1G54050,AT5G48570,AT2G02990,AT3G46230"
"All_85","GO:BP","GO:1902289","negative regulation of defense response to oomycetes",0.389448375975322,1,85,1,0.0117647058823529,1,"AT1G70260"
"All_85","GO:BP","GO:1902288","regulation of defense response to oomycetes",0.389448375975322,1,85,1,0.0117647058823529,1,"AT1G70260"
"All_85","GO:BP","GO:0019218","regulation of steroid metabolic process",0.389448375975322,1,85,1,0.0117647058823529,1,"AT3G44326"
"All_85","GO:BP","GO:0022406","membrane docking",0.389448375975322,1,85,1,0.0117647058823529,1,"AT1G51270"
"All_85","GO:BP","GO:0030418","nicotianamine biosynthetic process",0.389448375975322,1,85,1,0.0117647058823529,1,"AT5G56080"
"All_85","GO:BP","GO:0010232","vascular transport",0.389448375975322,1,85,1,0.0117647058823529,1,"AT5G56080"
"All_85","GO:BP","GO:0010047","fruit dehiscence",0.389448375975322,1,85,1,0.0117647058823529,1,"AT2G41850"
"All_85","GO:BP","GO:0016925","protein sumoylation",0.389448375975322,1,85,1,0.0117647058823529,1,"AT5G50580"
"All_85","GO:BP","GO:0019363","pyridine nucleotide biosynthetic process",0.389448375975322,1,85,1,0.0117647058823529,1,"AT5G23220"
"All_85","GO:BP","GO:0009830","cell wall modification involved in abscission",0.389448375975322,1,85,1,0.0117647058823529,1,"AT2G41850"
"All_85","GO:BP","GO:0003018","vascular process in circulatory system",0.389448375975322,1,85,1,0.0117647058823529,1,"AT5G56080"
"All_85","GO:BP","GO:0044277","cell wall disassembly",0.389448375975322,1,85,1,0.0117647058823529,1,"AT2G41850"
"All_85","GO:BP","GO:0003013","circulatory system process",0.389448375975322,1,85,1,0.0117647058823529,1,"AT5G56080"
"All_85","GO:BP","GO:0072525","pyridine-containing compound biosynthetic process",0.389448375975322,1,85,1,0.0117647058823529,1,"AT5G23220"
"All_85","GO:BP","GO:0072350","tricarboxylic acid metabolic process",0.389448375975322,1,85,1,0.0117647058823529,1,"AT5G56080"
"All_85","GO:BP","GO:0072351","tricarboxylic acid biosynthetic process",0.389448375975322,1,85,1,0.0117647058823529,1,"AT5G56080"
"All_85","GO:BP","GO:1900425","negative regulation of defense response to bacterium",0.389448375975322,1,85,1,0.0117647058823529,1,"AT1G70260"
"All_85","GO:BP","GO:0140056","organelle localization by membrane tethering",0.389448375975322,1,85,1,0.0117647058823529,1,"AT1G51270"
"All_85","GO:BP","GO:1900424","regulation of defense response to bacterium",0.389448375975322,1,85,1,0.0117647058823529,1,"AT1G70260"
"All_85","GO:MF","GO:0004089","carbonate dehydratase activity",0.430738594916664,3,85,1,0.0117647058823529,0.333333333333333,"AT3G52720"
"All_85","GO:MF","GO:0008146","sulfotransferase activity",0.430738594916664,3,85,1,0.0117647058823529,0.333333333333333,"AT1G13430"
"All_85","GO:MF","GO:0005385","zinc ion transmembrane transporter activity",0.430738594916664,3,85,1,0.0117647058823529,0.333333333333333,"AT4G19690"
"All_85","GO:MF","GO:0016706","2-oxoglutarate-dependent dioxygenase activity",0.430738594916664,3,85,1,0.0117647058823529,0.333333333333333,"AT3G51240"
"All_85","GO:MF","GO:0016782","transferase activity, transferring sulphur-containing groups",0.430738594916664,3,85,1,0.0117647058823529,0.333333333333333,"AT1G13430"
"All_85","GO:MF","GO:0016746","acyltransferase activity",0.430738594916664,28,85,3,0.0352941176470588,0.107142857142857,"AT5G13930,AT1G60190,AT3G29670"
"All_85","GO:MF","GO:0003824","catalytic activity",0.430738594916664,650,85,33,0.388235294117647,0.0507692307692308,"AT4G30170,AT5G56080,AT4G10510,AT3G21370,AT3G55290,AT1G29090,AT4G22690,AT2G41850,AT1G24575,AT3G26280,AT5G57540,AT5G48570,AT3G52720,AT1G25145,AT2G02990,AT5G50580,AT3G57020,AT3G01260,AT5G13930,AT1G54040,AT4G12870,AT3G21720,AT3G46700,AT1G60190,AT4G27560,AT2G36790,AT5G23220,AT3G51240,AT1G66800,AT1G51270,AT3G29670,AT5G65800,AT1G13430"
"All_85","GO:MF","GO:0140640","catalytic activity, acting on a nucleic acid",0.430738594916664,14,85,2,0.0235294117647059,0.142857142857143,"AT1G24575,AT2G02990"
"All_85","GO:MF","GO:0016877","ligase activity, forming carbon-sulfur bonds",0.430738594916664,3,85,1,0.0117647058823529,0.333333333333333,"AT5G50580"
"All_85","GO:MF","GO:0080046","quercetin 4'-O-glucosyltransferase activity",0.430738594916664,3,85,1,0.0117647058823529,0.333333333333333,"AT2G36790"
"All_85","GO:MF","GO:0004521","RNA endonuclease activity",0.430738594916664,3,85,1,0.0117647058823529,0.333333333333333,"AT2G02990"
"All_85","GO:BP","GO:0009266","response to temperature stimulus",0.446416727832696,97,85,8,0.0941176470588235,0.0824742268041237,"AT4G10250,AT1G07400,AT1G52560,AT5G48570,AT5G59720,AT2G38750,AT3G46230,AT2G42540"
"All_85","GO:BP","GO:0009819","drought recovery",0.45962786878114,2,85,1,0.0117647058823529,0.5,"AT2G42540"
"All_85","GO:BP","GO:0009835","fruit ripening",0.45962786878114,2,85,1,0.0117647058823529,0.5,"AT5G65800"
"All_85","GO:BP","GO:1901271","lipooligosaccharide biosynthetic process",0.45962786878114,2,85,1,0.0117647058823529,0.5,"AT1G25145"
"All_85","GO:BP","GO:0042218","1-aminocyclopropane-1-carboxylate biosynthetic process",0.45962786878114,2,85,1,0.0117647058823529,0.5,"AT5G65800"
"All_85","GO:BP","GO:0035434","copper ion transmembrane transport",0.45962786878114,2,85,1,0.0117647058823529,0.5,"AT4G19690"
"All_85","GO:BP","GO:1901269","lipooligosaccharide metabolic process",0.45962786878114,2,85,1,0.0117647058823529,0.5,"AT1G25145"
"All_85","GO:BP","GO:0042401","biogenic amine biosynthetic process",0.45962786878114,2,85,1,0.0117647058823529,0.5,"AT5G56080"
"All_85","GO:BP","GO:0046487","glyoxylate metabolic process",0.45962786878114,2,85,1,0.0117647058823529,0.5,"AT3G21720"
"All_85","GO:BP","GO:0007029","endoplasmic reticulum organization",0.45962786878114,2,85,1,0.0117647058823529,0.5,"AT1G51270"
"All_85","GO:BP","GO:0009309","amine biosynthetic process",0.45962786878114,2,85,1,0.0117647058823529,0.5,"AT5G56080"
"All_85","GO:BP","GO:0046493","lipid A metabolic process",0.45962786878114,2,85,1,0.0117647058823529,0.5,"AT1G25145"
"All_85","GO:BP","GO:0009245","lipid A biosynthetic process",0.45962786878114,2,85,1,0.0117647058823529,0.5,"AT1G25145"
"All_85","GO:BP","GO:0080028","nitrile biosynthetic process",0.45962786878114,2,85,1,0.0117647058823529,0.5,"AT1G54040"
"All_85","GO:BP","GO:0018871","1-aminocyclopropane-1-carboxylate metabolic process",0.45962786878114,2,85,1,0.0117647058823529,0.5,"AT5G65800"
"All_85","GO:BP","GO:0090158","endoplasmic reticulum membrane organization",0.45962786878114,2,85,1,0.0117647058823529,0.5,"AT1G51270"
"All_85","GO:BP","GO:0042594","response to starvation",0.45962786878114,23,85,3,0.0352941176470588,0.130434782608696,"AT3G56970,AT2G02990,AT2G30766"
"All_85","GO:BP","GO:0006950","response to stress",0.45962786878114,405,85,23,0.270588235294118,0.0567901234567901,"AT4G10250,AT2G14247,AT4G30170,AT3G56970,AT1G07400,AT1G70260,AT1G52560,AT2G29500,AT1G54050,AT5G48570,AT3G05727,AT4G09420,AT5G59720,AT2G02990,AT2G38750,AT3G46230,AT5G13930,AT1G54040,AT1G80130,AT2G26010,AT4G11650,AT2G42540,AT2G30766"
"All_85","GO:BP","GO:0006826","iron ion transport",0.45962786878114,11,85,2,0.0235294117647059,0.181818181818182,"AT4G19690,AT2G30766"
"All_85","GO:BP","GO:0050898","nitrile metabolic process",0.45962786878114,2,85,1,0.0117647058823529,0.5,"AT1G54040"
"All_85","GO:BP","GO:0006097","glyoxylate cycle",0.45962786878114,2,85,1,0.0117647058823529,0.5,"AT3G21720"
"All_85","GO:BP","GO:0006576","biogenic amine metabolic process",0.45962786878114,2,85,1,0.0117647058823529,0.5,"AT5G56080"
"All_85","GO:BP","GO:0031537","regulation of anthocyanin metabolic process",0.45962786878114,2,85,1,0.0117647058823529,0.5,"AT5G13930"
"All_85","GO:BP","GO:0009247","glycolipid biosynthetic process",0.45962786878114,2,85,1,0.0117647058823529,0.5,"AT1G25145"
"All_85","GO:BP","GO:2001289","lipid X metabolic process",0.45962786878114,2,85,1,0.0117647058823529,0.5,"AT1G25145"
"All_85","GO:BP","GO:0031540","regulation of anthocyanin biosynthetic process",0.45962786878114,2,85,1,0.0117647058823529,0.5,"AT5G13930"
"All_85","GO:BP","GO:0016567","protein ubiquitination",0.45962786878114,11,85,2,0.0235294117647059,0.181818181818182,"AT3G49970,AT1G60190"
"All_85","GO:BP","GO:0015675","nickel cation transport",0.45962786878114,2,85,1,0.0117647058823529,0.5,"AT4G19690"
"All_85","GO:BP","GO:0006825","copper ion transport",0.45962786878114,2,85,1,0.0117647058823529,0.5,"AT4G19690"
"All_85","GO:MF","GO:0016757","glycosyltransferase activity",0.481346377900586,50,85,4,0.0470588235294118,0.08,"AT5G57540,AT3G46700,AT4G27560,AT2G36790"
"All_85","GO:MF","GO:0046527","glucosyltransferase activity",0.481346377900586,32,85,3,0.0352941176470588,0.09375,"AT5G57540,AT3G46700,AT2G36790"
"All_85","GO:MF","GO:0005381","iron ion transmembrane transporter activity",0.481346377900586,4,85,1,0.0117647058823529,0.25,"AT4G19690"
"All_85","GO:MF","GO:0015112","nitrate transmembrane transporter activity",0.481346377900586,4,85,1,0.0117647058823529,0.25,"AT1G08090"
"All_85","GO:MF","GO:0008194","UDP-glycosyltransferase activity",0.481346377900586,32,85,3,0.0352941176470588,0.09375,"AT3G46700,AT4G27560,AT2G36790"
"All_85","GO:MF","GO:0005199","structural constituent of cell wall",0.481346377900586,17,85,2,0.0235294117647059,0.117647058823529,"AT1G26240,AT4G13390"
"All_85","GO:MF","GO:0016846","carbon-sulfur lyase activity",0.481346377900586,4,85,1,0.0117647058823529,0.25,"AT5G65800"
"All_85","GO:MF","GO:0004540","RNA nuclease activity",0.481346377900586,4,85,1,0.0117647058823529,0.25,"AT2G02990"
"All_85","GO:BP","GO:0046148","pigment biosynthetic process",0.492893517018117,26,85,3,0.0352941176470588,0.115384615384615,"AT2G02990,AT5G13930,AT2G36790"
"All_85","GO:BP","GO:0050896","response to stimulus",0.492893517018117,622,85,32,0.376470588235294,0.0514469453376206,"AT4G10250,AT2G14247,AT4G30170,AT5G56080,AT3G56970,AT1G07400,AT1G08090,AT1G70260,AT1G52560,AT2G29500,AT3G22060,AT1G54050,AT5G48570,AT3G05727,AT4G09420,AT5G59720,AT2G02990,AT2G38750,AT3G46230,AT4G19690,AT5G13930,AT1G54040,AT1G80130,AT2G26010,AT4G11650,AT3G51240,AT1G51270,AT2G42540,AT2G30766,AT3G29670,AT5G65800,AT1G13430"
"All_85","GO:BP","GO:0170043","non-proteinogenic amino acid biosynthetic process",0.492893517018117,3,85,1,0.0117647058823529,0.333333333333333,"AT5G65800"
"All_85","GO:BP","GO:0043270","positive regulation of monoatomic ion transport",0.492893517018117,3,85,1,0.0117647058823529,0.333333333333333,"AT2G30766"
"All_85","GO:BP","GO:1900673","olefin metabolic process",0.492893517018117,3,85,1,0.0117647058823529,0.333333333333333,"AT5G65800"
"All_85","GO:BP","GO:0018205","peptidyl-lysine modification",0.492893517018117,3,85,1,0.0117647058823529,0.333333333333333,"AT5G50580"
"All_85","GO:BP","GO:0009693","ethylene biosynthetic process",0.492893517018117,3,85,1,0.0117647058823529,0.333333333333333,"AT5G65800"
"All_85","GO:BP","GO:0010959","regulation of metal ion transport",0.492893517018117,3,85,1,0.0117647058823529,0.333333333333333,"AT2G30766"
"All_85","GO:BP","GO:0010106","cellular response to iron ion starvation",0.492893517018117,3,85,1,0.0117647058823529,0.333333333333333,"AT3G56970"
"All_85","GO:BP","GO:0051050","positive regulation of transport",0.492893517018117,3,85,1,0.0117647058823529,0.333333333333333,"AT2G30766"
"All_85","GO:BP","GO:0006664","glycolipid metabolic process",0.492893517018117,3,85,1,0.0117647058823529,0.333333333333333,"AT1G25145"
"All_85","GO:BP","GO:0000041","transition metal ion transport",0.492893517018117,14,85,2,0.0235294117647059,0.142857142857143,"AT4G19690,AT2G30766"
"All_85","GO:BP","GO:0006099","tricarboxylic acid cycle",0.492893517018117,3,85,1,0.0117647058823529,0.333333333333333,"AT3G21720"
"All_85","GO:BP","GO:0031667","response to nutrient levels",0.492893517018117,29,85,3,0.0352941176470588,0.103448275862069,"AT3G56970,AT2G02990,AT2G30766"
"All_85","GO:BP","GO:0090407","organophosphate biosynthetic process",0.492893517018117,14,85,2,0.0235294117647059,0.142857142857143,"AT1G25145,AT5G23220"
"All_85","GO:BP","GO:0071577","zinc ion transmembrane transport",0.492893517018117,3,85,1,0.0117647058823529,0.333333333333333,"AT4G19690"
"All_85","GO:BP","GO:0009664","plant-type cell wall organization",0.492893517018117,29,85,3,0.0352941176470588,0.103448275862069,"AT1G26240,AT2G41850,AT4G13390"
"All_85","GO:BP","GO:0009692","ethylene metabolic process",0.492893517018117,3,85,1,0.0117647058823529,0.333333333333333,"AT5G65800"
"All_85","GO:BP","GO:0070370","cellular heat acclimation",0.492893517018117,3,85,1,0.0117647058823529,0.333333333333333,"AT5G48570"
"All_85","GO:BP","GO:1900674","olefin biosynthetic process",0.492893517018117,3,85,1,0.0117647058823529,0.333333333333333,"AT5G65800"
"All_85","GO:BP","GO:0043450","alkene biosynthetic process",0.492893517018117,3,85,1,0.0117647058823529,0.333333333333333,"AT5G65800"
"All_85","GO:BP","GO:0034758","positive regulation of iron ion transport",0.492893517018117,3,85,1,0.0117647058823529,0.333333333333333,"AT2G30766"
"All_85","GO:BP","GO:0009900","dehiscence",0.492893517018117,3,85,1,0.0117647058823529,0.333333333333333,"AT2G41850"
"All_85","GO:BP","GO:1903509","liposaccharide metabolic process",0.492893517018117,3,85,1,0.0117647058823529,0.333333333333333,"AT1G25145"
"All_85","GO:BP","GO:0010256","endomembrane system organization",0.492893517018117,3,85,1,0.0117647058823529,0.333333333333333,"AT1G51270"
"All_85","GO:BP","GO:0009901","anther dehiscence",0.492893517018117,3,85,1,0.0117647058823529,0.333333333333333,"AT2G41850"
"All_85","GO:BP","GO:0034756","regulation of iron ion transport",0.492893517018117,3,85,1,0.0117647058823529,0.333333333333333,"AT2G30766"
"All_85","GO:MF","GO:0016747","acyltransferase activity, transferring groups other than amino-acyl groups",0.517714027294866,18,85,2,0.0235294117647059,0.111111111111111,"AT5G13930,AT3G29670"
"All_85","GO:BP","GO:0006829","zinc ion transport",0.523163654215415,4,85,1,0.0117647058823529,0.25,"AT4G19690"
"All_85","GO:BP","GO:0006081","aldehyde metabolic process",0.523163654215415,4,85,1,0.0117647058823529,0.25,"AT3G21720"
"All_85","GO:BP","GO:0141060","disruption of anatomical structure in another organism",0.523163654215415,16,85,2,0.0235294117647059,0.125,"AT3G05727,AT2G26010"
"All_85","GO:BP","GO:0141061","disruption of cell in another organism",0.523163654215415,16,85,2,0.0235294117647059,0.125,"AT3G05727,AT2G26010"
"All_85","GO:BP","GO:0006979","response to oxidative stress",0.523163654215415,67,85,5,0.0588235294117647,0.0746268656716418,"AT4G30170,AT1G07400,AT2G29500,AT5G13930,AT1G80130"
"All_85","GO:BP","GO:0170041","non-proteinogenic amino acid metabolic process",0.523163654215415,4,85,1,0.0117647058823529,0.25,"AT5G65800"
"All_85","GO:BP","GO:0180055","response to metal ion starvation",0.523163654215415,4,85,1,0.0117647058823529,0.25,"AT2G30766"
"All_85","GO:BP","GO:0008652","amino acid biosynthetic process",0.523163654215415,16,85,2,0.0235294117647059,0.125,"AT5G56080,AT5G65800"
"All_85","GO:BP","GO:0009962","regulation of flavonoid biosynthetic process",0.523163654215415,4,85,1,0.0117647058823529,0.25,"AT5G13930"
"All_85","GO:BP","GO:0010087","phloem or xylem histogenesis",0.523163654215415,4,85,1,0.0117647058823529,0.25,"AT5G65800"
"All_85","GO:BP","GO:0010227","floral organ abscission",0.523163654215415,4,85,1,0.0117647058823529,0.25,"AT2G41850"
"All_85","GO:BP","GO:0034755","iron ion transmembrane transport",0.523163654215415,4,85,1,0.0117647058823529,0.25,"AT4G19690"
"All_85","GO:BP","GO:0022411","cellular component disassembly",0.523163654215415,4,85,1,0.0117647058823529,0.25,"AT2G41850"
"All_85","GO:BP","GO:0009860","pollen tube growth",0.523163654215415,4,85,1,0.0117647058823529,0.25,"AT5G56080"
"All_85","GO:BP","GO:1900150","regulation of defense response to fungus",0.523163654215415,4,85,1,0.0117647058823529,0.25,"AT1G70260"
"All_85","GO:BP","GO:0009735","response to cytokinin",0.523163654215415,16,85,2,0.0235294117647059,0.125,"AT5G65800,AT1G13430"
"All_85","GO:BP","GO:0010043","response to zinc ion",0.523163654215415,4,85,1,0.0117647058823529,0.25,"AT5G56080"
"All_85","GO:BP","GO:1990641","response to iron ion starvation",0.523163654215415,4,85,1,0.0117647058823529,0.25,"AT2G30766"
"All_85","GO:BP","GO:1902025","nitrate import",0.523163654215415,4,85,1,0.0117647058823529,0.25,"AT1G08090"
"All_85","GO:BP","GO:0050821","protein stabilization",0.523163654215415,4,85,1,0.0117647058823529,0.25,"AT2G42540"
"All_85","GO:BP","GO:0015706","nitrate transmembrane transport",0.523163654215415,4,85,1,0.0117647058823529,0.25,"AT1G08090"
"All_85","GO:BP","GO:0001906","cell killing",0.523163654215415,16,85,2,0.0235294117647059,0.125,"AT3G05727,AT2G26010"
"All_85","GO:BP","GO:0031640","killing of cells of another organism",0.523163654215415,16,85,2,0.0235294117647059,0.125,"AT3G05727,AT2G26010"
"All_85","GO:MF","GO:0080043","quercetin 3-O-glucosyltransferase activity",0.526528680590172,5,85,1,0.0117647058823529,0.2,"AT2G36790"
"All_85","GO:MF","GO:0008374","O-acyltransferase activity",0.526528680590172,5,85,1,0.0117647058823529,0.2,"AT3G29670"
"All_85","GO:MF","GO:0016758","hexosyltransferase activity",0.526528680590172,35,85,3,0.0352941176470588,0.0857142857142857,"AT5G57540,AT3G46700,AT2G36790"
"All_85","GO:MF","GO:0016671","oxidoreductase activity, acting on a sulfur group of donors, disulfide as acceptor",0.526528680590172,5,85,1,0.0117647058823529,0.2,"AT4G12870"
"All_85","GO:MF","GO:0004022","alcohol dehydrogenase (NAD+) activity",0.526528680590172,5,85,1,0.0117647058823529,0.2,"AT1G66800"
"All_85","GO:BP","GO:0031669","cellular response to nutrient levels",0.535947560993775,19,85,2,0.0235294117647059,0.105263157894737,"AT3G56970,AT2G02990"
"All_85","GO:BP","GO:0031647","regulation of protein stability",0.535947560993775,5,85,1,0.0117647058823529,0.2,"AT2G42540"
"All_85","GO:BP","GO:2001057","reactive nitrogen species metabolic process",0.535947560993775,5,85,1,0.0117647058823529,0.2,"AT1G08090"
"All_85","GO:BP","GO:0051553","flavone biosynthetic process",0.535947560993775,5,85,1,0.0117647058823529,0.2,"AT2G36790"
"All_85","GO:BP","GO:0051555","flavonol biosynthetic process",0.535947560993775,5,85,1,0.0117647058823529,0.2,"AT2G36790"
"All_85","GO:BP","GO:0048868","pollen tube development",0.535947560993775,5,85,1,0.0117647058823529,0.2,"AT5G56080"
"All_85","GO:BP","GO:0009308","amine metabolic process",0.535947560993775,5,85,1,0.0117647058823529,0.2,"AT5G56080"
"All_85","GO:BP","GO:0018193","peptidyl-amino acid modification",0.535947560993775,5,85,1,0.0117647058823529,0.2,"AT5G50580"
"All_85","GO:BP","GO:0051260","protein homooligomerization",0.535947560993775,5,85,1,0.0117647058823529,0.2,"AT2G42540"
"All_85","GO:BP","GO:0002832","negative regulation of response to biotic stimulus",0.535947560993775,5,85,1,0.0117647058823529,0.2,"AT1G70260"
"All_85","GO:BP","GO:0120251","hydrocarbon biosynthetic process",0.535947560993775,5,85,1,0.0117647058823529,0.2,"AT5G65800"
"All_85","GO:BP","GO:0044706","multi-multicellular organism process",0.535947560993775,5,85,1,0.0117647058823529,0.2,"AT5G56080"
"All_85","GO:BP","GO:0051640","organelle localization",0.535947560993775,5,85,1,0.0117647058823529,0.2,"AT1G51270"
"All_85","GO:BP","GO:0008654","phospholipid biosynthetic process",0.535947560993775,5,85,1,0.0117647058823529,0.2,"AT1G25145"
"All_85","GO:BP","GO:0009668","plastid membrane organization",0.535947560993775,5,85,1,0.0117647058823529,0.2,"AT2G42540"
"All_85","GO:BP","GO:0032102","negative regulation of response to external stimulus",0.535947560993775,5,85,1,0.0117647058823529,0.2,"AT1G70260"
"All_85","GO:BP","GO:0009267","cellular response to starvation",0.535947560993775,19,85,2,0.0235294117647059,0.105263157894737,"AT3G56970,AT2G02990"
"All_85","GO:BP","GO:0006879","intracellular iron ion homeostasis",0.535947560993775,5,85,1,0.0117647058823529,0.2,"AT3G56970"
"All_85","GO:BP","GO:0042126","nitrate metabolic process",0.535947560993775,5,85,1,0.0117647058823529,0.2,"AT1G08090"
"All_85","GO:BP","GO:0009856","pollination",0.535947560993775,5,85,1,0.0117647058823529,0.2,"AT5G56080"
"All_85","GO:BP","GO:0042128","nitrate assimilation",0.535947560993775,5,85,1,0.0117647058823529,0.2,"AT1G08090"
"All_85","GO:BP","GO:0009838","abscission",0.535947560993775,5,85,1,0.0117647058823529,0.2,"AT2G41850"
"All_85","GO:BP","GO:0009827","plant-type cell wall modification",0.535947560993775,5,85,1,0.0117647058823529,0.2,"AT2G41850"
"All_85","GO:BP","GO:0050826","response to freezing",0.535947560993775,5,85,1,0.0117647058823529,0.2,"AT2G42540"
"All_85","GO:MF","GO:0030170","pyridoxal phosphate binding",0.546130077384099,6,85,1,0.0117647058823529,0.166666666666667,"AT5G65800"
"All_85","GO:MF","GO:0008234","cysteine-type peptidase activity",0.546130077384099,6,85,1,0.0117647058823529,0.166666666666667,"AT1G29090"
"All_85","GO:MF","GO:0018455","alcohol dehydrogenase [NAD(P)+] activity",0.546130077384099,6,85,1,0.0117647058823529,0.166666666666667,"AT1G66800"
"All_85","GO:MF","GO:0070279","vitamin B6 binding",0.546130077384099,6,85,1,0.0117647058823529,0.166666666666667,"AT5G65800"
"All_85","GO:MF","GO:0004519","endonuclease activity",0.546130077384099,6,85,1,0.0117647058823529,0.166666666666667,"AT2G02990"
"All_85","GO:MF","GO:0035251","UDP-glucosyltransferase activity",0.546130077384099,20,85,2,0.0235294117647059,0.1,"AT3G46700,AT2G36790"
"All_85","GO:MF","GO:0004518","nuclease activity",0.546130077384099,6,85,1,0.0117647058823529,0.166666666666667,"AT2G02990"
"All_85","GO:MF","GO:0080044","quercetin 7-O-glucosyltransferase activity",0.546130077384099,6,85,1,0.0117647058823529,0.166666666666667,"AT2G36790"
"All_85","KEGG","KEGG:00460","Cyanoamino acid metabolism",0.547511762389525,9,85,1,0.0117647058823529,0.111111111111111,"AT3G21370"
"All_85","KEGG","KEGG:00040","Pentose and glucuronate interconversions",0.553695562482346,10,85,1,0.0117647058823529,0.1,"AT2G41850"
"All_85","GO:BP","GO:0071669","plant-type cell wall organization or biogenesis",0.555223963172661,37,85,3,0.0352941176470588,0.0810810810810811,"AT1G26240,AT2G41850,AT4G13390"
"All_85","GO:BP","GO:0006873","intracellular monoatomic ion homeostasis",0.555223963172661,6,85,1,0.0117647058823529,0.166666666666667,"AT3G56970"
"All_85","GO:BP","GO:0006040","amino sugar metabolic process",0.555223963172661,6,85,1,0.0117647058823529,0.166666666666667,"AT1G25145"
"All_85","GO:BP","GO:0050832","defense response to fungus",0.555223963172661,58,85,4,0.0470588235294118,0.0689655172413793,"AT1G70260,AT3G05727,AT2G26010,AT4G11650"
"All_85","GO:BP","GO:0044273","sulfur compound catabolic process",0.555223963172661,6,85,1,0.0117647058823529,0.166666666666667,"AT1G54040"
"All_85","GO:BP","GO:0051552","flavone metabolic process",0.555223963172661,6,85,1,0.0117647058823529,0.166666666666667,"AT2G36790"
"All_85","GO:BP","GO:0051259","protein complex oligomerization",0.555223963172661,6,85,1,0.0117647058823529,0.166666666666667,"AT2G42540"
"All_85","GO:BP","GO:0016145","S-glycoside catabolic process",0.555223963172661,6,85,1,0.0117647058823529,0.166666666666667,"AT1G54040"
"All_85","GO:BP","GO:0120252","hydrocarbon metabolic process",0.555223963172661,6,85,1,0.0117647058823529,0.166666666666667,"AT5G65800"
"All_85","GO:BP","GO:0030003","intracellular monoatomic cation homeostasis",0.555223963172661,6,85,1,0.0117647058823529,0.166666666666667,"AT3G56970"
"All_85","GO:BP","GO:1901658","glycosyl compound catabolic process",0.555223963172661,6,85,1,0.0117647058823529,0.166666666666667,"AT1G54040"
"All_85","GO:BP","GO:0010150","leaf senescence",0.555223963172661,21,85,2,0.0235294117647059,0.0952380952380952,"AT1G54040,AT2G42540"
"All_85","GO:BP","GO:0019762","glucosinolate catabolic process",0.555223963172661,6,85,1,0.0117647058823529,0.166666666666667,"AT1G54040"
"All_85","GO:BP","GO:0002229","defense response to oomycetes",0.555223963172661,6,85,1,0.0117647058823529,0.166666666666667,"AT1G70260"
"All_85","GO:BP","GO:0006644","phospholipid metabolic process",0.555223963172661,6,85,1,0.0117647058823529,0.166666666666667,"AT1G25145"
"All_85","GO:BP","GO:0031348","negative regulation of defense response",0.555223963172661,6,85,1,0.0117647058823529,0.166666666666667,"AT1G70260"
"All_85","GO:BP","GO:0051554","flavonol metabolic process",0.555223963172661,6,85,1,0.0117647058823529,0.166666666666667,"AT2G36790"
"All_85","GO:BP","GO:0071941","nitrogen cycle metabolic process",0.555223963172661,6,85,1,0.0117647058823529,0.166666666666667,"AT1G08090"
"All_85","GO:BP","GO:0043269","regulation of monoatomic ion transport",0.555223963172661,6,85,1,0.0117647058823529,0.166666666666667,"AT2G30766"
"All_85","GO:BP","GO:0009932","cell tip growth",0.555223963172661,6,85,1,0.0117647058823529,0.166666666666667,"AT5G56080"
"All_85","GO:MF","GO:0016798","hydrolase activity, acting on glycosyl bonds",0.560674485928603,59,85,4,0.0470588235294118,0.0677966101694915,"AT3G21370,AT2G41850,AT5G57540,AT1G51270"
"All_85","GO:MF","GO:0016836","hydro-lyase activity",0.581490977185631,7,85,1,0.0117647058823529,0.142857142857143,"AT3G52720"
"All_85","GO:MF","GO:0004252","serine-type endopeptidase activity",0.581490977185631,7,85,1,0.0117647058823529,0.142857142857143,"AT4G10510"
"All_85","GO:MF","GO:0046915","transition metal ion transmembrane transporter activity",0.581490977185631,7,85,1,0.0117647058823529,0.142857142857143,"AT4G19690"
"All_85","GO:MF","GO:0016667","oxidoreductase activity, acting on a sulfur group of donors",0.581490977185631,7,85,1,0.0117647058823529,0.142857142857143,"AT4G12870"
"All_85","KEGG","KEGG:01110","Biosynthesis of secondary metabolites",0.593632904271338,167,85,8,0.0941176470588235,0.0479041916167665,"AT4G30170,AT5G56080,AT3G21370,AT3G01260,AT5G13930,AT3G21720,AT3G51240,AT5G65800"
"All_85","KEGG","KEGG:00010","Glycolysis / Gluconeogenesis",0.593632904271338,13,85,1,0.0117647058823529,0.0769230769230769,"AT3G01260"
"All_85","GO:BP","GO:0009617","response to bacterium",0.602831619210946,41,85,3,0.0352941176470588,0.0731707317073171,"AT1G70260,AT4G19690,AT1G54040"
"All_85","GO:BP","GO:0120255","olefinic compound biosynthetic process",0.604914705437695,7,85,1,0.0117647058823529,0.142857142857143,"AT5G65800"
"All_85","GO:BP","GO:0016036","cellular response to phosphate starvation",0.604914705437695,7,85,1,0.0117647058823529,0.142857142857143,"AT2G02990"
"All_85","GO:BP","GO:0030001","metal ion transport",0.604914705437695,23,85,2,0.0235294117647059,0.0869565217391304,"AT4G19690,AT2G30766"
"All_85","GO:BP","GO:0009165","nucleotide biosynthetic process",0.604914705437695,7,85,1,0.0117647058823529,0.142857142857143,"AT5G23220"
"All_85","GO:BP","GO:0009555","pollen development",0.604914705437695,7,85,1,0.0117647058823529,0.142857142857143,"AT5G56080"
"All_85","GO:BP","GO:0010167","response to nitrate",0.604914705437695,7,85,1,0.0117647058823529,0.142857142857143,"AT1G08090"
"All_85","GO:BP","GO:0034605","cellular response to heat",0.604914705437695,7,85,1,0.0117647058823529,0.142857142857143,"AT5G48570"
"All_85","KEGG","KEGG:00500","Starch and sucrose metabolism",0.60534724819838,17,85,1,0.0117647058823529,0.0588235294117647,"AT3G21370"
"All_85","KEGG","KEGG:00630","Glyoxylate and dicarboxylate metabolism",0.60534724819838,15,85,1,0.0117647058823529,0.0666666666666667,"AT3G21720"
"All_85","KEGG","KEGG:04016","MAPK signaling pathway - plant",0.60534724819838,16,85,1,0.0117647058823529,0.0625,"AT2G26010"
"All_85","GO:BP","GO:0042742","defense response to bacterium",0.618275129382993,24,85,2,0.0235294117647059,0.0833333333333333,"AT1G70260,AT1G54040"
"All_85","GO:BP","GO:0019637","organophosphate metabolic process",0.618275129382993,24,85,2,0.0235294117647059,0.0833333333333333,"AT1G25145,AT5G23220"
"All_85","GO:CC","GO:0005773","vacuole",0.62229276166545,99,85,7,0.0823529411764706,0.0707070707070707,"AT4G30170,AT4G22690,AT3G22060,AT5G48570,AT3G57020,AT4G19690,AT5G13930"
"All_85","GO:CC","GO:0000325","plant-type vacuole",0.62229276166545,61,85,5,0.0588235294117647,0.0819672131147541,"AT4G22690,AT3G22060,AT5G48570,AT3G57020,AT5G13930"
"All_85","KEGG","KEGG:01100","Metabolic pathways",0.628079099818273,263,85,11,0.129411764705882,0.0418250950570342,"AT4G30170,AT5G56080,AT3G21370,AT2G41850,AT3G52720,AT1G25145,AT3G01260,AT5G13930,AT3G21720,AT3G51240,AT5G65800"
"All_85","GO:CC","GO:0005737","cytoplasm",0.63345132286878,701,85,35,0.411764705882353,0.0499286733238231,"AT4G10250,AT4G01390,AT4G30170,AT3G21370,AT1G07400,AT1G70260,AT3G55290,AT1G52560,AT2G29500,AT4G22690,AT3G22060,AT1G53540,AT1G54050,AT5G48570,AT3G05727,AT3G52720,AT5G59720,AT1G25145,AT2G38750,AT3G46230,AT3G22830,AT3G57020,AT4G19690,AT5G13930,AT1G54040,AT2G26010,AT3G21720,AT4G11650,AT2G36790,AT4G25200,AT1G51270,AT2G42540,AT2G30766,AT1G13430,AT2G23110"
"All_85","GO:MF","GO:0005543","phospholipid binding",0.642397275857447,8,85,1,0.0117647058823529,0.125,"AT2G38750"
"All_85","GO:MF","GO:0140096","catalytic activity, acting on a protein",0.64680350613964,86,85,5,0.0588235294117647,0.0581395348837209,"AT4G10510,AT1G29090,AT5G48570,AT5G50580,AT1G60190"
"All_85","GO:BP","GO:1901293","nucleoside phosphate biosynthetic process",0.647814509850713,8,85,1,0.0117647058823529,0.125,"AT5G23220"
"All_85","GO:BP","GO:0048653","anther development",0.647814509850713,8,85,1,0.0117647058823529,0.125,"AT2G41850"
"All_85","GO:BP","GO:0090693","plant organ senescence",0.647814509850713,25,85,2,0.0235294117647059,0.08,"AT1G54040,AT2G42540"
"All_85","GO:BP","GO:0055082","intracellular chemical homeostasis",0.647814509850713,8,85,1,0.0117647058823529,0.125,"AT3G56970"
"All_85","GO:BP","GO:0055080","monoatomic cation homeostasis",0.647814509850713,8,85,1,0.0117647058823529,0.125,"AT3G56970"
"All_85","GO:BP","GO:0050801","monoatomic ion homeostasis",0.647814509850713,8,85,1,0.0117647058823529,0.125,"AT3G56970"
"All_85","GO:MF","GO:0004553","hydrolase activity, hydrolyzing O-glycosyl compounds",0.659617994416125,46,85,3,0.0352941176470588,0.0652173913043478,"AT3G21370,AT2G41850,AT5G57540"
"All_85","GO:CC","GO:0005794","Golgi apparatus",0.66689032688474,32,85,3,0.0352941176470588,0.09375,"AT4G22690,AT2G38750,AT4G19690"
"All_85","GO:BP","GO:0009620","response to fungus",0.671787193756073,66,85,4,0.0470588235294118,0.0606060606060606,"AT1G70260,AT3G05727,AT2G26010,AT4G11650"
"All_85","GO:MF","GO:0004650","polygalacturonase activity",0.67194625384169,9,85,1,0.0117647058823529,0.111111111111111,"AT2G41850"
"All_85","GO:MF","GO:0140098","catalytic activity, acting on RNA",0.67194625384169,9,85,1,0.0117647058823529,0.111111111111111,"AT2G02990"
"All_85","GO:BP","GO:0042221","response to chemical",0.674408002153268,328,85,16,0.188235294117647,0.0487804878048781,"AT4G10250,AT2G14247,AT4G30170,AT5G56080,AT1G07400,AT1G08090,AT3G22060,AT1G54050,AT2G38750,AT3G46230,AT5G13930,AT1G54040,AT2G42540,AT3G29670,AT5G65800,AT1G13430"
"All_85","GO:MF","GO:0005198","structural molecule activity",0.686368670978768,28,85,2,0.0235294117647059,0.0714285714285714,"AT1G26240,AT4G13390"
"All_85","GO:MF","GO:0016740","transferase activity",0.688751667524129,178,85,9,0.105882352941176,0.050561797752809,"AT5G56080,AT5G57540,AT5G13930,AT3G46700,AT1G60190,AT4G27560,AT2G36790,AT3G29670,AT1G13430"
"All_85","GO:MF","GO:0016787","hydrolase activity",0.690242370837038,201,85,10,0.117647058823529,0.0497512437810945,"AT4G10510,AT3G21370,AT1G29090,AT2G41850,AT5G57540,AT1G25145,AT2G02990,AT3G57020,AT5G23220,AT1G51270"
"All_85","GO:BP","GO:0006520","amino acid metabolic process",0.692558312788968,27,85,2,0.0235294117647059,0.0740740740740741,"AT5G56080,AT5G65800"
"All_85","GO:BP","GO:0015698","inorganic anion transport",0.695244626709329,9,85,1,0.0117647058823529,0.111111111111111,"AT1G08090"
"All_85","GO:BP","GO:0072524","pyridine-containing compound metabolic process",0.695244626709329,9,85,1,0.0117647058823529,0.111111111111111,"AT5G23220"
"All_85","GO:BP","GO:0045229","external encapsulating structure organization",0.705850371211938,69,85,4,0.0470588235294118,0.0579710144927536,"AT1G26240,AT2G41850,AT5G57540,AT4G13390"
"All_85","GO:BP","GO:0009753","response to jasmonic acid",0.705850371211938,28,85,2,0.0235294117647059,0.0714285714285714,"AT5G13930,AT1G54040"
"All_85","GO:BP","GO:0071555","cell wall organization",0.705850371211938,69,85,4,0.0470588235294118,0.0579710144927536,"AT1G26240,AT2G41850,AT5G57540,AT4G13390"
"All_85","GO:BP","GO:0070542","response to fatty acid",0.705850371211938,28,85,2,0.0235294117647059,0.0714285714285714,"AT5G13930,AT1G54040"
"All_85","GO:BP","GO:0071489","cellular response to red or far red light",0.718939876354487,10,85,1,0.0117647058823529,0.1,"AT2G42540"
"All_85","GO:BP","GO:0019216","regulation of lipid metabolic process",0.718939876354487,10,85,1,0.0117647058823529,0.1,"AT3G44326"
"All_85","GO:BP","GO:0120254","olefinic compound metabolic process",0.718939876354487,10,85,1,0.0117647058823529,0.1,"AT5G65800"
"All_85","GO:BP","GO:0002239","response to oomycetes",0.718939876354487,10,85,1,0.0117647058823529,0.1,"AT1G70260"
"All_85","GO:BP","GO:0010017","red or far-red light signaling pathway",0.718939876354487,10,85,1,0.0117647058823529,0.1,"AT2G42540"
"All_85","GO:BP","GO:0009926","auxin polar transport",0.718939876354487,10,85,1,0.0117647058823529,0.1,"AT5G13930"
"All_85","GO:MF","GO:0015926","glucosidase activity",0.727269181846376,11,85,1,0.0117647058823529,0.0909090909090909,"AT3G21370"
"All_85","GO:MF","GO:0008422","beta-glucosidase activity",0.727269181846376,11,85,1,0.0117647058823529,0.0909090909090909,"AT3G21370"
"All_85","GO:MF","GO:0008233","peptidase activity",0.727269181846376,31,85,2,0.0235294117647059,0.0645161290322581,"AT4G10510,AT1G29090"
"All_85","GO:MF","GO:0004175","endopeptidase activity",0.727269181846376,11,85,1,0.0117647058823529,0.0909090909090909,"AT4G10510"
"All_85","GO:MF","GO:0061809","NAD+ nucleosidase activity, cyclic ADP-ribose generating",0.73621841524943,13,85,1,0.0117647058823529,0.0769230769230769,"AT1G51270"
"All_85","GO:MF","GO:0016799","hydrolase activity, hydrolyzing N-glycosyl compounds",0.73621841524943,13,85,1,0.0117647058823529,0.0769230769230769,"AT1G51270"
"All_85","GO:MF","GO:0016874","ligase activity",0.73621841524943,12,85,1,0.0117647058823529,0.0833333333333333,"AT5G50580"
"All_85","GO:MF","GO:0016762","xyloglucan:xyloglucosyl transferase activity",0.73621841524943,12,85,1,0.0117647058823529,0.0833333333333333,"AT5G57540"
"All_85","GO:MF","GO:0043177","organic acid binding",0.73621841524943,13,85,1,0.0117647058823529,0.0769230769230769,"AT3G51240"
"All_85","GO:MF","GO:0003953","NAD+ nucleosidase activity",0.73621841524943,13,85,1,0.0117647058823529,0.0769230769230769,"AT1G51270"
"All_85","GO:MF","GO:0003674","molecular_function",0.73621841524943,1471,85,64,0.752941176470588,0.0435078178110129,"AT2G14247,AT4G01390,AT4G30170,AT5G56080,AT1G26240,AT4G10510,AT3G56970,AT3G21370,AT1G07400,AT1G08090,AT1G70260,AT3G55290,AT1G52560,AT3G49970,AT1G29090,AT4G22690,AT2G41850,AT1G24575,AT3G26280,AT4G11210,AT1G77950,AT5G57540,AT5G48570,AT3G05727,AT4G22517,AT4G09420,AT3G52720,AT5G59720,AT4G22460,AT1G25145,AT2G02990,AT3G01345,AT2G38750,AT5G50580,AT3G46230,AT4G22520,AT3G22830,AT3G57020,AT4G19690,AT3G01260,AT5G13930,AT1G54040,AT1G80130,AT4G12870,AT2G26010,AT3G21720,AT3G46700,AT1G60190,AT4G11650,AT4G27560,AT2G36790,AT4G25200,AT5G23220,AT4G13390,AT3G51240,AT3G44326,AT1G66800,AT1G51270,AT2G42540,AT2G30766,AT3G29670,AT5G65800,AT1G13430,AT5G38550"
"All_85","GO:MF","GO:0031406","carboxylic acid binding",0.73621841524943,13,85,1,0.0117647058823529,0.0769230769230769,"AT3G51240"
"All_85","GO:MF","GO:0050135","NADP+ nucleosidase activity",0.73621841524943,13,85,1,0.0117647058823529,0.0769230769230769,"AT1G51270"
"All_85","GO:MF","GO:0005516","calmodulin binding",0.73621841524943,12,85,1,0.0117647058823529,0.0833333333333333,"AT5G48570"
"All_85","GO:BP","GO:0048466","androecium development",0.741563657988995,11,85,1,0.0117647058823529,0.0909090909090909,"AT2G41850"
"All_85","GO:BP","GO:0009914","hormone transport",0.741563657988995,11,85,1,0.0117647058823529,0.0909090909090909,"AT5G13930"
"All_85","GO:BP","GO:0048588","developmental cell growth",0.741563657988995,11,85,1,0.0117647058823529,0.0909090909090909,"AT5G56080"
"All_85","GO:BP","GO:0009631","cold acclimation",0.741563657988995,11,85,1,0.0117647058823529,0.0909090909090909,"AT2G42540"
"All_85","GO:BP","GO:0060918","auxin transport",0.741563657988995,11,85,1,0.0117647058823529,0.0909090909090909,"AT5G13930"
"All_85","GO:BP","GO:0009060","aerobic respiration",0.741563657988995,11,85,1,0.0117647058823529,0.0909090909090909,"AT3G21720"
"All_85","GO:BP","GO:0098771","inorganic ion homeostasis",0.741563657988995,11,85,1,0.0117647058823529,0.0909090909090909,"AT3G56970"
"All_85","GO:BP","GO:0048443","stamen development",0.741563657988995,11,85,1,0.0117647058823529,0.0909090909090909,"AT2G41850"
"All_85","GO:BP","GO:0019725","cellular homeostasis",0.741563657988995,11,85,1,0.0117647058823529,0.0909090909090909,"AT3G56970"
"All_85","GO:CC","GO:0140535","intracellular protein-containing complex",0.757100063593712,5,85,1,0.0117647058823529,0.2,"AT3G44326"
"All_85","GO:CC","GO:0005802","trans-Golgi network",0.757100063593712,5,85,1,0.0117647058823529,0.2,"AT4G19690"
"All_85","GO:BP","GO:0048827","phyllome development",0.761936064602315,53,85,3,0.0352941176470588,0.0566037735849057,"AT2G41850,AT1G54040,AT2G42540"
"All_85","GO:MF","GO:0046873","metal ion transmembrane transporter activity",0.762281149764183,14,85,1,0.0117647058823529,0.0714285714285714,"AT4G19690"
"All_85","GO:MF","GO:0008289","lipid binding",0.762281149764183,36,85,2,0.0235294117647059,0.0555555555555556,"AT2G38750,AT2G42540"
"All_85","GO:MF","GO:0016616","oxidoreductase activity, acting on the CH-OH group of donors, NAD or NADP as acceptor",0.772808635698834,16,85,1,0.0117647058823529,0.0625,"AT1G66800"
"All_85","GO:MF","GO:0016741","transferase activity, transferring one-carbon groups",0.772808635698834,16,85,1,0.0117647058823529,0.0625,"AT5G56080"
"All_85","GO:MF","GO:0140657","ATP-dependent activity",0.772808635698834,38,85,2,0.0235294117647059,0.0526315789473684,"AT1G24575,AT5G50580"
"All_85","GO:MF","GO:0008757","S-adenosylmethionine-dependent methyltransferase activity",0.772808635698834,16,85,1,0.0117647058823529,0.0625,"AT5G56080"
"All_85","GO:MF","GO:0046983","protein dimerization activity",0.772808635698834,63,85,3,0.0352941176470588,0.0476190476190476,"AT3G56970,AT1G77950,AT1G54040"
"All_85","GO:MF","GO:0016765","transferase activity, transferring alkyl or aryl (other than methyl) groups",0.772808635698834,15,85,1,0.0117647058823529,0.0666666666666667,"AT5G56080"
"All_85","GO:MF","GO:0008168","methyltransferase activity",0.772808635698834,16,85,1,0.0117647058823529,0.0625,"AT5G56080"
"All_85","GO:MF","GO:0051213","dioxygenase activity",0.772808635698834,16,85,1,0.0117647058823529,0.0625,"AT3G51240"
"All_85","GO:MF","GO:0016830","carbon-carbon lyase activity",0.772808635698834,15,85,1,0.0117647058823529,0.0666666666666667,"AT3G21720"
"All_85","GO:BP","GO:0006508","proteolysis",0.775022900039264,33,85,2,0.0235294117647059,0.0606060606060606,"AT4G10510,AT1G29090"
"All_85","GO:BP","GO:0009628","response to abiotic stimulus",0.775022900039264,258,85,12,0.141176470588235,0.0465116279069767,"AT4G10250,AT2G14247,AT1G07400,AT1G52560,AT1G54050,AT5G48570,AT5G59720,AT2G38750,AT3G46230,AT5G13930,AT3G51240,AT2G42540"
"All_85","GO:BP","GO:0048229","gametophyte development",0.775022900039264,12,85,1,0.0117647058823529,0.0833333333333333,"AT5G56080"
"All_85","GO:BP","GO:0071554","cell wall organization or biogenesis",0.775022900039264,77,85,4,0.0470588235294118,0.051948051948052,"AT1G26240,AT2G41850,AT5G57540,AT4G13390"
"All_85","GO:BP","GO:0051716","cellular response to stimulus",0.775022900039264,258,85,12,0.141176470588235,0.0465116279069767,"AT4G10250,AT2G14247,AT4G30170,AT3G56970,AT1G07400,AT1G54050,AT5G48570,AT4G09420,AT2G02990,AT3G46230,AT1G51270,AT2G42540"
"All_85","GO:BP","GO:0051049","regulation of transport",0.775022900039264,12,85,1,0.0117647058823529,0.0833333333333333,"AT2G30766"
"All_85","GO:BP","GO:0009629","response to gravity",0.775022900039264,12,85,1,0.0117647058823529,0.0833333333333333,"AT5G13930"
"All_85","GO:BP","GO:0065008","regulation of biological quality",0.775022900039264,33,85,2,0.0235294117647059,0.0606060606060606,"AT5G13930,AT2G42540"
"All_85","GO:BP","GO:0008202","steroid metabolic process",0.778661341966301,13,85,1,0.0117647058823529,0.0769230769230769,"AT3G44326"
"All_85","GO:BP","GO:0009611","response to wounding",0.778661341966301,34,85,2,0.0235294117647059,0.0588235294117647,"AT2G02990,AT5G13930"
"All_85","GO:BP","GO:0010029","regulation of seed germination",0.778661341966301,13,85,1,0.0117647058823529,0.0769230769230769,"AT1G60190"
"All_85","GO:BP","GO:0005975","carbohydrate metabolic process",0.778661341966301,101,85,5,0.0588235294117647,0.0495049504950495,"AT3G21370,AT2G41850,AT5G57540,AT3G01260,AT3G21720"
"All_85","GO:BP","GO:0032879","regulation of localization",0.778661341966301,13,85,1,0.0117647058823529,0.0769230769230769,"AT2G30766"
"All_85","GO:BP","GO:0071705","nitrogen compound transport",0.778661341966301,13,85,1,0.0117647058823529,0.0769230769230769,"AT1G08090"
"All_85","GO:BP","GO:1900140","regulation of seedling development",0.778661341966301,13,85,1,0.0117647058823529,0.0769230769230769,"AT1G60190"
"All_85","GO:BP","GO:0010411","xyloglucan metabolic process",0.778661341966301,13,85,1,0.0117647058823529,0.0769230769230769,"AT5G57540"
"All_85","KEGG","KEGG:01200","Carbon metabolism",0.788760295225024,32,85,1,0.0117647058823529,0.03125,"AT3G21720"
"All_85","GO:BP","GO:0036211","protein modification process",0.791402365733026,58,85,3,0.0352941176470588,0.0517241379310345,"AT3G49970,AT5G50580,AT1G60190"
"All_85","GO:BP","GO:0002831","regulation of response to biotic stimulus",0.791402365733026,14,85,1,0.0117647058823529,0.0714285714285714,"AT1G70260"
"All_85","GO:BP","GO:0048366","leaf development",0.791402365733026,36,85,2,0.0235294117647059,0.0555555555555556,"AT1G54040,AT2G42540"
"All_85","GO:BP","GO:0051179","localization",0.791402365733026,149,85,7,0.0823529411764706,0.0469798657718121,"AT5G56080,AT1G08090,AT1G70260,AT4G19690,AT5G13930,AT1G51270,AT2G30766"
"All_85","GO:BP","GO:0032101","regulation of response to external stimulus",0.791402365733026,14,85,1,0.0117647058823529,0.0714285714285714,"AT1G70260"
"All_85","GO:BP","GO:1901607","alpha-amino acid biosynthetic process",0.791402365733026,14,85,1,0.0117647058823529,0.0714285714285714,"AT5G65800"
"All_85","GO:BP","GO:0048585","negative regulation of response to stimulus",0.791402365733026,14,85,1,0.0117647058823529,0.0714285714285714,"AT1G70260"
"All_85","GO:BP","GO:0045333","cellular respiration",0.791402365733026,14,85,1,0.0117647058823529,0.0714285714285714,"AT3G21720"
"All_85","GO:BP","GO:0006812","monoatomic cation transport",0.791402365733026,35,85,2,0.0235294117647059,0.0571428571428571,"AT4G19690,AT2G30766"
"All_85","GO:MF","GO:0016835","carbon-oxygen lyase activity",0.791528814764066,17,85,1,0.0117647058823529,0.0588235294117647,"AT3G52720"
"All_85","GO:CC","GO:0005788","endoplasmic reticulum lumen",0.796306623554203,6,85,1,0.0117647058823529,0.166666666666667,"AT3G21370"
"All_85","GO:CC","GO:1990234","transferase complex",0.796306623554203,6,85,1,0.0117647058823529,0.166666666666667,"AT3G44326"
"All_85","KEGG","KEGG:00940","Phenylpropanoid biosynthesis",0.801808484801195,37,85,1,0.0117647058823529,0.027027027027027,"AT4G30170"
"All_85","GO:BP","GO:0043436","oxoacid metabolic process",0.810679977551348,106,85,5,0.0588235294117647,0.0471698113207547,"AT5G56080,AT1G08090,AT1G54040,AT3G21720,AT5G65800"
"All_85","GO:BP","GO:0006082","organic acid metabolic process",0.810679977551348,106,85,5,0.0588235294117647,0.0471698113207547,"AT5G56080,AT1G08090,AT1G54040,AT3G21720,AT5G65800"
"All_85","GO:MF","GO:0030247","polysaccharide binding",0.814820384386914,18,85,1,0.0117647058823529,0.0555555555555556,"AT5G57540"
"All_85","GO:BP","GO:0009117","nucleotide metabolic process",0.816915269221853,15,85,1,0.0117647058823529,0.0666666666666667,"AT5G23220"
"All_85","GO:BP","GO:0015980","energy derivation by oxidation of organic compounds",0.816915269221853,15,85,1,0.0117647058823529,0.0666666666666667,"AT3G21720"
"All_85","GO:MF","GO:0005515","protein binding",0.818407725642079,402,85,17,0.2,0.0422885572139304,"AT4G01390,AT3G56970,AT1G07400,AT3G49970,AT1G77950,AT5G48570,AT5G59720,AT5G50580,AT3G46230,AT5G13930,AT1G54040,AT1G80130,AT2G26010,AT1G60190,AT4G11650,AT3G44326,AT5G65800"
"All_85","GO:MF","GO:0008236","serine-type peptidase activity",0.821331044689894,19,85,1,0.0117647058823529,0.0526315789473684,"AT4G10510"
"All_85","GO:MF","GO:0017171","serine hydrolase activity",0.821331044689894,19,85,1,0.0117647058823529,0.0526315789473684,"AT4G10510"
"All_85","GO:BP","GO:0042545","cell wall modification",0.830327830538912,16,85,1,0.0117647058823529,0.0625,"AT2G41850"
"All_85","GO:BP","GO:1901698","response to nitrogen compound",0.830327830538912,16,85,1,0.0117647058823529,0.0625,"AT1G08090"
"All_85","GO:BP","GO:0006753","nucleoside phosphate metabolic process",0.830327830538912,16,85,1,0.0117647058823529,0.0625,"AT5G23220"
"All_85","GO:BP","GO:0007623","circadian rhythm",0.830327830538912,16,85,1,0.0117647058823529,0.0625,"AT2G42540"
"All_85","GO:BP","GO:0048878","chemical homeostasis",0.830327830538912,16,85,1,0.0117647058823529,0.0625,"AT3G56970"
"All_85","GO:BP","GO:1901136","carbohydrate derivative catabolic process",0.830327830538912,16,85,1,0.0117647058823529,0.0625,"AT1G54040"
"All_85","GO:BP","GO:0043412","macromolecule modification",0.830327830538912,62,85,3,0.0352941176470588,0.0483870967741935,"AT3G49970,AT5G50580,AT1G60190"
"All_85","GO:MF","GO:0016705","oxidoreductase activity, acting on paired donors, with incorporation or reduction of molecular oxygen",0.836639384996303,70,85,3,0.0352941176470588,0.0428571428571429,"AT4G22690,AT3G26280,AT3G51240"
"All_85","GO:MF","GO:0016614","oxidoreductase activity, acting on CH-OH group of donors",0.851803210429475,21,85,1,0.0117647058823529,0.0476190476190476,"AT1G66800"
"All_85","GO:MF","GO:0042803","protein homodimerization activity",0.851803210429475,21,85,1,0.0117647058823529,0.0476190476190476,"AT1G54040"
"All_85","GO:BP","GO:0051301","cell division",0.859852052903881,17,85,1,0.0117647058823529,0.0588235294117647,"AT5G65800"
"All_85","GO:BP","GO:0044281","small molecule metabolic process",0.859852052903881,136,85,6,0.0705882352941176,0.0441176470588235,"AT5G56080,AT1G08090,AT1G54040,AT3G21720,AT5G23220,AT5G65800"
"All_85","GO:CC","GO:0009705","plant-type vacuole membrane",0.864698619777893,7,85,1,0.0117647058823529,0.142857142857143,"AT5G13930"
"All_85","GO:BP","GO:0009651","response to salt stress",0.879852719311001,44,85,2,0.0235294117647059,0.0454545454545455,"AT2G38750,AT2G42540"
"All_85","GO:BP","GO:0071482","cellular response to light stimulus",0.879852719311001,20,85,1,0.0117647058823529,0.05,"AT2G42540"
"All_85","GO:BP","GO:0031347","regulation of defense response",0.879852719311001,19,85,1,0.0117647058823529,0.0526315789473684,"AT1G70260"
"All_85","GO:BP","GO:0048609","multicellular organismal reproductive process",0.879852719311001,20,85,1,0.0117647058823529,0.05,"AT2G41850"
"All_85","GO:BP","GO:0006810","transport",0.879852719311001,141,85,6,0.0705882352941176,0.0425531914893617,"AT5G56080,AT1G08090,AT1G70260,AT4G19690,AT5G13930,AT2G30766"
"All_85","GO:BP","GO:0048511","rhythmic process",0.879852719311001,18,85,1,0.0117647058823529,0.0555555555555556,"AT2G42540"
"All_85","GO:BP","GO:0006996","organelle organization",0.879852719311001,44,85,2,0.0235294117647059,0.0454545454545455,"AT1G51270,AT2G42540"
"All_85","GO:BP","GO:0042592","homeostatic process",0.879852719311001,20,85,1,0.0117647058823529,0.05,"AT3G56970"
"All_85","GO:BP","GO:0019538","protein metabolic process",0.879852719311001,116,85,5,0.0588235294117647,0.0431034482758621,"AT4G10510,AT3G49970,AT1G29090,AT5G50580,AT1G60190"
"All_85","GO:BP","GO:0009845","seed germination",0.879852719311001,19,85,1,0.0117647058823529,0.0526315789473684,"AT1G60190"
"All_85","GO:BP","GO:0009826","unidimensional cell growth",0.879852719311001,20,85,1,0.0117647058823529,0.05,"AT5G56080"
"All_85","GO:BP","GO:0042546","cell wall biogenesis",0.879852719311001,20,85,1,0.0117647058823529,0.05,"AT5G57540"
"All_85","GO:BP","GO:1901605","alpha-amino acid metabolic process",0.879852719311001,20,85,1,0.0117647058823529,0.05,"AT5G65800"
"All_85","GO:BP","GO:0071695","anatomical structure maturation",0.879852719311001,18,85,1,0.0117647058823529,0.0555555555555556,"AT5G65800"
"All_85","GO:BP","GO:0033993","response to lipid",0.879852719311001,115,85,5,0.0588235294117647,0.0434782608695652,"AT3G22060,AT2G38750,AT5G13930,AT1G54040,AT2G42540"
"All_85","GO:BP","GO:0090351","seedling development",0.879852719311001,20,85,1,0.0117647058823529,0.05,"AT1G60190"
"All_85","GO:BP","GO:0055086","nucleobase-containing small molecule metabolic process",0.879852719311001,19,85,1,0.0117647058823529,0.0526315789473684,"AT5G23220"
"All_85","GO:BP","GO:0071478","cellular response to radiation",0.879852719311001,20,85,1,0.0117647058823529,0.05,"AT2G42540"
"All_85","GO:BP","GO:0048438","floral whorl development",0.879852719311001,18,85,1,0.0117647058823529,0.0555555555555556,"AT2G41850"
"All_85","GO:BP","GO:0006811","monoatomic ion transport",0.879852719311001,44,85,2,0.0235294117647059,0.0454545454545455,"AT4G19690,AT2G30766"
"All_85","GO:BP","GO:0048527","lateral root development",0.879852719311001,20,85,1,0.0117647058823529,0.05,"AT1G08090"
"All_85","GO:BP","GO:0009719","response to endogenous stimulus",0.880277237770213,169,85,7,0.0823529411764706,0.0414201183431953,"AT3G22060,AT2G38750,AT5G13930,AT1G54040,AT2G42540,AT5G65800,AT1G13430"
"All_85","GO:BP","GO:0009725","response to hormone",0.880277237770213,169,85,7,0.0823529411764706,0.0414201183431953,"AT3G22060,AT2G38750,AT5G13930,AT1G54040,AT2G42540,AT5G65800,AT1G13430"
"All_85","GO:BP","GO:0051234","establishment of localization",0.880905175977055,145,85,6,0.0705882352941176,0.0413793103448276,"AT5G56080,AT1G08090,AT1G70260,AT4G19690,AT5G13930,AT2G30766"
"All_85","GO:BP","GO:0048468","cell development",0.890310654038215,21,85,1,0.0117647058823529,0.0476190476190476,"AT5G56080"
"All_85","GO:BP","GO:0048528","post-embryonic root development",0.890310654038215,21,85,1,0.0117647058823529,0.0476190476190476,"AT1G08090"
"All_85","GO:MF","GO:0005509","calcium ion binding",0.891747742833448,23,85,1,0.0117647058823529,0.0434782608695652,"AT2G38750"
"All_85","GO:BP","GO:0009737","response to abscisic acid",0.89904710099423,73,85,3,0.0352941176470588,0.0410958904109589,"AT3G22060,AT2G38750,AT2G42540"
"All_85","GO:BP","GO:0009644","response to high light intensity",0.906330640354788,22,85,1,0.0117647058823529,0.0454545454545455,"AT2G42540"
"All_85","GO:BP","GO:0097305","response to alcohol",0.906330640354788,74,85,3,0.0352941176470588,0.0405405405405405,"AT3G22060,AT2G38750,AT2G42540"
"All_85","GO:BP","GO:0051707","response to other organism",0.918279101831508,151,85,6,0.0705882352941176,0.0397350993377483,"AT1G70260,AT3G05727,AT4G19690,AT1G54040,AT2G26010,AT4G11650"
"All_85","GO:BP","GO:0043207","response to external biotic stimulus",0.918279101831508,151,85,6,0.0705882352941176,0.0397350993377483,"AT1G70260,AT3G05727,AT4G19690,AT1G54040,AT2G26010,AT4G11650"
"All_85","GO:BP","GO:0044419","biological process involved in interspecies interaction between organisms",0.91966925832611,153,85,6,0.0705882352941176,0.0392156862745098,"AT1G70260,AT3G05727,AT4G19690,AT1G54040,AT2G26010,AT4G11650"
"All_85","GO:BP","GO:0010038","response to metal ion",0.91966925832611,24,85,1,0.0117647058823529,0.0416666666666667,"AT5G56080"
"All_85","GO:BP","GO:0010817","regulation of hormone levels",0.91966925832611,23,85,1,0.0117647058823529,0.0434782608695652,"AT5G13930"
"All_85","GO:BP","GO:0009699","phenylpropanoid biosynthetic process",0.91966925832611,24,85,1,0.0117647058823529,0.0416666666666667,"AT4G11210"
"All_85","GO:BP","GO:0044042","glucan metabolic process",0.91966925832611,24,85,1,0.0117647058823529,0.0416666666666667,"AT5G57540"
"All_85","GO:BP","GO:0046394","carboxylic acid biosynthetic process",0.91966925832611,51,85,2,0.0235294117647059,0.0392156862745098,"AT5G56080,AT5G65800"
"All_85","GO:BP","GO:0016053","organic acid biosynthetic process",0.91966925832611,51,85,2,0.0235294117647059,0.0392156862745098,"AT5G56080,AT5G65800"
"All_85","GO:BP","GO:1901135","carbohydrate derivative metabolic process",0.91966925832611,51,85,2,0.0235294117647059,0.0392156862745098,"AT1G25145,AT1G54040"
"All_85","GO:CC","GO:0098791","Golgi apparatus subcompartment",0.922242297262719,8,85,1,0.0117647058823529,0.125,"AT4G19690"
"All_85","GO:BP","GO:0009657","plastid organization",0.924817789429596,25,85,1,0.0117647058823529,0.04,"AT2G42540"
"All_85","GO:BP","GO:0048437","floral organ development",0.924817789429596,25,85,1,0.0117647058823529,0.04,"AT2G41850"
"All_85","GO:BP","GO:0060560","developmental growth involved in morphogenesis",0.924817789429596,25,85,1,0.0117647058823529,0.04,"AT5G56080"
"All_85","GO:BP","GO:0090696","post-embryonic plant organ development",0.924817789429596,25,85,1,0.0117647058823529,0.04,"AT1G08090"
"All_85","GO:BP","GO:0098655","monoatomic cation transmembrane transport",0.924817789429596,25,85,1,0.0117647058823529,0.04,"AT4G19690"
"All_85","GO:BP","GO:1901137","carbohydrate derivative biosynthetic process",0.941683933921467,26,85,1,0.0117647058823529,0.0384615384615385,"AT1G25145"
"All_85","GO:BP","GO:0009607","response to biotic stimulus",0.949777740257682,160,85,6,0.0705882352941176,0.0375,"AT1G70260,AT3G05727,AT4G19690,AT1G54040,AT2G26010,AT4G11650"
"All_85","GO:BP","GO:0019760","glucosinolate metabolic process",0.951072059477004,27,85,1,0.0117647058823529,0.037037037037037,"AT1G54040"
"All_85","GO:BP","GO:0080134","regulation of response to stress",0.951072059477004,27,85,1,0.0117647058823529,0.037037037037037,"AT1G70260"
"All_85","GO:CC","GO:0031984","organelle subcompartment",0.956553313208524,27,85,2,0.0235294117647059,0.0740740740740741,"AT4G19690,AT1G51270"
"All_85","GO:BP","GO:0019752","carboxylic acid metabolic process",0.962296326726221,84,85,3,0.0352941176470588,0.0357142857142857,"AT5G56080,AT3G21720,AT5G65800"
"All_85","GO:BP","GO:0006970","response to osmotic stress",0.964041965904373,57,85,2,0.0235294117647059,0.0350877192982456,"AT2G38750,AT2G42540"
"All_85","GO:BP","GO:0055085","transmembrane transport",0.966333200129543,85,85,3,0.0352941176470588,0.0352941176470588,"AT1G08090,AT1G70260,AT4G19690"
"All_85","GO:MF","GO:0008270","zinc ion binding",0.96657690442068,27,85,1,0.0117647058823529,0.037037037037037,"AT3G52720"
"All_85","GO:BP","GO:0048367","shoot system development",0.967168165220018,87,85,3,0.0352941176470588,0.0344827586206897,"AT2G41850,AT1G54040,AT2G42540"
"All_85","GO:BP","GO:0044283","small molecule biosynthetic process",0.967168165220018,59,85,2,0.0235294117647059,0.0338983050847458,"AT5G56080,AT5G65800"
"All_85","GO:BP","GO:0044550","secondary metabolite biosynthetic process",0.967168165220018,29,85,1,0.0117647058823529,0.0344827586206897,"AT4G11210"
"All_85","GO:BP","GO:0009605","response to external stimulus",0.967168165220018,167,85,6,0.0705882352941176,0.0359281437125748,"AT1G70260,AT3G05727,AT4G19690,AT1G54040,AT2G26010,AT4G11650"
"All_85","GO:BP","GO:0070887","cellular response to chemical stimulus",0.967168165220018,167,85,6,0.0705882352941176,0.0359281437125748,"AT4G10250,AT2G14247,AT4G30170,AT1G07400,AT1G54050,AT3G46230"
"All_85","GO:BP","GO:0000902","cell morphogenesis",0.967168165220018,29,85,1,0.0117647058823529,0.0344827586206897,"AT5G56080"
"All_85","GO:BP","GO:0016049","cell growth",0.967168165220018,30,85,1,0.0117647058823529,0.0333333333333333,"AT5G56080"
"All_85","GO:BP","GO:0034220","monoatomic ion transmembrane transport",0.967168165220018,30,85,1,0.0117647058823529,0.0333333333333333,"AT4G19690"
"All_85","GO:BP","GO:0042744","hydrogen peroxide catabolic process",0.979347700748103,31,85,1,0.0117647058823529,0.032258064516129,"AT4G30170"
"All_85","GO:BP","GO:0003006","developmental process involved in reproduction",0.982749307658112,90,85,3,0.0352941176470588,0.0333333333333333,"AT5G56080,AT2G41850,AT5G65800"
"All_85","GO:MF","GO:0020037","heme binding",0.983579933733168,88,85,3,0.0352941176470588,0.0340909090909091,"AT4G30170,AT4G22690,AT3G26280"
"All_85","GO:MF","GO:0140825","lactoperoxidase activity",0.983579933733168,30,85,1,0.0117647058823529,0.0333333333333333,"AT4G30170"
"All_85","GO:MF","GO:0005215","transporter activity",0.983579933733168,90,85,3,0.0352941176470588,0.0333333333333333,"AT1G08090,AT1G70260,AT4G19690"
"All_85","GO:MF","GO:0005506","iron ion binding",0.983579933733168,61,85,2,0.0235294117647059,0.0327868852459016,"AT4G22690,AT3G26280"
"All_85","GO:MF","GO:0030234","enzyme regulator activity",0.983579933733168,30,85,1,0.0117647058823529,0.0333333333333333,"AT1G54040"
"All_85","GO:MF","GO:0008324","monoatomic cation transmembrane transporter activity",0.983579933733168,29,85,1,0.0117647058823529,0.0344827586206897,"AT4G19690"
"All_85","GO:MF","GO:0022857","transmembrane transporter activity",0.983579933733168,89,85,3,0.0352941176470588,0.0337078651685393,"AT1G08090,AT1G70260,AT4G19690"
"All_85","GO:MF","GO:0042802","identical protein binding",0.983637288986632,32,85,1,0.0117647058823529,0.03125,"AT1G54040"
"All_85","GO:MF","GO:0004497","monooxygenase activity",0.984263966345844,64,85,2,0.0235294117647059,0.03125,"AT4G22690,AT3G26280"
"All_85","GO:MF","GO:0015075","monoatomic ion transmembrane transporter activity",0.984263966345844,33,85,1,0.0117647058823529,0.0303030303030303,"AT4G19690"
"All_85","GO:BP","GO:0021700","developmental maturation",0.987580039062737,32,85,1,0.0117647058823529,0.03125,"AT5G65800"
"All_85","GO:BP","GO:0104004","cellular response to environmental stimulus",0.99127439345657,33,85,1,0.0117647058823529,0.0303030303030303,"AT2G42540"
"All_85","GO:BP","GO:0042743","hydrogen peroxide metabolic process",0.99127439345657,33,85,1,0.0117647058823529,0.0303030303030303,"AT4G30170"
"All_85","GO:BP","GO:0009636","response to toxic substance",0.99127439345657,64,85,2,0.0235294117647059,0.03125,"AT4G30170,AT3G29670"
"All_85","GO:BP","GO:0071214","cellular response to abiotic stimulus",0.99127439345657,33,85,1,0.0117647058823529,0.0303030303030303,"AT2G42540"
"All_85","GO:BP","GO:0022414","reproductive process",0.992371137155828,94,85,3,0.0352941176470588,0.0319148936170213,"AT5G56080,AT2G41850,AT5G65800"
"All_85","GO:BP","GO:0009414","response to water deprivation",0.992371137155828,65,85,2,0.0235294117647059,0.0307692307692308,"AT2G38750,AT2G42540"
"All_85","GO:BP","GO:0009639","response to red or far red light",0.992371137155828,34,85,1,0.0117647058823529,0.0294117647058824,"AT2G42540"
"All_85","GO:BP","GO:0006952","defense response",0.994436476646377,177,85,6,0.0705882352941176,0.0338983050847458,"AT1G70260,AT3G05727,AT4G09420,AT1G54040,AT2G26010,AT4G11650"
"All_85","GO:BP","GO:0009733","response to auxin",0.996171815288534,42,85,1,0.0117647058823529,0.0238095238095238,"AT5G13930"
"All_85","GO:BP","GO:0009642","response to light intensity",0.996171815288534,36,85,1,0.0117647058823529,0.0277777777777778,"AT2G42540"
"All_85","GO:BP","GO:0043933","protein-containing complex organization",0.996171815288534,72,85,1,0.0117647058823529,0.0138888888888889,"AT2G42540"
"All_85","GO:BP","GO:0044238","primary metabolic process",0.996171815288534,561,85,19,0.223529411764706,0.0338680926916221,"AT5G56080,AT4G10510,AT3G56970,AT3G21370,AT3G49970,AT1G29090,AT2G41850,AT1G77950,AT5G57540,AT1G25145,AT5G50580,AT3G22830,AT3G01260,AT5G13930,AT3G21720,AT1G60190,AT5G23220,AT3G44326,AT5G65800"
"All_85","GO:BP","GO:0044085","cellular component biogenesis",0.996171815288534,102,85,2,0.0235294117647059,0.0196078431372549,"AT5G57540,AT2G42540"
"All_85","GO:BP","GO:0009058","biosynthetic process",0.996171815288534,426,85,14,0.164705882352941,0.0328638497652582,"AT5G56080,AT3G56970,AT4G11210,AT1G77950,AT1G25145,AT2G02990,AT3G22830,AT3G57020,AT5G13930,AT1G54040,AT2G36790,AT5G23220,AT3G51240,AT5G65800"
"All_85","GO:BP","GO:0009056","catabolic process",0.996171815288534,116,85,2,0.0235294117647059,0.0172413793103448,"AT4G30170,AT1G54040"
"All_85","GO:BP","GO:0009698","phenylpropanoid metabolic process",0.996171815288534,35,85,1,0.0117647058823529,0.0285714285714286,"AT4G11210"
"All_85","GO:BP","GO:0009416","response to light stimulus",0.996171815288534,106,85,3,0.0352941176470588,0.0283018867924528,"AT5G13930,AT3G51240,AT2G42540"
"All_85","GO:BP","GO:0009409","response to cold",0.996171815288534,72,85,2,0.0235294117647059,0.0277777777777778,"AT2G38750,AT2G42540"
"All_85","GO:BP","GO:0009415","response to water",0.996171815288534,69,85,2,0.0235294117647059,0.0289855072463768,"AT2G38750,AT2G42540"
"All_85","GO:BP","GO:0009908","flower development",0.996171815288534,42,85,1,0.0117647058823529,0.0238095238095238,"AT2G41850"
"All_85","GO:BP","GO:0009888","tissue development",0.996171815288534,62,85,1,0.0117647058823529,0.0161290322580645,"AT5G65800"
"All_85","GO:BP","GO:0010468","regulation of gene expression",0.996171815288534,152,85,3,0.0352941176470588,0.0197368421052632,"AT3G56970,AT1G77950,AT3G22830"
"All_85","GO:BP","GO:0010556","regulation of macromolecule biosynthetic process",0.996171815288534,154,85,3,0.0352941176470588,0.0194805194805195,"AT3G56970,AT1G77950,AT3G22830"
"All_85","GO:BP","GO:0009889","regulation of biosynthetic process",0.996171815288534,169,85,4,0.0470588235294118,0.0236686390532544,"AT3G56970,AT1G77950,AT3G22830,AT5G13930"
"All_85","GO:BP","GO:0040007","growth",0.996171815288534,48,85,1,0.0117647058823529,0.0208333333333333,"AT5G56080"
"All_85","GO:BP","GO:0019219","regulation of nucleobase-containing compound metabolic process",0.996171815288534,143,85,3,0.0352941176470588,0.020979020979021,"AT3G56970,AT1G77950,AT3G22830"
"All_85","GO:BP","GO:0016043","cellular component organization",0.996171815288534,189,85,6,0.0705882352941176,0.0317460317460317,"AT1G26240,AT2G41850,AT5G57540,AT4G13390,AT1G51270,AT2G42540"
"All_85","GO:BP","GO:0010154","fruit development",0.996171815288534,40,85,1,0.0117647058823529,0.025,"AT5G65800"
"All_85","GO:BP","GO:0009987","cellular process",0.996171815288534,1088,85,43,0.505882352941176,0.0395220588235294,"AT4G10250,AT2G14247,AT4G30170,AT5G56080,AT1G26240,AT4G10510,AT3G56970,AT3G21370,AT1G07400,AT1G08090,AT1G70260,AT3G49970,AT1G29090,AT2G41850,AT4G11210,AT1G77950,AT1G54050,AT5G57540,AT5G48570,AT3G05727,AT4G09420,AT1G25145,AT2G02990,AT5G50580,AT3G46230,AT3G22830,AT3G57020,AT4G19690,AT3G01260,AT5G13930,AT1G54040,AT2G26010,AT3G21720,AT1G60190,AT4G27560,AT2G36790,AT5G23220,AT4G13390,AT3G51240,AT3G44326,AT1G51270,AT2G42540,AT5G65800"
"All_85","GO:BP","GO:0060255","regulation of macromolecule metabolic process",0.996171815288534,159,85,3,0.0352941176470588,0.0188679245283019,"AT3G56970,AT1G77950,AT3G22830"
"All_85","GO:BP","GO:0051252","regulation of RNA metabolic process",0.996171815288534,143,85,3,0.0352941176470588,0.020979020979021,"AT3G56970,AT1G77950,AT3G22830"
"All_85","GO:BP","GO:0065003","protein-containing complex assembly",0.996171815288534,70,85,1,0.0117647058823529,0.0142857142857143,"AT2G42540"
"All_85","GO:BP","GO:0061458","reproductive system development",0.996171815288534,84,85,2,0.0235294117647059,0.0238095238095238,"AT2G41850,AT5G65800"
"All_85","GO:BP","GO:0065007","biological regulation",0.996171815288534,355,85,11,0.129411764705882,0.0309859154929577,"AT3G56970,AT1G70260,AT1G77950,AT4G09420,AT3G22830,AT5G13930,AT1G60190,AT3G44326,AT1G51270,AT2G42540,AT2G30766"
"All_85","GO:BP","GO:0050789","regulation of biological process",0.996171815288534,345,85,11,0.129411764705882,0.0318840579710145,"AT3G56970,AT1G70260,AT1G77950,AT4G09420,AT3G22830,AT5G13930,AT1G60190,AT3G44326,AT1G51270,AT2G42540,AT2G30766"
"All_85","GO:BP","GO:0048869","cellular developmental process",0.996171815288534,64,85,1,0.0117647058823529,0.015625,"AT5G56080"
"All_85","GO:BP","GO:0050794","regulation of cellular process",0.996171815288534,310,85,8,0.0941176470588235,0.0258064516129032,"AT3G56970,AT1G77950,AT4G09420,AT3G22830,AT5G13930,AT3G44326,AT1G51270,AT2G42540"
"All_85","GO:BP","GO:0001101","response to acid chemical",0.996171815288534,70,85,2,0.0235294117647059,0.0285714285714286,"AT2G38750,AT2G42540"
"All_85","GO:BP","GO:0048518","positive regulation of biological process",0.996171815288534,77,85,1,0.0117647058823529,0.012987012987013,"AT2G30766"
"All_85","GO:BP","GO:0006793","phosphorus metabolic process",0.996171815288534,73,85,2,0.0235294117647059,0.0273972602739726,"AT1G25145,AT5G23220"
"All_85","GO:BP","GO:0006790","sulfur compound metabolic process",0.996171815288534,38,85,1,0.0117647058823529,0.0263157894736842,"AT1G54040"
"All_85","GO:BP","GO:0006629","lipid metabolic process",0.996171815288534,115,85,2,0.0235294117647059,0.0173913043478261,"AT1G25145,AT3G44326"
"All_85","GO:BP","GO:0006796","phosphate-containing compound metabolic process",0.996171815288534,73,85,2,0.0235294117647059,0.0273972602739726,"AT1G25145,AT5G23220"
"All_85","GO:BP","GO:0048583","regulation of response to stimulus",0.996171815288534,45,85,1,0.0117647058823529,0.0222222222222222,"AT1G70260"
"All_85","GO:BP","GO:0048580","regulation of post-embryonic development",0.996171815288534,39,85,1,0.0117647058823529,0.0256410256410256,"AT1G60190"
"All_85","GO:BP","GO:0048856","anatomical structure development",0.996171815288534,242,85,7,0.0823529411764706,0.0289256198347107,"AT5G56080,AT1G08090,AT2G41850,AT1G54040,AT1G60190,AT2G42540,AT5G65800"
"All_85","GO:BP","GO:0006351","DNA-templated transcription",0.996171815288534,146,85,3,0.0352941176470588,0.0205479452054795,"AT3G56970,AT1G77950,AT3G22830"
"All_85","GO:BP","GO:0005976","polysaccharide metabolic process",0.996171815288534,41,85,1,0.0117647058823529,0.024390243902439,"AT5G57540"
"All_85","GO:BP","GO:0006091","generation of precursor metabolites and energy",0.996171815288534,80,85,1,0.0117647058823529,0.0125,"AT3G21720"
"All_85","GO:BP","GO:0050793","regulation of developmental process",0.996171815288534,73,85,1,0.0117647058823529,0.0136986301369863,"AT1G60190"
"All_85","GO:BP","GO:0006355","regulation of DNA-templated transcription",0.996171815288534,141,85,3,0.0352941176470588,0.0212765957446809,"AT3G56970,AT1G77950,AT3G22830"
"All_85","GO:BP","GO:0048519","negative regulation of biological process",0.996171815288534,53,85,1,0.0117647058823529,0.0188679245283019,"AT1G70260"
"All_85","GO:BP","GO:0007154","cell communication",0.996171815288534,142,85,3,0.0352941176470588,0.0211267605633803,"AT4G09420,AT1G51270,AT2G42540"
"All_85","GO:BP","GO:0051239","regulation of multicellular organismal process",0.996171815288534,44,85,1,0.0117647058823529,0.0227272727272727,"AT1G60190"
"All_85","GO:BP","GO:0048731","system development",0.996171815288534,186,85,5,0.0588235294117647,0.0268817204301075,"AT1G08090,AT2G41850,AT1G54040,AT2G42540,AT5G65800"
"All_85","GO:BP","GO:0048589","developmental growth",0.996171815288534,42,85,1,0.0117647058823529,0.0238095238095238,"AT5G56080"
"All_85","GO:BP","GO:0048608","reproductive structure development",0.996171815288534,84,85,2,0.0235294117647059,0.0238095238095238,"AT2G41850,AT5G65800"
"All_85","GO:BP","GO:0019748","secondary metabolic process",0.996171815288534,52,85,1,0.0117647058823529,0.0192307692307692,"AT4G11210"
"All_85","GO:BP","GO:0019222","regulation of metabolic process",0.996171815288534,190,85,5,0.0588235294117647,0.0263157894736842,"AT3G56970,AT1G77950,AT3G22830,AT5G13930,AT3G44326"
"All_85","GO:BP","GO:0032787","monocarboxylic acid metabolic process",0.996171815288534,49,85,1,0.0117647058823529,0.0204081632653061,"AT3G21720"
"All_85","GO:BP","GO:0032502","developmental process",0.996171815288534,250,85,7,0.0823529411764706,0.028,"AT5G56080,AT1G08090,AT2G41850,AT1G54040,AT1G60190,AT2G42540,AT5G65800"
"All_85","GO:BP","GO:0007275","multicellular organism development",0.996171815288534,218,85,7,0.0823529411764706,0.0321100917431193,"AT5G56080,AT1G08090,AT2G41850,AT1G54040,AT1G60190,AT2G42540,AT5G65800"
"All_85","GO:BP","GO:0008150","biological_process",0.996171815288534,1455,85,58,0.682352941176471,0.0398625429553265,"AT4G10250,AT2G14247,AT4G30170,AT5G56080,AT1G26240,AT4G10510,AT3G56970,AT3G21370,AT1G07400,AT1G08090,AT1G70260,AT1G52560,AT3G49970,AT1G29090,AT2G29500,AT3G22060,AT2G41850,AT1G24575,AT4G11210,AT1G77950,AT1G54050,AT5G57540,AT5G48570,AT3G05727,AT4G22517,AT1G64370,AT4G09420,AT5G59720,AT4G22460,AT1G25145,AT2G02990,AT2G38750,AT5G50580,AT3G46230,AT4G22520,AT3G22830,AT3G57020,AT4G19690,AT3G01260,AT5G13930,AT1G54040,AT1G80130,AT2G26010,AT3G21720,AT1G60190,AT4G11650,AT4G27560,AT2G36790,AT5G23220,AT4G13390,AT3G51240,AT3G44326,AT1G51270,AT2G42540,AT2G30766,AT3G29670,AT5G65800,AT1G13430"
"All_85","GO:BP","GO:0008610","lipid biosynthetic process",0.996171815288534,66,85,1,0.0117647058823529,0.0151515151515152,"AT1G25145"
"All_85","GO:BP","GO:0098754","detoxification",0.996171815288534,59,85,1,0.0117647058823529,0.0169491525423729,"AT4G30170"
"All_85","GO:BP","GO:0099402","plant organ development",0.996171815288534,128,85,4,0.0470588235294118,0.03125,"AT1G08090,AT2G41850,AT1G54040,AT2G42540"
"All_85","GO:BP","GO:2000026","regulation of multicellular organismal development",0.996171815288534,39,85,1,0.0117647058823529,0.0256410256410256,"AT1G60190"
"All_85","GO:BP","GO:1990748","cellular detoxification",0.996171815288534,46,85,1,0.0117647058823529,0.0217391304347826,"AT4G30170"
"All_85","GO:BP","GO:2001141","regulation of RNA biosynthetic process",0.996171815288534,141,85,3,0.0352941176470588,0.0212765957446809,"AT3G56970,AT1G77950,AT3G22830"
"All_85","GO:BP","GO:1901700","response to oxygen-containing compound",0.996171815288534,192,85,6,0.0705882352941176,0.03125,"AT1G08090,AT3G22060,AT2G38750,AT5G13930,AT1G54040,AT2G42540"
"All_85","GO:BP","GO:0072593","reactive oxygen species metabolic process",0.996171815288534,42,85,1,0.0117647058823529,0.0238095238095238,"AT4G30170"
"All_85","GO:BP","GO:0071840","cellular component organization or biogenesis",0.996171815288534,196,85,6,0.0705882352941176,0.0306122448979592,"AT1G26240,AT2G41850,AT5G57540,AT4G13390,AT1G51270,AT2G42540"
"All_85","GO:BP","GO:0080090","regulation of primary metabolic process",0.996171815288534,163,85,5,0.0588235294117647,0.0306748466257669,"AT3G56970,AT1G77950,AT3G22830,AT5G13930,AT3G44326"
"All_85","GO:BP","GO:0090567","reproductive shoot system development",0.996171815288534,43,85,1,0.0117647058823529,0.0232558139534884,"AT2G41850"
"All_85","GO:BP","GO:0097237","cellular response to toxic substance",0.996171815288534,46,85,1,0.0117647058823529,0.0217391304347826,"AT4G30170"
"All_85","GO:BP","GO:0098869","cellular oxidant detoxification",0.996171815288534,44,85,1,0.0117647058823529,0.0227272727272727,"AT4G30170"
"All_85","GO:BP","GO:0009791","post-embryonic development",0.996171815288534,126,85,3,0.0352941176470588,0.0238095238095238,"AT1G08090,AT2G41850,AT1G60190"
"All_85","GO:BP","GO:0022622","root system development",0.996171815288534,66,85,1,0.0117647058823529,0.0151515151515152,"AT1G08090"
"All_85","GO:BP","GO:0023052","signaling",0.996171815288534,142,85,3,0.0352941176470588,0.0211267605633803,"AT4G09420,AT1G51270,AT2G42540"
"All_85","GO:BP","GO:0030154","cell differentiation",0.996171815288534,63,85,1,0.0117647058823529,0.0158730158730159,"AT5G56080"
"All_85","GO:BP","GO:0008152","metabolic process",0.996171815288534,788,85,28,0.329411764705882,0.0355329949238579,"AT4G30170,AT5G56080,AT4G10510,AT3G56970,AT3G21370,AT1G08090,AT3G49970,AT1G29090,AT2G41850,AT4G11210,AT1G77950,AT5G57540,AT1G25145,AT2G02990,AT5G50580,AT3G22830,AT3G57020,AT3G01260,AT5G13930,AT1G54040,AT3G21720,AT1G60190,AT4G27560,AT2G36790,AT5G23220,AT3G51240,AT3G44326,AT5G65800"
"All_85","GO:BP","GO:0007165","signal transduction",0.996171815288534,135,85,3,0.0352941176470588,0.0222222222222222,"AT4G09420,AT1G51270,AT2G42540"
"All_85","GO:BP","GO:0009314","response to radiation",0.996171815288534,106,85,3,0.0352941176470588,0.0283018867924528,"AT5G13930,AT3G51240,AT2G42540"
"All_85","GO:BP","GO:0048364","root development",0.996171815288534,66,85,1,0.0117647058823529,0.0151515151515152,"AT1G08090"
"All_85","GO:BP","GO:0032501","multicellular organismal process",0.996171815288534,222,85,7,0.0823529411764706,0.0315315315315315,"AT5G56080,AT1G08090,AT2G41850,AT1G54040,AT1G60190,AT2G42540,AT5G65800"
"All_85","GO:BP","GO:0022607","cellular component assembly",0.996171815288534,77,85,1,0.0117647058823529,0.012987012987013,"AT2G42540"
"All_85","GO:MF","GO:0046872","metal ion binding",0.997950558838065,310,85,8,0.0941176470588235,0.0258064516129032,"AT4G30170,AT4G22690,AT3G26280,AT3G52720,AT1G25145,AT2G38750,AT3G21720,AT3G51240"
"All_85","GO:MF","GO:0046914","transition metal ion binding",0.997950558838065,121,85,3,0.0352941176470588,0.0247933884297521,"AT4G22690,AT3G26280,AT3G52720"
"All_85","GO:MF","GO:0046906","tetrapyrrole binding",0.997950558838065,111,85,3,0.0352941176470588,0.027027027027027,"AT4G30170,AT4G22690,AT3G26280"
"All_85","GO:MF","GO:0003729","mRNA binding",0.997950558838065,79,85,1,0.0117647058823529,0.0126582278481013,"AT2G38750"
"All_85","GO:MF","GO:0003723","RNA binding",0.997950558838065,120,85,2,0.0235294117647059,0.0166666666666667,"AT2G02990,AT2G38750"
"All_85","GO:MF","GO:0032553","ribonucleotide binding",0.997950558838065,132,85,2,0.0235294117647059,0.0151515151515152,"AT4G09420,AT3G51240"
"All_85","GO:MF","GO:0017076","purine nucleotide binding",0.997950558838065,138,85,2,0.0235294117647059,0.0144927536231884,"AT4G09420,AT3G51240"
"All_85","GO:MF","GO:0003676","nucleic acid binding",0.997950558838065,254,85,5,0.0588235294117647,0.0196850393700787,"AT3G56970,AT1G77950,AT2G02990,AT2G38750,AT3G22830"
"All_85","GO:MF","GO:0003677","DNA binding",0.997950558838065,136,85,3,0.0352941176470588,0.0220588235294118,"AT3G56970,AT1G77950,AT3G22830"
"All_85","GO:MF","GO:0032555","purine ribonucleotide binding",0.997950558838065,129,85,2,0.0235294117647059,0.0155038759689922,"AT4G09420,AT3G51240"
"All_85","GO:MF","GO:0043531","ADP binding",0.997950558838065,45,85,1,0.0117647058823529,0.0222222222222222,"AT4G09420"
"All_85","GO:MF","GO:0043565","sequence-specific DNA binding",0.997950558838065,70,85,1,0.0117647058823529,0.0142857142857143,"AT3G22830"
"All_85","GO:MF","GO:0032559","adenyl ribonucleotide binding",0.997950558838065,125,85,2,0.0235294117647059,0.016,"AT4G09420,AT3G51240"
"All_85","GO:MF","GO:0036094","small molecule binding",0.997950558838065,476,85,11,0.129411764705882,0.023109243697479,"AT4G30170,AT4G22690,AT3G26280,AT4G09420,AT3G52720,AT1G25145,AT2G38750,AT3G21720,AT3G51240,AT2G42540,AT5G65800"
"All_85","GO:MF","GO:0035639","purine ribonucleoside triphosphate binding",0.997950558838065,108,85,1,0.0117647058823529,0.00925925925925926,"AT3G51240"
"All_85","GO:MF","GO:0016491","oxidoreductase activity",0.997950558838065,222,85,7,0.0823529411764706,0.0315315315315315,"AT4G30170,AT3G55290,AT4G22690,AT3G26280,AT4G12870,AT3G51240,AT1G66800"
"All_85","GO:MF","GO:0016684","oxidoreductase activity, acting on peroxide as acceptor",0.997950558838065,39,85,1,0.0117647058823529,0.0256410256410256,"AT4G30170"
"All_85","GO:MF","GO:0016209","antioxidant activity",0.997950558838065,39,85,1,0.0117647058823529,0.0256410256410256,"AT4G30170"
"All_85","GO:MF","GO:0030554","adenyl nucleotide binding",0.997950558838065,134,85,2,0.0235294117647059,0.0149253731343284,"AT4G09420,AT3G51240"
"All_85","GO:MF","GO:0097367","carbohydrate derivative binding",0.997950558838065,137,85,2,0.0235294117647059,0.0145985401459854,"AT4G09420,AT3G51240"
"All_85","GO:MF","GO:0000166","nucleotide binding",0.997950558838065,154,85,2,0.0235294117647059,0.012987012987013,"AT4G09420,AT3G51240"
"All_85","GO:MF","GO:0000976","transcription cis-regulatory region binding",0.997950558838065,56,85,1,0.0117647058823529,0.0178571428571429,"AT3G22830"
"All_85","GO:MF","GO:0001067","transcription regulatory region nucleic acid binding",0.997950558838065,56,85,1,0.0117647058823529,0.0178571428571429,"AT3G22830"
"All_85","GO:MF","GO:1901265","nucleoside phosphate binding",0.997950558838065,154,85,2,0.0235294117647059,0.012987012987013,"AT4G09420,AT3G51240"
"All_85","GO:MF","GO:1990837","sequence-specific double-stranded DNA binding",0.997950558838065,57,85,1,0.0117647058823529,0.0175438596491228,"AT3G22830"
"All_85","GO:MF","GO:0003690","double-stranded DNA binding",0.997950558838065,59,85,1,0.0117647058823529,0.0169491525423729,"AT3G22830"
"All_85","GO:MF","GO:0003700","DNA-binding transcription factor activity",0.997950558838065,119,85,3,0.0352941176470588,0.0252100840336134,"AT3G56970,AT1G77950,AT3G22830"
"All_85","GO:MF","GO:0004601","peroxidase activity",0.997950558838065,37,85,1,0.0117647058823529,0.027027027027027,"AT4G30170"
"All_85","GO:MF","GO:0005488","binding",0.997950558838065,910,85,32,0.376470588235294,0.0351648351648352,"AT4G01390,AT4G30170,AT3G56970,AT1G07400,AT3G49970,AT4G22690,AT3G26280,AT1G77950,AT5G57540,AT5G48570,AT4G09420,AT3G52720,AT5G59720,AT1G25145,AT2G02990,AT2G38750,AT5G50580,AT3G46230,AT3G22830,AT3G01260,AT5G13930,AT1G54040,AT1G80130,AT2G26010,AT3G21720,AT1G60190,AT4G11650,AT3G51240,AT3G44326,AT2G42540,AT5G65800,AT5G38550"
"All_85","GO:MF","GO:0005524","ATP binding",0.997950558838065,104,85,1,0.0117647058823529,0.00961538461538462,"AT3G51240"
"All_85","GO:MF","GO:1901363","heterocyclic compound binding",0.997950558838065,162,85,3,0.0352941176470588,0.0185185185185185,"AT4G09420,AT3G51240,AT5G65800"
"All_85","GO:MF","GO:0043168","anion binding",0.997950558838065,172,85,3,0.0352941176470588,0.0174418604651163,"AT4G09420,AT3G51240,AT5G65800"
"All_85","GO:MF","GO:0043169","cation binding",0.997950558838065,310,85,8,0.0941176470588235,0.0258064516129032,"AT4G30170,AT4G22690,AT3G26280,AT3G52720,AT1G25145,AT2G38750,AT3G21720,AT3G51240"
"All_85","GO:MF","GO:0140110","transcription regulator activity",0.997950558838065,119,85,3,0.0352941176470588,0.0252100840336134,"AT3G56970,AT1G77950,AT3G22830"
"All_85","GO:MF","GO:0098772","molecular function regulator activity",0.997950558838065,42,85,1,0.0117647058823529,0.0238095238095238,"AT1G54040"
"All_85","GO:MF","GO:0043167","ion binding",0.997950558838065,465,85,10,0.117647058823529,0.021505376344086,"AT4G30170,AT4G22690,AT3G26280,AT4G09420,AT3G52720,AT1G25145,AT2G38750,AT3G21720,AT3G51240,AT5G65800"
"All_85","GO:BP","GO:0016070","RNA metabolic process",0.99893640214983,207,85,3,0.0352941176470588,0.0144927536231884,"AT3G56970,AT1G77950,AT3G22830"
"All_85","GO:BP","GO:0141187","nucleic acid biosynthetic process",0.99893640214983,203,85,3,0.0352941176470588,0.0147783251231527,"AT3G56970,AT1G77950,AT3G22830"
"All_85","GO:BP","GO:0009059","macromolecule biosynthetic process",0.99893640214983,245,85,3,0.0352941176470588,0.0122448979591837,"AT3G56970,AT1G77950,AT3G22830"
"All_85","GO:BP","GO:0032774","RNA biosynthetic process",0.99893640214983,203,85,3,0.0352941176470588,0.0147783251231527,"AT3G56970,AT1G77950,AT3G22830"
"All_85","GO:BP","GO:0043170","macromolecule metabolic process",0.99893640214983,370,85,9,0.105882352941176,0.0243243243243243,"AT4G10510,AT3G56970,AT3G49970,AT1G29090,AT1G77950,AT5G57540,AT5G50580,AT3G22830,AT1G60190"
"All_85","GO:BP","GO:0006139","nucleobase-containing compound metabolic process",0.99893640214983,226,85,4,0.0470588235294118,0.0176991150442478,"AT3G56970,AT1G77950,AT3G22830,AT5G23220"
"All_85","GO:BP","GO:0034654","nucleobase-containing compound biosynthetic process",0.99893640214983,211,85,4,0.0470588235294118,0.018957345971564,"AT3G56970,AT1G77950,AT3G22830,AT5G23220"
"All_85","GO:BP","GO:0010467","gene expression",0.99893640214983,229,85,3,0.0352941176470588,0.0131004366812227,"AT3G56970,AT1G77950,AT3G22830"
"All_85","GO:BP","GO:0090304","nucleic acid metabolic process",0.99893640214983,207,85,3,0.0352941176470588,0.0144927536231884,"AT3G56970,AT1G77950,AT3G22830"
"All_85","GO:BP","GO:0009653","anatomical structure morphogenesis",0.99893640214983,86,85,1,0.0117647058823529,0.0116279069767442,"AT5G56080"
"All_85","GO:CC","GO:0009570","chloroplast stroma",0.999995911794877,94,85,2,0.0235294117647059,0.0212765957446809,"AT3G52720,AT2G42540"
"All_85","GO:CC","GO:0031090","organelle membrane",0.999995911794877,197,85,2,0.0235294117647059,0.0101522842639594,"AT5G13930,AT1G51270"
"All_85","GO:CC","GO:0043231","intracellular membrane-bounded organelle",0.999995911794877,781,85,30,0.352941176470588,0.0384122919334187,"AT4G10250,AT4G01390,AT4G30170,AT3G56970,AT3G21370,AT1G70260,AT3G55290,AT1G52560,AT4G22690,AT3G22060,AT1G77950,AT5G48570,AT3G05727,AT3G52720,AT1G25145,AT2G38750,AT5G50580,AT3G22830,AT3G57020,AT4G19690,AT5G13930,AT1G54040,AT2G26010,AT3G21720,AT4G11650,AT2G36790,AT4G25200,AT1G51270,AT2G42540,AT2G30766"
"All_85","GO:CC","GO:0009941","chloroplast envelope",0.999995911794877,95,85,1,0.0117647058823529,0.0105263157894737,"AT2G42540"
"All_85","GO:CC","GO:0016020","membrane",0.999995911794877,629,85,10,0.117647058823529,0.0158982511923688,"AT1G08090,AT1G70260,AT3G26280,AT3G01345,AT3G57020,AT4G19690,AT5G13930,AT4G13390,AT3G44326,AT1G51270"
"All_85","GO:CC","GO:0030054","cell junction",0.999995911794877,60,85,1,0.0117647058823529,0.0166666666666667,"AT2G38750"
"All_85","GO:CC","GO:0030312","external encapsulating structure",0.999995911794877,60,85,2,0.0235294117647059,0.0333333333333333,"AT4G22690,AT5G57540"
"All_85","GO:CC","GO:0031974","membrane-enclosed lumen",0.999995911794877,37,85,1,0.0117647058823529,0.027027027027027,"AT3G21370"
"All_85","GO:CC","GO:0031967","organelle envelope",0.999995911794877,183,85,1,0.0117647058823529,0.00546448087431694,"AT2G42540"
"All_85","GO:CC","GO:0048046","apoplast",0.999995911794877,107,85,2,0.0235294117647059,0.0186915887850467,"AT4G11210,AT5G57540"
"All_85","GO:CC","GO:0055044","symplast",0.999995911794877,60,85,1,0.0117647058823529,0.0166666666666667,"AT2G38750"
"All_85","GO:CC","GO:0070161","anchoring junction",0.999995911794877,60,85,1,0.0117647058823529,0.0166666666666667,"AT2G38750"
"All_85","GO:CC","GO:0070013","intracellular organelle lumen",0.999995911794877,37,85,1,0.0117647058823529,0.027027027027027,"AT3G21370"
"All_85","GO:CC","GO:0071944","cell periphery",0.999995911794877,238,85,5,0.0588235294117647,0.0210084033613445,"AT1G08090,AT4G22690,AT5G57540,AT4G19690,AT1G51270"
"All_85","GO:CC","GO:0098588","bounding membrane of organelle",0.999995911794877,147,85,1,0.0117647058823529,0.00680272108843537,"AT5G13930"
"All_85","GO:CC","GO:0043233","organelle lumen",0.999995911794877,37,85,1,0.0117647058823529,0.027027027027027,"AT3G21370"
"All_85","GO:CC","GO:0098827","endoplasmic reticulum subcompartment",0.999995911794877,20,85,1,0.0117647058823529,0.05,"AT1G51270"
"All_85","GO:CC","GO:0110165","cellular anatomical structure",0.999995911794877,1372,85,49,0.576470588235294,0.0357142857142857,"AT4G10250,AT4G01390,AT4G30170,AT4G10510,AT3G56970,AT3G21370,AT1G07400,AT1G08090,AT1G70260,AT3G55290,AT1G52560,AT1G54970,AT2G29500,AT4G22690,AT3G22060,AT2G41850,AT1G53540,AT3G26280,AT4G11210,AT1G77950,AT1G54050,AT5G57540,AT5G48570,AT3G05727,AT3G52720,AT5G59720,AT1G25145,AT2G02990,AT3G01345,AT2G38750,AT5G50580,AT3G46230,AT3G22830,AT3G57020,AT4G19690,AT5G13930,AT1G54040,AT2G26010,AT3G21720,AT4G11650,AT2G36790,AT4G25200,AT4G13390,AT3G44326,AT1G51270,AT2G42540,AT2G30766,AT1G13430,AT2G23110"
"All_85","GO:CC","GO:1902494","catalytic complex",0.999995911794877,34,85,1,0.0117647058823529,0.0294117647058824,"AT3G44326"
"All_85","GO:CC","GO:0043229","intracellular organelle",0.999995911794877,803,85,30,0.352941176470588,0.037359900373599,"AT4G10250,AT4G01390,AT4G30170,AT3G56970,AT3G21370,AT1G70260,AT3G55290,AT1G52560,AT4G22690,AT3G22060,AT1G77950,AT5G48570,AT3G05727,AT3G52720,AT1G25145,AT2G38750,AT5G50580,AT3G22830,AT3G57020,AT4G19690,AT5G13930,AT1G54040,AT2G26010,AT3G21720,AT4G11650,AT2G36790,AT4G25200,AT1G51270,AT2G42540,AT2G30766"
"All_85","GO:CC","GO:0043227","membrane-bounded organelle",0.999995911794877,783,85,30,0.352941176470588,0.0383141762452107,"AT4G10250,AT4G01390,AT4G30170,AT3G56970,AT3G21370,AT1G70260,AT3G55290,AT1G52560,AT4G22690,AT3G22060,AT1G77950,AT5G48570,AT3G05727,AT3G52720,AT1G25145,AT2G38750,AT5G50580,AT3G22830,AT3G57020,AT4G19690,AT5G13930,AT1G54040,AT2G26010,AT3G21720,AT4G11650,AT2G36790,AT4G25200,AT1G51270,AT2G42540,AT2G30766"
"All_85","GO:CC","GO:0043226","organelle",0.999995911794877,805,85,30,0.352941176470588,0.0372670807453416,"AT4G10250,AT4G01390,AT4G30170,AT3G56970,AT3G21370,AT1G70260,AT3G55290,AT1G52560,AT4G22690,AT3G22060,AT1G77950,AT5G48570,AT3G05727,AT3G52720,AT1G25145,AT2G38750,AT5G50580,AT3G22830,AT3G57020,AT4G19690,AT5G13930,AT1G54040,AT2G26010,AT3G21720,AT4G11650,AT2G36790,AT4G25200,AT1G51270,AT2G42540,AT2G30766"
"All_85","GO:CC","GO:0042579","microbody",0.999995911794877,31,85,2,0.0235294117647059,0.0645161290322581,"AT3G55290,AT3G21720"
"All_85","GO:CC","GO:0042175","nuclear outer membrane-endoplasmic reticulum membrane network",0.999995911794877,20,85,1,0.0117647058823529,0.05,"AT1G51270"
"All_85","GO:CC","GO:0032991","protein-containing complex",0.999995911794877,145,85,1,0.0117647058823529,0.00689655172413793,"AT3G44326"
"All_85","GO:CC","GO:0009536","plastid",0.999995911794877,275,85,3,0.0352941176470588,0.0109090909090909,"AT5G48570,AT3G52720,AT2G42540"
"All_85","GO:CC","GO:0005739","mitochondrion",0.999995911794877,102,85,4,0.0470588235294118,0.0392156862745098,"AT1G52560,AT4G22690,AT1G25145,AT4G25200"
"All_85","GO:CC","GO:0005634","nucleus",0.999995911794877,320,85,9,0.105882352941176,0.028125,"AT4G01390,AT3G56970,AT1G77950,AT5G48570,AT5G50580,AT3G22830,AT5G13930,AT1G54040,AT2G30766"
"All_85","GO:CC","GO:0005774","vacuolar membrane",0.999995911794877,12,85,1,0.0117647058823529,0.0833333333333333,"AT5G13930"
"All_85","GO:CC","GO:0005777","peroxisome",0.999995911794877,31,85,2,0.0235294117647059,0.0645161290322581,"AT3G55290,AT3G21720"
"All_85","GO:CC","GO:0005789","endoplasmic reticulum membrane",0.999995911794877,20,85,1,0.0117647058823529,0.05,"AT1G51270"
"All_85","GO:CC","GO:0005829","cytosol",0.999995911794877,201,85,5,0.0588235294117647,0.0248756218905473,"AT3G21370,AT3G22060,AT3G57020,AT2G42540,AT2G23110"
"All_85","GO:CC","GO:0005886","plasma membrane",0.999995911794877,184,85,3,0.0352941176470588,0.016304347826087,"AT1G08090,AT4G19690,AT1G51270"
"All_85","GO:CC","GO:0009505","plant-type cell wall",0.999995911794877,44,85,1,0.0117647058823529,0.0227272727272727,"AT4G22690"
"All_85","GO:CC","GO:0005911","cell-cell junction",0.999995911794877,60,85,1,0.0117647058823529,0.0166666666666667,"AT2G38750"
"All_85","GO:CC","GO:0009507","chloroplast",0.999995911794877,254,85,2,0.0235294117647059,0.0078740157480315,"AT3G52720,AT2G42540"
"All_85","GO:CC","GO:0009506","plasmodesma",0.999995911794877,60,85,1,0.0117647058823529,0.0166666666666667,"AT2G38750"
"All_85","GO:CC","GO:0005576","extracellular region",0.999995911794877,266,85,10,0.117647058823529,0.037593984962406,"AT4G30170,AT4G10510,AT1G54970,AT3G22060,AT2G41850,AT4G11210,AT5G57540,AT3G05727,AT2G02990,AT2G26010"
"All_85","GO:CC","GO:0005618","cell wall",0.999995911794877,56,85,2,0.0235294117647059,0.0357142857142857,"AT4G22690,AT5G57540"
"All_85","GO:CC","GO:0009532","plastid stroma",0.999995911794877,95,85,2,0.0235294117647059,0.0210526315789474,"AT3G52720,AT2G42540"
"All_85","GO:CC","GO:0009526","plastid envelope",0.999995911794877,164,85,1,0.0117647058823529,0.00609756097560976,"AT2G42540"
"All_85","GO:CC","GO:0005622","intracellular anatomical structure",0.999995911794877,919,85,38,0.447058823529412,0.0413492927094668,"AT4G10250,AT4G01390,AT4G30170,AT3G56970,AT3G21370,AT1G07400,AT1G70260,AT3G55290,AT1G52560,AT2G29500,AT4G22690,AT3G22060,AT1G53540,AT1G77950,AT1G54050,AT5G48570,AT3G05727,AT3G52720,AT5G59720,AT1G25145,AT2G38750,AT5G50580,AT3G46230,AT3G22830,AT3G57020,AT4G19690,AT5G13930,AT1G54040,AT2G26010,AT3G21720,AT4G11650,AT2G36790,AT4G25200,AT1G51270,AT2G42540,AT2G30766,AT1G13430,AT2G23110"
"All_85","GO:CC","GO:0005575","cellular_component",0.999995911794877,1438,85,56,0.658823529411765,0.0389429763560501,"AT4G10250,AT4G01390,AT4G30170,AT1G26240,AT4G10510,AT3G56970,AT3G21370,AT1G07400,AT1G08090,AT1G70260,AT3G55290,AT1G52560,AT3G49970,AT1G54970,AT2G29500,AT4G22690,AT3G22060,AT2G41850,AT1G53540,AT3G26280,AT3G14260,AT4G11210,AT1G77950,AT1G54050,AT5G57540,AT5G48570,AT3G05727,AT4G22517,AT3G52720,AT5G59720,AT4G22460,AT1G25145,AT2G02990,AT3G01345,AT2G38750,AT5G50580,AT3G46230,AT3G22830,AT3G57020,AT4G19690,AT5G13930,AT1G54040,AT2G26010,AT3G21720,AT3G46700,AT4G11650,AT2G38790,AT2G36790,AT4G25200,AT4G13390,AT3G44326,AT1G51270,AT2G42540,AT2G30766,AT1G13430,AT2G23110"
"All_85","GO:CC","GO:0005768","endosome",0.999995911794877,12,85,1,0.0117647058823529,0.0833333333333333,"AT4G19690"
"Flight_up_41","KEGG","KEGG:04141","Protein processing in endoplasmic reticulum",1.25275663663359e-11,15,41,9,0.219512195121951,0.6,"AT4G10250,AT1G07400,AT1G52560,AT2G29500,AT1G53540,AT1G54050,AT5G59720,AT3G46230,AT4G25200"
"Flight_up_41","GO:BP","GO:0009408","response to heat",0.00434136291628011,31,41,6,0.146341463414634,0.193548387096774,"AT4G10250,AT1G07400,AT1G52560,AT5G48570,AT5G59720,AT3G46230"
"Flight_up_41","GO:BP","GO:0071453","cellular response to oxygen levels",0.0322195776904064,26,41,4,0.0975609756097561,0.153846153846154,"AT4G10250,AT1G07400,AT1G54050,AT3G46230"
"Flight_up_41","GO:BP","GO:0070647","protein modification by small protein conjugation or removal",0.0322195776904064,12,41,3,0.0731707317073171,0.25,"AT3G49970,AT5G50580,AT1G60190"
"Flight_up_41","GO:BP","GO:0070482","response to oxygen levels",0.0322195776904064,27,41,4,0.0975609756097561,0.148148148148148,"AT4G10250,AT1G07400,AT1G54050,AT3G46230"
"Flight_up_41","GO:BP","GO:0036293","response to decreased oxygen levels",0.0322195776904064,27,41,4,0.0975609756097561,0.148148148148148,"AT4G10250,AT1G07400,AT1G54050,AT3G46230"
"Flight_up_41","GO:BP","GO:0043687","post-translational protein modification",0.0322195776904064,12,41,3,0.0731707317073171,0.25,"AT3G49970,AT5G50580,AT1G60190"
"Flight_up_41","GO:BP","GO:0071456","cellular response to hypoxia",0.0322195776904064,25,41,4,0.0975609756097561,0.16,"AT4G10250,AT1G07400,AT1G54050,AT3G46230"
"Flight_up_41","GO:BP","GO:0036294","cellular response to decreased oxygen levels",0.0322195776904064,26,41,4,0.0975609756097561,0.153846153846154,"AT4G10250,AT1G07400,AT1G54050,AT3G46230"
"Flight_up_41","GO:BP","GO:0001666","response to hypoxia",0.0322195776904064,26,41,4,0.0975609756097561,0.153846153846154,"AT4G10250,AT1G07400,AT1G54050,AT3G46230"
"Flight_up_41","GO:BP","GO:0032446","protein modification by small protein conjugation",0.0322195776904064,12,41,3,0.0731707317073171,0.25,"AT3G49970,AT5G50580,AT1G60190"
"Flight_up_41","KEGG","KEGG:04120","Ubiquitin mediated proteolysis",0.114925886048093,2,41,1,0.024390243902439,0.5,"AT5G50580"
"Flight_up_41","KEGG","KEGG:00640","Propanoate metabolism",0.114925886048093,2,41,1,0.024390243902439,0.5,"AT3G21720"
"Flight_up_41","KEGG","KEGG:00000","KEGG root term",0.114925886048093,432,41,14,0.341463414634146,0.0324074074074074,"AT4G10250,AT4G30170,AT1G07400,AT1G52560,AT2G29500,AT1G53540,AT1G54050,AT3G52720,AT5G59720,AT5G50580,AT3G46230,AT3G21720,AT4G25200,AT5G65800"
"Flight_up_41","GO:BP","GO:0009266","response to temperature stimulus",0.194314935358949,97,41,6,0.146341463414634,0.0618556701030928,"AT4G10250,AT1G07400,AT1G52560,AT5G48570,AT5G59720,AT3G46230"
"Flight_up_41","GO:BP","GO:0019363","pyridine nucleotide biosynthetic process",0.205794293765411,1,41,1,0.024390243902439,1,"AT5G23220"
"Flight_up_41","GO:BP","GO:0016567","protein ubiquitination",0.205794293765411,11,41,2,0.0487804878048781,0.181818181818182,"AT3G49970,AT1G60190"
"Flight_up_41","GO:BP","GO:0016925","protein sumoylation",0.205794293765411,1,41,1,0.024390243902439,1,"AT5G50580"
"Flight_up_41","GO:BP","GO:0019218","regulation of steroid metabolic process",0.205794293765411,1,41,1,0.024390243902439,1,"AT3G44326"
"Flight_up_41","GO:BP","GO:0010286","heat acclimation",0.205794293765411,10,41,2,0.0487804878048781,0.2,"AT5G48570,AT5G59720"
"Flight_up_41","GO:BP","GO:0072525","pyridine-containing compound biosynthetic process",0.205794293765411,1,41,1,0.024390243902439,1,"AT5G23220"
"Flight_up_41","GO:CC","GO:0031461","cullin-RING ubiquitin ligase complex",0.209705588822356,1,41,1,0.024390243902439,1,"AT3G44326"
"Flight_up_41","GO:CC","GO:0019005","SCF ubiquitin ligase complex",0.209705588822356,1,41,1,0.024390243902439,1,"AT3G44326"
"Flight_up_41","GO:CC","GO:0009514","glyoxysome",0.209705588822356,1,41,1,0.024390243902439,1,"AT3G21720"
"Flight_up_41","GO:CC","GO:0000151","ubiquitin ligase complex",0.209705588822356,1,41,1,0.024390243902439,1,"AT3G44326"
"Flight_up_41","KEGG","KEGG:00910","Nitrogen metabolism",0.216234831393127,5,41,1,0.024390243902439,0.2,"AT3G52720"
"Flight_up_41","GO:BP","GO:0033554","cellular response to stress",0.237797060546524,83,41,5,0.121951219512195,0.0602409638554217,"AT4G10250,AT1G07400,AT1G54050,AT5G48570,AT3G46230"
"Flight_up_41","GO:MF","GO:0016859","cis-trans isomerase activity",0.263312366779174,2,41,1,0.024390243902439,0.5,"AT5G48570"
"Flight_up_41","GO:MF","GO:0016755","aminoacyltransferase activity",0.263312366779174,2,41,1,0.024390243902439,0.5,"AT1G60190"
"Flight_up_41","GO:MF","GO:0008641","ubiquitin-like modifier activating enzyme activity",0.263312366779174,1,41,1,0.024390243902439,1,"AT5G50580"
"Flight_up_41","GO:MF","GO:0016847","1-aminocyclopropane-1-carboxylate synthase activity",0.263312366779174,2,41,1,0.024390243902439,0.5,"AT5G65800"
"Flight_up_41","GO:MF","GO:0019948","SUMO activating enzyme activity",0.263312366779174,1,41,1,0.024390243902439,1,"AT5G50580"
"Flight_up_41","GO:MF","GO:0004040","amidase activity",0.263312366779174,2,41,1,0.024390243902439,0.5,"AT5G23220"
"Flight_up_41","GO:MF","GO:0004451","isocitrate lyase activity",0.263312366779174,1,41,1,0.024390243902439,1,"AT3G21720"
"Flight_up_41","GO:MF","GO:0003755","peptidyl-prolyl cis-trans isomerase activity",0.263312366779174,2,41,1,0.024390243902439,0.5,"AT5G48570"
"Flight_up_41","GO:MF","GO:0004842","ubiquitin-protein transferase activity",0.263312366779174,2,41,1,0.024390243902439,0.5,"AT1G60190"
"Flight_up_41","GO:MF","GO:0019787","ubiquitin-like protein transferase activity",0.263312366779174,2,41,1,0.024390243902439,0.5,"AT1G60190"
"Flight_up_41","GO:MF","GO:0008936","nicotinamidase activity",0.263312366779174,1,41,1,0.024390243902439,1,"AT5G23220"
"Flight_up_41","GO:MF","GO:0016833","oxo-acid-lyase activity",0.263312366779174,1,41,1,0.024390243902439,1,"AT3G21720"
"Flight_up_41","GO:BP","GO:0046487","glyoxylate metabolic process",0.291358314369398,2,41,1,0.024390243902439,0.5,"AT3G21720"
"Flight_up_41","GO:BP","GO:0006097","glyoxylate cycle",0.291358314369398,2,41,1,0.024390243902439,0.5,"AT3G21720"
"Flight_up_41","GO:BP","GO:0042218","1-aminocyclopropane-1-carboxylate biosynthetic process",0.291358314369398,2,41,1,0.024390243902439,0.5,"AT5G65800"
"Flight_up_41","GO:BP","GO:0018871","1-aminocyclopropane-1-carboxylate metabolic process",0.291358314369398,2,41,1,0.024390243902439,0.5,"AT5G65800"
"Flight_up_41","GO:BP","GO:0009735","response to cytokinin",0.291358314369398,16,41,2,0.0487804878048781,0.125,"AT5G65800,AT1G13430"
"Flight_up_41","GO:BP","GO:0009835","fruit ripening",0.291358314369398,2,41,1,0.024390243902439,0.5,"AT5G65800"
"Flight_up_41","GO:MF","GO:0004089","carbonate dehydratase activity",0.293277554166068,3,41,1,0.024390243902439,0.333333333333333,"AT3G52720"
"Flight_up_41","GO:MF","GO:0016782","transferase activity, transferring sulphur-containing groups",0.293277554166068,3,41,1,0.024390243902439,0.333333333333333,"AT1G13430"
"Flight_up_41","GO:MF","GO:0016877","ligase activity, forming carbon-sulfur bonds",0.293277554166068,3,41,1,0.024390243902439,0.333333333333333,"AT5G50580"
"Flight_up_41","GO:MF","GO:0008146","sulfotransferase activity",0.293277554166068,3,41,1,0.024390243902439,0.333333333333333,"AT1G13430"
"Flight_up_41","GO:BP","GO:0009693","ethylene biosynthetic process",0.302566888460921,3,41,1,0.024390243902439,0.333333333333333,"AT5G65800"
"Flight_up_41","GO:BP","GO:0043450","alkene biosynthetic process",0.302566888460921,3,41,1,0.024390243902439,0.333333333333333,"AT5G65800"
"Flight_up_41","GO:BP","GO:0018205","peptidyl-lysine modification",0.302566888460921,3,41,1,0.024390243902439,0.333333333333333,"AT5G50580"
"Flight_up_41","GO:BP","GO:0070370","cellular heat acclimation",0.302566888460921,3,41,1,0.024390243902439,0.333333333333333,"AT5G48570"
"Flight_up_41","GO:BP","GO:0006979","response to oxidative stress",0.302566888460921,67,41,4,0.0975609756097561,0.0597014925373134,"AT4G30170,AT1G07400,AT2G29500,AT1G80130"
"Flight_up_41","GO:BP","GO:0009692","ethylene metabolic process",0.302566888460921,3,41,1,0.024390243902439,0.333333333333333,"AT5G65800"
"Flight_up_41","GO:BP","GO:0006099","tricarboxylic acid cycle",0.302566888460921,3,41,1,0.024390243902439,0.333333333333333,"AT3G21720"
"Flight_up_41","GO:BP","GO:0170043","non-proteinogenic amino acid biosynthetic process",0.302566888460921,3,41,1,0.024390243902439,0.333333333333333,"AT5G65800"
"Flight_up_41","GO:BP","GO:1900673","olefin metabolic process",0.302566888460921,3,41,1,0.024390243902439,0.333333333333333,"AT5G65800"
"Flight_up_41","GO:BP","GO:1900674","olefin biosynthetic process",0.302566888460921,3,41,1,0.024390243902439,0.333333333333333,"AT5G65800"
"Flight_up_41","GO:MF","GO:0016846","carbon-sulfur lyase activity",0.344138600106834,4,41,1,0.024390243902439,0.25,"AT5G65800"
"Flight_up_41","GO:MF","GO:0016829","lyase activity",0.344138600106834,49,41,3,0.0731707317073171,0.0612244897959184,"AT3G52720,AT3G21720,AT5G65800"
"Flight_up_41","GO:BP","GO:0010087","phloem or xylem histogenesis",0.367033475789617,4,41,1,0.024390243902439,0.25,"AT5G65800"
"Flight_up_41","GO:BP","GO:0170041","non-proteinogenic amino acid metabolic process",0.367033475789617,4,41,1,0.024390243902439,0.25,"AT5G65800"
"Flight_up_41","GO:BP","GO:0006081","aldehyde metabolic process",0.367033475789617,4,41,1,0.024390243902439,0.25,"AT3G21720"
"Flight_up_41","GO:MF","GO:0016671","oxidoreductase activity, acting on a sulfur group of donors, disulfide as acceptor",0.403500403078084,5,41,1,0.024390243902439,0.2,"AT4G12870"
"Flight_up_41","KEGG","KEGG:00270","Cysteine and methionine metabolism",0.403739970233871,12,41,1,0.024390243902439,0.0833333333333333,"AT5G65800"
"Flight_up_41","GO:MF","GO:0016811","hydrolase activity, acting on carbon-nitrogen (but not peptide) bonds, in linear amides",0.414048433200938,6,41,1,0.024390243902439,0.166666666666667,"AT5G23220"
"Flight_up_41","GO:MF","GO:0070279","vitamin B6 binding",0.414048433200938,6,41,1,0.024390243902439,0.166666666666667,"AT5G65800"
"Flight_up_41","GO:MF","GO:0030170","pyridoxal phosphate binding",0.414048433200938,6,41,1,0.024390243902439,0.166666666666667,"AT5G65800"
"Flight_up_41","KEGG","KEGG:00630","Glyoxylate and dicarboxylate metabolism",0.420215312167424,15,41,1,0.024390243902439,0.0666666666666667,"AT3G21720"
"Flight_up_41","GO:BP","GO:0018193","peptidyl-amino acid modification",0.430957531098191,5,41,1,0.024390243902439,0.2,"AT5G50580"
"Flight_up_41","GO:BP","GO:0120251","hydrocarbon biosynthetic process",0.430957531098191,5,41,1,0.024390243902439,0.2,"AT5G65800"
"Flight_up_41","GO:MF","GO:0016667","oxidoreductase activity, acting on a sulfur group of donors",0.438447640203393,7,41,1,0.024390243902439,0.142857142857143,"AT4G12870"
"Flight_up_41","GO:MF","GO:0016836","hydro-lyase activity",0.438447640203393,7,41,1,0.024390243902439,0.142857142857143,"AT3G52720"
"Flight_up_41","GO:BP","GO:0006950","response to stress",0.454359527220865,405,41,12,0.292682926829268,0.0296296296296296,"AT4G10250,AT4G30170,AT1G07400,AT1G52560,AT2G29500,AT1G54050,AT5G48570,AT3G05727,AT5G59720,AT3G46230,AT1G80130,AT4G11650"
"Flight_up_41","GO:BP","GO:0120252","hydrocarbon metabolic process",0.464415684466884,6,41,1,0.024390243902439,0.166666666666667,"AT5G65800"
"Flight_up_41","GO:BP","GO:0046283","anthocyanin-containing compound metabolic process",0.464415684466884,6,41,1,0.024390243902439,0.166666666666667,"AT4G27560"
"Flight_up_41","GO:BP","GO:0036211","protein modification process",0.464415684466884,58,41,3,0.0731707317073171,0.0517241379310345,"AT3G49970,AT5G50580,AT1G60190"
"Flight_up_41","GO:BP","GO:0034605","cellular response to heat",0.490831728149134,7,41,1,0.024390243902439,0.142857142857143,"AT5G48570"
"Flight_up_41","GO:BP","GO:0009165","nucleotide biosynthetic process",0.490831728149134,7,41,1,0.024390243902439,0.142857142857143,"AT5G23220"
"Flight_up_41","GO:BP","GO:0043412","macromolecule modification",0.490831728149134,62,41,3,0.0731707317073171,0.0483870967741935,"AT3G49970,AT5G50580,AT1G60190"
"Flight_up_41","GO:BP","GO:0120255","olefinic compound biosynthetic process",0.490831728149134,7,41,1,0.024390243902439,0.142857142857143,"AT5G65800"
"Flight_up_41","GO:MF","GO:0019842","vitamin binding",0.530628168429392,9,41,1,0.024390243902439,0.111111111111111,"AT5G65800"
"Flight_up_41","GO:MF","GO:0016810","hydrolase activity, acting on carbon-nitrogen (but not peptide) bonds",0.540595674886769,10,41,1,0.024390243902439,0.1,"AT5G23220"
"Flight_up_41","GO:MF","GO:0005515","protein binding",0.540595674886769,402,41,11,0.268292682926829,0.027363184079602,"AT1G07400,AT3G49970,AT5G48570,AT5G59720,AT5G50580,AT3G46230,AT1G80130,AT1G60190,AT4G11650,AT3G44326,AT5G65800"
"Flight_up_41","GO:BP","GO:1901293","nucleoside phosphate biosynthetic process",0.543879803373877,8,41,1,0.024390243902439,0.125,"AT5G23220"
"Flight_up_41","GO:MF","GO:0016874","ligase activity",0.572576685058945,12,41,1,0.024390243902439,0.0833333333333333,"AT5G50580"
"Flight_up_41","GO:MF","GO:0005516","calmodulin binding",0.572576685058945,12,41,1,0.024390243902439,0.0833333333333333,"AT5G48570"
"Flight_up_41","GO:MF","GO:0016762","xyloglucan:xyloglucosyl transferase activity",0.572576685058945,12,41,1,0.024390243902439,0.0833333333333333,"AT5G57540"
"Flight_up_41","GO:BP","GO:0072524","pyridine-containing compound metabolic process",0.593520518062703,9,41,1,0.024390243902439,0.111111111111111,"AT5G23220"
"Flight_up_41","GO:BP","GO:0120254","olefinic compound metabolic process",0.627433441667223,10,41,1,0.024390243902439,0.1,"AT5G65800"
"Flight_up_41","GO:BP","GO:0019216","regulation of lipid metabolic process",0.627433441667223,10,41,1,0.024390243902439,0.1,"AT3G44326"
"Flight_up_41","GO:MF","GO:0016757","glycosyltransferase activity",0.644688642340512,50,41,2,0.0487804878048781,0.04,"AT5G57540,AT4G27560"
"Flight_up_41","GO:MF","GO:0140096","catalytic activity, acting on a protein",0.644688642340512,86,41,3,0.0731707317073171,0.0348837209302326,"AT5G48570,AT5G50580,AT1G60190"
"Flight_up_41","GO:MF","GO:0016830","carbon-carbon lyase activity",0.644688642340512,15,41,1,0.024390243902439,0.0666666666666667,"AT3G21720"
"Flight_up_41","GO:MF","GO:0030247","polysaccharide binding",0.657324212083751,18,41,1,0.024390243902439,0.0555555555555556,"AT5G57540"
"Flight_up_41","GO:MF","GO:0005199","structural constituent of cell wall",0.657324212083751,17,41,1,0.024390243902439,0.0588235294117647,"AT4G13390"
"Flight_up_41","GO:MF","GO:0016835","carbon-oxygen lyase activity",0.657324212083751,17,41,1,0.024390243902439,0.0588235294117647,"AT3G52720"
"Flight_up_41","GO:MF","GO:0030246","carbohydrate binding",0.657324212083751,54,41,2,0.0487804878048781,0.037037037037037,"AT5G57540,AT5G38550"
"Flight_up_41","KEGG","KEGG:00940","Phenylpropanoid biosynthesis",0.657371540456756,37,41,1,0.024390243902439,0.027027027027027,"AT4G30170"
"Flight_up_41","KEGG","KEGG:01200","Carbon metabolism",0.657371540456756,32,41,1,0.024390243902439,0.03125,"AT3G21720"
"Flight_up_41","GO:BP","GO:0009060","aerobic respiration",0.670330733454019,11,41,1,0.024390243902439,0.0909090909090909,"AT3G21720"
"Flight_up_41","GO:CC","GO:0005737","cytoplasm",0.671227960518325,701,41,19,0.463414634146341,0.0271041369472183,"AT4G10250,AT4G30170,AT1G07400,AT1G52560,AT2G29500,AT4G22690,AT1G53540,AT1G54050,AT5G48570,AT3G05727,AT3G52720,AT5G59720,AT3G46230,AT3G22830,AT3G21720,AT4G11650,AT4G25200,AT1G13430,AT2G23110"
"Flight_up_41","GO:CC","GO:0140535","intracellular protein-containing complex",0.671227960518325,5,41,1,0.024390243902439,0.2,"AT3G44326"
"Flight_up_41","GO:CC","GO:0099503","secretory vesicle",0.671227960518325,31,41,2,0.0487804878048781,0.0645161290322581,"AT3G05727,AT4G11650"
"Flight_up_41","GO:CC","GO:1990234","transferase complex",0.671227960518325,6,41,1,0.024390243902439,0.166666666666667,"AT3G44326"
"Flight_up_41","GO:BP","GO:0009628","response to abiotic stimulus",0.690133771743462,258,41,7,0.170731707317073,0.0271317829457364,"AT4G10250,AT1G07400,AT1G52560,AT1G54050,AT5G48570,AT5G59720,AT3G46230"
"Flight_up_41","GO:BP","GO:0009812","flavonoid metabolic process",0.690133771743462,16,41,1,0.024390243902439,0.0625,"AT4G27560"
"Flight_up_41","GO:BP","GO:0008652","amino acid biosynthetic process",0.690133771743462,16,41,1,0.024390243902439,0.0625,"AT5G65800"
"Flight_up_41","GO:BP","GO:0001906","cell killing",0.690133771743462,16,41,1,0.024390243902439,0.0625,"AT3G05727"
"Flight_up_41","GO:BP","GO:0141061","disruption of cell in another organism",0.690133771743462,16,41,1,0.024390243902439,0.0625,"AT3G05727"
"Flight_up_41","GO:BP","GO:0070887","cellular response to chemical stimulus",0.690133771743462,167,41,5,0.121951219512195,0.029940119760479,"AT4G10250,AT4G30170,AT1G07400,AT1G54050,AT3G46230"
"Flight_up_41","GO:BP","GO:0009117","nucleotide metabolic process",0.690133771743462,15,41,1,0.024390243902439,0.0666666666666667,"AT5G23220"
"Flight_up_41","GO:BP","GO:0008202","steroid metabolic process",0.690133771743462,13,41,1,0.024390243902439,0.0769230769230769,"AT3G44326"
"Flight_up_41","GO:BP","GO:1900140","regulation of seedling development",0.690133771743462,13,41,1,0.024390243902439,0.0769230769230769,"AT1G60190"
"Flight_up_41","GO:BP","GO:1901607","alpha-amino acid biosynthetic process",0.690133771743462,14,41,1,0.024390243902439,0.0714285714285714,"AT5G65800"
"Flight_up_41","GO:BP","GO:0006753","nucleoside phosphate metabolic process",0.690133771743462,16,41,1,0.024390243902439,0.0625,"AT5G23220"
"Flight_up_41","GO:BP","GO:0031640","killing of cells of another organism",0.690133771743462,16,41,1,0.024390243902439,0.0625,"AT3G05727"
"Flight_up_41","GO:BP","GO:0015980","energy derivation by oxidation of organic compounds",0.690133771743462,15,41,1,0.024390243902439,0.0666666666666667,"AT3G21720"
"Flight_up_41","GO:BP","GO:0010411","xyloglucan metabolic process",0.690133771743462,13,41,1,0.024390243902439,0.0769230769230769,"AT5G57540"
"Flight_up_41","GO:BP","GO:0090407","organophosphate biosynthetic process",0.690133771743462,14,41,1,0.024390243902439,0.0714285714285714,"AT5G23220"
"Flight_up_41","GO:BP","GO:0141060","disruption of anatomical structure in another organism",0.690133771743462,16,41,1,0.024390243902439,0.0625,"AT3G05727"
"Flight_up_41","GO:BP","GO:0045333","cellular respiration",0.690133771743462,14,41,1,0.024390243902439,0.0714285714285714,"AT3G21720"
"Flight_up_41","GO:BP","GO:0010029","regulation of seed germination",0.690133771743462,13,41,1,0.024390243902439,0.0769230769230769,"AT1G60190"
"Flight_up_41","GO:BP","GO:0051301","cell division",0.716052170423359,17,41,1,0.024390243902439,0.0588235294117647,"AT5G65800"
"Flight_up_41","GO:MF","GO:0016853","isomerase activity",0.725762426975917,21,41,1,0.024390243902439,0.0476190476190476,"AT5G48570"
"Flight_up_41","GO:BP","GO:0071695","anatomical structure maturation",0.740543142780251,18,41,1,0.024390243902439,0.0555555555555556,"AT5G65800"
"Flight_up_41","GO:BP","GO:0090351","seedling development",0.745244602073898,20,41,1,0.024390243902439,0.05,"AT1G60190"
"Flight_up_41","GO:BP","GO:0009845","seed germination",0.745244602073898,19,41,1,0.024390243902439,0.0526315789473684,"AT1G60190"
"Flight_up_41","GO:BP","GO:0042546","cell wall biogenesis",0.745244602073898,20,41,1,0.024390243902439,0.05,"AT5G57540"
"Flight_up_41","GO:BP","GO:0055086","nucleobase-containing small molecule metabolic process",0.745244602073898,19,41,1,0.024390243902439,0.0526315789473684,"AT5G23220"
"Flight_up_41","GO:BP","GO:0050832","defense response to fungus",0.745244602073898,58,41,2,0.0487804878048781,0.0344827586206897,"AT3G05727,AT4G11650"
"Flight_up_41","GO:BP","GO:1901605","alpha-amino acid metabolic process",0.745244602073898,20,41,1,0.024390243902439,0.05,"AT5G65800"
"Flight_up_41","KEGG","KEGG:01110","Biosynthesis of secondary metabolites",0.745806178168417,167,41,3,0.0731707317073171,0.0179640718562874,"AT4G30170,AT3G21720,AT5G65800"
"Flight_up_41","KEGG","KEGG:01100","Metabolic pathways",0.807009663449444,263,41,4,0.0975609756097561,0.0152091254752852,"AT4G30170,AT3G52720,AT3G21720,AT5G65800"
"Flight_up_41","GO:BP","GO:0044042","glucan metabolic process",0.821841748814096,24,41,1,0.024390243902439,0.0416666666666667,"AT5G57540"
"Flight_up_41","GO:BP","GO:0050896","response to stimulus",0.821841748814096,622,41,14,0.341463414634146,0.022508038585209,"AT4G10250,AT4G30170,AT1G07400,AT1G52560,AT2G29500,AT1G54050,AT5G48570,AT3G05727,AT5G59720,AT3G46230,AT1G80130,AT4G11650,AT5G65800,AT1G13430"
"Flight_up_41","GO:BP","GO:0009620","response to fungus",0.821841748814096,66,41,2,0.0487804878048781,0.0303030303030303,"AT3G05727,AT4G11650"
"Flight_up_41","GO:BP","GO:0019637","organophosphate metabolic process",0.821841748814096,24,41,1,0.024390243902439,0.0416666666666667,"AT5G23220"
"Flight_up_41","GO:MF","GO:0016746","acyltransferase activity",0.840215041370831,28,41,1,0.024390243902439,0.0357142857142857,"AT1G60190"
"Flight_up_41","GO:MF","GO:0008270","zinc ion binding",0.840215041370831,27,41,1,0.024390243902439,0.037037037037037,"AT3G52720"
"Flight_up_41","GO:MF","GO:0005198","structural molecule activity",0.840215041370831,28,41,1,0.024390243902439,0.0357142857142857,"AT4G13390"
"Flight_up_41","GO:BP","GO:0045229","external encapsulating structure organization",0.846922494778203,69,41,2,0.0487804878048781,0.0289855072463768,"AT5G57540,AT4G13390"
"Flight_up_41","GO:BP","GO:0071555","cell wall organization",0.846922494778203,69,41,2,0.0487804878048781,0.0289855072463768,"AT5G57540,AT4G13390"
"Flight_up_41","GO:MF","GO:0004601","peroxidase activity",0.851759254562257,37,41,1,0.024390243902439,0.027027027027027,"AT4G30170"
"Flight_up_41","GO:MF","GO:0140825","lactoperoxidase activity",0.851759254562257,30,41,1,0.024390243902439,0.0333333333333333,"AT4G30170"
"Flight_up_41","GO:MF","GO:0140657","ATP-dependent activity",0.851759254562257,38,41,1,0.024390243902439,0.0263157894736842,"AT5G50580"
"Flight_up_41","GO:MF","GO:0016209","antioxidant activity",0.851759254562257,39,41,1,0.024390243902439,0.0256410256410256,"AT4G30170"
"Flight_up_41","GO:MF","GO:0016740","transferase activity",0.851759254562257,178,41,4,0.0975609756097561,0.0224719101123595,"AT5G57540,AT1G60190,AT4G27560,AT1G13430"
"Flight_up_41","GO:MF","GO:0016758","hexosyltransferase activity",0.851759254562257,35,41,1,0.024390243902439,0.0285714285714286,"AT5G57540"
"Flight_up_41","GO:MF","GO:0020037","heme binding",0.851759254562257,88,41,2,0.0487804878048781,0.0227272727272727,"AT4G30170,AT4G22690"
"Flight_up_41","GO:MF","GO:0046527","glucosyltransferase activity",0.851759254562257,32,41,1,0.024390243902439,0.03125,"AT5G57540"
"Flight_up_41","GO:MF","GO:0008194","UDP-glycosyltransferase activity",0.851759254562257,32,41,1,0.024390243902439,0.03125,"AT4G27560"
"Flight_up_41","GO:MF","GO:0016684","oxidoreductase activity, acting on peroxide as acceptor",0.851759254562257,39,41,1,0.024390243902439,0.0256410256410256,"AT4G30170"
"Flight_up_41","GO:BP","GO:0019538","protein metabolic process",0.854655945691128,116,41,3,0.0731707317073171,0.0258620689655172,"AT3G49970,AT5G50580,AT1G60190"
"Flight_up_41","GO:BP","GO:0006520","amino acid metabolic process",0.854655945691128,27,41,1,0.024390243902439,0.037037037037037,"AT5G65800"
"Flight_up_41","GO:BP","GO:0051716","cellular response to stimulus",0.857468644121238,258,41,6,0.146341463414634,0.0232558139534884,"AT4G10250,AT4G30170,AT1G07400,AT1G54050,AT5G48570,AT3G46230"
"Flight_up_41","GO:BP","GO:0009664","plant-type cell wall organization",0.8807212417692,29,41,1,0.024390243902439,0.0344827586206897,"AT4G13390"
"Flight_up_41","GO:MF","GO:0003674","molecular_function",0.881521628285861,1471,41,30,0.731707317073171,0.0203942895989123,"AT4G30170,AT1G07400,AT1G52560,AT3G49970,AT4G22690,AT5G57540,AT5G48570,AT3G05727,AT4G22517,AT3G52720,AT5G59720,AT4G22460,AT3G01345,AT5G50580,AT3G46230,AT4G22520,AT3G22830,AT1G80130,AT4G12870,AT3G21720,AT1G60190,AT4G11650,AT4G27560,AT4G25200,AT5G23220,AT4G13390,AT3G44326,AT5G65800,AT1G13430,AT5G38550"
"Flight_up_41","GO:MF","GO:0003824","catalytic activity",0.881521628285861,650,41,13,0.317073170731707,0.02,"AT4G30170,AT4G22690,AT5G57540,AT5G48570,AT3G52720,AT5G50580,AT4G12870,AT3G21720,AT1G60190,AT4G27560,AT5G23220,AT5G65800,AT1G13430"
"Flight_up_41","GO:MF","GO:0004553","hydrolase activity, hydrolyzing O-glycosyl compounds",0.892389972534189,46,41,1,0.024390243902439,0.0217391304347826,"AT5G57540"
"Flight_up_41","GO:BP","GO:0042440","pigment metabolic process",0.89263381925293,30,41,1,0.024390243902439,0.0333333333333333,"AT4G27560"
"Flight_up_41","GO:BP","GO:0042744","hydrogen peroxide catabolic process",0.893912312606835,31,41,1,0.024390243902439,0.032258064516129,"AT4G30170"
"Flight_up_41","GO:BP","GO:0071554","cell wall organization or biogenesis",0.893912312606835,77,41,2,0.0487804878048781,0.025974025974026,"AT5G57540,AT4G13390"
"Flight_up_41","GO:MF","GO:0016798","hydrolase activity, acting on glycosyl bonds",0.894002175070022,59,41,1,0.024390243902439,0.0169491525423729,"AT5G57540"
"Flight_up_41","GO:MF","GO:0003690","double-stranded DNA binding",0.894002175070022,59,41,1,0.024390243902439,0.0169491525423729,"AT3G22830"
"Flight_up_41","GO:MF","GO:0001067","transcription regulatory region nucleic acid binding",0.894002175070022,56,41,1,0.024390243902439,0.0178571428571429,"AT3G22830"
"Flight_up_41","GO:MF","GO:0000976","transcription cis-regulatory region binding",0.894002175070022,56,41,1,0.024390243902439,0.0178571428571429,"AT3G22830"
"Flight_up_41","GO:MF","GO:0046914","transition metal ion binding",0.894002175070022,121,41,2,0.0487804878048781,0.0165289256198347,"AT4G22690,AT3G52720"
"Flight_up_41","GO:MF","GO:1990837","sequence-specific double-stranded DNA binding",0.894002175070022,57,41,1,0.024390243902439,0.0175438596491228,"AT3G22830"
"Flight_up_41","GO:MF","GO:0005488","binding",0.894002175070022,910,41,18,0.439024390243902,0.0197802197802198,"AT4G30170,AT1G07400,AT3G49970,AT4G22690,AT5G57540,AT5G48570,AT3G52720,AT5G59720,AT5G50580,AT3G46230,AT3G22830,AT1G80130,AT3G21720,AT1G60190,AT4G11650,AT3G44326,AT5G65800,AT5G38550"
"Flight_up_41","GO:MF","GO:0005506","iron ion binding",0.894002175070022,61,41,1,0.024390243902439,0.0163934426229508,"AT4G22690"
"Flight_up_41","GO:MF","GO:0046906","tetrapyrrole binding",0.894002175070022,111,41,2,0.0487804878048781,0.018018018018018,"AT4G30170,AT4G22690"
"Flight_up_41","GO:MF","GO:0004497","monooxygenase activity",0.901036871111974,64,41,1,0.024390243902439,0.015625,"AT4G22690"
"Flight_up_41","GO:BP","GO:0021700","developmental maturation",0.904446503360767,32,41,1,0.024390243902439,0.03125,"AT5G65800"
"Flight_up_41","GO:MF","GO:0043565","sequence-specific DNA binding",0.910837724763906,70,41,1,0.024390243902439,0.0142857142857143,"AT3G22830"
"Flight_up_41","GO:MF","GO:0016705","oxidoreductase activity, acting on paired donors, with incorporation or reduction of molecular oxygen",0.910837724763906,70,41,1,0.024390243902439,0.0142857142857143,"AT4G22690"
"Flight_up_41","GO:BP","GO:0042743","hydrogen peroxide metabolic process",0.914347805922959,33,41,1,0.024390243902439,0.0303030303030303,"AT4G30170"
"Flight_up_41","GO:CC","GO:0031982","vesicle",0.914359391454553,48,41,2,0.0487804878048781,0.0416666666666667,"AT3G05727,AT4G11650"
"Flight_up_41","GO:CC","GO:0000325","plant-type vacuole",0.914359391454553,61,41,2,0.0487804878048781,0.0327868852459016,"AT4G22690,AT5G48570"
"Flight_up_41","GO:CC","GO:0030312","external encapsulating structure",0.914359391454553,60,41,2,0.0487804878048781,0.0333333333333333,"AT4G22690,AT5G57540"
"Flight_up_41","GO:CC","GO:0005618","cell wall",0.914359391454553,56,41,2,0.0487804878048781,0.0357142857142857,"AT4G22690,AT5G57540"
"Flight_up_41","GO:CC","GO:0005739","mitochondrion",0.914359391454553,102,41,3,0.0731707317073171,0.0294117647058824,"AT1G52560,AT4G22690,AT4G25200"
"Flight_up_41","GO:CC","GO:0005773","vacuole",0.914359391454553,99,41,3,0.0731707317073171,0.0303030303030303,"AT4G30170,AT4G22690,AT5G48570"
"Flight_up_41","GO:CC","GO:0097708","intracellular vesicle",0.914359391454553,46,41,2,0.0487804878048781,0.0434782608695652,"AT3G05727,AT4G11650"
"Flight_up_41","GO:CC","GO:0031410","cytoplasmic vesicle",0.914359391454553,44,41,2,0.0487804878048781,0.0454545454545455,"AT3G05727,AT4G11650"
"Flight_up_41","GO:BP","GO:0042221","response to chemical",0.935005508882492,328,41,7,0.170731707317073,0.0213414634146341,"AT4G10250,AT4G30170,AT1G07400,AT1G54050,AT3G46230,AT5G65800,AT1G13430"
"Flight_up_41","GO:BP","GO:0019752","carboxylic acid metabolic process",0.935005508882492,84,41,2,0.0487804878048781,0.0238095238095238,"AT3G21720,AT5G65800"
"Flight_up_41","GO:CC","GO:0012505","endomembrane system",0.94623216801646,123,41,3,0.0731707317073171,0.024390243902439,"AT4G10250,AT4G22690,AT3G52720"
"Flight_up_41","GO:CC","GO:0005622","intracellular anatomical structure",0.94623216801646,919,41,20,0.48780487804878,0.0217627856365615,"AT4G10250,AT4G30170,AT1G07400,AT1G52560,AT2G29500,AT4G22690,AT1G53540,AT1G54050,AT5G48570,AT3G05727,AT3G52720,AT5G59720,AT5G50580,AT3G46230,AT3G22830,AT3G21720,AT4G11650,AT4G25200,AT1G13430,AT2G23110"
"Flight_up_41","GO:CC","GO:1902494","catalytic complex",0.94623216801646,34,41,1,0.024390243902439,0.0294117647058824,"AT3G44326"
"Flight_up_41","GO:CC","GO:0042579","microbody",0.94623216801646,31,41,1,0.024390243902439,0.032258064516129,"AT3G21720"
"Flight_up_41","GO:CC","GO:0005794","Golgi apparatus",0.94623216801646,32,41,1,0.024390243902439,0.03125,"AT4G22690"
"Flight_up_41","GO:CC","GO:0005777","peroxisome",0.94623216801646,31,41,1,0.024390243902439,0.032258064516129,"AT3G21720"
"Flight_up_41","GO:BP","GO:0071669","plant-type cell wall organization or biogenesis",0.948167573348591,37,41,1,0.024390243902439,0.027027027027027,"AT4G13390"
"Flight_up_41","GO:BP","GO:0044281","small molecule metabolic process",0.948167573348591,136,41,3,0.0731707317073171,0.0220588235294118,"AT3G21720,AT5G23220,AT5G65800"
"Flight_up_41","GO:BP","GO:2000026","regulation of multicellular organismal development",0.961951885397234,39,41,1,0.024390243902439,0.0256410256410256,"AT1G60190"
"Flight_up_41","GO:BP","GO:0048580","regulation of post-embryonic development",0.961951885397234,39,41,1,0.024390243902439,0.0256410256410256,"AT1G60190"
"Flight_up_41","GO:BP","GO:0010154","fruit development",0.968141207750247,40,41,1,0.024390243902439,0.025,"AT5G65800"
"Flight_up_41","GO:CC","GO:0005783","endoplasmic reticulum",0.971547119551,88,41,2,0.0487804878048781,0.0227272727272727,"AT4G10250,AT3G52720"
"Flight_up_41","GO:BP","GO:0005976","polysaccharide metabolic process",0.97388918478339,41,41,1,0.024390243902439,0.024390243902439,"AT5G57540"
"Flight_up_41","GO:BP","GO:0072593","reactive oxygen species metabolic process",0.979215068615072,42,41,1,0.024390243902439,0.0238095238095238,"AT4G30170"
"Flight_up_41","GO:BP","GO:0098869","cellular oxidant detoxification",0.98867326942456,44,41,1,0.024390243902439,0.0227272727272727,"AT4G30170"
"Flight_up_41","GO:BP","GO:0051239","regulation of multicellular organismal process",0.98867326942456,44,41,1,0.024390243902439,0.0227272727272727,"AT1G60190"
"Flight_up_41","GO:MF","GO:0016491","oxidoreductase activity",0.989417834235256,222,41,3,0.0731707317073171,0.0135135135135135,"AT4G30170,AT4G22690,AT4G12870"
"Flight_up_41","GO:MF","GO:0046872","metal ion binding",0.99335927744369,310,41,4,0.0975609756097561,0.0129032258064516,"AT4G30170,AT4G22690,AT3G52720,AT3G21720"
"Flight_up_41","GO:MF","GO:1901363","heterocyclic compound binding",0.99335927744369,162,41,1,0.024390243902439,0.00617283950617284,"AT5G65800"
"Flight_up_41","GO:MF","GO:0140110","transcription regulator activity",0.99335927744369,119,41,1,0.024390243902439,0.00840336134453781,"AT3G22830"
"Flight_up_41","GO:MF","GO:0043167","ion binding",0.99335927744369,465,41,5,0.121951219512195,0.010752688172043,"AT4G30170,AT4G22690,AT3G52720,AT3G21720,AT5G65800"
"Flight_up_41","GO:MF","GO:0036094","small molecule binding",0.99335927744369,476,41,5,0.121951219512195,0.0105042016806723,"AT4G30170,AT4G22690,AT3G52720,AT3G21720,AT5G65800"
"Flight_up_41","GO:MF","GO:0043169","cation binding",0.99335927744369,310,41,4,0.0975609756097561,0.0129032258064516,"AT4G30170,AT4G22690,AT3G52720,AT3G21720"
"Flight_up_41","GO:MF","GO:0016787","hydrolase activity",0.99335927744369,201,41,2,0.0487804878048781,0.00995024875621891,"AT5G57540,AT5G23220"
"Flight_up_41","GO:MF","GO:0003677","DNA binding",0.99335927744369,136,41,1,0.024390243902439,0.00735294117647059,"AT3G22830"
"Flight_up_41","GO:MF","GO:0003700","DNA-binding transcription factor activity",0.99335927744369,119,41,1,0.024390243902439,0.00840336134453781,"AT3G22830"
"Flight_up_41","GO:MF","GO:0043168","anion binding",0.99335927744369,172,41,1,0.024390243902439,0.00581395348837209,"AT5G65800"
"Flight_up_41","GO:BP","GO:0097237","cellular response to toxic substance",0.993542150478843,46,41,1,0.024390243902439,0.0217391304347826,"AT4G30170"
"Flight_up_41","GO:BP","GO:1990748","cellular detoxification",0.993542150478843,46,41,1,0.024390243902439,0.0217391304347826,"AT4G30170"
"Flight_up_41","GO:BP","GO:0005975","carbohydrate metabolic process",0.993542150478843,101,41,2,0.0487804878048781,0.0198019801980198,"AT5G57540,AT3G21720"
"Flight_up_41","GO:BP","GO:0051707","response to other organism",0.996272885300013,151,41,2,0.0487804878048781,0.0132450331125828,"AT3G05727,AT4G11650"
"Flight_up_41","GO:BP","GO:0051252","regulation of RNA metabolic process",0.996272885300013,143,41,1,0.024390243902439,0.00699300699300699,"AT3G22830"
"Flight_up_41","GO:BP","GO:0048608","reproductive structure development",0.996272885300013,84,41,1,0.024390243902439,0.0119047619047619,"AT5G65800"
"Flight_up_41","GO:BP","GO:0050789","regulation of biological process",0.996272885300013,345,41,3,0.0731707317073171,0.00869565217391304,"AT3G22830,AT1G60190,AT3G44326"
"Flight_up_41","GO:BP","GO:0048856","anatomical structure development",0.996272885300013,242,41,2,0.0487804878048781,0.00826446280991736,"AT1G60190,AT5G65800"
"Flight_up_41","GO:BP","GO:0046394","carboxylic acid biosynthetic process",0.996272885300013,51,41,1,0.024390243902439,0.0196078431372549,"AT5G65800"
"Flight_up_41","GO:BP","GO:0050794","regulation of cellular process",0.996272885300013,310,41,2,0.0487804878048781,0.00645161290322581,"AT3G22830,AT3G44326"
"Flight_up_41","GO:BP","GO:0009607","response to biotic stimulus",0.996272885300013,160,41,2,0.0487804878048781,0.0125,"AT3G05727,AT4G11650"
"Flight_up_41","GO:BP","GO:0009636","response to toxic substance",0.996272885300013,64,41,1,0.024390243902439,0.015625,"AT4G30170"
"Flight_up_41","GO:BP","GO:0016053","organic acid biosynthetic process",0.996272885300013,51,41,1,0.024390243902439,0.0196078431372549,"AT5G65800"
"Flight_up_41","GO:BP","GO:0010556","regulation of macromolecule biosynthetic process",0.996272885300013,154,41,1,0.024390243902439,0.00649350649350649,"AT3G22830"
"Flight_up_41","GO:BP","GO:0010468","regulation of gene expression",0.996272885300013,152,41,1,0.024390243902439,0.00657894736842105,"AT3G22830"
"Flight_up_41","GO:BP","GO:0006793","phosphorus metabolic process",0.996272885300013,73,41,1,0.024390243902439,0.0136986301369863,"AT5G23220"
"Flight_up_41","GO:BP","GO:0006796","phosphate-containing compound metabolic process",0.996272885300013,73,41,1,0.024390243902439,0.0136986301369863,"AT5G23220"
"Flight_up_41","GO:BP","GO:0006139","nucleobase-containing compound metabolic process",0.996272885300013,226,41,2,0.0487804878048781,0.00884955752212389,"AT3G22830,AT5G23220"
"Flight_up_41","GO:BP","GO:0006351","DNA-templated transcription",0.996272885300013,146,41,1,0.024390243902439,0.00684931506849315,"AT3G22830"
"Flight_up_41","GO:BP","GO:0006082","organic acid metabolic process",0.996272885300013,106,41,2,0.0487804878048781,0.0188679245283019,"AT3G21720,AT5G65800"
"Flight_up_41","GO:BP","GO:0006091","generation of precursor metabolites and energy",0.996272885300013,80,41,1,0.024390243902439,0.0125,"AT3G21720"
"Flight_up_41","GO:BP","GO:0032787","monocarboxylic acid metabolic process",0.996272885300013,49,41,1,0.024390243902439,0.0204081632653061,"AT3G21720"
"Flight_up_41","GO:BP","GO:0032774","RNA biosynthetic process",0.996272885300013,203,41,1,0.024390243902439,0.00492610837438424,"AT3G22830"
"Flight_up_41","GO:BP","GO:0016070","RNA metabolic process",0.996272885300013,207,41,1,0.024390243902439,0.00483091787439614,"AT3G22830"
"Flight_up_41","GO:BP","GO:0034654","nucleobase-containing compound biosynthetic process",0.996272885300013,211,41,2,0.0487804878048781,0.00947867298578199,"AT3G22830,AT5G23220"
"Flight_up_41","GO:BP","GO:0071840","cellular component organization or biogenesis",0.996272885300013,196,41,2,0.0487804878048781,0.0102040816326531,"AT5G57540,AT4G13390"
"Flight_up_41","GO:BP","GO:0065007","biological regulation",0.996272885300013,355,41,3,0.0731707317073171,0.00845070422535211,"AT3G22830,AT1G60190,AT3G44326"
"Flight_up_41","GO:BP","GO:0061458","reproductive system development",0.996272885300013,84,41,1,0.024390243902439,0.0119047619047619,"AT5G65800"
"Flight_up_41","GO:BP","GO:0050793","regulation of developmental process",0.996272885300013,73,41,1,0.024390243902439,0.0136986301369863,"AT1G60190"
"Flight_up_41","GO:BP","GO:0060255","regulation of macromolecule metabolic process",0.996272885300013,159,41,1,0.024390243902439,0.00628930817610063,"AT3G22830"
"Flight_up_41","GO:BP","GO:0048731","system development",0.996272885300013,186,41,1,0.024390243902439,0.00537634408602151,"AT5G65800"
"Flight_up_41","GO:BP","GO:0044283","small molecule biosynthetic process",0.996272885300013,59,41,1,0.024390243902439,0.0169491525423729,"AT5G65800"
"Flight_up_41","GO:BP","GO:0043207","response to external biotic stimulus",0.996272885300013,151,41,2,0.0487804878048781,0.0132450331125828,"AT3G05727,AT4G11650"
"Flight_up_41","GO:BP","GO:0019222","regulation of metabolic process",0.996272885300013,190,41,2,0.0487804878048781,0.0105263157894737,"AT3G22830,AT3G44326"
"Flight_up_41","GO:BP","GO:0022414","reproductive process",0.996272885300013,94,41,1,0.024390243902439,0.0106382978723404,"AT5G65800"
"Flight_up_41","GO:BP","GO:0016043","cellular component organization",0.996272885300013,189,41,2,0.0487804878048781,0.0105820105820106,"AT5G57540,AT4G13390"
"Flight_up_41","GO:BP","GO:0010467","gene expression",0.996272885300013,229,41,1,0.024390243902439,0.00436681222707424,"AT3G22830"
"Flight_up_41","GO:BP","GO:0009889","regulation of biosynthetic process",0.996272885300013,169,41,1,0.024390243902439,0.00591715976331361,"AT3G22830"
"Flight_up_41","GO:BP","GO:0009987","cellular process",0.996272885300013,1088,41,18,0.439024390243902,0.0165441176470588,"AT4G10250,AT4G30170,AT1G07400,AT3G49970,AT1G54050,AT5G57540,AT5G48570,AT3G05727,AT5G50580,AT3G46230,AT3G22830,AT3G21720,AT1G60190,AT4G27560,AT5G23220,AT4G13390,AT3G44326,AT5G65800"
"Flight_up_41","GO:BP","GO:0009888","tissue development",0.996272885300013,62,41,1,0.024390243902439,0.0161290322580645,"AT5G65800"
"Flight_up_41","GO:BP","GO:0019219","regulation of nucleobase-containing compound metabolic process",0.996272885300013,143,41,1,0.024390243902439,0.00699300699300699,"AT3G22830"
"Flight_up_41","GO:BP","GO:0009605","response to external stimulus",0.996272885300013,167,41,2,0.0487804878048781,0.0119760479041916,"AT3G05727,AT4G11650"
"Flight_up_41","GO:BP","GO:0009725","response to hormone",0.996272885300013,169,41,2,0.0487804878048781,0.0118343195266272,"AT5G65800,AT1G13430"
"Flight_up_41","GO:BP","GO:0009791","post-embryonic development",0.996272885300013,126,41,1,0.024390243902439,0.00793650793650794,"AT1G60190"
"Flight_up_41","GO:BP","GO:0003006","developmental process involved in reproduction",0.996272885300013,90,41,1,0.024390243902439,0.0111111111111111,"AT5G65800"
"Flight_up_41","GO:BP","GO:0009719","response to endogenous stimulus",0.996272885300013,169,41,2,0.0487804878048781,0.0118343195266272,"AT5G65800,AT1G13430"
"Flight_up_41","GO:BP","GO:0006355","regulation of DNA-templated transcription",0.996272885300013,141,41,1,0.024390243902439,0.00709219858156028,"AT3G22830"
"Flight_up_41","GO:BP","GO:0006629","lipid metabolic process",0.996272885300013,115,41,1,0.024390243902439,0.00869565217391304,"AT3G44326"
"Flight_up_41","GO:BP","GO:0006952","defense response",0.996272885300013,177,41,2,0.0487804878048781,0.0112994350282486,"AT3G05727,AT4G11650"
"Flight_up_41","GO:BP","GO:0007275","multicellular organism development",0.996272885300013,218,41,2,0.0487804878048781,0.00917431192660551,"AT1G60190,AT5G65800"
"Flight_up_41","GO:BP","GO:0008150","biological_process",0.996272885300013,1455,41,27,0.658536585365854,0.0185567010309278,"AT4G10250,AT4G30170,AT1G07400,AT1G52560,AT3G49970,AT2G29500,AT1G54050,AT5G57540,AT5G48570,AT3G05727,AT4G22517,AT5G59720,AT4G22460,AT5G50580,AT3G46230,AT4G22520,AT3G22830,AT1G80130,AT3G21720,AT1G60190,AT4G11650,AT4G27560,AT5G23220,AT4G13390,AT3G44326,AT5G65800,AT1G13430"
"Flight_up_41","GO:BP","GO:0008152","metabolic process",0.996272885300013,788,41,11,0.268292682926829,0.0139593908629442,"AT4G30170,AT3G49970,AT5G57540,AT5G50580,AT3G22830,AT3G21720,AT1G60190,AT4G27560,AT5G23220,AT3G44326,AT5G65800"
"Flight_up_41","GO:BP","GO:2001141","regulation of RNA biosynthetic process",0.996272885300013,141,41,1,0.024390243902439,0.00709219858156028,"AT3G22830"
"Flight_up_41","GO:BP","GO:0009056","catabolic process",0.996272885300013,116,41,1,0.024390243902439,0.00862068965517241,"AT4G30170"
"Flight_up_41","GO:BP","GO:0141187","nucleic acid biosynthetic process",0.996272885300013,203,41,1,0.024390243902439,0.00492610837438424,"AT3G22830"
"Flight_up_41","GO:BP","GO:0009059","macromolecule biosynthetic process",0.996272885300013,245,41,1,0.024390243902439,0.00408163265306122,"AT3G22830"
"Flight_up_41","GO:BP","GO:0009058","biosynthetic process",0.996272885300013,426,41,3,0.0731707317073171,0.00704225352112676,"AT3G22830,AT5G23220,AT5G65800"
"Flight_up_41","GO:BP","GO:0043436","oxoacid metabolic process",0.996272885300013,106,41,2,0.0487804878048781,0.0188679245283019,"AT3G21720,AT5G65800"
"Flight_up_41","GO:BP","GO:0090304","nucleic acid metabolic process",0.996272885300013,207,41,1,0.024390243902439,0.00483091787439614,"AT3G22830"
"Flight_up_41","GO:BP","GO:0044419","biological process involved in interspecies interaction between organisms",0.996272885300013,153,41,2,0.0487804878048781,0.0130718954248366,"AT3G05727,AT4G11650"
"Flight_up_41","GO:BP","GO:0044238","primary metabolic process",0.996272885300013,561,41,9,0.219512195121951,0.0160427807486631,"AT3G49970,AT5G57540,AT5G50580,AT3G22830,AT3G21720,AT1G60190,AT5G23220,AT3G44326,AT5G65800"
"Flight_up_41","GO:BP","GO:0043170","macromolecule metabolic process",0.996272885300013,370,41,5,0.121951219512195,0.0135135135135135,"AT3G49970,AT5G57540,AT5G50580,AT3G22830,AT1G60190"
"Flight_up_41","GO:BP","GO:0044085","cellular component biogenesis",0.996272885300013,102,41,1,0.024390243902439,0.00980392156862745,"AT5G57540"
"Flight_up_41","GO:BP","GO:0032502","developmental process",0.996272885300013,250,41,2,0.0487804878048781,0.008,"AT1G60190,AT5G65800"
"Flight_up_41","GO:BP","GO:0032501","multicellular organismal process",0.996272885300013,222,41,2,0.0487804878048781,0.00900900900900901,"AT1G60190,AT5G65800"
"Flight_up_41","GO:BP","GO:0098754","detoxification",0.996272885300013,59,41,1,0.024390243902439,0.0169491525423729,"AT4G30170"
"Flight_up_41","GO:BP","GO:0080090","regulation of primary metabolic process",0.996272885300013,163,41,2,0.0487804878048781,0.0122699386503067,"AT3G22830,AT3G44326"
"Flight_up_41","GO:MF","GO:0003676","nucleic acid binding",0.9963643502962,254,41,1,0.024390243902439,0.00393700787401575,"AT3G22830"
"Flight_up_41","GO:CC","GO:0005634","nucleus",0.999967255892838,320,41,3,0.0731707317073171,0.009375,"AT5G48570,AT5G50580,AT3G22830"
"Flight_up_41","GO:CC","GO:0005576","extracellular region",0.999967255892838,266,41,4,0.0975609756097561,0.0150375939849624,"AT4G30170,AT1G54970,AT5G57540,AT3G05727"
"Flight_up_41","GO:CC","GO:0043231","intracellular membrane-bounded organelle",0.999967255892838,781,41,12,0.292682926829268,0.0153649167733675,"AT4G10250,AT4G30170,AT1G52560,AT4G22690,AT5G48570,AT3G05727,AT3G52720,AT5G50580,AT3G22830,AT3G21720,AT4G11650,AT4G25200"
"Flight_up_41","GO:CC","GO:0071944","cell periphery",0.999967255892838,238,41,2,0.0487804878048781,0.00840336134453781,"AT4G22690,AT5G57540"
"Flight_up_41","GO:CC","GO:0043229","intracellular organelle",0.999967255892838,803,41,12,0.292682926829268,0.0149439601494396,"AT4G10250,AT4G30170,AT1G52560,AT4G22690,AT5G48570,AT3G05727,AT3G52720,AT5G50580,AT3G22830,AT3G21720,AT4G11650,AT4G25200"
"Flight_up_41","GO:CC","GO:0110165","cellular anatomical structure",0.999967255892838,1372,41,25,0.609756097560976,0.0182215743440233,"AT4G10250,AT4G30170,AT1G07400,AT1G52560,AT1G54970,AT2G29500,AT4G22690,AT1G53540,AT1G54050,AT5G57540,AT5G48570,AT3G05727,AT3G52720,AT5G59720,AT3G01345,AT5G50580,AT3G46230,AT3G22830,AT3G21720,AT4G11650,AT4G25200,AT4G13390,AT3G44326,AT1G13430,AT2G23110"
"Flight_up_41","GO:CC","GO:0032991","protein-containing complex",0.999967255892838,145,41,1,0.024390243902439,0.00689655172413793,"AT3G44326"
"Flight_up_41","GO:CC","GO:0005575","cellular_component",0.999967255892838,1438,41,28,0.682926829268293,0.019471488178025,"AT4G10250,AT4G30170,AT1G07400,AT1G52560,AT3G49970,AT1G54970,AT2G29500,AT4G22690,AT1G53540,AT1G54050,AT5G57540,AT5G48570,AT3G05727,AT4G22517,AT3G52720,AT5G59720,AT4G22460,AT3G01345,AT5G50580,AT3G46230,AT3G22830,AT3G21720,AT4G11650,AT4G25200,AT4G13390,AT3G44326,AT1G13430,AT2G23110"
"Flight_up_41","GO:CC","GO:0009536","plastid",0.999967255892838,275,41,2,0.0487804878048781,0.00727272727272727,"AT5G48570,AT3G52720"
"Flight_up_41","GO:CC","GO:0009570","chloroplast stroma",0.999967255892838,94,41,1,0.024390243902439,0.0106382978723404,"AT3G52720"
"Flight_up_41","GO:CC","GO:0016020","membrane",0.999967255892838,629,41,3,0.0731707317073171,0.00476947535771065,"AT3G01345,AT4G13390,AT3G44326"
"Flight_up_41","GO:CC","GO:0009532","plastid stroma",0.999967255892838,95,41,1,0.024390243902439,0.0105263157894737,"AT3G52720"
"Flight_up_41","GO:CC","GO:0005829","cytosol",0.999967255892838,201,41,1,0.024390243902439,0.00497512437810945,"AT2G23110"
"Flight_up_41","GO:CC","GO:0009505","plant-type cell wall",0.999967255892838,44,41,1,0.024390243902439,0.0227272727272727,"AT4G22690"
"Flight_up_41","GO:CC","GO:0009507","chloroplast",0.999967255892838,254,41,1,0.024390243902439,0.00393700787401575,"AT3G52720"
"Flight_up_41","GO:CC","GO:0043227","membrane-bounded organelle",0.999967255892838,783,41,12,0.292682926829268,0.0153256704980843,"AT4G10250,AT4G30170,AT1G52560,AT4G22690,AT5G48570,AT3G05727,AT3G52720,AT5G50580,AT3G22830,AT3G21720,AT4G11650,AT4G25200"
"Flight_up_41","GO:CC","GO:0043226","organelle",0.999967255892838,805,41,12,0.292682926829268,0.0149068322981366,"AT4G10250,AT4G30170,AT1G52560,AT4G22690,AT5G48570,AT3G05727,AT3G52720,AT5G50580,AT3G22830,AT3G21720,AT4G11650,AT4G25200"
"Flight_up_41","GO:CC","GO:0048046","apoplast",0.999967255892838,107,41,1,0.024390243902439,0.00934579439252336,"AT5G57540"
"Ground_up_44","GO:BP","GO:0009813","flavonoid biosynthetic process",0.0414785079461682,13,44,4,0.0909090909090909,0.307692307692308,"AT2G02990,AT5G13930,AT2G36790,AT3G51240"
"Ground_up_44","GO:BP","GO:0009812","flavonoid metabolic process",0.0503040216320315,16,44,4,0.0909090909090909,0.25,"AT2G02990,AT5G13930,AT2G36790,AT3G51240"
"Ground_up_44","KEGG","KEGG:00941","Flavonoid biosynthesis",0.0722998857732306,5,44,2,0.0454545454545455,0.4,"AT5G13930,AT3G51240"
"Ground_up_44","KEGG","KEGG:04712","Circadian rhythm - plant",0.139010645708084,2,44,1,0.0227272727272727,0.5,"AT5G13930"
"Ground_up_44","KEGG","KEGG:00540","Lipopolysaccharide biosynthesis",0.139010645708084,2,44,1,0.0227272727272727,0.5,"AT1G25145"
"Ground_up_44","KEGG","KEGG:00944","Flavone and flavonol biosynthesis",0.139010645708084,2,44,1,0.0227272727272727,0.5,"AT2G36790"
"Ground_up_44","KEGG","KEGG:00999","Biosynthesis of various plant secondary metabolites",0.139010645708084,10,44,2,0.0454545454545455,0.2,"AT5G56080,AT3G21370"
"Ground_up_44","KEGG","KEGG:00052","Galactose metabolism",0.226761624658889,4,44,1,0.0227272727272727,0.25,"AT3G01260"
"Ground_up_44","GO:CC","GO:0012505","endomembrane system",0.240337180321034,123,44,8,0.181818181818182,0.0650406504065041,"AT3G21370,AT1G70260,AT2G38750,AT3G57020,AT4G19690,AT5G13930,AT2G36790,AT1G51270"
"Ground_up_44","KEGG","KEGG:00910","Nitrogen metabolism",0.24037674478548,5,44,1,0.0227272727272727,0.2,"AT1G08090"
"Ground_up_44","GO:BP","GO:0044277","cell wall disassembly",0.250602243788286,1,44,1,0.0227272727272727,1,"AT2G41850"
"Ground_up_44","GO:BP","GO:0022406","membrane docking",0.250602243788286,1,44,1,0.0227272727272727,1,"AT1G51270"
"Ground_up_44","GO:BP","GO:0030418","nicotianamine biosynthetic process",0.250602243788286,1,44,1,0.0227272727272727,1,"AT5G56080"
"Ground_up_44","GO:BP","GO:0046283","anthocyanin-containing compound metabolic process",0.250602243788286,6,44,2,0.0454545454545455,0.333333333333333,"AT2G02990,AT5G13930"
"Ground_up_44","GO:BP","GO:1900424","regulation of defense response to bacterium",0.250602243788286,1,44,1,0.0227272727272727,1,"AT1G70260"
"Ground_up_44","GO:BP","GO:1900425","negative regulation of defense response to bacterium",0.250602243788286,1,44,1,0.0227272727272727,1,"AT1G70260"
"Ground_up_44","GO:BP","GO:0010047","fruit dehiscence",0.250602243788286,1,44,1,0.0227272727272727,1,"AT2G41850"
"Ground_up_44","GO:BP","GO:0010233","phloem transport",0.250602243788286,1,44,1,0.0227272727272727,1,"AT5G56080"
"Ground_up_44","GO:BP","GO:0009718","anthocyanin-containing compound biosynthetic process",0.250602243788286,5,44,2,0.0454545454545455,0.4,"AT2G02990,AT5G13930"
"Ground_up_44","GO:BP","GO:0009830","cell wall modification involved in abscission",0.250602243788286,1,44,1,0.0227272727272727,1,"AT2G41850"
"Ground_up_44","GO:BP","GO:0010232","vascular transport",0.250602243788286,1,44,1,0.0227272727272727,1,"AT5G56080"
"Ground_up_44","GO:BP","GO:0009667","plastid inner membrane organization",0.250602243788286,1,44,1,0.0227272727272727,1,"AT2G42540"
"Ground_up_44","GO:BP","GO:0009411","response to UV",0.250602243788286,7,44,2,0.0454545454545455,0.285714285714286,"AT5G13930,AT3G51240"
"Ground_up_44","GO:BP","GO:0061024","membrane organization",0.250602243788286,8,44,2,0.0454545454545455,0.25,"AT1G51270,AT2G42540"
"Ground_up_44","GO:BP","GO:0140056","organelle localization by membrane tethering",0.250602243788286,1,44,1,0.0227272727272727,1,"AT1G51270"
"Ground_up_44","GO:BP","GO:0003013","circulatory system process",0.250602243788286,1,44,1,0.0227272727272727,1,"AT5G56080"
"Ground_up_44","GO:BP","GO:0003018","vascular process in circulatory system",0.250602243788286,1,44,1,0.0227272727272727,1,"AT5G56080"
"Ground_up_44","GO:BP","GO:0051643","endoplasmic reticulum localization",0.250602243788286,1,44,1,0.0227272727272727,1,"AT1G51270"
"Ground_up_44","GO:BP","GO:0046148","pigment biosynthetic process",0.250602243788286,26,44,3,0.0681818181818182,0.115384615384615,"AT2G02990,AT5G13930,AT2G36790"
"Ground_up_44","GO:BP","GO:0010224","response to UV-B",0.250602243788286,5,44,2,0.0454545454545455,0.4,"AT5G13930,AT3G51240"
"Ground_up_44","GO:BP","GO:0042594","response to starvation",0.250602243788286,23,44,3,0.0681818181818182,0.130434782608696,"AT3G56970,AT2G02990,AT2G30766"
"Ground_up_44","GO:BP","GO:1902288","regulation of defense response to oomycetes",0.250602243788286,1,44,1,0.0227272727272727,1,"AT1G70260"
"Ground_up_44","GO:BP","GO:0072351","tricarboxylic acid biosynthetic process",0.250602243788286,1,44,1,0.0227272727272727,1,"AT5G56080"
"Ground_up_44","GO:BP","GO:0072350","tricarboxylic acid metabolic process",0.250602243788286,1,44,1,0.0227272727272727,1,"AT5G56080"
"Ground_up_44","GO:BP","GO:0003008","system process",0.250602243788286,1,44,1,0.0227272727272727,1,"AT5G56080"
"Ground_up_44","GO:BP","GO:1902289","negative regulation of defense response to oomycetes",0.250602243788286,1,44,1,0.0227272727272727,1,"AT1G70260"
"Ground_up_44","GO:BP","GO:0061817","endoplasmic reticulum-plasma membrane tethering",0.250602243788286,1,44,1,0.0227272727272727,1,"AT1G51270"
"Ground_up_44","GO:BP","GO:0006826","iron ion transport",0.252158887392168,11,44,2,0.0454545454545455,0.181818181818182,"AT4G19690,AT2G30766"
"Ground_up_44","GO:BP","GO:0031667","response to nutrient levels",0.25882367950306,29,44,3,0.0681818181818182,0.103448275862069,"AT3G56970,AT2G02990,AT2G30766"
"Ground_up_44","GO:BP","GO:0009247","glycolipid biosynthetic process",0.271300257838301,2,44,1,0.0227272727272727,0.5,"AT1G25145"
"Ground_up_44","GO:BP","GO:0031540","regulation of anthocyanin biosynthetic process",0.271300257838301,2,44,1,0.0227272727272727,0.5,"AT5G13930"
"Ground_up_44","GO:BP","GO:0046493","lipid A metabolic process",0.271300257838301,2,44,1,0.0227272727272727,0.5,"AT1G25145"
"Ground_up_44","GO:BP","GO:2001289","lipid X metabolic process",0.271300257838301,2,44,1,0.0227272727272727,0.5,"AT1G25145"
"Ground_up_44","GO:BP","GO:0006825","copper ion transport",0.271300257838301,2,44,1,0.0227272727272727,0.5,"AT4G19690"
"Ground_up_44","GO:BP","GO:0006576","biogenic amine metabolic process",0.271300257838301,2,44,1,0.0227272727272727,0.5,"AT5G56080"
"Ground_up_44","GO:BP","GO:0050898","nitrile metabolic process",0.271300257838301,2,44,1,0.0227272727272727,0.5,"AT1G54040"
"Ground_up_44","GO:BP","GO:0051179","localization",0.271300257838301,149,44,7,0.159090909090909,0.0469798657718121,"AT5G56080,AT1G08090,AT1G70260,AT4G19690,AT5G13930,AT1G51270,AT2G30766"
"Ground_up_44","GO:BP","GO:0090158","endoplasmic reticulum membrane organization",0.271300257838301,2,44,1,0.0227272727272727,0.5,"AT1G51270"
"Ground_up_44","GO:BP","GO:0000041","transition metal ion transport",0.271300257838301,14,44,2,0.0454545454545455,0.142857142857143,"AT4G19690,AT2G30766"
"Ground_up_44","GO:BP","GO:0009819","drought recovery",0.271300257838301,2,44,1,0.0227272727272727,0.5,"AT2G42540"
"Ground_up_44","GO:BP","GO:0009245","lipid A biosynthetic process",0.271300257838301,2,44,1,0.0227272727272727,0.5,"AT1G25145"
"Ground_up_44","GO:BP","GO:0080028","nitrile biosynthetic process",0.271300257838301,2,44,1,0.0227272727272727,0.5,"AT1G54040"
"Ground_up_44","GO:BP","GO:0007029","endoplasmic reticulum organization",0.271300257838301,2,44,1,0.0227272727272727,0.5,"AT1G51270"
"Ground_up_44","GO:BP","GO:0009309","amine biosynthetic process",0.271300257838301,2,44,1,0.0227272727272727,0.5,"AT5G56080"
"Ground_up_44","GO:BP","GO:0015675","nickel cation transport",0.271300257838301,2,44,1,0.0227272727272727,0.5,"AT4G19690"
"Ground_up_44","GO:BP","GO:1901269","lipooligosaccharide metabolic process",0.271300257838301,2,44,1,0.0227272727272727,0.5,"AT1G25145"
"Ground_up_44","GO:BP","GO:0035434","copper ion transmembrane transport",0.271300257838301,2,44,1,0.0227272727272727,0.5,"AT4G19690"
"Ground_up_44","GO:BP","GO:0042440","pigment metabolic process",0.271300257838301,30,44,3,0.0681818181818182,0.1,"AT2G02990,AT5G13930,AT2G36790"
"Ground_up_44","GO:BP","GO:0031537","regulation of anthocyanin metabolic process",0.271300257838301,2,44,1,0.0227272727272727,0.5,"AT5G13930"
"Ground_up_44","GO:BP","GO:0042401","biogenic amine biosynthetic process",0.271300257838301,2,44,1,0.0227272727272727,0.5,"AT5G56080"
"Ground_up_44","GO:BP","GO:1901271","lipooligosaccharide biosynthetic process",0.271300257838301,2,44,1,0.0227272727272727,0.5,"AT1G25145"
"Ground_up_44","GO:MF","GO:0004386","helicase activity",0.283508553746751,2,44,1,0.0227272727272727,0.5,"AT1G24575"
"Ground_up_44","GO:MF","GO:0016420","malonyltransferase activity",0.283508553746751,1,44,1,0.0227272727272727,1,"AT3G29670"
"Ground_up_44","GO:MF","GO:0016810","hydrolase activity, acting on carbon-nitrogen (but not peptide) bonds",0.283508553746751,10,44,2,0.0454545454545455,0.2,"AT1G25145,AT3G57020"
"Ground_up_44","GO:MF","GO:0016210","naringenin-chalcone synthase activity",0.283508553746751,1,44,1,0.0227272727272727,1,"AT5G13930"
"Ground_up_44","GO:MF","GO:0016844","strictosidine synthase activity",0.283508553746751,2,44,1,0.0227272727272727,0.5,"AT3G57020"
"Ground_up_44","GO:MF","GO:0033897","ribonuclease T2 activity",0.283508553746751,2,44,1,0.0227272727272727,0.5,"AT2G02990"
"Ground_up_44","GO:MF","GO:0045486","flavanone 3-dioxygenase activity",0.283508553746751,2,44,1,0.0227272727272727,0.5,"AT3G51240"
"Ground_up_44","GO:MF","GO:0030410","nicotianamine synthase activity",0.283508553746751,1,44,1,0.0227272727272727,1,"AT5G56080"
"Ground_up_44","GO:MF","GO:0031418","L-ascorbic acid binding",0.283508553746751,2,44,1,0.0227272727272727,0.5,"AT3G51240"
"Ground_up_44","GO:MF","GO:0140640","catalytic activity, acting on a nucleic acid",0.283508553746751,14,44,2,0.0454545454545455,0.142857142857143,"AT1G24575,AT2G02990"
"Ground_up_44","GO:MF","GO:0048029","monosaccharide binding",0.283508553746751,4,44,2,0.0454545454545455,0.5,"AT3G51240,AT2G42540"
"Ground_up_44","GO:MF","GO:0120543","macromolecular conformation isomerase activity",0.283508553746751,2,44,1,0.0227272727272727,0.5,"AT1G24575"
"Ground_up_44","GO:MF","GO:0120545","nucleic acid conformation isomerase activity",0.283508553746751,2,44,1,0.0227272727272727,0.5,"AT1G24575"
"Ground_up_44","GO:MF","GO:0005544","calcium-dependent phospholipid binding",0.283508553746751,2,44,1,0.0227272727272727,0.5,"AT2G38750"
"Ground_up_44","GO:MF","GO:0005375","copper ion transmembrane transporter activity",0.283508553746751,2,44,1,0.0227272727272727,0.5,"AT4G19690"
"Ground_up_44","GO:MF","GO:0005534","galactose binding",0.283508553746751,2,44,1,0.0227272727272727,0.5,"AT2G42540"
"Ground_up_44","GO:MF","GO:0103117","UDP-3-O-acyl-N-acetylglucosamine deacetylase activity",0.283508553746751,2,44,1,0.0227272727272727,0.5,"AT1G25145"
"Ground_up_44","GO:MF","GO:0050736","O-malonyltransferase activity",0.283508553746751,1,44,1,0.0227272727272727,1,"AT3G29670"
"Ground_up_44","GO:MF","GO:0016849","phosphorus-oxygen lyase activity",0.283508553746751,2,44,1,0.0227272727272727,0.5,"AT2G02990"
"Ground_up_44","GO:MF","GO:0003824","catalytic activity",0.290552621114989,650,44,20,0.454545454545455,0.0307692307692308,"AT5G56080,AT4G10510,AT3G21370,AT3G55290,AT1G29090,AT2G41850,AT1G24575,AT3G26280,AT1G25145,AT2G02990,AT3G57020,AT3G01260,AT5G13930,AT1G54040,AT3G46700,AT2G36790,AT3G51240,AT1G66800,AT1G51270,AT3G29670"
"Ground_up_44","GO:CC","GO:0005783","endoplasmic reticulum",0.305325649404529,88,44,6,0.136363636363636,0.0681818181818182,"AT3G21370,AT1G70260,AT3G57020,AT5G13930,AT2G36790,AT1G51270"
"Ground_up_44","GO:BP","GO:0071577","zinc ion transmembrane transport",0.313788512641124,3,44,1,0.0227272727272727,0.333333333333333,"AT4G19690"
"Ground_up_44","GO:BP","GO:0006664","glycolipid metabolic process",0.313788512641124,3,44,1,0.0227272727272727,0.333333333333333,"AT1G25145"
"Ground_up_44","GO:BP","GO:0009900","dehiscence",0.313788512641124,3,44,1,0.0227272727272727,0.333333333333333,"AT2G41850"
"Ground_up_44","GO:BP","GO:0009267","cellular response to starvation",0.313788512641124,19,44,2,0.0454545454545455,0.105263157894737,"AT3G56970,AT2G02990"
"Ground_up_44","GO:BP","GO:0010256","endomembrane system organization",0.313788512641124,3,44,1,0.0227272727272727,0.333333333333333,"AT1G51270"
"Ground_up_44","GO:BP","GO:0051050","positive regulation of transport",0.313788512641124,3,44,1,0.0227272727272727,0.333333333333333,"AT2G30766"
"Ground_up_44","GO:BP","GO:0031669","cellular response to nutrient levels",0.313788512641124,19,44,2,0.0454545454545455,0.105263157894737,"AT3G56970,AT2G02990"
"Ground_up_44","GO:BP","GO:0034758","positive regulation of iron ion transport",0.313788512641124,3,44,1,0.0227272727272727,0.333333333333333,"AT2G30766"
"Ground_up_44","GO:BP","GO:0034756","regulation of iron ion transport",0.313788512641124,3,44,1,0.0227272727272727,0.333333333333333,"AT2G30766"
"Ground_up_44","GO:BP","GO:0043270","positive regulation of monoatomic ion transport",0.313788512641124,3,44,1,0.0227272727272727,0.333333333333333,"AT2G30766"
"Ground_up_44","GO:BP","GO:0009901","anther dehiscence",0.313788512641124,3,44,1,0.0227272727272727,0.333333333333333,"AT2G41850"
"Ground_up_44","GO:BP","GO:0010106","cellular response to iron ion starvation",0.313788512641124,3,44,1,0.0227272727272727,0.333333333333333,"AT3G56970"
"Ground_up_44","GO:BP","GO:0010959","regulation of metal ion transport",0.313788512641124,3,44,1,0.0227272727272727,0.333333333333333,"AT2G30766"
"Ground_up_44","GO:BP","GO:0009617","response to bacterium",0.313788512641124,41,44,3,0.0681818181818182,0.0731707317073171,"AT1G70260,AT4G19690,AT1G54040"
"Ground_up_44","GO:BP","GO:1903509","liposaccharide metabolic process",0.313788512641124,3,44,1,0.0227272727272727,0.333333333333333,"AT1G25145"
"Ground_up_44","GO:MF","GO:0004521","RNA endonuclease activity",0.318151994740415,3,44,1,0.0227272727272727,0.333333333333333,"AT2G02990"
"Ground_up_44","GO:MF","GO:0016747","acyltransferase activity, transferring groups other than amino-acyl groups",0.318151994740415,18,44,2,0.0454545454545455,0.111111111111111,"AT5G13930,AT3G29670"
"Ground_up_44","GO:MF","GO:0016706","2-oxoglutarate-dependent dioxygenase activity",0.318151994740415,3,44,1,0.0227272727272727,0.333333333333333,"AT3G51240"
"Ground_up_44","GO:MF","GO:0016787","hydrolase activity",0.318151994740415,201,44,8,0.181818181818182,0.0398009950248756,"AT4G10510,AT3G21370,AT1G29090,AT2G41850,AT1G25145,AT2G02990,AT3G57020,AT1G51270"
"Ground_up_44","GO:MF","GO:0080046","quercetin 4'-O-glucosyltransferase activity",0.318151994740415,3,44,1,0.0227272727272727,0.333333333333333,"AT2G36790"
"Ground_up_44","GO:MF","GO:0005385","zinc ion transmembrane transporter activity",0.318151994740415,3,44,1,0.0227272727272727,0.333333333333333,"AT4G19690"
"Ground_up_44","GO:BP","GO:0032102","negative regulation of response to external stimulus",0.31935373719493,5,44,1,0.0227272727272727,0.2,"AT1G70260"
"Ground_up_44","GO:BP","GO:0042742","defense response to bacterium",0.31935373719493,24,44,2,0.0454545454545455,0.0833333333333333,"AT1G70260,AT1G54040"
"Ground_up_44","GO:BP","GO:0033993","response to lipid",0.31935373719493,115,44,5,0.113636363636364,0.0434782608695652,"AT3G22060,AT2G38750,AT5G13930,AT1G54040,AT2G42540"
"Ground_up_44","GO:BP","GO:0034755","iron ion transmembrane transport",0.31935373719493,4,44,1,0.0227272727272727,0.25,"AT4G19690"
"Ground_up_44","GO:BP","GO:0042126","nitrate metabolic process",0.31935373719493,5,44,1,0.0227272727272727,0.2,"AT1G08090"
"Ground_up_44","GO:BP","GO:0042128","nitrate assimilation",0.31935373719493,5,44,1,0.0227272727272727,0.2,"AT1G08090"
"Ground_up_44","GO:BP","GO:0031647","regulation of protein stability",0.31935373719493,5,44,1,0.0227272727272727,0.2,"AT2G42540"
"Ground_up_44","GO:BP","GO:0044706","multi-multicellular organism process",0.31935373719493,5,44,1,0.0227272727272727,0.2,"AT5G56080"
"Ground_up_44","GO:BP","GO:0010227","floral organ abscission",0.31935373719493,4,44,1,0.0227272727272727,0.25,"AT2G41850"
"Ground_up_44","GO:BP","GO:0015706","nitrate transmembrane transport",0.31935373719493,4,44,1,0.0227272727272727,0.25,"AT1G08090"
"Ground_up_44","GO:BP","GO:0051260","protein homooligomerization",0.31935373719493,5,44,1,0.0227272727272727,0.2,"AT2G42540"
"Ground_up_44","GO:BP","GO:0051553","flavone biosynthetic process",0.31935373719493,5,44,1,0.0227272727272727,0.2,"AT2G36790"
"Ground_up_44","GO:BP","GO:0051640","organelle localization",0.31935373719493,5,44,1,0.0227272727272727,0.2,"AT1G51270"
"Ground_up_44","GO:BP","GO:0022411","cellular component disassembly",0.31935373719493,4,44,1,0.0227272727272727,0.25,"AT2G41850"
"Ground_up_44","GO:BP","GO:0030001","metal ion transport",0.31935373719493,23,44,2,0.0454545454545455,0.0869565217391304,"AT4G19690,AT2G30766"
"Ground_up_44","GO:BP","GO:0010150","leaf senescence",0.31935373719493,21,44,2,0.0454545454545455,0.0952380952380952,"AT1G54040,AT2G42540"
"Ground_up_44","GO:BP","GO:0051234","establishment of localization",0.31935373719493,145,44,6,0.136363636363636,0.0413793103448276,"AT5G56080,AT1G08090,AT1G70260,AT4G19690,AT5G13930,AT2G30766"
"Ground_up_44","GO:BP","GO:0051555","flavonol biosynthetic process",0.31935373719493,5,44,1,0.0227272727272727,0.2,"AT2G36790"
"Ground_up_44","GO:BP","GO:0010043","response to zinc ion",0.31935373719493,4,44,1,0.0227272727272727,0.25,"AT5G56080"
"Ground_up_44","GO:BP","GO:0009838","abscission",0.31935373719493,5,44,1,0.0227272727272727,0.2,"AT2G41850"
"Ground_up_44","GO:BP","GO:0009827","plant-type cell wall modification",0.31935373719493,5,44,1,0.0227272727272727,0.2,"AT2G41850"
"Ground_up_44","GO:BP","GO:0050896","response to stimulus",0.31935373719493,622,44,18,0.409090909090909,0.0289389067524116,"AT2G14247,AT5G56080,AT3G56970,AT1G08090,AT1G70260,AT3G22060,AT4G09420,AT2G02990,AT2G38750,AT4G19690,AT5G13930,AT1G54040,AT2G26010,AT3G51240,AT1G51270,AT2G42540,AT2G30766,AT3G29670"
"Ground_up_44","GO:BP","GO:0002832","negative regulation of response to biotic stimulus",0.31935373719493,5,44,1,0.0227272727272727,0.2,"AT1G70260"
"Ground_up_44","GO:BP","GO:0009668","plastid membrane organization",0.31935373719493,5,44,1,0.0227272727272727,0.2,"AT2G42540"
"Ground_up_44","GO:BP","GO:0050826","response to freezing",0.31935373719493,5,44,1,0.0227272727272727,0.2,"AT2G42540"
"Ground_up_44","GO:BP","GO:0050821","protein stabilization",0.31935373719493,4,44,1,0.0227272727272727,0.25,"AT2G42540"
"Ground_up_44","GO:BP","GO:0006810","transport",0.31935373719493,141,44,6,0.136363636363636,0.0425531914893617,"AT5G56080,AT1G08090,AT1G70260,AT4G19690,AT5G13930,AT2G30766"
"Ground_up_44","GO:BP","GO:0006829","zinc ion transport",0.31935373719493,4,44,1,0.0227272727272727,0.25,"AT4G19690"
"Ground_up_44","GO:BP","GO:0009856","pollination",0.31935373719493,5,44,1,0.0227272727272727,0.2,"AT5G56080"
"Ground_up_44","GO:BP","GO:0090693","plant organ senescence",0.31935373719493,25,44,2,0.0454545454545455,0.08,"AT1G54040,AT2G42540"
"Ground_up_44","GO:BP","GO:0009860","pollen tube growth",0.31935373719493,4,44,1,0.0227272727272727,0.25,"AT5G56080"
"Ground_up_44","GO:BP","GO:0009962","regulation of flavonoid biosynthetic process",0.31935373719493,4,44,1,0.0227272727272727,0.25,"AT5G13930"
"Ground_up_44","GO:BP","GO:1990641","response to iron ion starvation",0.31935373719493,4,44,1,0.0227272727272727,0.25,"AT2G30766"
"Ground_up_44","GO:BP","GO:0180055","response to metal ion starvation",0.31935373719493,4,44,1,0.0227272727272727,0.25,"AT2G30766"
"Ground_up_44","GO:BP","GO:1900150","regulation of defense response to fungus",0.31935373719493,4,44,1,0.0227272727272727,0.25,"AT1G70260"
"Ground_up_44","GO:BP","GO:0008654","phospholipid biosynthetic process",0.31935373719493,5,44,1,0.0227272727272727,0.2,"AT1G25145"
"Ground_up_44","GO:BP","GO:0006879","intracellular iron ion homeostasis",0.31935373719493,5,44,1,0.0227272727272727,0.2,"AT3G56970"
"Ground_up_44","GO:BP","GO:0009308","amine metabolic process",0.31935373719493,5,44,1,0.0227272727272727,0.2,"AT5G56080"
"Ground_up_44","GO:BP","GO:0048868","pollen tube development",0.31935373719493,5,44,1,0.0227272727272727,0.2,"AT5G56080"
"Ground_up_44","GO:BP","GO:2001057","reactive nitrogen species metabolic process",0.31935373719493,5,44,1,0.0227272727272727,0.2,"AT1G08090"
"Ground_up_44","GO:BP","GO:1902025","nitrate import",0.31935373719493,4,44,1,0.0227272727272727,0.25,"AT1G08090"
"Ground_up_44","GO:MF","GO:0035251","UDP-glucosyltransferase activity",0.32019073153419,20,44,2,0.0454545454545455,0.1,"AT3G46700,AT2G36790"
"Ground_up_44","GO:BP","GO:0009932","cell tip growth",0.322882865759261,6,44,1,0.0227272727272727,0.166666666666667,"AT5G56080"
"Ground_up_44","GO:BP","GO:0009753","response to jasmonic acid",0.322882865759261,28,44,2,0.0454545454545455,0.0714285714285714,"AT5G13930,AT1G54040"
"Ground_up_44","GO:BP","GO:0006644","phospholipid metabolic process",0.322882865759261,6,44,1,0.0227272727272727,0.166666666666667,"AT1G25145"
"Ground_up_44","GO:BP","GO:0006873","intracellular monoatomic ion homeostasis",0.322882865759261,6,44,1,0.0227272727272727,0.166666666666667,"AT3G56970"
"Ground_up_44","GO:BP","GO:0048827","phyllome development",0.322882865759261,53,44,3,0.0681818181818182,0.0566037735849057,"AT2G41850,AT1G54040,AT2G42540"
"Ground_up_44","GO:BP","GO:0006040","amino sugar metabolic process",0.322882865759261,6,44,1,0.0227272727272727,0.166666666666667,"AT1G25145"
"Ground_up_44","GO:BP","GO:0002229","defense response to oomycetes",0.322882865759261,6,44,1,0.0227272727272727,0.166666666666667,"AT1G70260"
"Ground_up_44","GO:BP","GO:0030003","intracellular monoatomic cation homeostasis",0.322882865759261,6,44,1,0.0227272727272727,0.166666666666667,"AT3G56970"
"Ground_up_44","GO:BP","GO:0051554","flavonol metabolic process",0.322882865759261,6,44,1,0.0227272727272727,0.166666666666667,"AT2G36790"
"Ground_up_44","GO:BP","GO:0051259","protein complex oligomerization",0.322882865759261,6,44,1,0.0227272727272727,0.166666666666667,"AT2G42540"
"Ground_up_44","GO:BP","GO:0071941","nitrogen cycle metabolic process",0.322882865759261,6,44,1,0.0227272727272727,0.166666666666667,"AT1G08090"
"Ground_up_44","GO:BP","GO:0016145","S-glycoside catabolic process",0.322882865759261,6,44,1,0.0227272727272727,0.166666666666667,"AT1G54040"
"Ground_up_44","GO:BP","GO:0070542","response to fatty acid",0.322882865759261,28,44,2,0.0454545454545455,0.0714285714285714,"AT5G13930,AT1G54040"
"Ground_up_44","GO:BP","GO:1901658","glycosyl compound catabolic process",0.322882865759261,6,44,1,0.0227272727272727,0.166666666666667,"AT1G54040"
"Ground_up_44","GO:BP","GO:0031348","negative regulation of defense response",0.322882865759261,6,44,1,0.0227272727272727,0.166666666666667,"AT1G70260"
"Ground_up_44","GO:BP","GO:0051552","flavone metabolic process",0.322882865759261,6,44,1,0.0227272727272727,0.166666666666667,"AT2G36790"
"Ground_up_44","GO:BP","GO:0044273","sulfur compound catabolic process",0.322882865759261,6,44,1,0.0227272727272727,0.166666666666667,"AT1G54040"
"Ground_up_44","GO:BP","GO:0043269","regulation of monoatomic ion transport",0.322882865759261,6,44,1,0.0227272727272727,0.166666666666667,"AT2G30766"
"Ground_up_44","GO:BP","GO:0019762","glucosinolate catabolic process",0.322882865759261,6,44,1,0.0227272727272727,0.166666666666667,"AT1G54040"
"Ground_up_44","GO:MF","GO:0016853","isomerase activity",0.336609132183891,21,44,2,0.0454545454545455,0.0952380952380952,"AT1G24575,AT3G01260"
"Ground_up_44","GO:BP","GO:0009664","plant-type cell wall organization",0.338156840580296,29,44,2,0.0454545454545455,0.0689655172413793,"AT1G26240,AT2G41850"
"Ground_up_44","GO:MF","GO:0005381","iron ion transmembrane transporter activity",0.340142436988333,4,44,1,0.0227272727272727,0.25,"AT4G19690"
"Ground_up_44","GO:MF","GO:0004540","RNA nuclease activity",0.340142436988333,4,44,1,0.0227272727272727,0.25,"AT2G02990"
"Ground_up_44","GO:MF","GO:0015112","nitrate transmembrane transporter activity",0.340142436988333,4,44,1,0.0227272727272727,0.25,"AT1G08090"
"Ground_up_44","KEGG","KEGG:00040","Pentose and glucuronate interconversions",0.354658218912943,10,44,1,0.0227272727272727,0.1,"AT2G41850"
"Ground_up_44","KEGG","KEGG:00460","Cyanoamino acid metabolism",0.354658218912943,9,44,1,0.0227272727272727,0.111111111111111,"AT3G21370"
"Ground_up_44","KEGG","KEGG:00500","Starch and sucrose metabolism",0.360475536734734,17,44,1,0.0227272727272727,0.0588235294117647,"AT3G21370"
"Ground_up_44","KEGG","KEGG:01110","Biosynthesis of secondary metabolites",0.360475536734734,167,44,5,0.113636363636364,0.029940119760479,"AT5G56080,AT3G21370,AT3G01260,AT5G13930,AT3G51240"
"Ground_up_44","KEGG","KEGG:00270","Cysteine and methionine metabolism",0.360475536734734,12,44,1,0.0227272727272727,0.0833333333333333,"AT5G56080"
"Ground_up_44","KEGG","KEGG:00010","Glycolysis / Gluconeogenesis",0.360475536734734,13,44,1,0.0227272727272727,0.0769230769230769,"AT3G01260"
"Ground_up_44","KEGG","KEGG:04016","MAPK signaling pathway - plant",0.360475536734734,16,44,1,0.0227272727272727,0.0625,"AT2G26010"
"Ground_up_44","GO:BP","GO:0010167","response to nitrate",0.361425362183321,7,44,1,0.0227272727272727,0.142857142857143,"AT1G08090"
"Ground_up_44","GO:BP","GO:0016036","cellular response to phosphate starvation",0.361425362183321,7,44,1,0.0227272727272727,0.142857142857143,"AT2G02990"
"Ground_up_44","GO:BP","GO:0009555","pollen development",0.361425362183321,7,44,1,0.0227272727272727,0.142857142857143,"AT5G56080"
"Ground_up_44","GO:BP","GO:0009408","response to heat",0.365644007410387,31,44,2,0.0454545454545455,0.0645161290322581,"AT2G38750,AT2G42540"
"Ground_up_44","GO:MF","GO:0030246","carbohydrate binding",0.368637379177888,54,44,3,0.0681818181818182,0.0555555555555556,"AT3G01260,AT3G51240,AT2G42540"
"Ground_up_44","GO:MF","GO:0008234","cysteine-type peptidase activity",0.368637379177888,6,44,1,0.0227272727272727,0.166666666666667,"AT1G29090"
"Ground_up_44","GO:MF","GO:0004518","nuclease activity",0.368637379177888,6,44,1,0.0227272727272727,0.166666666666667,"AT2G02990"
"Ground_up_44","GO:MF","GO:0080043","quercetin 3-O-glucosyltransferase activity",0.368637379177888,5,44,1,0.0227272727272727,0.2,"AT2G36790"
"Ground_up_44","GO:MF","GO:0080044","quercetin 7-O-glucosyltransferase activity",0.368637379177888,6,44,1,0.0227272727272727,0.166666666666667,"AT2G36790"
"Ground_up_44","GO:MF","GO:0004519","endonuclease activity",0.368637379177888,6,44,1,0.0227272727272727,0.166666666666667,"AT2G02990"
"Ground_up_44","GO:MF","GO:0004022","alcohol dehydrogenase (NAD+) activity",0.368637379177888,5,44,1,0.0227272727272727,0.2,"AT1G66800"
"Ground_up_44","GO:MF","GO:0008374","O-acyltransferase activity",0.368637379177888,5,44,1,0.0227272727272727,0.2,"AT3G29670"
"Ground_up_44","GO:MF","GO:0016746","acyltransferase activity",0.368637379177888,28,44,2,0.0454545454545455,0.0714285714285714,"AT5G13930,AT3G29670"
"Ground_up_44","GO:MF","GO:0016811","hydrolase activity, acting on carbon-nitrogen (but not peptide) bonds, in linear amides",0.368637379177888,6,44,1,0.0227272727272727,0.166666666666667,"AT1G25145"
"Ground_up_44","GO:MF","GO:0018455","alcohol dehydrogenase [NAD(P)+] activity",0.368637379177888,6,44,1,0.0227272727272727,0.166666666666667,"AT1G66800"
"Ground_up_44","KEGG","KEGG:01100","Metabolic pathways",0.377526505885384,263,44,7,0.159090909090909,0.026615969581749,"AT5G56080,AT3G21370,AT2G41850,AT1G25145,AT3G01260,AT5G13930,AT3G51240"
"Ground_up_44","GO:BP","GO:0055082","intracellular chemical homeostasis",0.38812900166585,8,44,1,0.0227272727272727,0.125,"AT3G56970"
"Ground_up_44","GO:BP","GO:0065008","regulation of biological quality",0.38812900166585,33,44,2,0.0454545454545455,0.0606060606060606,"AT5G13930,AT2G42540"
"Ground_up_44","GO:BP","GO:0055080","monoatomic cation homeostasis",0.38812900166585,8,44,1,0.0227272727272727,0.125,"AT3G56970"
"Ground_up_44","GO:BP","GO:0006508","proteolysis",0.38812900166585,33,44,2,0.0454545454545455,0.0606060606060606,"AT4G10510,AT1G29090"
"Ground_up_44","GO:BP","GO:0050801","monoatomic ion homeostasis",0.38812900166585,8,44,1,0.0227272727272727,0.125,"AT3G56970"
"Ground_up_44","GO:BP","GO:0048653","anther development",0.38812900166585,8,44,1,0.0227272727272727,0.125,"AT2G41850"
"Ground_up_44","GO:MF","GO:0016798","hydrolase activity, acting on glycosyl bonds",0.396046300421128,59,44,3,0.0681818181818182,0.0508474576271186,"AT3G21370,AT2G41850,AT1G51270"
"Ground_up_44","GO:MF","GO:0008233","peptidase activity",0.396046300421128,31,44,2,0.0454545454545455,0.0645161290322581,"AT4G10510,AT1G29090"
"Ground_up_44","GO:MF","GO:0046915","transition metal ion transmembrane transporter activity",0.396046300421128,7,44,1,0.0227272727272727,0.142857142857143,"AT4G19690"
"Ground_up_44","GO:MF","GO:0004252","serine-type endopeptidase activity",0.396046300421128,7,44,1,0.0227272727272727,0.142857142857143,"AT4G10510"
"Ground_up_44","GO:MF","GO:0008194","UDP-glycosyltransferase activity",0.399432876717379,32,44,2,0.0454545454545455,0.0625,"AT3G46700,AT2G36790"
"Ground_up_44","GO:MF","GO:0046527","glucosyltransferase activity",0.399432876717379,32,44,2,0.0454545454545455,0.0625,"AT3G46700,AT2G36790"
"Ground_up_44","GO:MF","GO:0046983","protein dimerization activity",0.400599648388598,63,44,3,0.0681818181818182,0.0476190476190476,"AT3G56970,AT1G77950,AT1G54040"
"Ground_up_44","GO:BP","GO:0009611","response to wounding",0.402512663673566,34,44,2,0.0454545454545455,0.0588235294117647,"AT2G02990,AT5G13930"
"Ground_up_44","GO:CC","GO:0005769","early endosome",0.402528276779774,1,44,1,0.0227272727272727,1,"AT4G19690"
"Ground_up_44","GO:MF","GO:0005543","phospholipid binding",0.404217007414658,8,44,1,0.0227272727272727,0.125,"AT2G38750"
"Ground_up_44","GO:MF","GO:0140098","catalytic activity, acting on RNA",0.416644213646465,9,44,1,0.0227272727272727,0.111111111111111,"AT2G02990"
"Ground_up_44","GO:MF","GO:0019842","vitamin binding",0.416644213646465,9,44,1,0.0227272727272727,0.111111111111111,"AT3G51240"
"Ground_up_44","GO:MF","GO:0016758","hexosyltransferase activity",0.416644213646465,35,44,2,0.0454545454545455,0.0571428571428571,"AT3G46700,AT2G36790"
"Ground_up_44","GO:MF","GO:0004650","polygalacturonase activity",0.416644213646465,9,44,1,0.0227272727272727,0.111111111111111,"AT2G41850"
"Ground_up_44","GO:BP","GO:0006812","monoatomic cation transport",0.41823962828648,35,44,2,0.0454545454545455,0.0571428571428571,"AT4G19690,AT2G30766"
"Ground_up_44","GO:MF","GO:0008289","lipid binding",0.419654219966469,36,44,2,0.0454545454545455,0.0555555555555556,"AT2G38750,AT2G42540"
"Ground_up_44","GO:BP","GO:0015698","inorganic anion transport",0.422938361808094,9,44,1,0.0227272727272727,0.111111111111111,"AT1G08090"
"Ground_up_44","GO:BP","GO:0048366","leaf development",0.430848470250934,36,44,2,0.0454545454545455,0.0555555555555556,"AT1G54040,AT2G42540"
"Ground_up_44","GO:BP","GO:0002239","response to oomycetes",0.443174007609755,10,44,1,0.0227272727272727,0.1,"AT1G70260"
"Ground_up_44","GO:BP","GO:0010286","heat acclimation",0.443174007609755,10,44,1,0.0227272727272727,0.1,"AT2G42540"
"Ground_up_44","GO:BP","GO:0010017","red or far-red light signaling pathway",0.443174007609755,10,44,1,0.0227272727272727,0.1,"AT2G42540"
"Ground_up_44","GO:BP","GO:0009926","auxin polar transport",0.443174007609755,10,44,1,0.0227272727272727,0.1,"AT5G13930"
"Ground_up_44","GO:BP","GO:0071669","plant-type cell wall organization or biogenesis",0.443174007609755,37,44,2,0.0454545454545455,0.0540540540540541,"AT1G26240,AT2G41850"
"Ground_up_44","GO:BP","GO:0071489","cellular response to red or far red light",0.443174007609755,10,44,1,0.0227272727272727,0.1,"AT2G42540"
"Ground_up_44","GO:BP","GO:0048588","developmental cell growth",0.454935083449762,11,44,1,0.0227272727272727,0.0909090909090909,"AT5G56080"
"Ground_up_44","GO:BP","GO:0009631","cold acclimation",0.454935083449762,11,44,1,0.0227272727272727,0.0909090909090909,"AT2G42540"
"Ground_up_44","GO:BP","GO:0098771","inorganic ion homeostasis",0.454935083449762,11,44,1,0.0227272727272727,0.0909090909090909,"AT3G56970"
"Ground_up_44","GO:BP","GO:0009914","hormone transport",0.454935083449762,11,44,1,0.0227272727272727,0.0909090909090909,"AT5G13930"
"Ground_up_44","GO:BP","GO:0048466","androecium development",0.454935083449762,11,44,1,0.0227272727272727,0.0909090909090909,"AT2G41850"
"Ground_up_44","GO:BP","GO:0060918","auxin transport",0.454935083449762,11,44,1,0.0227272727272727,0.0909090909090909,"AT5G13930"
"Ground_up_44","GO:BP","GO:0009737","response to abscisic acid",0.454935083449762,73,44,3,0.0681818181818182,0.0410958904109589,"AT3G22060,AT2G38750,AT2G42540"
"Ground_up_44","GO:BP","GO:0019725","cellular homeostasis",0.454935083449762,11,44,1,0.0227272727272727,0.0909090909090909,"AT3G56970"
"Ground_up_44","GO:BP","GO:0048443","stamen development",0.454935083449762,11,44,1,0.0227272727272727,0.0909090909090909,"AT2G41850"
"Ground_up_44","GO:BP","GO:0097305","response to alcohol",0.457869964889221,74,44,3,0.0681818181818182,0.0405405405405405,"AT3G22060,AT2G38750,AT2G42540"
"Ground_up_44","GO:MF","GO:0015926","glucosidase activity",0.464271703039261,11,44,1,0.0227272727272727,0.0909090909090909,"AT3G21370"
"Ground_up_44","GO:MF","GO:0008422","beta-glucosidase activity",0.464271703039261,11,44,1,0.0227272727272727,0.0909090909090909,"AT3G21370"
"Ground_up_44","GO:MF","GO:0004175","endopeptidase activity",0.464271703039261,11,44,1,0.0227272727272727,0.0909090909090909,"AT4G10510"
"Ground_up_44","GO:BP","GO:0009629","response to gravity",0.479014883783634,12,44,1,0.0227272727272727,0.0833333333333333,"AT5G13930"
"Ground_up_44","GO:BP","GO:0051049","regulation of transport",0.479014883783634,12,44,1,0.0227272727272727,0.0833333333333333,"AT2G30766"
"Ground_up_44","GO:BP","GO:0048229","gametophyte development",0.479014883783634,12,44,1,0.0227272727272727,0.0833333333333333,"AT5G56080"
"Ground_up_44","KEGG","KEGG:00000","KEGG root term",0.484187419018351,432,44,10,0.227272727272727,0.0231481481481481,"AT5G56080,AT3G21370,AT1G08090,AT2G41850,AT1G25145,AT3G01260,AT5G13930,AT2G26010,AT2G36790,AT3G51240"
"Ground_up_44","GO:MF","GO:0031406","carboxylic acid binding",0.486994961522072,13,44,1,0.0227272727272727,0.0769230769230769,"AT3G51240"
"Ground_up_44","GO:MF","GO:0061809","NAD+ nucleosidase activity, cyclic ADP-ribose generating",0.486994961522072,13,44,1,0.0227272727272727,0.0769230769230769,"AT1G51270"
"Ground_up_44","GO:MF","GO:0003953","NAD+ nucleosidase activity",0.486994961522072,13,44,1,0.0227272727272727,0.0769230769230769,"AT1G51270"
"Ground_up_44","GO:MF","GO:0050135","NADP+ nucleosidase activity",0.486994961522072,13,44,1,0.0227272727272727,0.0769230769230769,"AT1G51270"
"Ground_up_44","GO:MF","GO:0016799","hydrolase activity, hydrolyzing N-glycosyl compounds",0.486994961522072,13,44,1,0.0227272727272727,0.0769230769230769,"AT1G51270"
"Ground_up_44","GO:MF","GO:0043177","organic acid binding",0.486994961522072,13,44,1,0.0227272727272727,0.0769230769230769,"AT3G51240"
"Ground_up_44","GO:BP","GO:1901700","response to oxygen-containing compound",0.489291107020493,192,44,6,0.136363636363636,0.03125,"AT1G08090,AT3G22060,AT2G38750,AT5G13930,AT1G54040,AT2G42540"
"Ground_up_44","GO:BP","GO:0006811","monoatomic ion transport",0.495236732813894,44,44,2,0.0454545454545455,0.0454545454545455,"AT4G19690,AT2G30766"
"Ground_up_44","GO:BP","GO:0009651","response to salt stress",0.495236732813894,44,44,2,0.0454545454545455,0.0454545454545455,"AT2G38750,AT2G42540"
"Ground_up_44","GO:BP","GO:0006996","organelle organization",0.495236732813894,44,44,2,0.0454545454545455,0.0454545454545455,"AT1G51270,AT2G42540"
"Ground_up_44","GO:BP","GO:0071705","nitrogen compound transport",0.495236732813894,13,44,1,0.0227272727272727,0.0769230769230769,"AT1G08090"
"Ground_up_44","GO:BP","GO:0032879","regulation of localization",0.495236732813894,13,44,1,0.0227272727272727,0.0769230769230769,"AT2G30766"
"Ground_up_44","GO:MF","GO:0004553","hydrolase activity, hydrolyzing O-glycosyl compounds",0.503321523867574,46,44,2,0.0454545454545455,0.0434782608695652,"AT3G21370,AT2G41850"
"Ground_up_44","GO:MF","GO:0046873","metal ion transmembrane transporter activity",0.503321523867574,14,44,1,0.0227272727272727,0.0714285714285714,"AT4G19690"
"Ground_up_44","GO:MF","GO:0051213","dioxygenase activity",0.50419886202295,16,44,1,0.0227272727272727,0.0625,"AT3G51240"
"Ground_up_44","GO:MF","GO:0016741","transferase activity, transferring one-carbon groups",0.50419886202295,16,44,1,0.0227272727272727,0.0625,"AT5G56080"
"Ground_up_44","GO:MF","GO:0016616","oxidoreductase activity, acting on the CH-OH group of donors, NAD or NADP as acceptor",0.50419886202295,16,44,1,0.0227272727272727,0.0625,"AT1G66800"
"Ground_up_44","GO:MF","GO:0008168","methyltransferase activity",0.50419886202295,16,44,1,0.0227272727272727,0.0625,"AT5G56080"
"Ground_up_44","GO:MF","GO:0008757","S-adenosylmethionine-dependent methyltransferase activity",0.50419886202295,16,44,1,0.0227272727272727,0.0625,"AT5G56080"
"Ground_up_44","GO:MF","GO:0016829","lyase activity",0.50419886202295,49,44,2,0.0454545454545455,0.0408163265306122,"AT2G02990,AT1G54040"
"Ground_up_44","GO:MF","GO:0016757","glycosyltransferase activity",0.50419886202295,50,44,2,0.0454545454545455,0.04,"AT3G46700,AT2G36790"
"Ground_up_44","GO:MF","GO:0016765","transferase activity, transferring alkyl or aryl (other than methyl) groups",0.50419886202295,15,44,1,0.0227272727272727,0.0666666666666667,"AT5G56080"
"Ground_up_44","GO:MF","GO:0022857","transmembrane transporter activity",0.509557367629015,89,44,3,0.0681818181818182,0.0337078651685393,"AT1G08090,AT1G70260,AT4G19690"
"Ground_up_44","GO:MF","GO:0005199","structural constituent of cell wall",0.509557367629015,17,44,1,0.0227272727272727,0.0588235294117647,"AT1G26240"
"Ground_up_44","GO:MF","GO:0005215","transporter activity",0.509557367629015,90,44,3,0.0681818181818182,0.0333333333333333,"AT1G08090,AT1G70260,AT4G19690"
"Ground_up_44","GO:BP","GO:0090407","organophosphate biosynthetic process",0.512565821853954,14,44,1,0.0227272727272727,0.0714285714285714,"AT1G25145"
"Ground_up_44","GO:BP","GO:0002831","regulation of response to biotic stimulus",0.512565821853954,14,44,1,0.0227272727272727,0.0714285714285714,"AT1G70260"
"Ground_up_44","GO:BP","GO:0048585","negative regulation of response to stimulus",0.512565821853954,14,44,1,0.0227272727272727,0.0714285714285714,"AT1G70260"
"Ground_up_44","GO:BP","GO:0032101","regulation of response to external stimulus",0.512565821853954,14,44,1,0.0227272727272727,0.0714285714285714,"AT1G70260"
"Ground_up_44","GO:BP","GO:0006950","response to stress",0.512565821853954,405,44,11,0.25,0.0271604938271605,"AT2G14247,AT3G56970,AT1G70260,AT4G09420,AT2G02990,AT2G38750,AT5G13930,AT1G54040,AT2G26010,AT2G42540,AT2G30766"
"Ground_up_44","GO:BP","GO:0033554","cellular response to stress",0.520524609603716,83,44,3,0.0681818181818182,0.036144578313253,"AT2G14247,AT3G56970,AT2G02990"
"Ground_up_44","GO:BP","GO:0141061","disruption of cell in another organism",0.530876911615263,16,44,1,0.0227272727272727,0.0625,"AT2G26010"
"Ground_up_44","GO:BP","GO:1901698","response to nitrogen compound",0.530876911615263,16,44,1,0.0227272727272727,0.0625,"AT1G08090"
"Ground_up_44","GO:BP","GO:0055085","transmembrane transport",0.530876911615263,85,44,3,0.0681818181818182,0.0352941176470588,"AT1G08090,AT1G70260,AT4G19690"
"Ground_up_44","GO:BP","GO:0007623","circadian rhythm",0.530876911615263,16,44,1,0.0227272727272727,0.0625,"AT2G42540"
"Ground_up_44","GO:BP","GO:0008652","amino acid biosynthetic process",0.530876911615263,16,44,1,0.0227272727272727,0.0625,"AT5G56080"
"Ground_up_44","GO:BP","GO:0048878","chemical homeostasis",0.530876911615263,16,44,1,0.0227272727272727,0.0625,"AT3G56970"
"Ground_up_44","GO:BP","GO:1901136","carbohydrate derivative catabolic process",0.530876911615263,16,44,1,0.0227272727272727,0.0625,"AT1G54040"
"Ground_up_44","GO:BP","GO:0141060","disruption of anatomical structure in another organism",0.530876911615263,16,44,1,0.0227272727272727,0.0625,"AT2G26010"
"Ground_up_44","GO:BP","GO:0001906","cell killing",0.530876911615263,16,44,1,0.0227272727272727,0.0625,"AT2G26010"
"Ground_up_44","GO:BP","GO:0048367","shoot system development",0.530876911615263,87,44,3,0.0681818181818182,0.0344827586206897,"AT2G41850,AT1G54040,AT2G42540"
"Ground_up_44","GO:BP","GO:0031640","killing of cells of another organism",0.530876911615263,16,44,1,0.0227272727272727,0.0625,"AT2G26010"
"Ground_up_44","GO:BP","GO:0042221","response to chemical",0.530876911615263,328,44,9,0.204545454545455,0.0274390243902439,"AT2G14247,AT5G56080,AT1G08090,AT3G22060,AT2G38750,AT5G13930,AT1G54040,AT2G42540,AT3G29670"
"Ground_up_44","GO:BP","GO:0042545","cell wall modification",0.530876911615263,16,44,1,0.0227272727272727,0.0625,"AT2G41850"
"Ground_up_44","GO:MF","GO:0008236","serine-type peptidase activity",0.538458480920374,19,44,1,0.0227272727272727,0.0526315789473684,"AT4G10510"
"Ground_up_44","GO:MF","GO:0017171","serine hydrolase activity",0.538458480920374,19,44,1,0.0227272727272727,0.0526315789473684,"AT4G10510"
"Ground_up_44","GO:MF","GO:0003674","molecular_function",0.538458480920374,1471,44,34,0.772727272727273,0.0231135282121006,"AT2G14247,AT4G01390,AT5G56080,AT1G26240,AT4G10510,AT3G56970,AT3G21370,AT1G08090,AT1G70260,AT3G55290,AT1G29090,AT2G41850,AT1G24575,AT3G26280,AT4G11210,AT1G77950,AT4G09420,AT1G25145,AT2G02990,AT2G38750,AT3G57020,AT4G19690,AT3G01260,AT5G13930,AT1G54040,AT2G26010,AT3G46700,AT2G36790,AT3G51240,AT1G66800,AT1G51270,AT2G42540,AT2G30766,AT3G29670"
"Ground_up_44","GO:MF","GO:0016740","transferase activity",0.538581862755572,178,44,5,0.113636363636364,0.0280898876404494,"AT5G56080,AT5G13930,AT3G46700,AT2G36790,AT3G29670"
"Ground_up_44","GO:BP","GO:0009725","response to hormone",0.539520429537798,169,44,5,0.113636363636364,0.029585798816568,"AT3G22060,AT2G38750,AT5G13930,AT1G54040,AT2G42540"
"Ground_up_44","GO:BP","GO:1901135","carbohydrate derivative metabolic process",0.539520429537798,51,44,2,0.0454545454545455,0.0392156862745098,"AT1G25145,AT1G54040"
"Ground_up_44","GO:BP","GO:0099402","plant organ development",0.539520429537798,128,44,4,0.0909090909090909,0.03125,"AT1G08090,AT2G41850,AT1G54040,AT2G42540"
"Ground_up_44","GO:BP","GO:0009719","response to endogenous stimulus",0.539520429537798,169,44,5,0.113636363636364,0.029585798816568,"AT3G22060,AT2G38750,AT5G13930,AT1G54040,AT2G42540"
"Ground_up_44","GO:MF","GO:0042803","protein homodimerization activity",0.558914182120503,21,44,1,0.0227272727272727,0.0476190476190476,"AT1G54040"
"Ground_up_44","GO:MF","GO:0016614","oxidoreductase activity, acting on CH-OH group of donors",0.558914182120503,21,44,1,0.0227272727272727,0.0476190476190476,"AT1G66800"
"Ground_up_44","GO:BP","GO:0009058","biosynthetic process",0.55970974467043,426,44,11,0.25,0.0258215962441315,"AT5G56080,AT3G56970,AT4G11210,AT1G77950,AT1G25145,AT2G02990,AT3G57020,AT5G13930,AT1G54040,AT2G36790,AT3G51240"
"Ground_up_44","GO:BP","GO:0048511","rhythmic process",0.564023106885393,18,44,1,0.0227272727272727,0.0555555555555556,"AT2G42540"
"Ground_up_44","GO:BP","GO:0048438","floral whorl development",0.564023106885393,18,44,1,0.0227272727272727,0.0555555555555556,"AT2G41850"
"Ground_up_44","GO:BP","GO:0031347","regulation of defense response",0.586305620039916,19,44,1,0.0227272727272727,0.0526315789473684,"AT1G70260"
"Ground_up_44","GO:BP","GO:0048527","lateral root development",0.58976418599149,20,44,1,0.0227272727272727,0.05,"AT1G08090"
"Ground_up_44","GO:BP","GO:0071478","cellular response to radiation",0.58976418599149,20,44,1,0.0227272727272727,0.05,"AT2G42540"
"Ground_up_44","GO:BP","GO:0071482","cellular response to light stimulus",0.58976418599149,20,44,1,0.0227272727272727,0.05,"AT2G42540"
"Ground_up_44","GO:BP","GO:0042592","homeostatic process",0.58976418599149,20,44,1,0.0227272727272727,0.05,"AT3G56970"
"Ground_up_44","GO:BP","GO:0009826","unidimensional cell growth",0.58976418599149,20,44,1,0.0227272727272727,0.05,"AT5G56080"
"Ground_up_44","GO:BP","GO:0006970","response to osmotic stress",0.58976418599149,57,44,2,0.0454545454545455,0.0350877192982456,"AT2G38750,AT2G42540"
"Ground_up_44","GO:BP","GO:0048609","multicellular organismal reproductive process",0.58976418599149,20,44,1,0.0227272727272727,0.05,"AT2G41850"
"Ground_up_44","GO:MF","GO:0005509","calcium ion binding",0.592817107227066,23,44,1,0.0227272727272727,0.0434782608695652,"AT2G38750"
"Ground_up_44","GO:BP","GO:0050832","defense response to fungus",0.597008400881059,58,44,2,0.0454545454545455,0.0344827586206897,"AT1G70260,AT2G26010"
"Ground_up_44","GO:BP","GO:0048528","post-embryonic root development",0.60405386803291,21,44,1,0.0227272727272727,0.0476190476190476,"AT1G08090"
"Ground_up_44","GO:BP","GO:0048468","cell development",0.60405386803291,21,44,1,0.0227272727272727,0.0476190476190476,"AT5G56080"
"Ground_up_44","GO:BP","GO:0005975","carbohydrate metabolic process",0.616957283834293,101,44,3,0.0681818181818182,0.0297029702970297,"AT3G21370,AT2G41850,AT3G01260"
"Ground_up_44","GO:BP","GO:0009644","response to high light intensity",0.620424312632598,22,44,1,0.0227272727272727,0.0454545454545455,"AT2G42540"
"Ground_up_44","GO:CC","GO:0097708","intracellular vesicle",0.621104559156219,46,44,3,0.0681818181818182,0.0652173913043478,"AT3G22060,AT4G19690,AT2G26010"
"Ground_up_44","GO:CC","GO:0031984","organelle subcompartment",0.621104559156219,27,44,2,0.0454545454545455,0.0740740740740741,"AT4G19690,AT1G51270"
"Ground_up_44","GO:CC","GO:0000325","plant-type vacuole",0.621104559156219,61,44,3,0.0681818181818182,0.0491803278688525,"AT3G22060,AT3G57020,AT5G13930"
"Ground_up_44","GO:CC","GO:0031982","vesicle",0.621104559156219,48,44,3,0.0681818181818182,0.0625,"AT3G22060,AT4G19690,AT2G26010"
"Ground_up_44","GO:CC","GO:0005773","vacuole",0.621104559156219,99,44,4,0.0909090909090909,0.0404040404040404,"AT3G22060,AT3G57020,AT4G19690,AT5G13930"
"Ground_up_44","GO:CC","GO:0005802","trans-Golgi network",0.621104559156219,5,44,1,0.0227272727272727,0.2,"AT4G19690"
"Ground_up_44","GO:CC","GO:0009705","plant-type vacuole membrane",0.621104559156219,7,44,1,0.0227272727272727,0.142857142857143,"AT5G13930"
"Ground_up_44","GO:CC","GO:0031410","cytoplasmic vesicle",0.621104559156219,44,44,3,0.0681818181818182,0.0681818181818182,"AT3G22060,AT4G19690,AT2G26010"
"Ground_up_44","GO:CC","GO:0005788","endoplasmic reticulum lumen",0.621104559156219,6,44,1,0.0227272727272727,0.166666666666667,"AT3G21370"
"Ground_up_44","GO:CC","GO:0005794","Golgi apparatus",0.621104559156219,32,44,2,0.0454545454545455,0.0625,"AT2G38750,AT4G19690"
"Ground_up_44","GO:CC","GO:0099503","secretory vesicle",0.621104559156219,31,44,2,0.0454545454545455,0.0645161290322581,"AT3G22060,AT2G26010"
"Ground_up_44","GO:CC","GO:0098791","Golgi apparatus subcompartment",0.621104559156219,8,44,1,0.0227272727272727,0.125,"AT4G19690"
"Ground_up_44","GO:BP","GO:0045229","external encapsulating structure organization",0.627437195703699,69,44,2,0.0454545454545455,0.0289855072463768,"AT1G26240,AT2G41850"
"Ground_up_44","GO:BP","GO:0009987","cellular process",0.627437195703699,1088,44,25,0.568181818181818,0.0229779411764706,"AT2G14247,AT5G56080,AT1G26240,AT4G10510,AT3G56970,AT3G21370,AT1G08090,AT1G70260,AT1G29090,AT2G41850,AT4G11210,AT1G77950,AT4G09420,AT1G25145,AT2G02990,AT3G57020,AT4G19690,AT3G01260,AT5G13930,AT1G54040,AT2G26010,AT2G36790,AT3G51240,AT1G51270,AT2G42540"
"Ground_up_44","GO:BP","GO:0001666","response to hypoxia",0.627437195703699,26,44,1,0.0227272727272727,0.0384615384615385,"AT2G14247"
"Ground_up_44","GO:BP","GO:0009699","phenylpropanoid biosynthetic process",0.627437195703699,24,44,1,0.0227272727272727,0.0416666666666667,"AT4G11210"
"Ground_up_44","GO:BP","GO:0048437","floral organ development",0.627437195703699,25,44,1,0.0227272727272727,0.04,"AT2G41850"
"Ground_up_44","GO:BP","GO:0051707","response to other organism",0.627437195703699,151,44,4,0.0909090909090909,0.0264900662251656,"AT1G70260,AT4G19690,AT1G54040,AT2G26010"
"Ground_up_44","GO:BP","GO:0019760","glucosinolate metabolic process",0.627437195703699,27,44,1,0.0227272727272727,0.037037037037037,"AT1G54040"
"Ground_up_44","GO:BP","GO:0010817","regulation of hormone levels",0.627437195703699,23,44,1,0.0227272727272727,0.0434782608695652,"AT5G13930"
"Ground_up_44","GO:BP","GO:0060560","developmental growth involved in morphogenesis",0.627437195703699,25,44,1,0.0227272727272727,0.04,"AT5G56080"
"Ground_up_44","GO:BP","GO:0010038","response to metal ion",0.627437195703699,24,44,1,0.0227272727272727,0.0416666666666667,"AT5G56080"
"Ground_up_44","GO:BP","GO:1901137","carbohydrate derivative biosynthetic process",0.627437195703699,26,44,1,0.0227272727272727,0.0384615384615385,"AT1G25145"
"Ground_up_44","GO:BP","GO:0006082","organic acid metabolic process",0.627437195703699,106,44,3,0.0681818181818182,0.0283018867924528,"AT5G56080,AT1G08090,AT1G54040"
"Ground_up_44","GO:BP","GO:0009314","response to radiation",0.627437195703699,106,44,3,0.0681818181818182,0.0283018867924528,"AT5G13930,AT3G51240,AT2G42540"
"Ground_up_44","GO:BP","GO:0009620","response to fungus",0.627437195703699,66,44,2,0.0454545454545455,0.0303030303030303,"AT1G70260,AT2G26010"
"Ground_up_44","GO:BP","GO:0009414","response to water deprivation",0.627437195703699,65,44,2,0.0454545454545455,0.0307692307692308,"AT2G38750,AT2G42540"
"Ground_up_44","GO:BP","GO:0009416","response to light stimulus",0.627437195703699,106,44,3,0.0681818181818182,0.0283018867924528,"AT5G13930,AT3G51240,AT2G42540"
"Ground_up_44","GO:BP","GO:0006520","amino acid metabolic process",0.627437195703699,27,44,1,0.0227272727272727,0.037037037037037,"AT5G56080"
"Ground_up_44","GO:BP","GO:0009415","response to water",0.627437195703699,69,44,2,0.0454545454545455,0.0289855072463768,"AT2G38750,AT2G42540"
"Ground_up_44","GO:BP","GO:0090696","post-embryonic plant organ development",0.627437195703699,25,44,1,0.0227272727272727,0.04,"AT1G08090"
"Ground_up_44","GO:BP","GO:0098655","monoatomic cation transmembrane transport",0.627437195703699,25,44,1,0.0227272727272727,0.04,"AT4G19690"
"Ground_up_44","GO:BP","GO:0080134","regulation of response to stress",0.627437195703699,27,44,1,0.0227272727272727,0.037037037037037,"AT1G70260"
"Ground_up_44","GO:BP","GO:0009657","plastid organization",0.627437195703699,25,44,1,0.0227272727272727,0.04,"AT2G42540"
"Ground_up_44","GO:BP","GO:0071555","cell wall organization",0.627437195703699,69,44,2,0.0454545454545455,0.0289855072463768,"AT1G26240,AT2G41850"
"Ground_up_44","GO:BP","GO:0036293","response to decreased oxygen levels",0.627437195703699,27,44,1,0.0227272727272727,0.037037037037037,"AT2G14247"
"Ground_up_44","GO:BP","GO:0036294","cellular response to decreased oxygen levels",0.627437195703699,26,44,1,0.0227272727272727,0.0384615384615385,"AT2G14247"
"Ground_up_44","GO:BP","GO:0019637","organophosphate metabolic process",0.627437195703699,24,44,1,0.0227272727272727,0.0416666666666667,"AT1G25145"
"Ground_up_44","GO:BP","GO:0070482","response to oxygen levels",0.627437195703699,27,44,1,0.0227272727272727,0.037037037037037,"AT2G14247"
"Ground_up_44","GO:BP","GO:0071453","cellular response to oxygen levels",0.627437195703699,26,44,1,0.0227272727272727,0.0384615384615385,"AT2G14247"
"Ground_up_44","GO:BP","GO:0043436","oxoacid metabolic process",0.627437195703699,106,44,3,0.0681818181818182,0.0283018867924528,"AT5G56080,AT1G08090,AT1G54040"
"Ground_up_44","GO:BP","GO:0044419","biological process involved in interspecies interaction between organisms",0.627437195703699,153,44,4,0.0909090909090909,0.0261437908496732,"AT1G70260,AT4G19690,AT1G54040,AT2G26010"
"Ground_up_44","GO:BP","GO:0071456","cellular response to hypoxia",0.627437195703699,25,44,1,0.0227272727272727,0.04,"AT2G14247"
"Ground_up_44","GO:BP","GO:0043207","response to external biotic stimulus",0.627437195703699,151,44,4,0.0909090909090909,0.0264900662251656,"AT1G70260,AT4G19690,AT1G54040,AT2G26010"
"Ground_up_44","GO:BP","GO:0001101","response to acid chemical",0.633709543929687,70,44,2,0.0454545454545455,0.0285714285714286,"AT2G38750,AT2G42540"
"Ground_up_44","GO:BP","GO:0044550","secondary metabolite biosynthetic process",0.647247344068295,29,44,1,0.0227272727272727,0.0344827586206897,"AT4G11210"
"Ground_up_44","GO:BP","GO:0009409","response to cold",0.647247344068295,72,44,2,0.0454545454545455,0.0277777777777778,"AT2G38750,AT2G42540"
"Ground_up_44","GO:BP","GO:0009607","response to biotic stimulus",0.647247344068295,160,44,4,0.0909090909090909,0.025,"AT1G70260,AT4G19690,AT1G54040,AT2G26010"
"Ground_up_44","GO:BP","GO:0000902","cell morphogenesis",0.647247344068295,29,44,1,0.0227272727272727,0.0344827586206897,"AT5G56080"
"Ground_up_44","GO:BP","GO:0034220","monoatomic ion transmembrane transport",0.657659046250065,30,44,1,0.0227272727272727,0.0333333333333333,"AT4G19690"
"Ground_up_44","GO:BP","GO:0016049","cell growth",0.657659046250065,30,44,1,0.0227272727272727,0.0333333333333333,"AT5G56080"
"Ground_up_44","GO:BP","GO:0050789","regulation of biological process",0.66318894323163,345,44,8,0.181818181818182,0.0231884057971014,"AT3G56970,AT1G70260,AT1G77950,AT4G09420,AT5G13930,AT1G51270,AT2G42540,AT2G30766"
"Ground_up_44","GO:MF","GO:0016705","oxidoreductase activity, acting on paired donors, with incorporation or reduction of molecular oxygen",0.67031085933348,70,44,2,0.0454545454545455,0.0285714285714286,"AT3G26280,AT3G51240"
"Ground_up_44","GO:MF","GO:0005198","structural molecule activity",0.670777715219332,28,44,1,0.0227272727272727,0.0357142857142857,"AT1G26240"
"Ground_up_44","GO:BP","GO:0051716","cellular response to stimulus",0.675126503592304,258,44,6,0.136363636363636,0.0232558139534884,"AT2G14247,AT3G56970,AT4G09420,AT2G02990,AT1G51270,AT2G42540"
"Ground_up_44","GO:BP","GO:0009605","response to external stimulus",0.675126503592304,167,44,4,0.0909090909090909,0.0239520958083832,"AT1G70260,AT4G19690,AT1G54040,AT2G26010"
"Ground_up_44","GO:BP","GO:0071554","cell wall organization or biogenesis",0.675718723845914,77,44,2,0.0454545454545455,0.025974025974026,"AT1G26240,AT2G41850"
"Ground_up_44","GO:MF","GO:0008324","monoatomic cation transmembrane transporter activity",0.680040130643134,29,44,1,0.0227272727272727,0.0344827586206897,"AT4G19690"
"Ground_up_44","GO:BP","GO:0071214","cellular response to abiotic stimulus",0.685931008738835,33,44,1,0.0227272727272727,0.0303030303030303,"AT2G42540"
"Ground_up_44","GO:BP","GO:0104004","cellular response to environmental stimulus",0.685931008738835,33,44,1,0.0227272727272727,0.0303030303030303,"AT2G42540"
"Ground_up_44","GO:MF","GO:0030234","enzyme regulator activity",0.688726707869129,30,44,1,0.0227272727272727,0.0333333333333333,"AT1G54040"
"Ground_up_44","GO:BP","GO:0009639","response to red or far red light",0.691705895420087,34,44,1,0.0227272727272727,0.0294117647058824,"AT2G42540"
"Ground_up_44","GO:BP","GO:0007275","multicellular organism development",0.691705895420087,218,44,5,0.113636363636364,0.0229357798165138,"AT5G56080,AT1G08090,AT2G41850,AT1G54040,AT2G42540"
"Ground_up_44","GO:BP","GO:0065007","biological regulation",0.691705895420087,355,44,8,0.181818181818182,0.0225352112676056,"AT3G56970,AT1G70260,AT1G77950,AT4G09420,AT5G13930,AT1G51270,AT2G42540,AT2G30766"
"Ground_up_44","GO:BP","GO:0009698","phenylpropanoid metabolic process",0.702493489089601,35,44,1,0.0227272727272727,0.0285714285714286,"AT4G11210"
"Ground_up_44","GO:BP","GO:0032501","multicellular organismal process",0.705867513268637,222,44,5,0.113636363636364,0.0225225225225225,"AT5G56080,AT1G08090,AT2G41850,AT1G54040,AT2G42540"
"Ground_up_44","GO:BP","GO:0006952","defense response",0.708152885755528,177,44,4,0.0909090909090909,0.0225988700564972,"AT1G70260,AT4G09420,AT1G54040,AT2G26010"
"Ground_up_44","GO:BP","GO:0009642","response to light intensity",0.708152885755528,36,44,1,0.0227272727272727,0.0277777777777778,"AT2G42540"
"Ground_up_44","GO:MF","GO:0042802","identical protein binding",0.712394867626562,32,44,1,0.0227272727272727,0.03125,"AT1G54040"
"Ground_up_44","GO:MF","GO:0015075","monoatomic ion transmembrane transporter activity",0.719502254483756,33,44,1,0.0227272727272727,0.0303030303030303,"AT4G19690"
"Ground_up_44","GO:BP","GO:0006790","sulfur compound metabolic process",0.729816284601855,38,44,1,0.0227272727272727,0.0263157894736842,"AT1G54040"
"Ground_up_44","GO:BP","GO:0007165","signal transduction",0.733892471555057,135,44,3,0.0681818181818182,0.0222222222222222,"AT4G09420,AT1G51270,AT2G42540"
"Ground_up_44","GO:BP","GO:0044281","small molecule metabolic process",0.737630677455461,136,44,3,0.0681818181818182,0.0220588235294118,"AT5G56080,AT1G08090,AT1G54040"
"Ground_up_44","GO:BP","GO:0008152","metabolic process",0.745078513202264,788,44,17,0.386363636363636,0.0215736040609137,"AT5G56080,AT4G10510,AT3G56970,AT3G21370,AT1G08090,AT1G29090,AT2G41850,AT4G11210,AT1G77950,AT1G25145,AT2G02990,AT3G57020,AT3G01260,AT5G13930,AT1G54040,AT2G36790,AT3G51240"
"Ground_up_44","GO:BP","GO:0003006","developmental process involved in reproduction",0.745078513202264,90,44,2,0.0454545454545455,0.0222222222222222,"AT5G56080,AT2G41850"
"Ground_up_44","GO:BP","GO:0048731","system development",0.745078513202264,186,44,4,0.0909090909090909,0.021505376344086,"AT1G08090,AT2G41850,AT1G54040,AT2G42540"
"Ground_up_44","GO:BP","GO:0016043","cellular component organization",0.75007709863337,189,44,4,0.0909090909090909,0.0211640211640212,"AT1G26240,AT2G41850,AT1G51270,AT2G42540"
"Ground_up_44","GO:BP","GO:0023052","signaling",0.75007709863337,142,44,3,0.0681818181818182,0.0211267605633803,"AT4G09420,AT1G51270,AT2G42540"
"Ground_up_44","GO:BP","GO:0048589","developmental growth",0.75007709863337,42,44,1,0.0227272727272727,0.0238095238095238,"AT5G56080"
"Ground_up_44","GO:BP","GO:0007154","cell communication",0.75007709863337,142,44,3,0.0681818181818182,0.0211267605633803,"AT4G09420,AT1G51270,AT2G42540"
"Ground_up_44","GO:BP","GO:0009733","response to auxin",0.75007709863337,42,44,1,0.0227272727272727,0.0238095238095238,"AT5G13930"
"Ground_up_44","GO:BP","GO:0009908","flower development",0.75007709863337,42,44,1,0.0227272727272727,0.0238095238095238,"AT2G41850"
"Ground_up_44","GO:BP","GO:0022414","reproductive process",0.752604123895202,94,44,2,0.0454545454545455,0.0212765957446809,"AT5G56080,AT2G41850"
"Ground_up_44","GO:BP","GO:0090567","reproductive shoot system development",0.752604123895202,43,44,1,0.0227272727272727,0.0232558139534884,"AT2G41850"
"Ground_up_44","GO:CC","GO:0005768","endosome",0.758489890618834,12,44,1,0.0227272727272727,0.0833333333333333,"AT4G19690"
"Ground_up_44","GO:CC","GO:0005774","vacuolar membrane",0.758489890618834,12,44,1,0.0227272727272727,0.0833333333333333,"AT5G13930"
"Ground_up_44","GO:BP","GO:0048856","anatomical structure development",0.759719810377717,242,44,5,0.113636363636364,0.0206611570247934,"AT5G56080,AT1G08090,AT2G41850,AT1G54040,AT2G42540"
"Ground_up_44","GO:BP","GO:0048583","regulation of response to stimulus",0.76258129414239,45,44,1,0.0227272727272727,0.0222222222222222,"AT1G70260"
"Ground_up_44","GO:BP","GO:0009266","response to temperature stimulus",0.76258129414239,97,44,2,0.0454545454545455,0.0206185567010309,"AT2G38750,AT2G42540"
"Ground_up_44","GO:BP","GO:0071840","cellular component organization or biogenesis",0.76258129414239,196,44,4,0.0909090909090909,0.0204081632653061,"AT1G26240,AT2G41850,AT1G51270,AT2G42540"
"Ground_up_44","GO:MF","GO:0140657","ATP-dependent activity",0.772667707065671,38,44,1,0.0227272727272727,0.0263157894736842,"AT1G24575"
"Ground_up_44","GO:MF","GO:0140096","catalytic activity, acting on a protein",0.772667707065671,86,44,2,0.0454545454545455,0.0232558139534884,"AT4G10510,AT1G29090"
"Ground_up_44","GO:BP","GO:0032502","developmental process",0.782875997526222,250,44,5,0.113636363636364,0.02,"AT5G56080,AT1G08090,AT2G41850,AT1G54040,AT2G42540"
"Ground_up_44","GO:BP","GO:0040007","growth",0.782875997526222,48,44,1,0.0227272727272727,0.0208333333333333,"AT5G56080"
"Ground_up_44","GO:BP","GO:0016053","organic acid biosynthetic process",0.803750038415698,51,44,1,0.0227272727272727,0.0196078431372549,"AT5G56080"
"Ground_up_44","GO:BP","GO:0046394","carboxylic acid biosynthetic process",0.803750038415698,51,44,1,0.0227272727272727,0.0196078431372549,"AT5G56080"
"Ground_up_44","GO:BP","GO:0009628","response to abiotic stimulus",0.806440448340407,258,44,5,0.113636363636364,0.0193798449612403,"AT2G14247,AT2G38750,AT5G13930,AT3G51240,AT2G42540"
"Ground_up_44","GO:BP","GO:0019748","secondary metabolic process",0.806440448340407,52,44,1,0.0227272727272727,0.0192307692307692,"AT4G11210"
"Ground_up_44","GO:BP","GO:0048519","negative regulation of biological process",0.806783177451737,53,44,1,0.0227272727272727,0.0188679245283019,"AT1G70260"
"Ground_up_44","GO:BP","GO:0008150","biological_process",0.806783177451737,1455,44,31,0.704545454545455,0.0213058419243986,"AT2G14247,AT5G56080,AT1G26240,AT4G10510,AT3G56970,AT3G21370,AT1G08090,AT1G70260,AT1G29090,AT3G22060,AT2G41850,AT1G24575,AT4G11210,AT1G77950,AT1G64370,AT4G09420,AT1G25145,AT2G02990,AT2G38750,AT3G57020,AT4G19690,AT3G01260,AT5G13930,AT1G54040,AT2G26010,AT2G36790,AT3G51240,AT1G51270,AT2G42540,AT2G30766,AT3G29670"
"Ground_up_44","GO:BP","GO:0050794","regulation of cellular process",0.806783177451737,310,44,6,0.136363636363636,0.0193548387096774,"AT3G56970,AT1G77950,AT4G09420,AT5G13930,AT1G51270,AT2G42540"
"Ground_up_44","GO:MF","GO:0098772","molecular function regulator activity",0.813646838515166,42,44,1,0.0227272727272727,0.0238095238095238,"AT1G54040"
"Ground_up_44","GO:BP","GO:0080090","regulation of primary metabolic process",0.817120397079673,163,44,3,0.0681818181818182,0.0184049079754601,"AT3G56970,AT1G77950,AT5G13930"
"Ground_up_44","GO:MF","GO:0043531","ADP binding",0.838829591281682,45,44,1,0.0227272727272727,0.0222222222222222,"AT4G09420"
"Ground_up_44","GO:BP","GO:0009889","regulation of biosynthetic process",0.839327569948817,169,44,3,0.0681818181818182,0.0177514792899408,"AT3G56970,AT1G77950,AT5G13930"
"Ground_up_44","GO:BP","GO:0019538","protein metabolic process",0.839327569948817,116,44,2,0.0454545454545455,0.0172413793103448,"AT4G10510,AT1G29090"
"Ground_up_44","GO:BP","GO:0044283","small molecule biosynthetic process",0.839327569948817,59,44,1,0.0227272727272727,0.0169491525423729,"AT5G56080"
"Ground_up_44","GO:BP","GO:0030154","cell differentiation",0.862790762153749,63,44,1,0.0227272727272727,0.0158730158730159,"AT5G56080"
"Ground_up_44","GO:BP","GO:0048869","cellular developmental process",0.863085239935517,64,44,1,0.0227272727272727,0.015625,"AT5G56080"
"Ground_up_44","GO:BP","GO:0009636","response to toxic substance",0.863085239935517,64,44,1,0.0227272727272727,0.015625,"AT3G29670"
"Ground_up_44","GO:BP","GO:0008610","lipid biosynthetic process",0.865262470745563,66,44,1,0.0227272727272727,0.0151515151515152,"AT1G25145"
"Ground_up_44","GO:BP","GO:0048364","root development",0.865262470745563,66,44,1,0.0227272727272727,0.0151515151515152,"AT1G08090"
"Ground_up_44","GO:BP","GO:0009791","post-embryonic development",0.865262470745563,126,44,2,0.0454545454545455,0.0158730158730159,"AT1G08090,AT2G41850"
"Ground_up_44","GO:BP","GO:0022622","root system development",0.865262470745563,66,44,1,0.0227272727272727,0.0151515151515152,"AT1G08090"
"Ground_up_44","GO:BP","GO:0006979","response to oxidative stress",0.866047207474355,67,44,1,0.0227272727272727,0.0149253731343284,"AT5G13930"
"Ground_up_44","GO:BP","GO:0065003","protein-containing complex assembly",0.87940337530725,70,44,1,0.0227272727272727,0.0142857142857143,"AT2G42540"
"Ground_up_44","GO:BP","GO:0043933","protein-containing complex organization",0.882786037340232,72,44,1,0.0227272727272727,0.0138888888888889,"AT2G42540"
"Ground_up_44","GO:BP","GO:0006793","phosphorus metabolic process",0.882786037340232,73,44,1,0.0227272727272727,0.0136986301369863,"AT1G25145"
"Ground_up_44","GO:BP","GO:0019222","regulation of metabolic process",0.882786037340232,190,44,3,0.0681818181818182,0.0157894736842105,"AT3G56970,AT1G77950,AT5G13930"
"Ground_up_44","GO:BP","GO:0006796","phosphate-containing compound metabolic process",0.882786037340232,73,44,1,0.0227272727272727,0.0136986301369863,"AT1G25145"
"Ground_up_44","GO:BP","GO:0044238","primary metabolic process",0.891040455542031,561,44,10,0.227272727272727,0.017825311942959,"AT5G56080,AT4G10510,AT3G56970,AT3G21370,AT1G29090,AT2G41850,AT1G77950,AT1G25145,AT3G01260,AT5G13930"
"Ground_up_44","GO:BP","GO:0048518","positive regulation of biological process",0.891040455542031,77,44,1,0.0227272727272727,0.012987012987013,"AT2G30766"
"Ground_up_44","GO:BP","GO:0019219","regulation of nucleobase-containing compound metabolic process",0.891040455542031,143,44,2,0.0454545454545455,0.013986013986014,"AT3G56970,AT1G77950"
"Ground_up_44","GO:BP","GO:2001141","regulation of RNA biosynthetic process",0.891040455542031,141,44,2,0.0454545454545455,0.0141843971631206,"AT3G56970,AT1G77950"
"Ground_up_44","GO:BP","GO:0051252","regulation of RNA metabolic process",0.891040455542031,143,44,2,0.0454545454545455,0.013986013986014,"AT3G56970,AT1G77950"
"Ground_up_44","GO:BP","GO:0006355","regulation of DNA-templated transcription",0.891040455542031,141,44,2,0.0454545454545455,0.0141843971631206,"AT3G56970,AT1G77950"
"Ground_up_44","GO:BP","GO:0022607","cellular component assembly",0.891040455542031,77,44,1,0.0227272727272727,0.012987012987013,"AT2G42540"
"Ground_up_44","GO:BP","GO:0019752","carboxylic acid metabolic process",0.89726693702205,84,44,1,0.0227272727272727,0.0119047619047619,"AT5G56080"
"Ground_up_44","GO:BP","GO:0006351","DNA-templated transcription",0.89726693702205,146,44,2,0.0454545454545455,0.0136986301369863,"AT3G56970,AT1G77950"
"Ground_up_44","GO:BP","GO:0048608","reproductive structure development",0.89726693702205,84,44,1,0.0227272727272727,0.0119047619047619,"AT2G41850"
"Ground_up_44","GO:BP","GO:0061458","reproductive system development",0.89726693702205,84,44,1,0.0227272727272727,0.0119047619047619,"AT2G41850"
"Ground_up_44","GO:BP","GO:0009653","anatomical structure morphogenesis",0.900376781622674,86,44,1,0.0227272727272727,0.0116279069767442,"AT5G56080"
"Ground_up_44","GO:BP","GO:0010468","regulation of gene expression",0.900376781622674,152,44,2,0.0454545454545455,0.0131578947368421,"AT3G56970,AT1G77950"
"Ground_up_44","GO:BP","GO:0010556","regulation of macromolecule biosynthetic process",0.902852150011751,154,44,2,0.0454545454545455,0.012987012987013,"AT3G56970,AT1G77950"
"Ground_up_44","GO:BP","GO:0060255","regulation of macromolecule metabolic process",0.912519869638168,159,44,2,0.0454545454545455,0.0125786163522013,"AT3G56970,AT1G77950"
"Ground_up_44","GO:BP","GO:0044085","cellular component biogenesis",0.936076921598219,102,44,1,0.0227272727272727,0.00980392156862745,"AT2G42540"
"Ground_up_44","GO:MF","GO:0140110","transcription regulator activity",0.942014028390823,119,44,2,0.0454545454545455,0.0168067226890756,"AT3G56970,AT1G77950"
"Ground_up_44","GO:MF","GO:0016491","oxidoreductase activity",0.942014028390823,222,44,4,0.0909090909090909,0.018018018018018,"AT3G55290,AT3G26280,AT3G51240,AT1G66800"
"Ground_up_44","GO:MF","GO:0003723","RNA binding",0.942014028390823,120,44,2,0.0454545454545455,0.0166666666666667,"AT2G02990,AT2G38750"
"Ground_up_44","GO:MF","GO:0005506","iron ion binding",0.942014028390823,61,44,1,0.0227272727272727,0.0163934426229508,"AT3G26280"
"Ground_up_44","GO:MF","GO:0003700","DNA-binding transcription factor activity",0.942014028390823,119,44,2,0.0454545454545455,0.0168067226890756,"AT3G56970,AT1G77950"
"Ground_up_44","GO:MF","GO:0004497","monooxygenase activity",0.947359907472423,64,44,1,0.0227272727272727,0.015625,"AT3G26280"
"Ground_up_44","GO:MF","GO:0032559","adenyl ribonucleotide binding",0.947547066582711,125,44,2,0.0454545454545455,0.016,"AT4G09420,AT3G51240"
"Ground_up_44","GO:MF","GO:0032553","ribonucleotide binding",0.947547066582711,132,44,2,0.0454545454545455,0.0151515151515152,"AT4G09420,AT3G51240"
"Ground_up_44","GO:MF","GO:0032555","purine ribonucleotide binding",0.947547066582711,129,44,2,0.0454545454545455,0.0155038759689922,"AT4G09420,AT3G51240"
"Ground_up_44","GO:MF","GO:0030554","adenyl nucleotide binding",0.947547066582711,134,44,2,0.0454545454545455,0.0149253731343284,"AT4G09420,AT3G51240"
"Ground_up_44","GO:MF","GO:0097367","carbohydrate derivative binding",0.947547066582711,137,44,2,0.0454545454545455,0.0145985401459854,"AT4G09420,AT3G51240"
"Ground_up_44","GO:MF","GO:0017076","purine nucleotide binding",0.947547066582711,138,44,2,0.0454545454545455,0.0144927536231884,"AT4G09420,AT3G51240"
"Ground_up_44","GO:MF","GO:0003677","DNA binding",0.947547066582711,136,44,2,0.0454545454545455,0.0147058823529412,"AT3G56970,AT1G77950"
"Ground_up_44","GO:MF","GO:0003676","nucleic acid binding",0.947547066582711,254,44,4,0.0909090909090909,0.015748031496063,"AT3G56970,AT1G77950,AT2G02990,AT2G38750"
"Ground_up_44","GO:MF","GO:0003729","mRNA binding",0.947547066582711,79,44,1,0.0227272727272727,0.0126582278481013,"AT2G38750"
"Ground_up_44","GO:MF","GO:0020037","heme binding",0.957307733941031,88,44,1,0.0227272727272727,0.0113636363636364,"AT3G26280"
"Ground_up_44","GO:MF","GO:0000166","nucleotide binding",0.957307733941031,154,44,2,0.0454545454545455,0.012987012987013,"AT4G09420,AT3G51240"
"Ground_up_44","GO:MF","GO:1901265","nucleoside phosphate binding",0.957307733941031,154,44,2,0.0454545454545455,0.012987012987013,"AT4G09420,AT3G51240"
"Ground_up_44","GO:MF","GO:0043168","anion binding",0.958185100863075,172,44,2,0.0454545454545455,0.0116279069767442,"AT4G09420,AT3G51240"
"Ground_up_44","GO:MF","GO:1901363","heterocyclic compound binding",0.958185100863075,162,44,2,0.0454545454545455,0.0123456790123457,"AT4G09420,AT3G51240"
"Ground_up_44","GO:MF","GO:0035639","purine ribonucleoside triphosphate binding",0.958185100863075,108,44,1,0.0227272727272727,0.00925925925925926,"AT3G51240"
"Ground_up_44","GO:MF","GO:0005515","protein binding",0.958185100863075,402,44,6,0.136363636363636,0.0149253731343284,"AT4G01390,AT3G56970,AT1G77950,AT5G13930,AT1G54040,AT2G26010"
"Ground_up_44","GO:MF","GO:0046872","metal ion binding",0.958185100863075,310,44,4,0.0909090909090909,0.0129032258064516,"AT3G26280,AT1G25145,AT2G38750,AT3G51240"
"Ground_up_44","GO:MF","GO:0046906","tetrapyrrole binding",0.958185100863075,111,44,1,0.0227272727272727,0.00900900900900901,"AT3G26280"
"Ground_up_44","GO:MF","GO:0043169","cation binding",0.958185100863075,310,44,4,0.0909090909090909,0.0129032258064516,"AT3G26280,AT1G25145,AT2G38750,AT3G51240"
"Ground_up_44","GO:MF","GO:0005524","ATP binding",0.958185100863075,104,44,1,0.0227272727272727,0.00961538461538462,"AT3G51240"
"Ground_up_44","GO:BP","GO:0009056","catabolic process",0.958521343599338,116,44,1,0.0227272727272727,0.00862068965517241,"AT1G54040"
"Ground_up_44","GO:BP","GO:0006629","lipid metabolic process",0.958521343599338,115,44,1,0.0227272727272727,0.00869565217391304,"AT1G25145"
"Ground_up_44","GO:MF","GO:0046914","transition metal ion binding",0.96064631389203,121,44,1,0.0227272727272727,0.00826446280991736,"AT3G26280"
"Ground_up_44","GO:BP","GO:0090304","nucleic acid metabolic process",0.969205752699683,207,44,2,0.0454545454545455,0.00966183574879227,"AT3G56970,AT1G77950"
"Ground_up_44","GO:BP","GO:0141187","nucleic acid biosynthetic process",0.969205752699683,203,44,2,0.0454545454545455,0.00985221674876847,"AT3G56970,AT1G77950"
"Ground_up_44","GO:BP","GO:0032774","RNA biosynthetic process",0.969205752699683,203,44,2,0.0454545454545455,0.00985221674876847,"AT3G56970,AT1G77950"
"Ground_up_44","GO:BP","GO:0016070","RNA metabolic process",0.969205752699683,207,44,2,0.0454545454545455,0.00966183574879227,"AT3G56970,AT1G77950"
"Ground_up_44","GO:BP","GO:0034654","nucleobase-containing compound biosynthetic process",0.970064697283377,211,44,2,0.0454545454545455,0.00947867298578199,"AT3G56970,AT1G77950"
"Ground_up_44","GO:BP","GO:0010467","gene expression",0.97810454891139,229,44,2,0.0454545454545455,0.00873362445414847,"AT3G56970,AT1G77950"
"Ground_up_44","GO:BP","GO:0006139","nucleobase-containing compound metabolic process",0.97810454891139,226,44,2,0.0454545454545455,0.00884955752212389,"AT3G56970,AT1G77950"
"Ground_up_44","GO:BP","GO:0043170","macromolecule metabolic process",0.979184872248987,370,44,4,0.0909090909090909,0.0108108108108108,"AT4G10510,AT3G56970,AT1G29090,AT1G77950"
"Ground_up_44","GO:BP","GO:0009059","macromolecule biosynthetic process",0.979184872248987,245,44,2,0.0454545454545455,0.00816326530612245,"AT3G56970,AT1G77950"
"Ground_up_44","GO:BP","GO:0070887","cellular response to chemical stimulus",0.979184872248987,167,44,1,0.0227272727272727,0.00598802395209581,"AT2G14247"
"Ground_up_44","GO:MF","GO:0036094","small molecule binding",0.984580416143905,476,44,6,0.136363636363636,0.0126050420168067,"AT3G26280,AT4G09420,AT1G25145,AT2G38750,AT3G51240,AT2G42540"
"Ground_up_44","GO:MF","GO:0005488","binding",0.985682752235589,910,44,14,0.318181818181818,0.0153846153846154,"AT4G01390,AT3G56970,AT3G26280,AT1G77950,AT4G09420,AT1G25145,AT2G02990,AT2G38750,AT3G01260,AT5G13930,AT1G54040,AT2G26010,AT3G51240,AT2G42540"
"Ground_up_44","GO:MF","GO:0043167","ion binding",0.98638361122915,465,44,5,0.113636363636364,0.010752688172043,"AT3G26280,AT4G09420,AT1G25145,AT2G38750,AT3G51240"
"Ground_up_44","GO:CC","GO:0005789","endoplasmic reticulum membrane",0.989770408816534,20,44,1,0.0227272727272727,0.05,"AT1G51270"
"Ground_up_44","GO:CC","GO:0042175","nuclear outer membrane-endoplasmic reticulum membrane network",0.989770408816534,20,44,1,0.0227272727272727,0.05,"AT1G51270"
"Ground_up_44","GO:CC","GO:0098827","endoplasmic reticulum subcompartment",0.989770408816534,20,44,1,0.0227272727272727,0.05,"AT1G51270"
"Ground_up_44","GO:CC","GO:0043227","membrane-bounded organelle",0.998599270498494,783,44,18,0.409090909090909,0.0229885057471264,"AT4G01390,AT3G56970,AT3G21370,AT1G70260,AT3G55290,AT3G22060,AT1G77950,AT1G25145,AT2G38750,AT3G57020,AT4G19690,AT5G13930,AT1G54040,AT2G26010,AT2G36790,AT1G51270,AT2G42540,AT2G30766"
"Ground_up_44","GO:CC","GO:0043229","intracellular organelle",0.998599270498494,803,44,18,0.409090909090909,0.0224159402241594,"AT4G01390,AT3G56970,AT3G21370,AT1G70260,AT3G55290,AT3G22060,AT1G77950,AT1G25145,AT2G38750,AT3G57020,AT4G19690,AT5G13930,AT1G54040,AT2G26010,AT2G36790,AT1G51270,AT2G42540,AT2G30766"
"Ground_up_44","GO:CC","GO:0043231","intracellular membrane-bounded organelle",0.998599270498494,781,44,18,0.409090909090909,0.0230473751600512,"AT4G01390,AT3G56970,AT3G21370,AT1G70260,AT3G55290,AT3G22060,AT1G77950,AT1G25145,AT2G38750,AT3G57020,AT4G19690,AT5G13930,AT1G54040,AT2G26010,AT2G36790,AT1G51270,AT2G42540,AT2G30766"
"Ground_up_44","GO:CC","GO:0043226","organelle",0.998599270498494,805,44,18,0.409090909090909,0.022360248447205,"AT4G01390,AT3G56970,AT3G21370,AT1G70260,AT3G55290,AT3G22060,AT1G77950,AT1G25145,AT2G38750,AT3G57020,AT4G19690,AT5G13930,AT1G54040,AT2G26010,AT2G36790,AT1G51270,AT2G42540,AT2G30766"
"Ground_up_44","GO:CC","GO:0048046","apoplast",0.998599270498494,107,44,1,0.0227272727272727,0.00934579439252336,"AT4G11210"
"Ground_up_44","GO:CC","GO:0055044","symplast",0.998599270498494,60,44,1,0.0227272727272727,0.0166666666666667,"AT2G38750"
"Ground_up_44","GO:CC","GO:0070013","intracellular organelle lumen",0.998599270498494,37,44,1,0.0227272727272727,0.027027027027027,"AT3G21370"
"Ground_up_44","GO:CC","GO:0110165","cellular anatomical structure",0.998599270498494,1372,44,24,0.545454545454545,0.0174927113702624,"AT4G01390,AT4G10510,AT3G56970,AT3G21370,AT1G08090,AT1G70260,AT3G55290,AT3G22060,AT2G41850,AT3G26280,AT4G11210,AT1G77950,AT1G25145,AT2G02990,AT2G38750,AT3G57020,AT4G19690,AT5G13930,AT1G54040,AT2G26010,AT2G36790,AT1G51270,AT2G42540,AT2G30766"
"Ground_up_44","GO:CC","GO:0005575","cellular_component",0.998599270498494,1438,44,28,0.636363636363636,0.019471488178025,"AT4G01390,AT1G26240,AT4G10510,AT3G56970,AT3G21370,AT1G08090,AT1G70260,AT3G55290,AT3G22060,AT2G41850,AT3G26280,AT3G14260,AT4G11210,AT1G77950,AT1G25145,AT2G02990,AT2G38750,AT3G57020,AT4G19690,AT5G13930,AT1G54040,AT2G26010,AT3G46700,AT2G38790,AT2G36790,AT1G51270,AT2G42540,AT2G30766"
"Ground_up_44","GO:CC","GO:0005622","intracellular anatomical structure",0.998599270498494,919,44,18,0.409090909090909,0.0195865070729053,"AT4G01390,AT3G56970,AT3G21370,AT1G70260,AT3G55290,AT3G22060,AT1G77950,AT1G25145,AT2G38750,AT3G57020,AT4G19690,AT5G13930,AT1G54040,AT2G26010,AT2G36790,AT1G51270,AT2G42540,AT2G30766"
"Ground_up_44","GO:CC","GO:0005576","extracellular region",0.998599270498494,266,44,6,0.136363636363636,0.0225563909774436,"AT4G10510,AT3G22060,AT2G41850,AT4G11210,AT2G02990,AT2G26010"
"Ground_up_44","GO:CC","GO:0043233","organelle lumen",0.998599270498494,37,44,1,0.0227272727272727,0.027027027027027,"AT3G21370"
"Ground_up_44","GO:CC","GO:0005739","mitochondrion",0.998599270498494,102,44,1,0.0227272727272727,0.00980392156862745,"AT1G25145"
"Ground_up_44","GO:CC","GO:0005911","cell-cell junction",0.998599270498494,60,44,1,0.0227272727272727,0.0166666666666667,"AT2G38750"
"Ground_up_44","GO:CC","GO:0005634","nucleus",0.998599270498494,320,44,6,0.136363636363636,0.01875,"AT4G01390,AT3G56970,AT1G77950,AT5G13930,AT1G54040,AT2G30766"
"Ground_up_44","GO:CC","GO:0042579","microbody",0.998599270498494,31,44,1,0.0227272727272727,0.032258064516129,"AT3G55290"
"Ground_up_44","GO:CC","GO:0031974","membrane-enclosed lumen",0.998599270498494,37,44,1,0.0227272727272727,0.027027027027027,"AT3G21370"
"Ground_up_44","GO:CC","GO:0031090","organelle membrane",0.998599270498494,197,44,2,0.0454545454545455,0.0101522842639594,"AT5G13930,AT1G51270"
"Ground_up_44","GO:CC","GO:0031967","organelle envelope",0.998599270498494,183,44,1,0.0227272727272727,0.00546448087431694,"AT2G42540"
"Ground_up_44","GO:CC","GO:0030054","cell junction",0.998599270498494,60,44,1,0.0227272727272727,0.0166666666666667,"AT2G38750"
"Ground_up_44","GO:CC","GO:0009941","chloroplast envelope",0.998599270498494,95,44,1,0.0227272727272727,0.0105263157894737,"AT2G42540"
"Ground_up_44","GO:CC","GO:0016020","membrane",0.998599270498494,629,44,7,0.159090909090909,0.0111287758346582,"AT1G08090,AT1G70260,AT3G26280,AT3G57020,AT4G19690,AT5G13930,AT1G51270"
"Ground_up_44","GO:CC","GO:0005777","peroxisome",0.998599270498494,31,44,1,0.0227272727272727,0.032258064516129,"AT3G55290"
"Ground_up_44","GO:CC","GO:0009506","plasmodesma",0.998599270498494,60,44,1,0.0227272727272727,0.0166666666666667,"AT2G38750"
"Ground_up_44","GO:CC","GO:0005829","cytosol",0.998599270498494,201,44,4,0.0909090909090909,0.0199004975124378,"AT3G21370,AT3G22060,AT3G57020,AT2G42540"
"Ground_up_44","GO:CC","GO:0005886","plasma membrane",0.998599270498494,184,44,3,0.0681818181818182,0.016304347826087,"AT1G08090,AT4G19690,AT1G51270"
"Ground_up_44","GO:CC","GO:0009570","chloroplast stroma",0.998599270498494,94,44,1,0.0227272727272727,0.0106382978723404,"AT2G42540"
"Ground_up_44","GO:CC","GO:0005737","cytoplasm",0.998599270498494,701,44,16,0.363636363636364,0.0228245363766049,"AT4G01390,AT3G21370,AT1G70260,AT3G55290,AT3G22060,AT1G25145,AT2G38750,AT3G57020,AT4G19690,AT5G13930,AT1G54040,AT2G26010,AT2G36790,AT1G51270,AT2G42540,AT2G30766"
"Ground_up_44","GO:CC","GO:0070161","anchoring junction",0.998599270498494,60,44,1,0.0227272727272727,0.0166666666666667,"AT2G38750"
"Ground_up_44","GO:CC","GO:0071944","cell periphery",0.998599270498494,238,44,3,0.0681818181818182,0.0126050420168067,"AT1G08090,AT4G19690,AT1G51270"
"Ground_up_44","GO:CC","GO:0098588","bounding membrane of organelle",0.998599270498494,147,44,1,0.0227272727272727,0.00680272108843537,"AT5G13930"
"Ground_up_44","GO:CC","GO:0009507","chloroplast",0.998599270498494,254,44,1,0.0227272727272727,0.00393700787401575,"AT2G42540"
"Ground_up_44","GO:CC","GO:0009526","plastid envelope",0.998599270498494,164,44,1,0.0227272727272727,0.00609756097560976,"AT2G42540"
"Ground_up_44","GO:CC","GO:0009532","plastid stroma",0.998599270498494,95,44,1,0.0227272727272727,0.0105263157894737,"AT2G42540"
"Ground_up_44","GO:CC","GO:0009536","plastid",0.998599270498494,275,44,1,0.0227272727272727,0.00363636363636364,"AT2G42540"
