cell_id,UMAP1,UMAP2
AAACCCAAGGTCGACA-1_5,-1.6903237,11.753403
AAACCCAAGTGGACTG-1_2,-1.4996568,8.151106
AAACCCACAACTGATC-1_2,-2.2217014,9.470306
AAACCCACAGAAGCGT-1_1,2.414219,8.826189
AAACCCACAGTCTTCC-1_2,2.7142045,9.772783
AAACCCAGTCCTACAA-1_2,-0.44176072,10.355142
AAACCCAGTGCCTTTC-1_4,-2.9858737,3.1605256
AAACCCATCCATTTGT-1_5,0.33004233,7.04939
AAACCCATCGAGTGAG-1_2,2.5170643,7.724307
AAACGAAAGCTTAGTC-1_5,-3.921896,9.3735075
AAACGAAAGTAGGATT-1_1,1.9161876,4.742978
AAACGAACAACAGAGC-1_6,-4.5185246,7.1614923
AAACGAACAGTAGAGC-1_3,2.4756243,8.227794
AAACGAACATGGCTGC-1_6,-0.46581993,10.767431
AAACGAAGTAAGTTAG-1_2,2.1499255,7.0738072
AAACGAAGTAGTGGCA-1_4,2.9061017,9.774443
AAACGAATCGTGGGAA-1_6,-3.5324295,4.1360116
AAACGAATCTTGATTC-1_2,0.28884724,11.029056
AAACGCTAGACCTCAT-1_1,-1.9249928,9.456172
AAACGCTAGGCCCACT-1_1,-0.5727828,10.485696
AAACGCTAGGGTTAAT-1_3,-4.7925043,10.5787945
AAACGCTAGTACCATC-1_5,1.9028796,3.9643364
AAACGCTCACAGTACT-1_4,-4.148966,4.8054185
AAACGCTCACCCAATA-1_2,-0.5523493,6.5544877
AAACGCTCACGTAACT-1_3,0.32190096,3.704873
AAACGCTGTAACCCTA-1_4,-0.9964452,4.272234
AAACGCTGTACTGCCG-1_3,-0.23882866,8.206966
AAACGCTGTCCCAAAT-1_4,-0.8361294,3.4339066
AAACGCTGTCTACATG-1_4,-1.7560918,3.35745
AAACGCTGTTCATCTT-1_6,-0.52949286,3.4597757
AAACGCTGTTCCGGTG-1_4,-3.7491233,6.434842
AAACGCTGTTTGCCGG-1_2,0.96224684,6.3225245
AAACGCTTCTATCCAT-1_4,0.16768095,9.34278
AAAGAACAGTTGGAAT-1_2,-3.8477864,5.2107363
AAAGAACCAAAGGATT-1_4,-3.7461133,8.22774
AAAGAACCACTTCAAG-1_1,-5.9532475,7.769138
AAAGAACCACTTCAAG-1_5,-1.3429071,10.701602
AAAGAACCAGTCGTTA-1_2,-0.3944194,5.3457546
AAAGAACCATCTCATT-1_2,-2.6971295,3.7795784
AAAGAACGTATCGCTA-1_2,-2.08986,6.3882327
AAAGAACGTCACCGCA-1_1,-4.5966225,9.8915205
AAAGAACGTGCAGGAT-1_6,-6.0736647,6.154191
AAAGAACTCAACGTGT-1_3,-0.9450942,7.8322883
AAAGAACTCACGGACC-1_3,0.05339797,10.602396
AAAGAACTCAGCCTTC-1_5,-4.623536,9.35963
AAAGGATAGGATATGT-1_1,-5.179613,7.983248
AAAGGATCAATCGCGC-1_4,-0.2771639,4.2139006
AAAGGATCATGAGATA-1_2,0.9363619,8.556776
AAAGGATCATTGCCTC-1_6,-2.4107199,11.209673
AAAGGATGTGACCGTC-1_1,0.26799962,4.1298046
AAAGGATGTGGAAGTC-1_3,-3.71836,8.161265
AAAGGATGTGTGTTTG-1_2,0.551322,8.598033
AAAGGATTCGAACACT-1_3,-4.45857,7.115943
AAAGGGCCACATAGCT-1_1,-1.3737723,10.014873
AAAGGGCGTCACTTCC-1_4,-1.8845166,8.588978
AAAGGGCGTCGACTGC-1_5,-3.8672025,4.4774423
AAAGGGCTCAAAGCCT-1_1,-1.5807863,9.702272
AAAGGTAAGACTCTTG-1_4,-1.3586104,11.83991
AAAGGTAAGCCGTTAT-1_6,0.9145988,9.798936
AAAGGTAAGCGCCCAT-1_4,-2.8439097,4.906378
AAAGGTAAGGCGATAC-1_4,1.1885961,10.001011
AAAGGTAAGTACAGCG-1_2,-3.2403605,5.5173264
AAAGGTAGTCACGTGC-1_4,0.7097549,8.093914
AAAGGTATCCTGCCAT-1_6,-3.0351415,9.6091385
AAAGGTATCGTTACCC-1_3,-0.29308376,8.292919
AAAGGTATCGTTCTAT-1_2,-2.3790977,9.073675
AAAGTCCAGCCACCGT-1_5,-1.2205257,11.943552
AAAGTCCCAACCTATG-1_3,-2.3120246,7.790305
AAAGTCCCAAGACGAC-1_1,-0.9128488,3.5994143
AAAGTCCCACATATGC-1_2,-0.14912193,10.036735
AAAGTCCCACTCCTGT-1_5,-2.3522859,6.674462
AAAGTCCCAGAGCTAG-1_5,-0.5832996,10.975586
AAAGTCCGTTGTCATG-1_3,-0.42938223,9.119316
AAAGTCCTCAAGGTGG-1_2,-1.87495,9.063476
AAAGTCCTCACCCTTG-1_6,-2.0069783,4.364443
AAAGTCCTCCAGCTCT-1_5,-3.9603403,6.419644
AAAGTCCTCCGGTAGC-1_3,-1.2456647,6.2530465
AAAGTCCTCCGTCCTA-1_3,-1.5976374,5.4522667
AAAGTGACAACTCGTA-1_1,-2.8015952,7.0039973
AAAGTGACAAGTTTGC-1_5,0.20231928,8.449604
AAAGTGACATGAGAAT-1_1,-1.9275295,4.336373
AAAGTGAGTAACCCGC-1_5,-1.1184766,4.496298
AAAGTGATCAACCGAT-1_2,-2.1636674,6.722484
AAAGTGATCCATCACC-1_2,-1.7923449,3.8280556
AAAGTGATCCGATCTC-1_4,-2.448915,11.72833
AAAGTGATCTGTACAG-1_6,-3.1741257,7.9942665
AAATGGAAGACTCAAA-1_6,-0.1138853,9.324248
AAATGGAAGCTTTCCC-1_1,-0.17087694,10.425898
AAATGGAAGGTACCTT-1_2,-0.9843256,7.4652677
AAATGGATCCTACAAG-1_6,-2.6150985,7.477546
AAATGGATCGTGGGTC-1_3,-4.771496,8.334081
AAATGGATCTCCGATC-1_5,-0.018733388,11.551527
AAATGGATCTGGCCAG-1_6,-3.1112,3.2963383
AACAAAGAGATACATG-1_5,0.3063987,10.313505
AACAAAGCAAGGCGTA-1_4,1.8518087,8.822508
AACAAAGCAGTGGGTA-1_5,-1.7893035,5.7125845
AACAAAGGTCGTACTA-1_2,-0.8967607,4.5501885
AACAAAGGTGCCAAGA-1_1,1.4040586,5.377328
AACAAAGTCGGCATAT-1_4,4.5519056,6.834466
AACAAAGTCTGCTTTA-1_1,0.1694015,6.802379
AACAACCAGAAATGGG-1_5,-2.784555,4.673077
AACAACCCACAGGATG-1_2,-4.1576033,5.255573
AACAACCGTAATTAGG-1_5,-4.3868275,5.7749195
AACAACCGTAGTATAG-1_6,-2.5391376,3.7791882
AACAACCGTGTGTGTT-1_3,-4.613825,8.6957
AACAACCTCCAAAGGG-1_4,-0.74215466,4.377736
AACAACCTCTCACGAA-1_2,-0.39982295,6.4159927
AACAACCTCTGCCTCA-1_1,-2.4725344,3.9618938
AACAACCTCTTGCAGA-1_6,-4.266596,6.1463494
AACAAGACAAACACCT-1_4,-5.254909,4.343945
AACAAGACAGATCATC-1_6,1.4160209,9.9459
AACAAGACATGTGCTA-1_3,1.4143583,8.927191
AACAAGAGTATGATCC-1_4,-3.5351648,3.6828694
AACAAGAGTATTTCCT-1_1,-4.0020294,5.3836246
AACAAGAGTCACAATC-1_6,1.0399678,7.4030547
AACAAGAGTCTTAGTG-1_3,-2.573436,9.994454
AACAAGAGTGAGAACC-1_1,-3.0703852,8.675185
AACAAGATCAACACGT-1_1,-3.1672955,9.595558
AACAAGATCCGATCTC-1_1,-1.5336939,8.635691
AACAAGATCTTCGATT-1_4,-2.7121227,7.4127836
AACACACAGGTGAGAA-1_6,1.99457,5.084682
AACACACAGTCTAACC-1_3,-1.5238981,6.6140814
AACACACAGTGCACTT-1_3,-0.057265468,7.4655676
AACACACCATGGCCAC-1_1,-3.178425,9.226723
AACACACGTGGCTTGC-1_4,0.37467963,6.1174507
AACACACTCACACGAT-1_5,-2.7502258,4.688253
AACACACTCGCTGACG-1_3,0.64774996,9.300125
AACACACTCGTGCACG-1_3,-5.2664313,8.274656
AACAGGGAGACTTGTC-1_5,-1.564381,11.495502
AACAGGGAGCATTGTC-1_1,-5.948372,5.924133
AACAGGGAGCCAGTAG-1_4,-3.532269,4.5620294
AACAGGGCACTGCACG-1_3,-2.541227,7.4991517
AACAGGGCATAACCCA-1_6,-0.9755589,9.120428
AACAGGGCATTGAAGA-1_3,-0.7170825,6.734435
AACAGGGGTGACCGAA-1_4,-3.2474082,6.6421037
AACAGGGGTTGTAAAG-1_5,-3.386836,10.476667
AACAGGGTCCTCTAAT-1_2,0.78571457,4.2903085
AACAGGGTCTCTTAAC-1_5,-0.30976856,7.8093934
AACAGGGTCTGACGCG-1_4,-5.1051655,9.390636
AACCAACAGCGCCTAC-1_1,1.7581285,6.0842624
AACCAACAGGTCATAA-1_5,-1.3429558,9.569561
AACCAACAGTAACCTC-1_1,-0.04152223,6.809898
AACCAACCACTACACA-1_3,-3.8381882,9.806489
AACCAACCAGAGTTGG-1_1,-4.718486,9.612027
AACCAACGTATCGCAT-1_4,-2.4611025,4.405141
AACCAACGTCTTGCGG-1_5,-5.59452,6.504119
AACCAACTCAAGTTGC-1_2,-3.1370661,9.269729
AACCAACTCGAACCAT-1_4,-4.642699,5.6348147
AACCACAAGCACACAG-1_2,-3.5582263,4.588281
AACCACACAACTGAAA-1_2,-3.3934972,6.326135
AACCACAGTACGACAG-1_5,-1.3157384,4.893901
AACCACAGTCTTCGAA-1_2,-2.900012,10.1653595
AACCACATCCGAACGC-1_2,-4.533431,3.9289796
AACCACATCCTGTACC-1_2,-3.2644877,5.301197
AACCACATCGCTACAA-1_5,0.17886196,12.619724
AACCACATCTGAGGTT-1_4,-3.8963566,8.721592
AACCACATCTGCGGAC-1_5,1.6690795,6.7320333
AACCATGAGACCAGCA-1_4,1.8595695,8.7716465
AACCATGCACTACCGG-1_1,2.4247496,4.1676126
AACCATGCAGAAGTTA-1_4,0.92840624,8.43667
AACCATGCATCCGTGG-1_3,-3.7517464,9.290039
AACCATGGTCACGACC-1_6,-3.6905518,4.1878095
AACCATGGTCAGGAGT-1_1,1.719386,11.033175
AACCATGGTGCGTGCT-1_3,-4.844963,7.82368
AACCATGGTGCTGCAC-1_2,-4.102791,9.568867
AACCATGGTGGAAATT-1_5,1.8604352,10.802441
AACCATGTCATCACAG-1_4,0.93617785,10.050369
AACCATGTCGTGTTCC-1_3,4.7375746,6.3902216
AACCCAAAGATTAGCA-1_2,-5.0071807,9.68331
AACCCAACAAAGGGTC-1_5,2.4449537,5.8193984
AACCCAACAGAGACTG-1_1,-2.2564833,10.518888
AACCCAATCTTAGCAG-1_2,-1.4234583,7.177221
AACCCAATCTTGCAAG-1_4,-0.39175138,9.770173
AACCTGAAGCATTGAA-1_3,4.8568316,6.6535993
AACCTGAAGCTATCTG-1_4,-2.657127,11.331996
AACCTGACAAATGATG-1_5,-2.6324482,3.0772595
AACCTGACACAGAGAC-1_4,2.5630236,5.522779
AACCTGAGTGACACAG-1_3,-3.4977703,4.269825
AACCTGAGTTACCTGA-1_5,-1.2529131,5.548175
AACCTGATCATGAAAG-1_3,1.2977151,7.3604856
AACCTGATCATGAGGG-1_3,-3.0055227,8.507645
AACCTTTAGAACGTGC-1_1,-3.9149592,9.839634
AACCTTTAGGAAGAAC-1_2,-0.52961165,10.297277
AACCTTTCACAGAGCA-1_5,-1.8842894,10.1954565
AACCTTTCACCCTATC-1_3,-1.0212162,5.6897926
AACCTTTCACTACTTT-1_4,-0.7975568,5.2440042
AACCTTTCATGCTGCG-1_5,-4.6970115,7.4868298
AACCTTTCATGGGAAC-1_2,-2.8564296,4.328204
AACCTTTCATTCTCTA-1_1,0.45172954,11.190208
AACCTTTGTGTCTTGA-1_6,-1.278266,7.9625316
AACCTTTTCAGTGGGA-1_5,0.22040688,5.7437415
AACCTTTTCCCATACC-1_2,-4.8626976,9.298909
AACCTTTTCTGGAAGG-1_6,-1.2151538,10.537586
AACCTTTTCTTACACT-1_4,-0.06420401,3.8001919
AACGAAAAGAAGATCT-1_6,-1.6993359,6.5266376
AACGAAAAGGTGCTGA-1_4,-2.2857115,6.8691635
AACGAAACACGACAGA-1_4,-4.847888,5.554975
AACGAAACAGTGACCC-1_4,-3.5441973,9.231558
AACGAAAGTCCCAAAT-1_6,-2.1574748,8.041451
AACGAAAGTGGAACAC-1_5,1.2521551,5.3487873
AACGAAAGTTGCATTG-1_4,-1.3166655,6.6859717
AACGAAAGTTTGTTCT-1_4,1.8539543,9.361135
AACGAAATCCGGCAAC-1_5,-1.2955123,10.6370325
AACGGGAAGATCCTAC-1_5,-0.63378,4.9892282
AACGGGAAGCGAACTG-1_4,1.2549752,9.93301
AACGGGACAATCCAGT-1_6,-0.14215909,4.3228393
AACGGGACAGACATCT-1_4,-3.121875,8.962271
AACGGGAGTTAAGCAA-1_3,-4.1230583,6.598443
AACGGGATCTGGAAGG-1_5,-2.2435472,8.365261
AACGTCAAGAAATTCG-1_1,2.734448,6.786825
AACGTCAAGCCTCTCT-1_5,-1.2365577,10.666554
AACGTCAAGCGAAACC-1_1,-0.43543002,10.081974
AACGTCAAGGGCCAAT-1_2,-0.07765286,3.898074
AACGTCAAGGGTAATT-1_5,0.95961714,4.9697757
AACGTCAAGGTACATA-1_2,-1.8198926,8.668982
AACGTCACAATCAGCT-1_2,2.2522607,5.2239456
AACGTCACACTGCATA-1_4,-1.1906592,6.3193417
AACGTCACATGGCTGC-1_2,0.5943616,7.94917
AACGTCAGTCTGCGCA-1_2,3.3537357,4.1387277
AACGTCATCATGCCAA-1_4,-1.2106211,7.286238
AACGTCATCTATTGTC-1_2,-3.4614832,5.8224683
AACGTCATCTTCCGTG-1_4,-4.6460104,9.179077
AACTTCTAGATGCTGG-1_2,-5.162121,7.9938183
AACTTCTAGCTAGATA-1_6,0.74639195,8.1204195
AACTTCTAGGACACTG-1_5,0.14423683,12.176731
AACTTCTAGTAATACG-1_2,0.9007089,7.8199553
AACTTCTAGTTGGCGA-1_6,-3.2700477,5.648897
AACTTCTCAAATGCGG-1_3,-3.9095862,7.5451117
AACTTCTCAACGTATC-1_5,-4.47643,11.084092
AACTTCTCACTAGAGG-1_6,-5.2544045,9.656835
AACTTCTGTACACGTT-1_6,-1.9711161,4.646638
AACTTCTGTAGCTTGT-1_5,2.823744,4.942802
AACTTCTGTCATGACT-1_1,-3.406115,11.3466835
AACTTCTGTCGACTTA-1_6,1.245319,7.5503893
AACTTCTGTTACACAC-1_1,-3.9220004,7.494261
AACTTCTTCAGCAGAG-1_6,-1.3357137,10.140676
AACTTCTTCCTCTCTT-1_2,-1.4431556,8.635194
AACTTCTTCGAACTCA-1_4,1.5013465,8.751274
AACTTCTTCGCACGGT-1_6,-4.9932795,9.16259
AACTTCTTCTTGGCTC-1_4,-1.485071,8.725769
AAGAACAAGCCTGAGA-1_3,-0.8951599,3.9763763
AAGAACACAAGTGGAC-1_4,2.720196,9.629881
AAGAACAGTCAGGTGA-1_6,1.6360999,10.657034
AAGAACAGTCATAACC-1_1,-1.6168338,10.813871
AAGAACAGTTCACCGG-1_2,-2.6350522,3.8969824
AAGAACAGTTGCTCCT-1_2,-1.4810026,9.163555
AAGAACATCAAGCGTT-1_2,-5.216794,9.063728
AAGAACATCCACTTTA-1_5,0.47155008,10.56393
AAGAACATCGCCATAA-1_2,-3.613281,7.9482994
AAGACAAAGCGCCCAT-1_2,-2.498028,10.384472
AAGACAAAGCTGACAG-1_2,-3.3620214,6.7446146
AAGACAAAGGATCATA-1_2,-4.5076036,6.3202276
AAGACAACATAGGCGA-1_1,-5.7655926,5.786507
AAGACAAGTCCAGAAG-1_1,-0.2566267,8.290846
AAGACAATCCCATACC-1_2,-4.192844,6.9616346
AAGACAATCGTCACCT-1_6,-2.7200813,8.521157
AAGACTCAGGGCGAAG-1_5,-0.55367017,9.206782
AAGACTCAGGTTACAA-1_3,-3.0914247,6.877122
AAGACTCCAAGCTACT-1_4,0.3112884,8.94297
AAGACTCCACTACAGT-1_1,-2.7027254,11.634622
AAGACTCCAGGTATGG-1_4,2.5922067,7.444532
AAGACTCTCACGACTA-1_5,-0.028696239,5.6872573
AAGACTCTCACTTATC-1_3,-3.8994143,3.8358533
AAGACTCTCCGAAGGA-1_3,-0.537687,5.066086
AAGACTCTCTACACTT-1_6,-1.5929215,9.18725
AAGACTCTCTCCGTGT-1_5,-0.63569427,9.003133
AAGACTCTCTCTAAGG-1_3,-4.3247395,5.307258
AAGATAGAGACAGCTG-1_6,-1.4521562,6.576105
AAGATAGAGATCCGAG-1_1,-1.266149,7.603786
AAGATAGAGTCATTGC-1_1,-0.19587447,8.9736395
AAGATAGCACCCAATA-1_4,-1.6933676,6.5380754
AAGATAGCATAATGCC-1_5,-1.2804357,7.0221987
AAGATAGCATCTATCT-1_5,-4.2995915,5.7694864
AAGATAGGTAAGTTGA-1_1,0.5259152,6.1188693
AAGATAGTCGAAGTGG-1_6,-2.2003012,9.399383
AAGCATCAGATCGCTT-1_2,0.010975975,10.615579
AAGCATCAGCCTGAGA-1_4,-3.8415933,8.388394
AAGCATCCAAGAGTAT-1_5,-1.2704111,10.481124
AAGCATCCAAGATGTA-1_2,-4.713432,5.1265955
AAGCATCCACGCCACA-1_6,-0.9199435,8.394318
AAGCATCGTAGGTCAG-1_2,-0.05918141,9.132471
AAGCATCTCCCGATCT-1_4,1.6892334,3.9441693
AAGCATCTCCGCTGTT-1_4,-4.562493,5.2003865
AAGCATCTCGTCCATC-1_6,0.5107307,4.0321774
AAGCCATAGACGCCAA-1_3,0.8297522,6.4019604
AAGCCATAGCCATGCC-1_5,-3.5297837,7.0906987
AAGCCATAGGCCTTCG-1_4,2.083161,10.3742895
AAGCCATCACTTGTCC-1_3,-0.20375119,11.559262
AAGCCATCATAACCCA-1_5,0.29056525,11.785295
AAGCCATCATCGGAAG-1_1,2.6137717,4.010135
AAGCCATGTAGCACGA-1_4,0.68563485,7.022558
AAGCCATGTTTGCAGT-1_2,-0.7742322,5.780291
AAGCCATTCACTCACC-1_1,-2.2755637,5.7158403
AAGCCATTCCGAGATT-1_3,-1.1243539,10.32229
AAGCCATTCCGTGGTG-1_4,-5.8248835,8.516912
AAGCCATTCTGCGGAC-1_1,-1.5073944,7.5095944
AAGCGAGAGCTCACTA-1_3,-0.17058896,5.6926036
AAGCGAGAGTTCAACC-1_5,-3.280249,3.767368
AAGCGAGCAGCACAAG-1_5,-3.6401355,4.700447
AAGCGAGGTCAGACGA-1_1,-3.7423387,8.766291
AAGCGAGGTTTGTTGG-1_3,-0.8899801,9.444387
AAGCGAGTCAGACCCG-1_1,-2.2978897,5.846936
AAGCGAGTCATGCCGG-1_3,0.39296213,10.585901
AAGCGAGTCCATCAGA-1_3,-2.705494,9.934808
AAGCGAGTCGGCTGTG-1_4,-2.7809112,8.673814
AAGCGTTCAGGCTTGC-1_6,-0.042854734,6.005929
AAGCGTTCAGTGGCTC-1_4,-3.6053338,6.3269153
AAGCGTTGTTCGTACA-1_6,-1.9029207,3.8904078
AAGCGTTTCCTTCTTC-1_5,0.06483767,6.006443
AAGGAATAGCAATAGT-1_3,-0.7909081,6.6896687
AAGGAATAGCCACCGT-1_3,-1.9919981,4.8589044
AAGGAATAGCTCTATG-1_5,-1.285302,5.7333903
AAGGAATCAAACTAAG-1_4,-3.075057,5.598633
AAGGAATCAGGTGGAT-1_1,-1.4058733,4.7055407
AAGGAATGTCACTTCC-1_5,-0.39068612,4.6426992
AAGGAATGTTCAGGTT-1_5,-2.0295467,3.0463424
AAGGAATTCCGCAGTG-1_2,-0.4249722,10.486537
AAGGAATTCGCGATCG-1_2,1.1962825,9.713806
AAGGAATTCGGTCTGG-1_4,-0.8359989,3.8868337
AAGGTAAAGATGACAT-1_1,-3.351582,11.36842
AAGGTAAAGCGATGAC-1_2,-0.48133335,8.315284
AAGGTAACAATGCTCA-1_3,-4.815893,4.912514
AAGGTAACAGCGCGTT-1_3,-2.3147557,3.3777556
AAGGTAAGTACTTGTG-1_3,-4.421396,5.1801248
AAGGTAAGTAGTTACC-1_5,-3.6737053,8.801667
AAGGTAAGTCGTCGGT-1_3,-3.1622086,9.475246
AAGGTAAGTGTGTCGC-1_2,-2.4981294,11.828054
AAGGTAAGTTAGGGTG-1_2,0.6891072,8.894653
AAGGTAAGTTGGTGTT-1_2,-5.386413,6.177628
AAGGTAAGTTTGACAC-1_2,2.5748112,9.322384
AAGGTAATCAGCGCGT-1_2,-4.362237,9.992099
AAGGTAATCGGCTATA-1_2,-1.6153287,5.2340293
AAGTACCAGCCGGAAT-1_6,-3.734905,7.496084
AAGTACCAGCCTGAGA-1_2,-0.46366507,3.7610953
AAGTACCCAAGACAAT-1_5,-2.3348727,7.404734
AAGTACCCATACAGAA-1_4,2.0646,8.782378
AAGTACCTCACCGGGT-1_2,-0.85610753,11.692833
AAGTACCTCCACGGGT-1_4,-2.323338,5.993776
AAGTACCTCGACGCGT-1_5,-0.3093571,7.444233
AAGTACCTCTCGAACA-1_3,-1.0337026,5.885464
AAGTACCTCTTACACT-1_5,-2.0155807,4.864704
AAGTCGTAGAAGTCCG-1_5,-3.5225732,6.4742312
AAGTCGTAGCGCCATC-1_3,-0.924568,5.7878
AAGTCGTAGCTAGAAT-1_3,-0.9376881,5.4948077
AAGTCGTAGGAGTACC-1_2,-5.3540235,5.848566
AAGTCGTCACGACGTC-1_3,-4.8332267,5.340816
AAGTCGTCAGCTGGTC-1_2,-1.8897696,7.6471086
AAGTCGTGTATTTCTC-1_5,1.5204858,9.71953
AAGTCGTGTCGTATGT-1_2,-2.0513303,6.8477783
AAGTCGTGTGAGTGAC-1_3,-0.48695466,4.048221
AAGTCGTGTTCTCAGA-1_1,-0.13566723,7.908139
AAGTCGTTCAGTCAGT-1_3,-0.2276199,11.399455
AAGTCGTTCGTAACCA-1_3,-1.8917934,3.369713
AAGTCGTTCTCCTGTG-1_2,0.39886716,4.5730143
AAGTGAACATAGAATG-1_3,-1.7558433,4.0403757
AAGTGAAGTCATACCA-1_1,-1.3114806,8.907229
AAGTGAAGTGACAGCA-1_4,-4.2548122,8.984989
AAGTGAAGTTCCTAGA-1_5,-1.2904711,8.151586
AAGTGAATCAAGAGTA-1_5,0.38487214,9.176277
AAGTGAATCAGCGCAC-1_4,-0.012723401,3.3633614
AAGTTCGAGGCACGAT-1_1,-4.1584373,8.988241
AAGTTCGAGGTCACTT-1_3,-1.6765982,8.191932
AAGTTCGCAAAGAACT-1_1,0.6171163,7.8537197
AAGTTCGCAATACAGA-1_3,-0.967552,4.856212
AAGTTCGCAGCGACAA-1_1,-3.9361656,6.883947
AAGTTCGGTCGTGGTC-1_4,-1.8847415,4.3582664
AAGTTCGGTTCGGTTA-1_5,0.2420155,7.601202
AAGTTCGGTTCTGACA-1_1,-5.5157967,7.2517586
AAGTTCGTCGCTACAA-1_3,-0.79727423,5.2722635
AAGTTCGTCTAACACG-1_2,-4.603646,10.099556
AAGTTCGTCTGGGCAC-1_3,-1.460015,6.257125
AAGTTCGTCTTCCACG-1_4,-2.244921,6.2339883
AATAGAGAGGGCGAAG-1_2,1.4334267,8.632422
AATAGAGAGTCGGCCT-1_6,-2.335482,5.9526763
AATAGAGCACAGTCCG-1_5,0.6707843,6.1334205
AATAGAGCATAGCTGT-1_5,-4.7258654,5.527342
AATAGAGGTCAAAGTA-1_2,3.3783016,5.261811
AATAGAGTCGGAAGGT-1_5,-5.638168,6.7261252
AATCACGAGACGACTG-1_2,0.27785832,9.3425455
AATCACGCAAGGTCGA-1_1,-2.6849813,8.877771
AATCACGCAAGTGATA-1_4,-1.5392293,9.858
AATCACGCAGAGATGC-1_1,0.46628097,11.024646
AATCACGCAGAGGCAT-1_6,1.1360313,11.288734
AATCACGTCACGTCCT-1_6,1.2946627,6.0051866
AATCACGTCATTTGCT-1_4,-4.345763,10.697843
AATCACGTCCAACCAA-1_2,-0.9008176,12.166774
AATCACGTCCACTGAA-1_3,-3.2025032,10.216224
AATCACGTCCCTCAAC-1_5,-0.008952494,12.669452
AATCACGTCCTGTTGC-1_1,-0.8735527,8.160521
AATCGACAGTAGTCAA-1_4,-4.3896623,6.6624374
AATCGACAGTAGTCTC-1_3,-0.3608867,6.461173
AATCGACCAGAGGTAC-1_1,-2.145135,5.6753883
AATCGACGTACAGGTG-1_4,-0.40758833,8.452082
AATCGACGTCCTGTTC-1_2,1.0576348,10.067708
AATCGACTCGGCATAT-1_2,-0.034086198,8.101395
AATCGTGAGAGTGGCT-1_2,0.20971525,11.812313
AATCGTGAGATCGCCC-1_2,0.015956085,8.481319
AATCGTGAGCTCAGAG-1_4,-1.7841451,4.4675646
AATCGTGAGGCACGAT-1_4,-2.0754101,9.68875
AATGAAGAGCAACCAG-1_4,-3.4347894,4.027852
AATGAAGAGCGTGTCC-1_2,2.7268488,6.5519238
AATGAAGAGGTTCCAT-1_1,-2.9648623,3.9327657
AATGAAGCAAGATCCT-1_4,0.19358082,10.344306
AATGAAGCACGCTATA-1_5,-5.5185704,9.299147
AATGAAGCATCGTGCG-1_2,0.16913097,10.456446
AATGAAGGTCAGCTTA-1_3,2.7973423,9.598124
AATGAAGTCACCTGTC-1_2,0.30950195,7.625987
AATGACCAGAACAGGA-1_1,-0.97029805,4.66261
AATGACCAGAACAGGA-1_2,1.2692839,10.330814
AATGACCAGAACCGCA-1_5,-1.68028,9.3579445
AATGACCAGAATCCCT-1_2,-4.0149565,9.510332
AATGACCAGACCATTC-1_3,-5.557763,7.1386094
AATGACCAGCCATTGT-1_4,-1.6903164,6.293767
AATGACCAGGCCGCTT-1_5,-0.44210792,9.337398
AATGACCCAACGCCCA-1_5,-2.7119951,3.505164
AATGACCCAAGAAACT-1_5,-1.7926224,5.4289336
AATGACCCAATGTCTG-1_4,2.4512284,5.0521636
AATGACCCACAGTCGC-1_5,-4.041864,9.107975
AATGACCCACCAAAGG-1_2,-0.94432026,4.0590687
AATGACCCACCAGCGT-1_4,-3.7430058,4.8848825
AATGACCGTAGGTTTC-1_4,-1.9809614,7.6359887
AATGACCGTGTTAACC-1_2,-0.30898783,12.06666
AATGACCGTTAGAAAC-1_5,1.7845542,6.4612637
AATGACCTCCAAATGC-1_5,-1.5229673,6.508194
AATGACCTCCTAGAGT-1_4,-0.8360349,7.0840964
AATGACCTCTAGTCAG-1_1,0.12755366,7.486581
AATGACCTCTCACCCA-1_5,-0.3382898,6.192708
AATGCCAAGTCGGCCT-1_4,-3.694373,10.464141
AATGCCACATGTTCAG-1_5,-1.1221051,8.910103
AATGCCAGTATGATCC-1_4,-3.8456516,5.0105963
AATGCCAGTCGAAGCA-1_1,0.99972963,5.648827
AATGCCAGTCGGCACT-1_3,-0.85180545,5.9539566
AATGCCATCACAACCA-1_1,1.0051018,10.253014
AATGCCATCTTACACT-1_4,-1.104455,10.11949
AATGGAACAATCCTAG-1_5,0.95071906,9.885229
AATGGAACACCGTGCA-1_4,0.33719218,4.5113754
AATGGAACACGCGTCA-1_5,-3.555882,8.554189
AATGGAACAGAGTGTG-1_3,0.8935726,7.633187
AATGGAACAGCATACT-1_5,-1.1657188,9.457672
AATGGAAGTCAGGAGT-1_6,-4.055913,5.677054
AATGGAAGTGATCGTT-1_6,1.3023658,10.334888
AATGGAAGTTTACCAG-1_5,-3.6086311,6.098943
AATGGAATCCCATACC-1_6,-3.5894382,11.025081
AATGGAATCCCTAGGG-1_6,-3.057577,10.786128
AATGGAATCGGTCACG-1_1,-2.1094944,10.180974
AATGGCTAGGACAAGA-1_5,-3.7615707,4.420608
AATGGCTAGTGCCTCG-1_3,-4.1973524,7.826529
AATGGCTCAATACAGA-1_5,-4.3713737,6.247407
AATGGCTCATGACGAG-1_6,2.5813901,9.064762
AATGGCTCATGTCTAG-1_6,1.2277206,7.6305275
AATGGCTGTCTCTCAC-1_6,-0.8088876,11.681985
AATGGCTGTCTTCCGT-1_2,-3.0071023,7.113789
AATGGCTTCAGACATC-1_5,-2.7664456,6.476345
AATGGCTTCCGTGTAA-1_1,-1.0558807,11.763868
AATGGCTTCGCCTTTG-1_4,0.016088024,8.116804
AATTCCTAGAGCATTA-1_5,-1.8658515,11.529612
AATTCCTCACTTGTCC-1_6,0.08765686,9.522616
AATTCCTCAGCACACC-1_5,-1.2669505,7.014174
AATTCCTCATTAGGCT-1_4,-1.6752208,9.588801
AATTCCTGTATACAGA-1_1,0.88659775,5.350381
AATTCCTGTCGAGCTC-1_2,-0.5057715,7.58016
AATTCCTGTGTCTTCC-1_6,0.48432288,8.178277
AATTCCTTCCATCTAT-1_1,-3.2413752,9.182655
AATTCCTTCCATGATG-1_1,-2.4657636,4.6867104
AATTCCTTCTCAGGCG-1_5,-3.755796,6.147843
AATTTCCAGCGTCGAA-1_1,0.4325752,4.4451127
AATTTCCCAAAGACTA-1_4,-2.7982147,4.6241527
AATTTCCCAGACCGCT-1_4,-5.191319,6.431123
AATTTCCCAGTCGGTC-1_4,1.8991148,10.206136
AATTTCCCATGAGAAT-1_2,0.089197256,8.043368
AATTTCCGTCCAATCA-1_3,2.412236,8.088825
AATTTCCGTTGCATAC-1_2,-1.5361388,5.5598044
AATTTCCTCACCGGGT-1_4,0.8900788,9.837929
AATTTCCTCGAGTACT-1_2,-4.243462,7.2156625
ACAAAGAAGCTGACCC-1_1,-2.9895701,11.932969
ACAAAGACAATTTCGG-1_4,-5.282207,9.1417
ACAAAGACACATAACC-1_3,0.6795639,8.369728
ACAAAGACATCGCTCT-1_1,-4.7453856,4.9155707
ACAAAGAGTCTAGGTT-1_4,-0.70335805,6.7379937
ACAAAGATCCGATCGG-1_4,2.8319428,7.387231
ACAAAGATCCTGTAAG-1_5,4.905988,6.6248527
ACAAAGATCGTCGATA-1_3,-3.4051592,7.508991
ACAAAGATCTCGCTTG-1_1,-4.7451043,5.367669
ACAACCAAGATACTGA-1_4,-2.3186188,3.6107376
ACAACCAAGTCTGGAG-1_1,2.0002682,10.205816
ACAACCACAAGTGGTG-1_1,-2.4129682,9.328166
ACAACCACATTGACTG-1_3,-3.003336,8.774295
ACAACCAGTCTGATCA-1_4,-2.4284804,2.9664354
ACAACCAGTGACACAG-1_3,0.8874286,7.206952
ACAACCAGTGTTGCCG-1_5,1.75082,4.293749
ACAACCATCAAGGTGG-1_5,-1.5994769,8.231665
ACAACCATCGTAGAGG-1_5,-3.5618947,4.576357
ACAAGCTAGGGCAGTT-1_3,-0.37853107,8.823201
ACAAGCTAGTTTAGGA-1_3,1.4526713,8.68934
ACAAGCTCAAGGTCAG-1_6,-2.2453887,6.6756287
ACAAGCTCACTAACCA-1_5,1.5581204,5.168061
ACAAGCTCATGACAAA-1_6,-4.4745417,4.7731843
ACAAGCTGTAGTGTGG-1_5,0.7197761,5.2408805
ACAAGCTGTGTAAATG-1_2,2.5452564,4.946341
ACAAGCTTCAAACCCA-1_6,0.5913593,4.898548
ACAAGCTTCCGCTGTT-1_4,-1.3962449,11.328944
ACAAGCTTCGATGCAT-1_5,3.8682737,7.0081425
ACACAGTAGGGCGAGA-1_4,-5.0639625,6.443358
ACACAGTCAAACCGGA-1_6,-0.580997,5.5247865
ACACAGTCAACAGATA-1_3,-2.8372586,10.668687
ACACAGTCACTTTATC-1_6,-1.5429635,7.738091
ACACAGTCAGAGATTA-1_5,-0.27093706,9.954024
ACACAGTCATGTTCAG-1_5,-4.582326,6.7193336
ACACAGTGTCATCCCT-1_4,-2.3411052,5.5968695
ACACAGTGTTAAGGGC-1_4,-2.6715653,10.745769
ACACAGTGTTCACCGG-1_1,-1.981641,8.397292
ACACAGTTCAAAGGAT-1_4,-1.9943818,8.223226
ACACAGTTCCCTTTGG-1_4,-5.0848455,6.8413515
ACACAGTTCGCTAAAC-1_4,-4.5917854,4.994549
ACACAGTTCGGTCATA-1_5,1.1414361,10.247622
ACACAGTTCTATCGCC-1_6,-2.9482925,3.6174572
ACACAGTTCTCTCCGA-1_6,-3.1447818,5.1031766
ACACCAAAGCAGGTCA-1_5,-0.04278235,7.348659
ACACCAAAGCCTTTCC-1_6,-2.7679436,3.819581
ACACCAAAGTAAGGGA-1_5,-3.271952,5.343474
ACACCAACAAATGAAC-1_2,-2.8289692,5.80538
ACACCAACACGGCACT-1_1,-1.4074608,5.4312263
ACACCAACAGACGGAT-1_2,-1.8336306,10.816249
ACACCAAGTCAACCTA-1_4,-3.977663,7.6864295
ACACCAATCAAACTGC-1_6,-1.3352956,10.076966
ACACCAATCAAGCCAT-1_1,-1.0132025,3.653055
ACACCAATCCGATTAG-1_3,-2.840969,7.9279833
ACACCAATCGATAACC-1_5,-0.107821696,4.7975388
ACACCAATCTTTCAGT-1_4,0.5648886,9.257063
ACACGCGAGCAAACAT-1_5,0.87308145,4.1032825
ACACGCGAGCAGCGAT-1_1,-1.8534917,4.0432725
ACACGCGAGCGCCTTG-1_4,0.8274548,4.0289116
ACACGCGAGCTGTTCA-1_3,-1.71533,9.616481
ACACGCGAGTTGTAAG-1_4,-1.1391109,6.898115
ACACGCGCAAACCGGA-1_1,-0.010663555,11.275262
ACACGCGCAAAGGGCT-1_2,-0.7604903,5.009152
ACACGCGCACCCAACG-1_2,1.5159576,8.867714
ACACGCGCAGAAGTTA-1_4,-1.319633,6.6608906
ACACGCGCAGACCAAG-1_3,-1.6215155,11.531899
ACACGCGCAGGTTCAT-1_2,-3.0019746,3.1072116
ACACGCGGTACGATTC-1_4,-0.43133315,10.19776
ACACGCGGTGGAGGTT-1_6,-3.0479002,9.214373
ACACGCGTCTTGGCTC-1_3,-0.8761049,7.5060225
ACACTGAAGAGGCTGT-1_3,-3.7086263,4.973246
ACACTGAAGTGCACTT-1_2,-2.4072733,5.7603207
ACACTGACAAGTGGAC-1_4,-5.3438454,8.758902
ACACTGACACAGCTTA-1_4,-2.4539504,8.289922
ACACTGACACCATTCC-1_6,-2.298098,5.0148063
ACACTGACAGCTACAT-1_3,-1.3988239,11.298695
ACACTGACATGAATCC-1_4,1.4436582,5.6858745
ACACTGAGTCAGACTT-1_5,0.39663437,3.7581046
ACACTGAGTGATGGCA-1_1,-0.7664762,8.808077
ACACTGAGTTCCTAAG-1_4,-1.970684,4.136144
ACACTGAGTTTCGTTT-1_2,-3.369181,9.993063
ACACTGATCAAACGTC-1_5,-0.573693,5.3628335
ACAGAAAAGATGGGCT-1_4,-3.0587008,4.7243676
ACAGAAAAGGTTGCCC-1_5,0.93947136,7.872571
ACAGAAACAGCCTTCT-1_5,0.72583675,9.134508
ACAGAAACATTGCTTT-1_5,-3.6097612,7.807504
ACAGAAAGTATCAGCT-1_3,-2.1550882,4.7580104
ACAGAAAGTTAGAGTA-1_1,-3.1250055,10.719185
ACAGAAAGTTCGAACT-1_1,-3.9492416,10.581454
ACAGAAATCGATGCTA-1_6,-0.8421944,4.8927703
ACAGCCGAGGCGAAGG-1_3,-0.7626432,11.221557
ACAGCCGCACAATGTC-1_1,2.595642,5.7419276
ACAGCCGCACGTCATA-1_2,-3.3477633,7.9250116
ACAGCCGTCACGGGCT-1_4,-0.67452735,8.895236
ACAGCCGTCAGTCTTT-1_6,-1.2091109,10.053819
ACAGCCGTCTCAGTCC-1_1,-2.0026832,9.066759
ACAGGGAAGACAGTCG-1_3,1.1252905,5.740946
ACAGGGAAGGGCAATC-1_2,-3.6569507,6.3772497
ACAGGGAAGTCTAACC-1_4,-2.5768435,4.068918
ACAGGGACAAACTAGA-1_5,-0.36481392,4.702353
ACAGGGACATGACTGT-1_1,2.4149063,9.814285
ACAGGGAGTACAGTCT-1_3,-4.964087,5.322658
ACAGGGAGTCGTGGTC-1_4,-3.9727669,4.722398
ACAGGGAGTTCGGTTA-1_4,-2.758656,7.27168
ACAGGGATCAAAGACA-1_4,-1.4699503,10.027825
ACAGGGATCATATGGC-1_2,0.6162031,7.535561
ACAGGGATCCTCTCTT-1_4,-0.17310457,6.7048187
ACATCCCAGACGACGT-1_1,-4.260707,9.317844
ACATCCCAGCTCTTCC-1_5,2.5338593,9.708385
ACATCCCAGGCTGGAT-1_3,-0.43765536,6.146773
ACATCCCAGGTCGTAG-1_3,-1.9859827,7.9035378
ACATCCCCAACCGACC-1_5,-1.7201561,4.3538847
ACATCCCCACAAGTTC-1_3,-3.1837795,4.436295
ACATCCCCACCGTGAC-1_2,-3.5826523,6.7635355
ACATCCCCAGGCTCTG-1_3,-3.05022,7.529019
ACATCCCGTACCGTCG-1_3,-1.6166099,7.317875
ACATCCCGTATTTCCT-1_1,0.13659346,5.87237
ACATCCCTCACTGAAC-1_4,1.0197254,6.9191675
ACATCCCTCTAAGCCA-1_4,-2.4558303,5.1342206
ACATCCCTCTAGTTCT-1_1,-0.5507646,10.151188
ACATCCCTCTCTCTAA-1_2,-2.403692,5.979202
ACATCCCTCTTCCCAG-1_3,-4.7869983,6.9846663
ACATCGAAGCCTCAAT-1_1,-2.7400432,5.5800767
ACATCGAAGCTGACAG-1_6,-3.5351043,8.20856
ACATCGACAATAACGA-1_3,-4.759673,9.9891205
ACATCGACACAGTCAT-1_3,2.2942395,5.6069713
ACATCGATCAGCGCAC-1_4,-1.272622,4.8943377
ACATCGATCGATACTG-1_2,-4.1813655,6.383948
ACATCGATCTAGTTCT-1_3,-2.8183537,3.5595472
ACATCGATCTGTCGTC-1_1,-2.4383092,5.587886
ACATGCAAGGACAACC-1_1,-1.7367239,6.1431475
ACATGCAAGGTGGGTT-1_6,-3.8529851,9.545057
ACATGCACACTAGAGG-1_2,1.6993074,10.075584
ACATGCAGTACCTAGT-1_4,-3.9080524,8.494351
ACATGCAGTCGCCACA-1_6,-2.8919547,5.3709674
ACATGCAGTCTCCCTA-1_3,-5.2631345,7.748666
ACATGCAGTCTGTCCT-1_2,-3.0451298,9.955985
ACATGCAGTTACGGAG-1_5,-4.5314045,6.565396
ACATGCATCCGTATAG-1_1,-4.6574783,7.7555003
ACATTTCAGATGTTCC-1_5,-2.9677718,6.481039
ACATTTCAGGCCTTCG-1_1,-1.193579,9.147498
ACATTTCAGTGGACGT-1_4,-3.593413,8.51106
ACATTTCCACGCGCAT-1_3,1.2851839,6.7160687
ACATTTCCACTACGGC-1_1,-2.2853909,10.572222
ACATTTCCAGATCATC-1_3,1.1887487,8.247925
ACATTTCCAGCTCTGG-1_6,-0.13990372,4.455916
ACATTTCCATATCTGG-1_4,0.33056673,7.5374694
ACATTTCCATTGACAC-1_5,-3.0878491,9.7289915
ACATTTCGTATGATCC-1_6,0.09559344,5.951231
ACATTTCGTATTGACC-1_4,2.6021342,5.515916
ACATTTCGTCCCGTGA-1_3,1.7951728,5.1434035
ACATTTCTCAAACCCA-1_5,-0.2570078,7.805336
ACATTTCTCACGAGGA-1_1,-2.6543674,5.556703
ACATTTCTCAGAACCT-1_5,-1.4546472,11.539959
ACATTTCTCAGCTTCC-1_1,-0.8076829,7.6409802
ACATTTCTCGGTAACT-1_4,0.9283475,9.318453
ACATTTCTCTAGACAC-1_5,-2.1311772,7.681605
ACCAAACAGACTCAAA-1_5,-5.6063175,9.320458
ACCAAACAGTAAGCAT-1_5,-3.3161438,7.5741653
ACCAAACAGTACCATC-1_4,-0.83935606,6.78888
ACCAAACCACAGTCAT-1_1,-3.846178,6.766096
ACCAAACCACGTAACT-1_3,-3.7693324,5.220579
ACCAAACCATGAGTAA-1_3,-1.4371163,7.006396
ACCAAACGTGCTCCGA-1_5,-0.5580175,2.9847314
ACCAAACGTGGTCTTA-1_1,-3.9205039,4.7870126
ACCAAACTCCATGATG-1_6,-3.1142805,11.839093
ACCAAACTCCTTCTGG-1_2,-3.6577058,4.4082527
ACCAAACTCGCATTGA-1_2,0.44848058,5.4990125
ACCAACAAGCACTGGA-1_4,0.5048197,9.393551
ACCAACAAGCCTGAGA-1_6,1.5796356,9.09829
ACCAACAAGCGTTCAT-1_3,0.6322917,4.8489366
ACCAACAAGTCACGAG-1_1,-0.35311258,3.8437698
ACCAACACATGTGACT-1_1,-2.4694793,6.564027
ACCAACAGTAACCCTA-1_3,-6.158001,7.053571
ACCAACAGTAAGCAAT-1_6,-3.671778,11.378434
ACCAACAGTCCTCAGG-1_5,-5.8686347,6.340142
ACCAACATCACAAGAA-1_4,-1.1864337,6.9012647
ACCAACATCATCTACT-1_5,-3.6095495,11.215413
ACCAACATCATGTCAG-1_1,-2.2294931,11.132548
ACCAACATCATTACCT-1_5,-1.8099623,4.0794926
ACCAACATCCATCACC-1_4,-4.6212144,7.691743
ACCACAAGTCATGGCC-1_6,-6.199313,6.451559
ACCACAATCGTAATGC-1_4,-0.60821676,9.278621
ACCATTTAGAGAGCAA-1_2,1.1127491,10.693347
ACCATTTCAAAGTGTA-1_2,-3.7700694,9.732933
ACCATTTCATCTGTTT-1_6,-2.1937747,10.695925
ACCATTTCATTAAGCC-1_1,-2.5879674,8.993013
ACCATTTGTCTAGGTT-1_3,-0.018221138,9.435582
ACCATTTGTGCAGGAT-1_5,0.6998319,10.331004
ACCATTTGTGGTTCTA-1_4,-2.561065,6.5320897
ACCATTTGTTGGGAAC-1_5,-3.37106,7.732844
ACCATTTGTTTATGCG-1_4,-3.1986835,7.3573866
ACCATTTTCCAAGGGA-1_2,-0.35691687,8.17167
ACCATTTTCCTTTGAT-1_4,0.77251387,6.3767858
ACCATTTTCGACATCA-1_2,0.50024813,7.5736575
ACCATTTTCTGGCCTT-1_3,-0.4945352,9.541165
ACCCAAAAGCTGGCCT-1_5,-1.2861353,5.434673
ACCCAAAAGGTCCCGT-1_3,-3.5639443,10.771937
ACCCAAACAAATACAG-1_4,-3.632624,7.8947763
ACCCAAACAACTGATC-1_5,-1.3811572,8.178454
ACCCAAACAGTAGTGG-1_5,-2.7579505,11.293924
ACCCAAAGTGAACCGA-1_1,-0.77842546,6.2823505
ACCCAAAGTGCATACT-1_1,-3.9381702,8.609193
ACCCAAAGTGTCCAAT-1_2,2.196433,7.5492983
ACCCAAATCGAGATAA-1_4,1.0768119,9.336921
ACCCAAATCTTCACAT-1_3,-3.093875,6.67668
ACCCTCAAGCGATTCT-1_4,-0.9971925,6.397321
ACCCTCACACATTACG-1_3,0.18028058,7.728927
ACCCTCACACGCCAGT-1_4,-0.40936744,7.770754
ACCCTCACATAACGGG-1_2,-1.4254171,7.776751
ACCCTCACATTCTTCA-1_1,0.30888268,9.657405
ACCCTCAGTGTACGCC-1_4,-3.100311,4.6818542
ACCCTCAGTTGGTAGG-1_4,0.5601919,11.512484
ACCCTCAGTTTGTGGT-1_1,1.4519694,6.5392094
ACCCTCATCAAGGACG-1_6,-5.824608,6.822547
ACCCTCATCACTCGAA-1_3,-0.072413415,4.2595506
ACCCTCATCGTTCAGA-1_1,0.3039716,10.380086
ACCCTCATCTAGATCG-1_1,-0.9011008,7.9693084
ACCCTCATCTAGGAAA-1_5,0.1021608,5.975806
ACCCTCATCTCGTCGT-1_5,-1.7772754,8.621938
ACCCTCATCTTAAGGC-1_3,0.78161496,5.7945013
ACCCTCATCTTGTGCC-1_6,-1.6556523,6.7742105
ACCCTTGAGGGATCTG-1_5,-1.1359001,4.4543796
ACCCTTGCAACGAGGT-1_2,-3.0160737,7.6305246
ACCCTTGCAACGGTAG-1_5,-2.2696097,11.31077
ACCCTTGCAGTCTCTC-1_6,-2.8075902,4.451647
ACCCTTGCATACGCAT-1_5,-2.6421828,10.466317
ACCCTTGGTAAGTTGA-1_4,-2.6889098,5.1468616
ACCCTTGGTATGTCAC-1_5,-1.6757158,3.397504
ACCCTTGGTCTCCTGT-1_5,-1.0284926,7.1267695
ACCCTTGGTGCTATTG-1_3,-0.25043592,7.839666
ACCCTTGTCACATACG-1_3,-1.3223308,9.299604
ACCCTTGTCCCAGGAC-1_4,-2.7970207,5.5077925
ACCCTTGTCGCACGAC-1_4,-2.2743866,5.5672207
ACCCTTGTCGTGGCTG-1_5,-4.9258432,8.586955
ACCGTTCAGATCGACG-1_6,-5.3246903,5.7969527
ACCGTTCAGCCTTTCC-1_4,0.01966919,3.8408873
ACCGTTCAGTAGCATA-1_4,-2.0457706,8.27596
ACCGTTCCACTACAGT-1_4,0.9336909,5.619188
ACCGTTCCATCCCGTT-1_5,-4.1187205,9.351478
ACCGTTCGTATCCCAA-1_1,-4.717339,8.580013
ACCGTTCGTCTGCGCA-1_4,1.7511618,5.5194464
ACCGTTCGTTCCCAAA-1_4,-5.0264015,5.1179366
ACCGTTCTCCAAGCAT-1_5,-5.742566,8.84521
ACCGTTCTCCTGTAGA-1_6,1.9949911,10.106785
ACCGTTCTCGGCTTCT-1_4,-1.2885375,7.823499
ACCGTTCTCTACGCAA-1_5,-3.679441,6.18235
ACCTACCAGATGAAGG-1_3,-4.52122,9.184512
ACCTACCAGCCACCGT-1_2,-0.8568283,4.4111204
ACCTACCCAAGAGTGC-1_3,-2.536604,4.966266
ACCTACCCAGTGCCTG-1_4,-4.1237273,6.8637505
ACCTACCCATGACAGG-1_3,2.7467813,6.7456083
ACCTACCGTGACAACG-1_5,-2.469706,6.7840705
ACCTACCGTTTCGATG-1_6,-3.7014554,5.592593
ACCTACCTCCACCTCA-1_5,-1.2371769,9.756059
ACCTACCTCCGATAGT-1_1,-0.60226005,9.857772
ACCTGAACAAATGAAC-1_5,-4.8867054,9.130093
ACCTGAACACCTCTGT-1_6,-1.6801747,12.003606
ACCTGAACAGCCTTCT-1_4,-0.8806132,9.513882
ACCTGAACATGACTAC-1_1,-2.4443622,9.720244
ACCTGAAGTACTGACT-1_3,-0.10002965,8.706033
ACCTGAAGTAGCACAG-1_5,-3.450645,11.0335865
ACCTGAAGTGTACATC-1_5,-0.18622045,6.2086844
ACCTGAATCAGGGTAG-1_4,-1.1078889,11.5469265
ACCTGAATCATTGCCC-1_5,-3.2572274,4.6280575
ACCTGAATCCAGTGTA-1_5,1.6554865,6.76288
ACCTGAATCGCGTGAC-1_3,-0.99984694,7.422045
ACCTGAATCTTCACGC-1_1,-0.718492,9.008802
ACCTGTCCAACTCCAA-1_3,-3.90697,7.6733303
ACCTGTCCAAGAGGCT-1_4,-1.4091074,8.472027
ACCTGTCCACAATGCT-1_1,0.40724078,12.126705
ACCTGTCCACGCTGAC-1_5,0.7547519,7.6536007
ACCTGTCCAGCTGCCA-1_4,1.9753977,6.2343783
ACCTGTCCATCAGTCA-1_4,-1.4689701,5.576894
ACCTGTCCATGAAGGC-1_1,-3.8257215,6.8364563
ACCTGTCGTGCTCCGA-1_2,0.62272704,6.468279
ACCTGTCTCACCTCAC-1_5,-1.4313326,3.401507
ACCTGTCTCATTACCT-1_5,-0.58663344,6.6794233
ACCTGTCTCTTTCAGT-1_3,-0.13532501,6.179584
ACGATCAAGAGCAGCT-1_3,-0.5986404,3.208278
ACGATCAAGCCTCACG-1_5,0.02285272,8.816482
ACGATCACAAGAGATT-1_1,-2.2370458,4.1811075
ACGATCACAGTATTCG-1_3,-5.696601,4.366172
ACGATCACATCCGGCA-1_2,-2.7988126,3.639919
ACGATCAGTCATATGC-1_6,-0.6753254,6.0847178
ACGATCAGTGTCATGT-1_5,-0.19872715,3.6933243
ACGATCAGTTCCGGTG-1_3,2.519062,10.27996
ACGATCAGTTTACGTG-1_4,-1.7267143,5.662444
ACGATCATCAGACCCG-1_2,2.1842098,5.0846944
ACGATCATCCAGCAAT-1_2,-2.9456604,11.263927
ACGATCATCGCACGAC-1_2,-2.4378316,7.7868958
ACGATGTCAAGTCCAT-1_6,-0.44290173,6.8328977
ACGATGTCATCGCCTT-1_5,-4.249744,7.938201
ACGATGTCATGTTCGA-1_1,-2.429215,8.764168
ACGATGTGTGCAGATG-1_2,-1.8774874,5.820149
ACGATGTGTTTACCTT-1_3,0.37594548,9.039939
ACGATGTGTTTCCAAG-1_5,-5.574992,4.3607464
ACGATGTTCACTCTTA-1_1,-1.9109652,7.5765986
ACGATGTTCACTGAAC-1_3,-3.1257112,8.590104
ACGATGTTCGGACAAG-1_4,-3.6163068,3.5675836
ACGATGTTCGGAGCAA-1_4,1.9784184,8.950328
ACGCACGCAACTAGAA-1_1,-0.40547737,5.531397
ACGCACGCAGGTTTAC-1_5,-2.7383997,8.355092
ACGCACGGTACAGTCT-1_5,-2.242358,4.854809
ACGCACGGTCCTACGG-1_2,-2.5559406,3.3064225
ACGCACGGTCGCTCGA-1_3,2.5605426,9.034758
ACGCACGGTGACACGA-1_1,-2.7380042,10.582187
ACGCACGGTGTAAATG-1_3,0.80713826,11.542716
ACGCACGTCACCTTGC-1_6,0.025580762,9.904958
ACGCACGTCATGCCGG-1_5,-2.153794,11.708011
ACGCACGTCCCGAGGT-1_3,-1.599853,11.416391
ACGCACGTCGATTCCC-1_1,0.7058337,6.2039056
ACGCACGTCGTCTACC-1_1,-1.7332232,7.343268
ACGCACGTCTACACTT-1_1,-2.2108307,4.163454
ACGGAAGGTGCCGTAC-1_6,0.56957185,9.22733
ACGGAAGGTTCAGCTA-1_2,0.08323007,5.4405065
ACGGGTCAGACCAGAC-1_3,-2.9621205,9.90778
ACGGGTCAGAGTCAGC-1_1,1.2441489,10.012431
ACGGGTCAGGCGCTTC-1_4,1.5880778,8.985256
ACGGGTCAGTCATGAA-1_3,-0.42523906,9.452393
ACGGGTCCACCAGACC-1_2,-0.44387054,7.1376777
ACGGGTCGTTCTCGTC-1_2,-3.3793397,8.156182
ACGGGTCGTTGAGAGC-1_5,-3.318056,8.920353
ACGGGTCTCAGTGTTG-1_1,-3.3366587,4.4422817
ACGGTCGAGACATATG-1_5,-1.474291,9.6758175
ACGGTCGAGCCGAACA-1_5,-3.673194,6.154602
ACGGTCGCACTTTAGG-1_3,-2.7722638,4.9289837
ACGGTCGCAGTCTCTC-1_1,0.7409898,8.836689
ACGGTCGGTATAATGG-1_6,1.2321253,8.01841
ACGGTCGGTGTCTTGA-1_4,-3.8882577,6.159706
ACGGTCGTCAACTTTC-1_4,-1.3769728,6.8347588
ACGGTCGTCCACGGAC-1_6,0.103960045,7.45521
ACGGTCGTCCCTCGTA-1_1,1.2528707,8.360321
ACGGTCGTCCTCTCTT-1_4,-2.8398745,3.3763685
ACGGTCGTCGTGGCGT-1_4,1.7933344,3.7720573
ACGGTCGTCTTGCGCT-1_3,2.7604098,9.200866
ACGGTTAAGCGTGAGT-1_4,1.2920102,8.132099
ACGGTTAAGGGTGGGA-1_2,-4.9067063,7.2893
ACGGTTACAGGTTCCG-1_4,-2.8573732,7.2586393
ACGGTTAGTAATTGGA-1_5,0.7915684,7.6114206
ACGGTTAGTACCTTCC-1_5,-3.4529643,6.906685
ACGGTTAGTCATTGCA-1_4,0.8929237,10.000922
ACGGTTAGTCCAAGAG-1_1,0.69129294,5.1904354
ACGGTTAGTGGCCCAT-1_5,-2.9383135,4.798051
ACGGTTAGTGTCTTGA-1_6,-2.5351632,7.00809
ACGGTTAGTTTAAGGA-1_1,0.04710061,7.948738
ACGGTTATCACGGGAA-1_3,-3.407091,10.867889
ACGGTTATCGGTCACG-1_5,-0.37709945,7.5094137
ACGTAACCAAGAGCTG-1_1,-4.875006,7.0868077
ACGTAACCACGCGCTA-1_1,-1.7006205,4.6786447
ACGTAACCAGGCCCTA-1_3,-5.514791,6.5857596
ACGTAACCAGTCCCGA-1_1,-0.9207449,4.9218497
ACGTAACGTAGGGAGG-1_2,-4.3744583,7.75644
ACGTAACGTGGAAATT-1_5,-1.6542199,11.286865
ACGTAACGTTCTATCT-1_3,-4.1169577,6.9063168
ACGTAACTCCCATTCG-1_6,-4.1434917,9.775786
ACGTAACTCGAAATCC-1_3,1.2684134,11.04089
ACGTAACTCTCCAATT-1_1,-1.4948077,4.7586536
ACGTACAAGAGTCACG-1_6,2.0051174,4.906083
ACGTACACAAAGAGTT-1_3,-0.8675204,8.804467
ACGTACACAGCGCTTG-1_1,-0.74601656,10.6858225
ACGTACACATGTGACT-1_3,0.46059838,8.288611
ACGTACAGTAACGATA-1_1,-3.068529,11.59948
ACGTACAGTAGAATAC-1_1,0.40675524,10.080951
ACGTACAGTGCTTCAA-1_6,1.8960631,6.2107286
ACGTACAGTTGGGCCT-1_2,-2.9100618,9.4603
ACGTACATCATTGGTG-1_6,-5.3394165,8.961492
ACGTACATCTCGCTCA-1_6,-4.9500237,7.207007
ACGTACATCTTAGCCC-1_3,-3.169988,9.458885
ACGTACATCTTTACAC-1_3,-1.9466686,10.760595
ACGTAGTAGACATAAC-1_3,-2.190074,8.447625
ACGTAGTCAACACAAA-1_2,-2.9595802,9.540526
ACGTAGTTCAAAGAAC-1_5,-0.09830926,4.606117
ACGTAGTTCAGAACCT-1_3,-1.447605,10.561496
ACGTAGTTCAGTCTTT-1_3,0.74461067,8.899229
ACGTAGTTCAGTGATC-1_4,-5.0417843,7.6177783
ACGTAGTTCGTAGCCG-1_4,-3.63481,8.56407
ACGTCCTAGCAGCGAT-1_1,-0.7837635,9.377808
ACGTCCTAGCTTTCTT-1_6,-0.80181944,7.44424
ACGTCCTAGGCGTTGA-1_3,-4.201237,6.5484486
ACGTCCTAGGGATGTC-1_3,-1.786719,8.670939
ACGTCCTCACCTGAAT-1_3,0.4231407,6.725537
ACGTCCTCACTACAGT-1_6,0.14152499,6.0937767
ACGTCCTCACTTCCTG-1_5,-0.96364564,9.302081
ACGTCCTGTCTACAGT-1_3,-2.9655352,8.347759
ACGTCCTGTGTGCCTG-1_2,-1.9464077,4.5074544
ACGTCCTTCCTTGACC-1_2,-0.7227359,9.271359
ACGTCCTTCTCCGATC-1_5,-3.3523512,7.2273064
ACGTCCTTCTGGAAGG-1_4,-1.3558058,7.926899
ACGTCCTTCTTGCAGA-1_3,-5.2517633,6.012028
ACGTTCCAGAAAGTCT-1_3,2.6657238,4.777685
ACGTTCCAGCTTGTGT-1_4,-2.9039714,7.43961
ACGTTCCAGGATATAC-1_2,0.96244484,9.553546
ACGTTCCCACTCACTC-1_2,-1.8339826,6.6768804
ACGTTCCGTCACAATC-1_5,2.170492,4.323794
ACGTTCCGTCCATCTC-1_4,-4.07988,9.429034
ACGTTCCGTGCAGATG-1_4,-1.9548607,9.237062
ACGTTCCGTTCTCACC-1_2,-0.57684475,4.7366886
ACGTTCCTCCCTCAAC-1_4,-2.934894,8.775751
ACGTTCCTCCGCCTAT-1_2,-3.940099,5.5740924
ACGTTCCTCGCGCCAA-1_2,1.0078881,7.085719
ACGTTCCTCGTAGTGT-1_6,1.6879994,10.180189
ACGTTCCTCTGCTAGA-1_5,-0.6483503,11.579635
ACTACGAAGCTCACTA-1_4,-4.6447,8.429492
ACTACGAAGGCCTAAG-1_1,-3.397071,5.4290667
ACTACGACAAAGCTCT-1_2,-2.0592253,9.056978
ACTACGACACAAATCC-1_1,-0.30125043,10.264942
ACTACGACATCAGCAT-1_2,2.6853423,3.8062387
ACTACGAGTAGGTAGC-1_1,0.6570601,6.7503705
ACTACGAGTCACTCTC-1_1,-2.7434623,7.133541
ACTACGAGTGAGATTA-1_5,-2.0778708,10.9551935
ACTACGAGTTAGGCTT-1_4,-0.17473066,10.424218
ACTACGATCATAGAGA-1_5,-1.0018138,6.2054424
ACTACGATCCCTGTTG-1_5,-1.4819373,11.375253
ACTACGATCCGATCGG-1_2,-2.6351426,3.777725
ACTACGATCGGATAAA-1_4,-2.778737,9.699209
ACTATCTAGCGACTGA-1_5,-2.7348258,8.562999
ACTATCTAGCTGTACT-1_4,-4.2479596,10.129668
ACTATCTAGGTTCTAC-1_1,-5.1615405,7.3631105
ACTATCTAGTAAGGGA-1_1,-3.387832,10.183832
ACTATCTAGTTTGCTG-1_6,-5.162728,5.5799084
ACTATCTCAACTACGT-1_6,-0.5427806,7.711226
ACTATCTCAATAGTCC-1_2,-1.2349508,11.921272
ACTATCTCACCTTCGT-1_6,-6.1843395,7.132643
ACTATCTGTCCTGAAT-1_4,1.2719797,5.8091755
ACTATCTGTTCGTAAC-1_5,-4.235632,8.10598
ACTATCTGTTGTAAAG-1_1,-5.3368363,9.4935
ACTATCTTCACTTCTA-1_6,1.4680861,10.500931
ACTATCTTCAGAATAG-1_1,-2.8491938,5.905208
ACTATCTTCTCAACGA-1_5,-1.163884,11.568692
ACTATGGAGCAGCGAT-1_3,4.2036624,6.98478
ACTATGGAGCGTTACT-1_6,-0.3087042,9.438108
ACTATGGCAATCGCAT-1_2,-1.9861554,6.6756377
ACTATGGCAATTCTCT-1_4,0.56536466,10.494992
ACTATGGCACAAATCC-1_5,-1.2559474,8.497033
ACTATGGCACAACCGC-1_6,0.28773266,4.3389783
ACTATGGCACAATTCG-1_2,-0.50987476,4.5224943
ACTATGGGTCTGTCAA-1_3,-2.8884287,5.740766
ACTATGGTCGGCACTG-1_5,-0.59153533,10.981586
ACTATGGTCTAGACAC-1_5,-2.810601,9.550693
ACTATTCAGAGTCAGC-1_1,-1.4988849,10.483972
ACTATTCAGCCAAGGT-1_5,-0.04614612,8.193365
ACTATTCAGGGCGAAG-1_4,-3.38597,8.188497
ACTATTCAGTTAACAG-1_6,-3.6690905,10.62317
ACTATTCCACCGGTCA-1_6,-1.9282162,2.9283268
ACTATTCCAGACAAAT-1_3,-5.6632943,8.843925
ACTATTCCAGCACACC-1_1,-2.3049924,3.912264
ACTATTCCAGGCCCTA-1_2,-3.4089286,8.830872
ACTATTCGTCCTCATC-1_4,-3.0377057,4.90218
ACTATTCGTGTCTAAC-1_3,2.0583184,7.2970524
ACTATTCTCATGAGTC-1_3,0.4035545,6.427199
ACTATTCTCCAACTGA-1_2,-2.410475,5.893857
ACTATTCTCCGTCCTA-1_4,-3.2600372,7.0458207
ACTATTCTCTCGACCT-1_5,-2.2498121,4.361943
ACTCCCAAGCATGAAT-1_3,-2.5579233,7.5782866
ACTCCCAAGGATATAC-1_3,1.0440792,5.455111
ACTCCCAAGTTCAACC-1_3,1.5578289,7.1926117
ACTCCCACAGTGTATC-1_1,0.32736495,9.549226
ACTCCCATCACGGGAA-1_6,-0.36140436,8.377742
ACTCCCATCACTCCGT-1_4,-0.14962198,6.99116
ACTCCCATCATTACCT-1_2,1.3079245,3.916767
ACTCCCATCCATCTCG-1_1,-3.913936,8.615013
ACTCTCGAGAAGCTCG-1_3,-2.4863307,3.731703
ACTCTCGAGCAACAGC-1_2,-2.8350816,6.6936383
ACTCTCGAGGAGAGTA-1_6,-2.2819872,8.082336
ACTCTCGAGTGATAGT-1_1,0.8254394,10.384169
ACTCTCGCACAAGCCC-1_4,1.101437,4.986263
ACTCTCGCACATCCCT-1_5,-2.8324318,5.792194
ACTCTCGCACCGCTGA-1_4,-1.9607692,5.6247926
ACTCTCGCACTTCTCG-1_3,-4.770392,5.481804
ACTCTCGCAGAAGCTG-1_6,0.66888887,3.1711154
ACTCTCGCAGATTCGT-1_6,-4.261594,5.7854853
ACTCTCGCAGCGTGAA-1_2,-1.279012,10.711306
ACTCTCGCAGGAACCA-1_4,-3.5533087,6.774172
ACTCTCGCAGTCTGGC-1_3,-0.58590776,11.026738
ACTCTCGCATCCTAAG-1_2,1.3373418,11.065468
ACTCTCGCATGTGTCA-1_4,-1.2156706,6.1811404
ACTCTCGCATTCGGGC-1_1,1.4045131,5.277562
ACTCTCGGTAGAAACT-1_2,-5.3738775,7.21265
ACTCTCGGTTTACGAC-1_6,0.14651261,10.714966
ACTCTCGTCAAACGTC-1_6,-2.0239441,9.519172
ACTCTCGTCAGACAAA-1_4,2.160687,9.857228
ACTCTCGTCCAACACA-1_3,-1.476782,5.568191
ACTGATGAGACCAGCA-1_4,-3.4911926,6.5186386
ACTGATGAGCATACTC-1_6,0.2861793,7.7409177
ACTGATGAGGCGTTAG-1_2,-3.1462612,6.1096783
ACTGATGAGGTTCACT-1_2,0.8849678,9.428928
ACTGATGCAAGCACCC-1_5,-0.7446179,8.017113
ACTGATGCAAGTGGGT-1_6,-0.5476937,11.863337
ACTGATGCACTCCTGT-1_1,1.7123315,8.057252
ACTGATGCATCGCCTT-1_5,-0.60465443,5.8442445
ACTGATGCATGAAGCG-1_5,-3.1379225,4.7335944
ACTGATGGTCAACCTA-1_4,-0.48720962,4.204647
ACTGATGGTGGAATGC-1_4,-3.7056346,5.1772895
ACTGATGTCATGCGGC-1_1,-2.134735,9.804737
ACTGATGTCTACACTT-1_6,-1.5659031,3.5284376
ACTGCAAAGGTTGAGC-1_2,-1.0131608,9.488527
ACTGCAACAATAGTCC-1_2,-2.7893217,5.6042495
ACTGCAACACATTCTT-1_3,-1.7582208,8.798951
ACTGCAACAGTCGTTA-1_1,-4.2454123,8.706719
ACTGCAACATTGAAAG-1_6,-3.7670462,3.7165549
ACTGCAAGTCAAACGG-1_4,-0.7274362,7.6230893
ACTGCAATCATGCATG-1_1,0.54036105,10.155591
ACTGCAATCCAATGCA-1_6,4.5134006,7.157244
ACTGCAATCCACGTGG-1_6,0.8125511,4.789393
ACTGTCCAGGGATCGT-1_5,0.33524883,9.594089
ACTGTCCAGGGTACAC-1_5,-0.46949214,9.139013
ACTGTCCAGTGAGGTC-1_6,-4.0908804,4.621459
ACTGTCCCAAATGCTC-1_2,-0.7348307,7.5911283
ACTGTCCGTCCTGGGT-1_4,-1.8647,10.6215925
ACTGTCCGTTCGTGCG-1_3,-2.402406,3.7308257
ACTGTCCTCACGACTA-1_4,-0.15826404,10.446745
ACTGTCCTCAGAGTGG-1_6,-1.4501702,7.61577
ACTGTCCTCATACGAC-1_4,2.5832012,6.9582915
ACTGTGAAGAGTACCG-1_1,-0.20751369,8.571855
ACTGTGAAGGTGAGCT-1_2,-2.896057,7.741847
ACTGTGACAGTTGTCA-1_1,-1.0402033,8.162228
ACTGTGAGTATCTCGA-1_1,-2.7025297,11.255192
ACTGTGAGTCGGTGAA-1_5,-1.2111815,8.1300125
ACTGTGAGTGCATGTT-1_2,0.2178471,8.398666
ACTGTGAGTTCCGCGA-1_6,-3.8131492,3.554507
ACTGTGAGTTTACACG-1_5,1.3375646,5.071263
ACTTAGGAGAAGGGAT-1_6,2.4380245,5.1394386
ACTTAGGCATGGAACG-1_2,-4.475899,10.301379
ACTTAGGGTAAGAACT-1_3,-4.913782,8.943674
ACTTAGGGTGCATGTT-1_5,-2.7154856,10.352863
ACTTAGGTCTCGTCAC-1_4,-2.6775227,10.285507
ACTTATCAGATCCTAC-1_1,2.5786283,9.352435
ACTTATCAGGTGATCG-1_2,-0.95523393,7.120805
ACTTATCAGTAGGCCA-1_1,-1.8615192,3.6667087
ACTTATCCAAGAAATC-1_4,-1.4270427,10.466691
ACTTATCCACCCTTAC-1_2,-3.130785,7.313218
ACTTATCCAGCTCCTT-1_2,0.37336597,8.403287
ACTTATCCATGACAGG-1_1,-2.0872161,11.546203
ACTTATCGTAGAGTTA-1_2,-1.9599862,9.169974
ACTTATCGTATCTTCT-1_5,-0.085905194,5.1618676
ACTTATCGTGTCACAT-1_3,0.087252304,5.525225
ACTTATCTCCTATTTG-1_3,2.794014,4.7269654
ACTTATCTCCTCAGGG-1_1,-1.4483846,4.25468
ACTTATCTCTTAGCCC-1_4,0.84467655,5.2808714
ACTTCCGAGACGCCCT-1_1,-3.1006498,8.305604
ACTTCCGAGACGGTTG-1_6,2.7175767,4.375847
ACTTCCGAGCAAGTCG-1_3,2.2619948,9.429411
ACTTCCGAGGATAATC-1_2,-4.1822753,5.6248612
ACTTCCGCAACCGATT-1_3,0.49631697,13.314829
ACTTCCGCAAGGGTCA-1_6,-2.9556682,8.405865
ACTTCCGCACAATTCG-1_3,0.6964606,4.668227
ACTTCCGCAGGCTTGC-1_5,-0.36019766,6.1890507
ACTTCCGCAGGTACGA-1_4,-2.3268754,5.280362
ACTTCCGCATACAGAA-1_2,-1.1883466,11.450507
ACTTCCGGTATTGCCA-1_4,0.34010366,8.128649
ACTTCCGGTCCAATCA-1_2,1.5462024,7.8962946
ACTTCCGGTGTGACCC-1_3,-4.805418,6.8548045
ACTTCCGTCCAACTGA-1_5,-0.5780961,5.8961754
ACTTCCGTCCACACAA-1_1,-1.7383891,4.10069
ACTTCCGTCCCTTGGT-1_4,-4.6293426,5.884244
ACTTCCGTCTGCCCTA-1_3,-4.5744205,8.185236
ACTTCCGTCTTAGCCC-1_3,-3.7934268,10.243252
ACTTCGCAGACAGTCG-1_4,0.3230293,5.7270217
ACTTCGCAGGTGCGAT-1_2,2.7136998,9.944646
ACTTCGCCAACCTAAC-1_1,0.21779689,6.7138486
ACTTCGCCACAGCCTG-1_4,-2.0935178,4.2649994
ACTTCGCCACTGCATA-1_2,0.15224339,5.5490217
ACTTCGCCAGCGACAA-1_3,-0.87901115,11.009116
ACTTCGCCATGTAACC-1_3,-2.9362588,9.472973
ACTTCGCTCACCTTAT-1_4,-2.9520342,6.2799377
ACTTCGCTCACTTGGA-1_1,1.8699334,8.054764
ACTTCGCTCTAGACAC-1_6,-1.0096828,8.649559
ACTTTCAAGAATTGTG-1_3,-0.21103649,6.4182215
ACTTTCAAGTTGGAGC-1_5,-2.8588989,3.7777767
ACTTTCACATCTATCT-1_1,-0.16165872,3.352903
ACTTTCACATGTTCAG-1_2,-4.682784,7.904365
ACTTTCACATTGTACG-1_2,-5.5602756,8.94672
ACTTTCAGTGTTAACC-1_4,-3.0449903,7.118476
ACTTTCAGTGTTACAC-1_2,-0.20651822,6.9538155
ACTTTCAGTTCTTCAT-1_4,0.16311134,4.8582954
ACTTTCATCACTGATG-1_4,-3.1728337,6.7644377
ACTTTCATCCTGTAAG-1_6,-4.4330897,8.814165
ACTTTCATCTAGTGAC-1_5,-3.252503,7.4580736
ACTTTCATCTCACGAA-1_3,-3.460816,4.300425
ACTTTGTAGCTAGATA-1_3,-4.7457194,7.5220876
ACTTTGTCAACGACAG-1_5,-0.34217417,7.1739945
ACTTTGTCACCAGACC-1_2,0.7040922,8.616893
ACTTTGTCAGCCTTCT-1_4,-0.66945016,3.9624512
ACTTTGTGTTATAGAG-1_2,-1.4326993,8.376815
ACTTTGTGTTGTTTGG-1_1,-0.997332,6.230226
ACTTTGTTCACGACTA-1_4,-0.7463145,5.3230186
ACTTTGTTCATTCATC-1_1,-3.610667,3.2604868
ACTTTGTTCCGTTGAA-1_4,0.36321473,10.237137
ACTTTGTTCGCAATGT-1_6,-3.0938094,9.876158
ACTTTGTTCGCCGAGT-1_3,-1.2456622,3.652381
ACTTTGTTCTTCCCAG-1_1,-0.9899753,8.945445
AGAAATGAGACATCCT-1_2,-0.0060668555,8.819332
AGAAATGAGCACGGAT-1_5,-4.6556597,8.203759
AGAAATGCAAGGCCTC-1_1,-5.317522,6.925378
AGAAATGCAAGGGTCA-1_6,0.78806466,9.268024
AGAAATGCAATTCTCT-1_5,-2.316383,6.3545732
AGAAATGGTAGCGTTT-1_5,-2.0343928,10.412806
AGAAATGGTGACGTCC-1_1,-1.8173432,9.970746
AGAAATGGTGTTGATC-1_1,-5.3497486,8.066472
AGAAATGTCTTGAGCA-1_5,-2.4962425,4.900014
AGAACAACACCGAATT-1_4,-3.3015475,5.267
AGAACAACACGCTGCA-1_6,-1.770871,6.1241617
AGAACAACAGCTGTTA-1_2,-0.16577527,6.019672
AGAACAAGTACGTAGG-1_2,-5.1036463,10.278234
AGAACAAGTCTTACAG-1_5,-0.4523324,7.0608044
AGAACAAGTGGTCCGT-1_5,-1.1141046,5.7258263
AGAACAATCTAACGCA-1_4,0.1662976,9.108428
AGAACCTAGGATTCCT-1_2,-2.8451564,9.740089
AGAACCTAGGTCCCTG-1_6,-1.0482023,11.234581
AGAACCTCAACACTAC-1_4,2.4225452,5.1380854
AGAACCTCAAGAGAGA-1_4,-0.2248295,8.3509245
AGAACCTCACAACGCC-1_5,-2.1089234,10.886651
AGAACCTCACGACAAG-1_2,-2.7722976,2.8899374
AGAACCTGTAAGGCTG-1_3,-5.6162305,8.311188
AGAACCTGTACAGTTC-1_5,-3.893285,5.6897745
AGAACCTGTAGTGCGA-1_2,-5.0847135,6.827178
AGAACCTGTCCTGAAT-1_3,-4.8592544,7.561194
AGAACCTGTGGTACAG-1_4,-1.0140138,4.713384
AGAACCTGTTGCAAGG-1_4,-3.7916963,9.6927595
AGAACCTTCAGGGATG-1_3,-3.6056478,7.792704
AGAACCTTCCTACTGC-1_6,-0.45013094,6.466539
AGAAGCGAGAGGTGCT-1_3,2.415266,9.535791
AGAAGCGAGTAGTCTC-1_3,-3.0047822,7.179217
AGAAGCGCAGCGATTT-1_5,-1.4560448,10.61839
AGAAGCGGTCAGCGTC-1_6,-1.0767795,8.515676
AGAAGCGGTCCGGATC-1_5,1.3975489,7.446138
AGAAGCGGTGTGTGGA-1_3,-3.5228524,9.162707
AGAAGCGGTTCCGGTG-1_5,-2.1322372,8.847909
AGAAGCGGTTTGAAAG-1_4,-2.9491465,5.721032
AGAAGTAAGGTTGGAC-1_5,-0.25078008,10.075145
AGAAGTAAGTTTGTCG-1_5,-4.575628,5.2450194
AGAAGTACACTCTGCT-1_3,-0.09033454,10.524441
AGAAGTACACTTGTCC-1_5,-2.0152204,8.556204
AGAAGTAGTCCGACGT-1_4,-3.680225,5.5140414
AGAAGTAGTTGTAAAG-1_1,-1.2628533,9.00359
AGAAGTATCCCTTTGG-1_3,-0.29607135,10.928233
AGACAAAAGGATGCGT-1_6,-3.055582,5.952043
AGACAAAAGGCGACAT-1_5,-2.4550557,5.036351
AGACAAACAAGTGACG-1_5,-1.5577912,7.1830125
AGACAAACAGGCCCTA-1_6,-2.0792742,9.49787
AGACAAACATGGATCT-1_3,-0.64547217,3.4985871
AGACAAAGTCGCTCGA-1_1,0.24877855,7.6853337
AGACAAAGTGCAGATG-1_5,4.6406274,6.6208353
AGACAAAGTGGTCTGC-1_2,-1.6603085,4.568455
AGACAAAGTGTAGGAC-1_1,-1.2116165,11.894175
AGACAAATCGATCCAA-1_2,3.4401534,4.1826024
AGACAAATCGCGCCAA-1_5,-2.2754493,11.703586
AGACACTAGCCGTAAG-1_2,1.1111913,7.063783
AGACACTCAACGGTAG-1_4,-0.5760435,5.0983963
AGACACTCAACTTGCA-1_1,1.6605932,8.8735895
AGACACTCACCAAATC-1_5,-1.2070713,7.9862046
AGACACTCAGTTGTCA-1_5,-1.6310358,5.996096
AGACACTCATATGAAG-1_3,-2.4057736,7.468324
AGACACTGTGCATTAC-1_1,-3.6705773,6.718713
AGACACTTCACCTCAC-1_4,-1.7759416,6.0630064
AGACACTTCCGTATAG-1_3,-1.3754148,11.637931
AGACAGGCACACACGC-1_1,-3.1355145,5.430426
AGACAGGCACCAGCTG-1_5,-0.37921885,7.713003
AGACAGGCACTCCTTG-1_1,-0.41099277,8.367628
AGACAGGGTAACCCTA-1_2,-3.9553065,8.048929
AGACAGGGTCAAGCCC-1_5,1.4204015,5.067765
AGACAGGGTCGCAACC-1_1,-1.988228,9.917295
AGACAGGGTGCCCACA-1_6,-0.25775847,4.562096
AGACAGGTCCTGTACC-1_4,-5.7749887,7.8015075
AGACCATAGACAACTA-1_5,-4.7059817,9.77281
AGACCATAGCACCCAC-1_4,1.5458823,10.3088255
AGACCATAGCCAAGCA-1_5,-1.4616109,4.031483
AGACCATAGCCGAACA-1_1,-5.8611193,7.2716827
AGACCATAGGAAAGTG-1_2,1.7899568,10.836654
AGACCATCAAATGATG-1_4,-0.37082538,6.4983234
AGACCATCAAGGCTTT-1_2,-3.296643,7.122015
AGACCATCAGAAATTG-1_5,0.12889393,4.700914
AGACCATCAGCGGATA-1_1,1.6470209,8.839435
AGACCATCAGCTCGGT-1_3,-2.3576288,11.192654
AGACCATCATAACAGA-1_6,-0.22210921,11.682039
AGACCATGTCCAGCCA-1_1,-0.8401335,7.2311397
AGACCATGTGGGCTCT-1_4,-0.12046603,8.975077
AGACCATGTTACCGTA-1_2,-0.59813166,9.970479
AGACCATGTTCCAGGC-1_6,-1.6969717,11.059208
AGACCATGTTCGGTTA-1_6,-4.1623716,9.695701
AGACCATTCCGAGAAG-1_6,4.3552055,7.052869
AGACCATTCCGTCAAA-1_5,-3.2952967,11.29238
AGACCATTCTTCCGTG-1_4,-2.5974448,8.759075
AGACCCGAGATTGTGA-1_6,-0.52933073,9.85705
AGACCCGAGCCGCACT-1_5,0.24401812,7.39924
AGACCCGCAACCAATC-1_1,-3.576988,6.871447
AGACCCGCAAGCCTGC-1_5,-0.9446984,6.8082166
AGACCCGCAAGTCATC-1_6,-1.9549487,6.5633707
AGACCCGGTCACGACC-1_2,-4.6714826,7.423793
AGACCCGGTGTATCCA-1_5,-0.7952255,5.499186
AGACCCGTCAAGCCAT-1_6,-1.0854013,8.89699
AGACCCGTCATGAGTC-1_5,-1.5578233,3.4997668
AGACCCGTCCGGACTG-1_3,-3.4755487,4.764736
AGACCCGTCCTATGGA-1_5,-2.2236338,3.981123
AGACCCGTCTGAGGCC-1_4,-5.719883,9.254818
AGACCCGTCTTGGGCG-1_5,1.9423391,6.4421716
AGACTCAAGTAGGTTA-1_5,3.0889707,5.4433956
AGACTCACACGCCACA-1_5,0.32155663,3.9480832
AGACTCACACGTCTCT-1_1,-0.8137251,6.4123273
AGACTCACAGGACAGT-1_2,0.008657888,7.0123534
AGACTCAGTAACATCC-1_2,0.018802663,4.751425
AGACTCAGTATGGTAA-1_2,-2.5379846,5.283466
AGACTCAGTCGCTCGA-1_6,-0.49106562,7.2348967
AGACTCAGTGAGCAGT-1_2,-1.1946692,8.154752
AGACTCAGTGTGTGGA-1_6,-0.45739856,9.0216
AGACTCATCGAGTACT-1_3,-3.2440853,5.1829357
AGACTCATCTCCTGAC-1_3,-4.123924,9.244937
AGACTCATCTGGCCAG-1_6,0.26902908,12.929141
AGAGAATAGCGTTAGG-1_5,-1.6203556,7.7397604
AGAGAATAGTTGGAGC-1_5,-4.137493,7.54752
AGAGAATCAGCTGTTA-1_2,-4.2941346,6.0007544
AGAGAATCAGGTGTGA-1_3,-2.974179,8.420344
AGAGAATGTAGCGCTC-1_3,-0.4119207,7.923196
AGAGAATGTAGCTGTT-1_5,-2.973078,6.7710304
AGAGAATGTCCTCCAT-1_3,-0.44710717,9.455375
AGAGAATTCGATTGGT-1_4,-0.26464215,3.508446
AGAGAGCAGATCGCTT-1_5,0.11105437,9.261527
AGAGAGCAGATGCTGG-1_3,-3.4728854,10.338596
AGAGAGCAGTACCATC-1_5,-5.11091,9.249624
AGAGAGCCAAGTGTCT-1_4,1.317205,5.8464103
AGAGAGCGTACCCACG-1_4,0.07708694,5.8080497
AGAGAGCGTAGATTAG-1_2,0.8633017,5.66747
AGAGAGCGTAGCGTTT-1_2,-1.2058626,8.504519
AGAGAGCGTCTTTCTA-1_3,-3.078546,3.745411
AGAGAGCGTGGCTTAT-1_1,3.041402,4.9423137
AGAGAGCGTGGGCTCT-1_3,-2.808337,6.415024
AGAGAGCTCGCTGTCT-1_4,-2.259169,2.9572802
AGAGAGCTCGTAATGC-1_3,-0.84099686,5.4627867
AGAGAGCTCTACGCAA-1_5,-3.4477515,3.557395
AGAGAGCTCTAGCCTC-1_3,0.8234612,9.02341
AGAGCAGCACCCTGTT-1_1,-1.0143865,7.551553
AGAGCAGCATCTCAAG-1_2,-1.5372045,8.204699
AGAGCAGCATGGGCAA-1_3,-2.3762372,3.2828927
AGAGCAGGTAGCGTAG-1_2,-0.9965394,9.083505
AGAGCAGGTCGTGCCA-1_2,-5.5714684,8.708667
AGAGCAGGTCTTCTAT-1_5,1.207136,5.8459196
AGAGCAGGTGAATATG-1_5,-2.8780456,8.285907
AGAGCAGTCGATGGAG-1_2,-2.6797767,5.572607
AGAGCCCAGCTTAGTC-1_4,-3.6032205,8.318212
AGAGCCCCAGAGCGTA-1_3,-2.518038,10.846303
AGAGCCCCAGCATACT-1_1,-4.3988905,5.3912888
AGAGCCCGTCTTGCGG-1_5,0.43174112,11.624379
AGAGCCCGTTTCCATT-1_1,-0.021039492,8.869708
AGAGCCCTCAGGAAGC-1_2,-4.9717007,8.131379
AGAGCCCTCTAGATCG-1_1,-5.5646605,8.840016
AGATAGAGTCCACATA-1_3,-1.6628536,11.639343
AGATAGATCCCGTTGT-1_5,-2.46802,5.32644
AGATAGATCCCTCTTT-1_5,1.0252962,9.652981
AGATCCACAAAGTATG-1_2,1.1179948,4.465398
AGATCCACACACACTA-1_5,0.78150535,9.488442
AGATCCACACGCCAGT-1_1,-5.7368655,8.013371
AGATCCAGTACGAGTG-1_1,-1.315483,8.42766
AGATCCAGTCTCTCTG-1_2,-2.9781585,4.9295616
AGATCCAGTGATATAG-1_2,-0.14335737,3.757222
AGATCCAGTGTTAACC-1_5,1.327295,4.9476757
AGATCCAGTTGGCTAT-1_1,0.9776278,6.732526
AGATCCATCAAAGGTA-1_1,-0.16630054,7.568649
AGATCCATCAAGTGGG-1_4,-2.9499097,5.431542
AGATCCATCTCTCGCA-1_3,0.4065706,6.8851023
AGATCGTAGCACCCAC-1_2,-3.5881517,10.427903
AGATCGTAGGGCAATC-1_3,-0.027655829,4.84135
AGATCGTAGTACTGTC-1_3,-1.6701463,10.2104
AGATCGTCAATGGCAG-1_4,-2.1598234,5.100941
AGATCGTCACTGTGTA-1_2,-1.2764448,9.560579
AGATCGTCATCCGAAT-1_5,-2.0311282,5.071499
AGATCGTGTCTGTGAT-1_2,-1.1483707,11.741261
AGATCGTGTTATAGCC-1_3,-1.7803758,5.8107986
AGATCGTGTTCTGAGT-1_6,-5.669798,5.047273
AGATCGTGTTCTTGCC-1_4,-4.7886624,9.919559
AGATCGTTCTTGTGCC-1_4,-3.1196532,8.7993355
AGATGAAAGTGAGGTC-1_4,-1.2141833,7.9212465
AGATGAACACACACGC-1_4,-0.69265014,7.781425
AGATGAACACTGAGTT-1_2,-3.2111754,8.080421
AGATGAACATACCACA-1_5,1.2552646,4.4737678
AGATGAAGTAGTGCGA-1_4,-1.9636049,5.83022
AGATGAAGTGTACAGG-1_6,-2.6835732,11.192209
AGATGAAGTTGGGCCT-1_1,-1.0607111,7.9578176
AGATGAATCCAGTGCG-1_1,0.12977992,12.77579
AGATGCTAGTGCAGCA-1_4,-1.6169019,9.070714
AGATGCTCACAGCCAC-1_4,-0.40667185,9.448958
AGATGCTCACAGCTTA-1_5,-4.610304,7.243429
AGATGCTCACCCTTAC-1_1,-5.0015965,9.710632
AGATGCTCACGGCTAC-1_6,0.9097416,7.919851
AGATGCTCAGAGAGGG-1_3,1.4349984,10.338248
AGATGCTCAGCAATTC-1_6,-0.603532,6.79753
AGATGCTCAGGGAGAG-1_2,2.6712976,8.861736
AGATGCTGTACTCCGG-1_4,2.6123872,5.014678
AGATGCTGTACTCGAT-1_2,1.6988356,9.595604
AGATGCTGTGCGGTAA-1_3,-4.096332,9.645407
AGATGCTGTTCAGCGC-1_4,-3.5479643,8.700301
AGATGCTTCACCTGTC-1_2,-0.36900187,5.954393
AGATGCTTCCCGAACG-1_1,-1.8779517,3.6154547
AGATGCTTCCTAGCTC-1_5,-2.9427643,11.807592
AGATGCTTCCTCTAAT-1_5,1.8798505,6.203695
AGCATCACAAAGACGC-1_2,0.6767588,5.525093
AGCATCACACGGCGTT-1_4,-2.6343884,8.487844
AGCATCACATGTACGT-1_2,-1.6576322,10.637421
AGCATCAGTCCAGTTA-1_1,0.7802961,8.798076
AGCATCAGTGCGGCTT-1_3,-1.128617,9.241458
AGCATCAGTGGAGGTT-1_4,-1.4029539,6.4124913
AGCATCAGTGTCTTGA-1_2,4.734525,6.3830996
AGCATCATCAACTTTC-1_6,-1.7395175,6.9823356
AGCATCATCAATCTTC-1_2,-0.6825695,7.2484484
AGCATCATCAGTGTTG-1_1,-0.14925703,10.405865
AGCATCATCATTGGTG-1_2,1.9664795,7.7856956
AGCATCATCCCAACTC-1_5,-3.3555205,8.502543
AGCATCATCCCATACC-1_5,-0.57979023,10.295962
AGCATCATCTCGAACA-1_2,2.5013251,4.398624
AGCATCATCTCGTTTA-1_6,0.14070855,3.9926715
AGCATCATCTGCGAGC-1_4,3.209245,4.1555033
AGCCAATAGCCACCGT-1_5,-4.2322793,10.5095625
AGCCAATAGTATTAGG-1_4,2.327079,10.396148
AGCCAATCAACTTCTT-1_2,0.44482997,6.1645713
AGCCAATCAAGCCATT-1_4,-5.132047,8.45306
AGCCAATCATATCTGG-1_5,-0.6736518,5.9929075
AGCCAATGTACAAACA-1_5,-0.44544312,5.786586
AGCCAATGTCTCGCGA-1_5,-4.1754937,7.339546
AGCCAATGTTGCATCA-1_1,-0.6398987,10.507116
AGCCAATGTTTACACG-1_6,-4.500582,6.264304
AGCCAATTCAGACCCG-1_3,-2.732509,6.4160933
AGCCAATTCATCTCTA-1_4,-4.379768,5.323887
AGCCAATTCGAACCAT-1_4,1.8553823,3.5936527
AGCCAATTCGCATTAG-1_6,-3.7738197,10.95566
AGCCAATTCTAGTACG-1_5,2.6240096,4.6231318
AGCCACGAGCCTAGGA-1_4,-0.013093069,3.508855
AGCCACGAGCGACAGT-1_4,0.31256306,10.573967
AGCCACGAGCGCCTTG-1_4,-1.6786839,11.133716
AGCCACGAGGTAGTCG-1_1,-2.437855,5.5634284
AGCCACGAGGTCCCTG-1_3,-1.1383857,5.7828746
AGCCACGAGTCTGGTT-1_4,-1.234602,6.713209
AGCCACGCAAGCGAAC-1_1,-3.5544586,11.082133
AGCCACGCAAGTGCAG-1_5,-0.59083724,8.949046
AGCCACGGTAGAGCTG-1_3,-3.5110264,7.418028
AGCCACGGTATCGTGT-1_5,-2.6486807,3.5710225
AGCCACGGTCAGTCCG-1_2,4.273253,6.6777415
AGCCACGGTCTATGAC-1_4,-2.0589318,7.2197556
AGCCACGGTGAACTAA-1_5,0.044557184,4.430458
AGCCACGGTGCTCTCT-1_2,-2.481304,11.464994
AGCCACGTCCGATGCG-1_4,0.21128213,5.320679
AGCCAGCAGGGTTGCA-1_4,-5.6215086,5.5762506
AGCCAGCAGTCACGAG-1_1,-2.150282,5.3465033
AGCCAGCGTACCCAGC-1_3,-1.5624378,9.344292
AGCCAGCGTACCTAAC-1_5,-2.4232702,6.4804435
AGCCAGCGTCGCATGC-1_3,0.49974126,13.122817
AGCCAGCGTCTCACGG-1_4,-2.3836315,8.672007
AGCCAGCGTGATACCT-1_1,-3.1675615,4.3012247
AGCCAGCGTGCATTAC-1_5,1.48152,10.743645
AGCCAGCGTGTGATGG-1_1,0.75611675,10.253124
AGCCAGCGTGTTTGCA-1_4,-5.1873784,8.9424515
AGCCAGCTCACTCTTA-1_4,-2.4379637,5.023733
AGCCAGCTCAGCAGAG-1_4,-1.6765494,5.5977907
AGCCAGCTCTGTCCGT-1_2,-4.1284018,5.980797
AGCCAGCTCTTTGCGC-1_5,-1.8027914,7.199557
AGCGATTAGCCAACCC-1_2,-1.5169444,8.209502
AGCGATTAGCTGTTAC-1_6,-1.8890104,9.150124
AGCGATTAGGTTGGAC-1_5,-1.8937609,10.289186
AGCGATTCAACGGTAG-1_6,-2.625667,3.1702886
AGCGATTCAATCTGCA-1_5,-2.2526867,6.8438697
AGCGATTCACCACTGG-1_1,0.2355822,9.652626
AGCGATTCAGCCTACG-1_3,-1.855468,7.763656
AGCGATTCAGCTACCG-1_1,0.50770307,13.118646
AGCGATTTCCACTGGG-1_2,-1.7695789,8.9880705
AGCGATTTCCTCTCGA-1_4,-2.0192084,7.5242667
AGCGATTTCGGAAACG-1_4,3.1071131,4.8130407
AGCGCCAAGCACACCC-1_6,-3.5688572,6.985469
AGCGCCAAGTTCGGTT-1_4,0.5554076,7.1032763
AGCGCCAAGTTGGGAC-1_5,-1.872733,7.68467
AGCGCCAGTGTCTAAC-1_3,0.29739314,5.9793797
AGCGCCAGTTTCGTTT-1_4,1.6009177,9.7900915
AGCGCCATCACTGTTT-1_2,-0.513196,6.4902735
AGCGCCATCATTGTGG-1_6,-4.093082,10.088399
AGCGCCATCTTCGTGC-1_3,-0.4362322,11.636518
AGCGCTGAGATCCCGC-1_5,-0.97617257,6.910599
AGCGCTGAGGAGATAG-1_4,-0.61578244,5.7226186
AGCGCTGAGGATTTAG-1_3,0.42542377,7.8849
AGCGCTGCAACCCTAA-1_4,-1.0812533,5.360276
AGCGCTGCAGGTCCGT-1_6,0.41820657,6.453187
AGCGCTGCATCCAACA-1_4,-2.5462236,4.150252
AGCGCTGGTCTGCAAT-1_3,-0.9850548,6.572124
AGCGTATAGCACCCAC-1_5,-3.9650147,9.080417
AGCGTATAGCATACTC-1_6,-1.1915414,3.7399683
AGCGTATAGCCGATTT-1_6,-0.5018123,11.954727
AGCGTATCACAGTCAT-1_1,-2.8638332,11.023284
AGCGTATCACCACTGG-1_5,-5.4905915,5.905763
AGCGTATCAGCAGACA-1_3,-1.6133546,9.023652
AGCGTATCAGCCGTCA-1_4,0.17516084,6.8564262
AGCGTATCAGTAACAA-1_2,-2.8546119,8.297739
AGCGTATGTAGATCGG-1_3,0.13272841,11.423852
AGCGTATGTGGCTAGA-1_1,-3.147305,5.110663
AGCGTATTCAGCGGAA-1_2,2.9700496,4.738462
AGCGTATTCATCCCGT-1_4,2.9573882,9.681639
AGCGTATTCGTAGCTA-1_4,-2.3901482,9.079803
AGCGTCGCACTAACCA-1_4,0.47841206,8.211116
AGCGTCGGTCAGTCGC-1_6,-5.50946,6.354851
AGCTACAAGAATTTGG-1_1,1.3291273,5.114296
AGCTACAAGACGTCCC-1_5,0.598769,4.270437
AGCTACAAGCGACCCT-1_6,-2.6589851,8.3106365
AGCTACAAGCGTATAA-1_2,-3.491807,6.408224
AGCTACAAGTAATCCC-1_3,-0.29147154,9.626872
AGCTACAAGTAGGTTA-1_2,3.0924683,4.8811154
AGCTACACAGGTTCCG-1_6,-4.43247,6.827666
AGCTACAGTAATGCTC-1_5,-5.646322,7.8325806
AGCTACATCACTTGGA-1_2,0.5475677,9.802217
AGCTCAAAGGCACGAT-1_5,-0.84042317,8.872065
AGCTCAAAGGCGAAGG-1_1,0.66812074,8.337102
AGCTCAAAGGTTCTTG-1_3,-1.1928452,11.034557
AGCTCAACAAATGCTC-1_2,-4.127721,4.1131024
AGCTCAACACGACGTC-1_4,1.6560867,7.134655
AGCTCAACATATGCGT-1_5,-1.3564354,11.265467
AGCTCAACATTGCTGA-1_4,0.11647519,3.9928863
AGCTCAAGTCATAACC-1_2,-3.200522,11.6303835
AGCTCAAGTTTGGGTT-1_4,-5.3181214,6.726495
AGCTCAATCATGAGAA-1_2,-2.5976717,3.685914
AGCTCAATCGAAGCAG-1_4,1.8253896,6.710152
AGCTCAATCTCCAATT-1_5,-4.0956945,8.75819
AGCTCAATCTGTTGGA-1_6,-4.4946795,8.414775
AGCTTCCAGAGTCAAT-1_4,-0.29799116,11.751444
AGCTTCCAGGAAGTAG-1_4,-0.9696055,4.721254
AGCTTCCAGGATATAC-1_3,-4.491637,5.5408006
AGCTTCCCAAACGTGG-1_3,-0.7009034,10.446941
AGCTTCCCACAACCGC-1_6,-1.7281064,10.603099
AGCTTCCCATGCCGCA-1_3,-3.471873,3.7273777
AGCTTCCGTGAGCTCC-1_2,2.6212742,4.9646397
AGCTTCCTCGAGAACG-1_4,-0.7980013,6.436961
AGGAAATAGCTCCGAC-1_4,-1.4643605,3.3666139
AGGAAATAGGAAACGA-1_4,-1.1808472,7.536103
AGGAAATAGGTAAAGG-1_1,-2.227123,5.761553
AGGAAATAGTCCTGCG-1_5,-1.4666482,8.308843
AGGAAATCAGGTTACT-1_4,-0.23676722,5.436005
AGGAAATCATCGTTCC-1_4,-5.1862807,8.838644
AGGAAATGTCACATTG-1_3,-1.6116526,4.8864
AGGAAATGTCACCTTC-1_6,1.8672887,7.99255
AGGAAATTCCCGTTGT-1_4,-3.488295,11.468903
AGGAAATTCCGTATGA-1_3,-2.2043192,3.735812
AGGAAATTCGACCACG-1_3,-5.867398,7.974419
AGGAAATTCGCCGAGT-1_4,-1.1630462,3.8762205
AGGAATAAGACCAGAC-1_4,-4.748667,6.590382
AGGAATAAGAGGACTC-1_1,0.30744854,9.605833
AGGAATAAGGCACTCC-1_2,-3.8372107,8.453181
AGGAATAAGTAGACCG-1_3,0.5331488,4.917979
AGGAATACACTAGGTT-1_2,2.129189,10.222782
AGGAATACAGCTGCCA-1_4,0.36795402,9.002479
AGGAATACAGTCGGTC-1_1,-2.8759012,6.65714
AGGAATACAGTTAGAA-1_5,0.2908721,7.988841
AGGAATACATCTGCGG-1_4,-5.223847,6.9358144
AGGAATACATGTGGCC-1_6,-0.7203543,11.1022005
AGGAATATCTCACCCA-1_2,-0.42596245,5.1265874
AGGACGAAGATTAGCA-1_4,-2.4241197,6.845659
AGGACGACAATGGCAG-1_4,-3.2877483,8.613976
AGGACGACATCTCATT-1_5,-4.8505635,7.1593738
AGGACGAGTAACAAGT-1_4,-2.5504537,6.1522427
AGGACGAGTAGGAGTC-1_4,-3.9232345,6.8366833
AGGACGAGTTCACGAT-1_2,-2.6117258,6.4283853
AGGACGAGTTTCACTT-1_1,-0.18879046,9.495813
AGGACTTAGCGACCCT-1_2,1.1945655,10.468728
AGGACTTAGGTAAAGG-1_3,0.29886267,9.727447
AGGACTTAGGTATTGA-1_4,-1.6630583,11.143662
AGGACTTCACACTTAG-1_1,1.2071172,3.6888704
AGGACTTGTGACAACG-1_1,-4.9090586,6.8708735
AGGACTTTCACCATCC-1_4,0.0406067,10.17714
AGGACTTTCCACATAG-1_4,-3.4040833,5.228185
AGGAGGTAGATGGTAT-1_5,0.7310183,5.3668785
AGGAGGTAGCATTTCG-1_3,-5.146464,5.8409595
AGGAGGTAGCTACTGT-1_1,-1.7004619,3.5716069
AGGAGGTAGTGCAGCA-1_2,-1.0156891,6.6119967
AGGAGGTCAGGCGATA-1_3,-3.6804192,5.85387
AGGAGGTCATCGCTGG-1_2,-4.217989,5.9003496
AGGAGGTGTAGCTTGT-1_4,-0.3978806,3.9353545
AGGAGGTGTCGCATTA-1_5,-1.2834765,4.2559495
AGGAGGTGTGGAATGC-1_6,-0.77442473,8.653518
AGGAGGTGTTAACCTG-1_3,-3.738608,8.7329645
AGGAGGTGTTATGACC-1_3,-4.262315,7.380351
AGGAGGTTCACTCCGT-1_1,-5.350537,7.8919363
AGGATAAAGACATACA-1_4,-1.009839,10.541109
AGGATAAAGAGTCAAT-1_5,2.055876,6.594947
AGGATAAAGGTCCCGT-1_5,-0.5584812,11.980012
AGGATAACAATATCCG-1_6,-1.4540373,11.469161
AGGATAAGTCGCTTGG-1_4,-3.8776739,7.6221957
AGGATAATCACGATCA-1_2,0.6792738,8.796809
AGGATAATCACTACTT-1_4,-1.5640966,8.10842
AGGATAATCACTCTTA-1_1,-2.5154116,4.5696125
AGGATAATCAGCTGTA-1_5,4.183786,7.1057863
AGGATAATCGAGTGAG-1_1,-3.8665915,9.6797495
AGGATAATCGGCCAAC-1_5,-1.8277653,8.816513
AGGATCTCAAACCATC-1_3,-3.1079094,4.011105
AGGATCTCAACCGATT-1_1,-3.2248602,3.2891262
AGGATCTCATCGTCCT-1_2,0.042181686,3.6821826
AGGATCTGTAACACGG-1_1,-6.0219483,7.8369794
AGGATCTGTGCTGCAC-1_4,-1.9176441,8.260233
AGGATCTGTTAGTTCG-1_4,-1.2775284,8.885152
AGGATCTTCTCCCTAG-1_4,-5.3334107,8.382367
AGGCATTAGCCTCAAT-1_2,-1.0014343,5.231545
AGGCATTAGTCCGCCA-1_3,-0.27018455,9.631938
AGGCATTCATACACCA-1_4,0.13738951,7.4848742
AGGCATTGTGGCTTGC-1_2,0.7644152,4.3619933
AGGCATTGTTACGTAC-1_4,-0.6922632,7.5719833
AGGCATTTCTGAATGC-1_6,1.6017529,10.380101
AGGCCACAGCAATAGT-1_6,0.56529725,7.897857
AGGCCACAGGATAATC-1_1,-3.2953377,5.113452
AGGCCACCACGCAGTC-1_1,-0.9856609,8.403194
AGGCCACCAGAAGCTG-1_4,-5.788908,6.198432
AGGCCACGTCGTTGCG-1_2,-4.124731,5.00306
AGGCCACTCACCTCGT-1_6,-0.64519966,10.356541
AGGCCACTCACTGGGC-1_2,-4.028046,10.909885
AGGCCACTCATGCATG-1_4,-1.4002197,8.756665
AGGCCACTCATGCCCT-1_4,-4.967168,5.7936487
AGGCCACTCTTTGATC-1_4,-3.3591554,7.4946094
AGGCTGCAGACGCCCT-1_2,2.7917087,9.929236
AGGCTGCCAACCACGC-1_1,-5.9263906,7.7651863
AGGCTGCCAACCGACC-1_5,-2.0744922,9.975081
AGGCTGCCAAGGTCTT-1_3,1.8102438,10.792228
AGGCTGCCACCCTTGT-1_1,0.32400534,6.269015
AGGCTGCCAGTCGCAC-1_1,0.6849274,8.646388
AGGCTGCCAGTTTCAG-1_2,-2.4678805,3.3419924
AGGCTGCCATGGGTTT-1_2,1.120415,5.8422065
AGGCTGCGTGGTCTTA-1_5,-0.89428097,5.7272415
AGGCTGCGTGTCATGT-1_4,0.36980498,10.788149
AGGCTGCTCGGTGCAC-1_1,3.169922,4.9215136
AGGCTGCTCTCAACCC-1_2,-2.0833676,6.0666537
AGGGAGTAGGTGAGCT-1_2,-2.1517072,6.2348585
AGGGAGTAGGTGGTTG-1_2,-4.0655136,6.81893
AGGGAGTCAAGGACAC-1_1,-0.17566536,6.3634644
AGGGAGTCACTCCTGT-1_5,-2.5853398,9.370757
AGGGAGTCAGCAATTC-1_2,1.1410689,9.579936
AGGGAGTGTCATATGC-1_2,-1.8042592,5.804083
AGGGAGTGTGCATCTA-1_6,0.80515283,6.134363
AGGGAGTTCGTGCACG-1_2,0.6017726,5.4008594
AGGGAGTTCGTTGTGA-1_1,-3.681011,7.8505254
AGGGCCTAGACATGCG-1_4,-5.2110524,6.9630985
AGGGCCTAGATGAACT-1_2,-0.5629891,9.01468
AGGGCCTAGCGTGCTC-1_1,-1.6846937,7.4547296
AGGGCCTAGCTAGCCC-1_5,-0.81504864,4.1874595
AGGGCCTAGCTTAAGA-1_2,-3.4796665,7.434686
AGGGCCTCAATTCTTC-1_2,-3.2165465,5.5425143
AGGGCCTCAGCAGTCC-1_4,-3.631702,9.564496
AGGGCCTCAGGTACGA-1_2,-2.3460326,6.746646
AGGGCCTCAGTCAACT-1_1,-4.1107483,6.9249334
AGGGCCTCATAACCCA-1_4,-2.961852,5.8426924
AGGGCCTCATAAGCAA-1_4,-2.7917056,11.508407
AGGGCCTGTTCCCACT-1_4,-4.401924,7.4507995
AGGGCCTGTTGCTCAA-1_1,-2.1007771,4.149935
AGGGCCTGTTTCAGAC-1_2,-3.7798038,5.723271
AGGGCCTTCAACCTTT-1_2,-0.572548,11.999892
AGGGCCTTCGTGCAGC-1_4,-2.512363,5.111838
AGGGCCTTCTCTAAGG-1_4,1.3820565,8.810479
AGGGCCTTCTTCGGTC-1_2,-0.7331316,8.838127
AGGGCTCAGAGCCGAT-1_4,-0.7393019,4.7361994
AGGGCTCAGATACCAA-1_4,-1.2404337,5.8050365
AGGGCTCAGCCGCACT-1_5,0.6129432,6.12326
AGGGCTCAGCTTTCCC-1_4,1.395282,7.5848594
AGGGCTCAGGACTGGT-1_2,0.057255283,6.185578
AGGGCTCAGTCTACCA-1_2,-1.2129357,6.4699636
AGGGCTCCAAGCGATG-1_4,-0.5026023,10.720118
AGGGCTCCAATCAAGA-1_5,0.20774685,5.971632
AGGGCTCCAGACGATG-1_5,-5.353414,7.395803
AGGGCTCGTCCGTTTC-1_5,-4.044733,9.017379
AGGGCTCGTTGCAACT-1_6,-3.018393,11.375859
AGGGCTCTCGTTCGCT-1_4,-5.6455436,6.193787
AGGGTCCAGACCAGCA-1_5,-3.9430714,7.2031775
AGGGTCCAGCGCCTCA-1_2,-0.59636194,3.3737485
AGGGTCCAGGAGGCAG-1_2,-2.3652413,4.5429463
AGGGTCCAGTCAGGGT-1_1,-1.5443516,6.8161125
AGGGTCCCAGATACTC-1_6,-2.2679756,4.046118
AGGGTCCCATGTGTCA-1_4,1.2953479,10.040046
AGGGTCCGTCAAAGCG-1_5,-1.1827989,5.5259132
AGGGTCCGTTGATCGT-1_6,-3.0409074,9.502704
AGGGTCCTCACATCAG-1_5,-3.5078557,7.48155
AGGGTCCTCACCTGTC-1_2,-4.0197687,8.187697
AGGGTGAAGGATACAT-1_6,3.3058534,5.010448
AGGGTGAAGGGTGAGG-1_5,-4.0946603,8.088747
AGGGTGAAGGTTCCGC-1_6,-0.792122,4.590388
AGGGTGACAACCCGCA-1_5,-1.73907,11.651679
AGGGTGAGTAATTAGG-1_4,0.64390725,8.1614895
AGGGTGAGTCACTCTC-1_1,-3.7965233,5.4719315
AGGGTGAGTCCGGTCA-1_6,-3.6460755,5.5002503
AGGGTGATCAAATAGG-1_4,-4.7824497,7.1976624
AGGGTGATCGATTGAC-1_3,-3.5276783,4.526262
AGGGTTTAGAGCAAGA-1_2,-1.6470566,6.1682916
AGGGTTTAGGTTCTAC-1_2,-0.86509097,8.842681
AGGGTTTCAAGTTGGG-1_1,0.60248584,4.4568114
AGGGTTTGTATTGAGA-1_1,-3.0078497,11.621634
AGGGTTTGTGTACAGG-1_2,-0.08237229,7.365742
AGGGTTTTCATGGTAC-1_3,0.03213617,3.5602064
AGGGTTTTCCTCACCA-1_1,-3.856393,6.5342216
AGGGTTTTCTAACGCA-1_4,-2.9347577,5.2011623
AGGTAGGAGGGATGTC-1_1,-0.60581464,7.7732906
AGGTAGGGTGGAACAC-1_1,-1.9780871,4.929756
AGGTAGGGTTCGGACC-1_1,-0.011287181,9.705002
AGGTAGGGTTTACTTC-1_6,1.2642246,9.45523
AGGTAGGTCATAAGGA-1_4,-1.6715564,7.7989645
AGGTCATAGATGCTTC-1_2,-1.5079831,5.0548606
AGGTCATAGGCTCAAG-1_6,-1.0253378,11.744843
AGGTCATCAACTCATG-1_4,-0.29270333,5.001018
AGGTCATCACCATTCC-1_4,-4.05163,5.598114
AGGTCATCAGACATCT-1_2,-1.8507875,5.5675764
AGGTCATCAGAGTAAT-1_4,1.8543849,4.8960085
AGGTCATGTGAGTAAT-1_4,-2.5579095,7.2132697
AGGTCATGTGGACTGA-1_5,-2.517784,6.0877213
AGGTCATGTGTCTCCT-1_4,0.9073218,4.4034457
AGGTCATTCATGCGGC-1_6,-2.3653593,5.309514
AGGTCATTCGCTATTT-1_2,-3.1117907,3.1133544
AGGTCATTCTGAACGT-1_6,-1.0474072,10.927383
AGGTCTAAGTCAGCGA-1_1,-1.5597811,4.694548
AGGTCTAAGTCCTGCG-1_3,0.8242545,11.184908
AGGTCTACACACCGCA-1_6,-3.2595878,4.4470267
AGGTCTACACTTCAAG-1_1,-2.640598,5.339295
AGGTCTACATCGGAAG-1_1,-5.2237844,5.9803233
AGGTCTAGTACTTCCC-1_4,2.486029,5.4962277
AGGTCTAGTCCACTCT-1_2,1.0784533,7.68031
AGGTCTAGTCGGTGTC-1_1,1.869447,7.0929785
AGGTCTAGTCTAACTG-1_4,-1.9966846,8.073122
AGGTCTAGTGCGGTAA-1_1,3.027026,4.0757327
AGGTCTAGTTAATCGC-1_1,-1.7276708,7.6603007
AGGTCTAGTTGTGGCC-1_4,-2.5082576,10.292375
AGGTCTATCAACCGAT-1_4,2.9956744,3.957798
AGGTCTATCCGACATA-1_1,0.31685,8.321978
AGGTCTATCGCCACTT-1_1,-0.8779788,6.787703
AGGTGTTAGAAACTAC-1_1,-4.067635,10.277549
AGGTGTTAGGTTCACT-1_1,-1.9139265,6.6733513
AGGTGTTAGTAAGCAT-1_3,-4.066953,6.1123066
AGGTGTTCAACCGATT-1_2,-4.677157,6.1455345
AGGTGTTCACTATGTG-1_2,-3.4379077,11.699602
AGGTGTTCATGAATCC-1_2,0.3568723,9.106069
AGGTGTTGTAATCAAG-1_5,1.4919947,10.784659
AGGTGTTGTCCATACA-1_3,-2.2752109,3.3527832
AGGTGTTGTCGAGCTC-1_6,-4.32931,7.415509
AGGTGTTGTGTACATC-1_2,-3.248312,5.385813
AGGTGTTGTTCGGTTA-1_5,-4.790926,8.611515
AGGTGTTTCAGCCTTC-1_3,-2.753534,5.5778756
AGGTGTTTCATCAGTG-1_2,0.46058023,5.587724
AGGTTACAGGTCATCT-1_4,-2.1337492,8.592193
AGGTTACCAGTCGGTC-1_5,-0.45128876,6.8938475
AGGTTACGTGACACGA-1_1,-0.22363774,8.089149
AGGTTACGTGTCCTAA-1_4,2.161917,4.2600284
AGGTTACGTTGACTGT-1_1,-3.1894562,10.644234
AGGTTACTCACACCCT-1_5,-2.9921076,3.5542207
AGGTTACTCACTTTGT-1_2,-0.545531,8.413776
AGGTTACTCCCTTGGT-1_4,-0.03234956,10.107182
AGGTTACTCCTTCTGG-1_4,-4.7533927,9.740285
AGGTTACTCGCCACTT-1_3,-0.012405892,7.524092
AGGTTACTCGCTTGCT-1_2,-1.8637872,8.272347
AGGTTACTCGGCTGGT-1_4,-0.9993549,4.608129
AGGTTGTAGAGGTCGT-1_1,-0.7840424,9.265431
AGGTTGTAGATGACAT-1_4,-0.3062703,12.073449
AGGTTGTAGGGCAATC-1_2,0.022571396,5.8624153
AGGTTGTAGGTGCTTT-1_4,-0.76808083,3.9362183
AGGTTGTCAGGCTACC-1_3,-1.0016087,9.632259
AGGTTGTTCATCACAG-1_5,-3.8515785,9.98125
AGGTTGTTCTCACGAA-1_5,0.5550184,3.8479185
AGTAACCAGGAAAGTG-1_4,1.6578641,6.0822988
AGTAACCAGGATCATA-1_6,4.501763,6.2960496
AGTAACCAGGATTTAG-1_5,3.0098574,4.4404054
AGTAACCCAATCTCGA-1_2,3.1535666,4.1005797
AGTAACCTCATTGCCC-1_5,-4.93207,7.130865
AGTAACCTCATTTCCA-1_4,0.3089837,7.4087133
AGTAACCTCGAACACT-1_1,1.8863939,3.6912565
AGTAACCTCTTCACGC-1_4,1.565424,3.8836508
AGTACCAAGGGATGTC-1_2,-2.1623523,3.9921248
AGTACCAAGGGCATGT-1_6,1.6862925,8.197982
AGTACCAAGTTGGCTT-1_1,0.57243854,8.363575
AGTACCACAGTAGTTC-1_6,-1.5702641,8.20661
AGTACCACATCATCTT-1_3,3.1496823,4.746228
AGTACCACATGAAGCG-1_6,1.1609232,9.534845
AGTACCAGTGGCTACC-1_3,-0.1733627,4.1878414
AGTACCATCATGGTAC-1_4,-0.2281683,8.224547
AGTACTGCAACCGATT-1_3,-1.2079029,3.66792
AGTACTGCACGGTGTC-1_3,-1.9701778,4.524263
AGTACTGCAGCTGCCA-1_3,-0.71022636,9.209983
AGTACTGCATGGATCT-1_4,2.558425,10.06304
AGTACTGTCGACGAGA-1_5,-4.050982,8.402464
AGTAGCTCATGTGGTT-1_6,-3.5310533,11.275666
AGTAGCTGTGCGGTAA-1_4,-3.2309089,9.118226
AGTAGCTGTTGCATAC-1_4,-1.4856048,8.291821
AGTAGCTTCCCTTTGG-1_3,-2.9914527,4.6005054
AGTAGCTTCGTGACTA-1_6,-0.44500008,6.202701
AGTAGCTTCTGCATAG-1_4,0.66232586,6.230918
AGTAGTCAGAAGCGGG-1_4,-5.271033,6.6731033
AGTAGTCAGACGGTTG-1_3,-3.2073796,4.9223323
AGTAGTCAGGACATCG-1_5,0.525252,9.741654
AGTAGTCAGGCCTTGC-1_1,-0.9112107,5.150308
AGTAGTCAGGGCATGT-1_4,-1.8276021,5.3930163
AGTAGTCAGGTTGGAC-1_6,-4.0168185,7.8855996
AGTAGTCCAAGACCGA-1_1,0.39773712,4.032629
AGTAGTCCACTAGAGG-1_2,-2.1853695,9.186548
AGTAGTCCATGGCGCT-1_1,-5.293439,6.0456867
AGTAGTCGTCTTTCTA-1_6,0.3767895,12.309928
AGTAGTCGTTGTATGC-1_5,-0.10115951,10.735692
AGTAGTCGTTTACCTT-1_3,-2.7617981,9.393099
AGTAGTCTCGCATTAG-1_4,0.31050393,6.827729
AGTAGTCTCGTTGTGA-1_4,2.1444502,8.439956
AGTCAACAGAGGTATT-1_2,2.2498374,10.803709
AGTCAACAGGGTACAC-1_2,-1.8571384,7.316176
AGTCAACAGGTCGTGA-1_5,-4.742974,8.113651
AGTCAACCAGAGATTA-1_5,-2.5713425,6.941168
AGTCAACCATGACAGG-1_4,-1.9135624,11.608617
AGTCAACCATTACTCT-1_6,-4.620098,4.5658846
AGTCAACGTAATGATG-1_3,-3.532732,6.9302816
AGTCAACGTTCCTAAG-1_3,-1.5787634,8.441149
AGTCAACTCATGCGGC-1_2,1.1017228,5.361918
AGTCAACTCTCATGGA-1_4,1.5400537,6.7681375
AGTCACAAGACGGTCA-1_5,-2.344014,10.091114
AGTCACAAGACTCATC-1_1,1.1709385,6.2614126
AGTCACAGTATTCTCT-1_3,-0.50083274,10.179337
AGTCACATCGCTACAA-1_4,0.45846778,6.4448814
AGTCACATCTGCCCTA-1_5,-1.0176823,6.040923
AGTCATGAGACGCAGT-1_4,-2.9742277,8.474901
AGTCATGAGAGCCGAT-1_5,-0.35301372,10.232232
AGTCATGAGCCTGCCA-1_4,-2.459496,6.193345
AGTCATGAGGGTAGCT-1_3,-4.246364,7.0601788
AGTCATGCAGCTGTAT-1_5,-0.046633117,12.159833
AGTCATGGTTGCTGAT-1_5,1.278107,6.175172
AGTCATGTCCTACCAC-1_3,-4.8165684,6.647339
AGTCTCCAGCGCACAA-1_3,0.48976177,13.3064375
AGTCTCCAGGGAGGCA-1_3,-1.2852972,9.466242
AGTCTCCAGGGCCAAT-1_6,-0.04930519,5.1003428
AGTCTCCCAATTGCTG-1_5,-3.7060525,7.3459964
AGTCTCCCATTCACCC-1_6,0.55810755,4.9756837
AGTCTCCGTAACCCTA-1_3,-3.0760105,5.6977024
AGTCTCCGTCTGTAGT-1_4,-2.4133036,11.634646
AGTCTCCGTGGTCCCA-1_2,1.2692412,10.206582
AGTCTCCGTTGTGCAT-1_5,4.790047,6.4899797
AGTCTCCTCCCGAGGT-1_4,0.93339664,5.6988454
AGTGACTAGCCAACCC-1_1,-4.250538,9.336555
AGTGACTAGCGTGTCC-1_2,-1.4887787,8.989849
AGTGACTAGGTACTGG-1_5,-4.9503865,5.967041
AGTGACTGTCCCAAAT-1_4,-2.784236,6.4995294
AGTGACTTCGTTCTCG-1_4,-0.18857317,5.272446
AGTGATCAGGTAAACT-1_4,-2.3048215,4.4404774
AGTGATCAGTGAATAC-1_2,-1.3509167,4.743831
AGTGATCAGTGATAAC-1_5,-2.4204624,6.338876
AGTGATCAGTGGGAAA-1_3,4.1462154,7.200799
AGTGATCCACCTCTGT-1_2,-1.4238166,7.0547395
AGTGATCGTACCCGAC-1_4,1.7646985,8.238423
AGTGATCGTGAACCGA-1_6,1.2212573,10.825571
AGTGATCGTGTCCATA-1_2,-4.3400154,6.4449306
AGTGATCTCAGTCAGT-1_3,0.7227212,7.067755
AGTGCCGGTACAGAAT-1_6,-4.958954,9.956768
AGTGCCGGTGTGCCTG-1_1,-2.864123,4.720371
AGTGCCGGTTCAAACC-1_3,-0.818872,3.586063
AGTGCCGTCGAAGAAT-1_5,0.23469375,9.214993
AGTGCCGTCGCCGAAC-1_4,-1.5798422,5.1256337
AGTGTTGAGAGGGCGA-1_4,-2.042058,7.862881
AGTGTTGAGGCGCTCT-1_5,1.0366518,8.383653
AGTGTTGAGGTTCTTG-1_5,-3.9599228,8.518032
AGTGTTGCATGAGATA-1_4,-2.418381,8.475158
AGTGTTGGTGTTTCTT-1_3,3.096967,4.368905
AGTGTTGTCACGATCA-1_5,-5.3133483,7.75641
AGTGTTGTCCCAACTC-1_4,-2.876643,5.980491
AGTGTTGTCGTAGGGA-1_2,0.5324784,8.732004
AGTGTTGTCTTCTTCC-1_5,-3.107855,10.989621
AGTTAGCAGAAGGATG-1_4,-0.14796667,9.064577
AGTTAGCAGGCCTTCG-1_5,-2.168199,5.790957
AGTTAGCGTATACAGA-1_5,-1.362896,6.5034027
AGTTAGCGTGTATTGC-1_5,-2.0202417,7.352017
AGTTAGCTCGCCGAAC-1_6,0.7782507,5.0525036
AGTTCCCAGCGCCCAT-1_5,-4.235761,7.2640095
AGTTCCCAGGTTACAA-1_5,-0.051091198,8.262163
AGTTCCCCAACCAGAG-1_2,-0.2384364,3.2593446
AGTTCCCCACCTTCGT-1_2,-2.557888,10.728998
AGTTCCCGTACATTGC-1_6,-2.593736,9.202847
AGTTCCCGTAGTGCGA-1_1,-4.313348,4.857586
AGTTCCCTCCTCAGAA-1_4,0.3155182,6.1487956
AGTTCCCTCTTCCCAG-1_5,-5.446477,7.390102
AGTTCGAAGGGACTGT-1_3,2.2100933,5.3224535
AGTTCGAAGTAAGACT-1_4,-1.8163368,10.277378
AGTTCGAGTATTCTCT-1_2,-1.6771367,8.697823
AGTTCGAGTGAACCGA-1_5,0.8157325,10.639348
AGTTCGATCCACCCTA-1_3,-0.51240635,10.382177
ATACCGAAGAAGCCAC-1_6,-5.435574,6.7694254
ATACCGAAGCGAATGC-1_2,-4.7997518,6.1473107
ATACCGAAGGATTTCC-1_4,1.3511097,4.005873
ATACCGAAGTAGGAAG-1_6,-1.480096,9.374866
ATACCGAAGTGATAAC-1_1,-0.4969151,6.4618845
ATACCGACAAGAAACT-1_5,-2.027198,5.2935214
ATACCGACAAGCGAAC-1_5,-0.7292729,6.383949
ATACCGACAGACGATG-1_1,-4.9600844,8.5348425
ATACCGACATAGCACT-1_2,-3.1884646,10.781897
ATACCGAGTAACTTCG-1_6,-1.6925881,9.342776
ATACCGAGTACTCAAC-1_1,2.3927302,4.513814
ATACCGAGTCGGCACT-1_1,-4.5204916,5.189075
ATACCGATCAGCCTTC-1_5,-1.209527,6.4377317
ATACCTTAGAGGACTC-1_5,-4.28006,7.702568
ATACCTTAGCCACCGT-1_4,-2.9346712,6.710184
ATACCTTAGCCACTCG-1_4,-0.49441397,6.0384407
ATACCTTAGGACCCAA-1_3,-1.7365701,8.400711
ATACCTTAGTGGCAGT-1_4,-0.37335896,11.414073
ATACCTTCACGGCCAT-1_6,-0.09788927,4.9329634
ATACCTTCAGCGACAA-1_5,-4.1785913,10.111635
ATACCTTCATAAGATG-1_4,-1.3180505,8.252996
ATACCTTCATCGATAC-1_1,1.2345108,7.464691
ATACCTTGTAGACAGC-1_1,-0.66150475,8.358252
ATACCTTGTCCAACGC-1_5,0.35245228,5.0613046
ATACCTTGTCCACTCT-1_1,-4.605677,10.626769
ATACCTTGTCTACGTA-1_1,-2.2814782,5.5247736
ATACCTTGTGCTCTCT-1_5,-2.9696856,11.785295
ATACCTTTCATTTCCA-1_5,-1.8605441,6.9875474
ATACCTTTCCTATTGT-1_2,-1.5515088,6.2321672
ATACCTTTCGGTGTTA-1_3,-3.7439466,7.3490925
ATACTTCAGCTACGTT-1_2,0.58222884,8.59495
ATACTTCAGGTGCTTT-1_2,-2.486886,5.9775305
ATACTTCCACTCGATA-1_1,-1.2214478,10.734965
ATACTTCCAGACGCTC-1_1,-4.247549,7.1124187
ATACTTCCAGCGACCT-1_1,-1.1764463,3.2734408
ATACTTCCATTGGCAT-1_5,-4.3529663,7.0841126
ATACTTCTCAAGGTGG-1_5,0.7172895,6.3104386
ATACTTCTCACCTCGT-1_4,-2.080941,5.5823183
ATACTTCTCAGCGTCG-1_6,2.068369,9.456069
ATACTTCTCCAACTGA-1_2,-0.96416897,5.5309577
ATACTTCTCGGTAGAG-1_1,-1.554024,3.8047647
ATACTTCTCTCTCTTC-1_5,-0.61550015,8.965762
ATAGACCAGACTCCGC-1_5,-3.014356,10.121074
ATAGACCAGAGGGTGG-1_3,-1.5380932,4.1701818
ATAGACCAGCACTGGA-1_2,0.64953125,5.222732
ATAGACCAGGATAATC-1_3,-2.8130803,9.147196
ATAGACCAGGGACAGG-1_3,1.1766034,10.07796
ATAGACCCACAGTCCG-1_5,-2.3967726,10.338644
ATAGACCCACGGCTAC-1_3,-3.907248,8.717106
ATAGACCCAGAACATA-1_6,-5.3629365,9.803157
ATAGACCCAGCTGTAT-1_2,1.1006207,7.13486
ATAGACCCATACTGAC-1_3,1.853115,6.984294
ATAGACCCATCCCGTT-1_1,-0.8623831,3.0983472
ATAGACCCATGAGGGT-1_2,3.2797205,5.0208387
ATAGACCGTGACACAG-1_1,-5.6112432,7.7424083
ATAGACCGTGAGCCAA-1_4,0.8022036,9.253823
ATAGACCGTGCCCTTT-1_2,-2.304535,6.021515
ATAGACCGTTCTCCCA-1_1,-3.5765278,5.633023
ATAGACCTCAGCATTG-1_6,-1.1541537,7.222677
ATAGACCTCCACGTCT-1_3,-3.3753223,3.3711083
ATAGACCTCCCTCGAT-1_4,0.10973193,12.737557
ATAGACCTCGGCACTG-1_6,0.44091567,5.632023
ATAGACCTCTGGAAGG-1_5,0.21772556,4.635277
ATAGAGAAGGTACAAT-1_4,1.0667108,10.196167
ATAGAGATCGATACGT-1_5,0.081122905,10.743599
ATAGAGATCTCTCCGA-1_6,0.17859559,10.931283
ATAGGCTAGCATCTTG-1_2,0.5740132,10.383673
ATAGGCTAGGGCTAAC-1_4,-4.842288,5.172874
ATAGGCTAGTGCGACA-1_5,2.1742568,7.2166843
ATAGGCTAGTTCTCTT-1_1,-1.9100435,8.400943
ATAGGCTCAACTTGGT-1_5,1.28651,9.635307
ATAGGCTGTACCTAAC-1_2,-3.6493757,10.416577
ATAGGCTTCGCCGAGT-1_1,-0.14459175,9.507784
ATAGGCTTCGTCTAAG-1_3,-5.6580157,9.056149
ATATCCTAGATCCTAC-1_4,-4.5968347,9.5188875
ATATCCTAGCGACAGT-1_4,-0.16843016,10.2091875
ATATCCTAGCGTCTCG-1_4,-5.9982924,8.119799
ATATCCTCACAAGGTG-1_1,0.5261332,8.178207
ATATCCTCAGTACTAC-1_4,-3.818778,8.566534
ATATCCTCATATCTGG-1_5,-1.2966542,3.5996218
ATATCCTGTCCTCATC-1_4,0.18275629,5.2771983
ATATCCTGTGTATCCA-1_3,0.1854869,4.840907
ATCACAGAGCCACAAG-1_6,1.010358,9.292984
ATCACAGCACAAACGG-1_5,-4.880504,8.838229
ATCACAGCACCAGGTC-1_4,-2.1359994,10.527849
ATCACAGCACCTGAAT-1_3,-1.6414678,4.7946863
ATCACAGCATATCGGT-1_1,-5.1267023,9.490858
ATCACAGGTAAGGCTG-1_5,4.447945,6.481963
ATCACAGGTCATCCCT-1_3,2.4515476,4.700796
ATCACAGGTGCGTGCT-1_4,-5.049612,7.7993355
ATCACAGTCAAGCCGC-1_6,-2.5559583,5.540703
ATCACAGTCGCCAACG-1_6,-0.7351159,12.300786
ATCACGAAGGCCTGCT-1_4,0.30963165,9.787514
ATCACGAAGGGTATAT-1_5,-5.569754,9.277776
ATCACGACACCACATA-1_1,-0.45858002,5.217368
ATCACGACACCTGATA-1_6,0.70606756,4.795934
ATCACGACAGTATGAA-1_2,-6.1605244,6.46397
ATCACGACATCCGCGA-1_2,0.96370643,9.603185
ATCACGAGTGGTATGG-1_5,0.33512807,8.084777
ATCACGAGTGTCCGGT-1_5,-2.825034,3.8850074
ATCACGATCCGTAGGC-1_5,-3.056401,6.8896003
ATCACGATCCGTTGGG-1_1,-1.2491533,6.685083
ATCACTTCAACTGATC-1_2,-2.5943067,6.749388
ATCACTTCAATCGAAA-1_2,-4.4593143,9.907627
ATCACTTCACAACGTT-1_3,-0.8997958,7.3690305
ATCACTTCACAAGCCC-1_3,-0.8847617,6.9326386
ATCACTTCACTCATAG-1_6,-1.5224802,10.4361
ATCACTTCAGACATCT-1_3,0.3905583,12.260908
ATCACTTCAGCGTATT-1_3,0.5668449,7.4598203
ATCACTTCATAACCCA-1_3,-3.3431504,5.612119
ATCACTTCATTGAGGG-1_1,-0.95571077,5.905658
ATCACTTGTCACTAGT-1_1,-2.9308176,6.1787167
ATCACTTGTGAGAGGG-1_2,-5.2316685,6.7350264
ATCACTTGTGGCTGCT-1_3,0.20334372,8.623377
ATCACTTGTGTGATGG-1_4,-1.7127761,6.9382257
ATCACTTGTGTTGATC-1_3,-1.0822318,8.78076
ATCACTTGTTAACAGA-1_5,-0.63983023,5.7138624
ATCACTTTCAGTGTCA-1_4,0.46103546,13.117728
ATCACTTTCTGCATGA-1_5,1.0179821,9.499819
ATCAGGTAGCAGCGAT-1_2,-1.5338765,4.4572544
ATCAGGTAGGTGCGAT-1_2,0.8268626,10.410833
ATCAGGTAGTCCCTAA-1_1,-3.6056106,6.0553517
ATCAGGTCAGGCTATT-1_2,1.2680296,9.354978
ATCAGGTGTACGATGG-1_2,1.9505157,5.257319
ATCAGGTGTCACCTTC-1_6,-1.174844,6.2327733
ATCAGGTGTGACATCT-1_1,-5.2649302,9.929596
ATCAGGTTCGATGCAT-1_5,-2.8443406,11.221653
ATCAGGTTCGCCACTT-1_4,-3.0571928,6.8423777
ATCAGGTTCGGTGTAT-1_1,-1.0144311,3.7572103
ATCAGGTTCGTGGCTG-1_5,-2.321125,3.926745
ATCATTCAGGTTTACC-1_3,-5.7824936,5.824279
ATCATTCCAGACCAAG-1_1,-3.0393565,8.940051
ATCATTCCATGACTAC-1_2,-2.7731895,11.7477665
ATCATTCGTACGGGAT-1_5,-0.8186127,5.5171742
ATCATTCTCAGAGTGG-1_2,3.4258623,5.542297
ATCATTCTCCGAGAAG-1_6,4.3390074,7.61198
ATCCACCCAACGGCTC-1_1,-2.534085,6.029831
ATCCACCCAAGCCCAC-1_3,-2.318226,3.9241743
ATCCACCCACCAAATC-1_4,3.0109196,4.7179904
ATCCACCCACTCCGGA-1_4,-0.037445247,5.335185
ATCCACCCAGACCTGC-1_2,-1.3722682,10.694916
ATCCACCGTACCAGAG-1_3,-0.28893074,10.384595
ATCCACCGTAGCTGAG-1_1,-4.376878,6.887579
ATCCACCGTAGTGTGG-1_4,-0.78762627,5.754383
ATCCACCGTATTTCGG-1_2,-2.2572277,8.185031
ATCCACCGTGCCTATA-1_4,-4.332596,8.316836
ATCCACCTCACACCCT-1_4,-2.1596346,3.773782
ATCCACCTCAGGCGAA-1_1,-1.219808,6.5892606
ATCCACCTCCACGTAA-1_1,-2.4946332,6.01776
ATCCACCTCCTCTAGC-1_2,-0.6790252,10.215894
ATCCACCTCTAGTACG-1_2,2.7167757,9.096332
ATCCACCTCTGCAGCG-1_4,-1.3004377,5.652643
ATCCATTAGCCGATTT-1_5,-2.0256226,10.482908
ATCCATTAGCTATCTG-1_4,-0.8062258,8.4662075
ATCCATTAGGGTCAAC-1_2,-1.5313313,10.912255
ATCCATTCACGTAGTT-1_3,0.3721774,6.6959205
ATCCATTGTACTCCGG-1_2,-5.4796977,5.6620774
ATCCATTTCCTCACTG-1_5,-2.4804523,6.288658
ATCCATTTCGGCTTGG-1_3,-2.2370248,9.407685
ATCCATTTCGTAACTG-1_1,-0.75435895,6.6998897
ATCCATTTCTTCACAT-1_1,-5.261567,6.627263
ATCCCTGAGAGGGCGA-1_6,-5.4653068,6.304805
ATCCCTGAGCTTCTAG-1_5,-2.3720293,6.377908
ATCCCTGAGGTCACCC-1_4,-0.73201364,7.8908234
ATCCCTGAGGTCGAGT-1_2,1.9706299,8.262758
ATCCCTGAGTCACTAC-1_3,3.5531714,4.4278955
ATCCCTGCATAACTCG-1_6,0.39289477,5.39449
ATCCCTGGTTTACACG-1_5,-2.9925284,9.97859
ATCCCTGTCAGACCTA-1_3,0.3136976,7.1526265
ATCCCTGTCAGCCTCT-1_2,-1.0534008,8.078456
ATCCGTCAGAGTTGAT-1_5,-2.4066389,3.1541107
ATCCGTCCAACTCGAT-1_4,-0.39100173,8.167379
ATCCGTCCACACACGC-1_5,-1.4644021,4.644641
ATCCGTCCACATACGT-1_3,-0.016925346,6.59394
ATCCGTCCATGACTTG-1_1,-2.667416,11.474478
ATCCGTCGTCCACAGC-1_2,-4.2679157,6.659411
ATCCGTCTCGCAGAGA-1_1,-2.1526897,5.6853194
ATCCGTCTCTCATTTG-1_5,-2.565359,6.6569157
ATCCTATAGAGTCTGG-1_4,-1.5894077,10.047615
ATCCTATAGCAGAAAG-1_3,-1.0254637,7.509519
ATCCTATAGTCATAGA-1_5,-2.263293,10.489103
ATCCTATCAGTCAACT-1_4,-0.4729033,6.0090437
ATCCTATCATCAGTGT-1_4,-5.4458623,5.7019515
ATCCTATGTGTGTGTT-1_6,0.59504706,3.9564703
ATCGATGAGATAGTCA-1_5,-0.52067184,5.636279
ATCGATGAGGCTGAAC-1_1,-0.7643048,10.53127
ATCGATGAGTGTGTTC-1_5,-3.124577,7.0984864
ATCGATGCACATGACT-1_4,0.28167006,8.309378
ATCGATGCACTGAATC-1_6,1.2966659,7.9698668
ATCGATGCAGCTGAAG-1_5,2.259441,10.44067
ATCGATGCATCAGCAT-1_6,-1.4521868,4.989158
ATCGATGGTCCGGATC-1_6,-2.1907277,3.9351416
ATCGATGGTCTTACAG-1_3,3.008362,5.863969
ATCGATGTCAAGAAAC-1_4,-1.2877941,8.806169
ATCGATGTCGAGCCTG-1_5,-2.8543894,3.3653958
ATCGATGTCTTCGGAA-1_2,-1.0897877,9.430814
ATCGCCTAGACGCCAA-1_5,-2.8264127,10.597349
ATCGCCTAGAGCATTA-1_4,-0.5205673,5.9776196
ATCGCCTAGAGCCCAA-1_2,-1.528377,9.648752
ATCGCCTAGAGCCCAA-1_6,-2.979229,7.4441743
ATCGCCTAGCTTGTTG-1_3,-4.847948,4.8295336
ATCGCCTCACGTCGGT-1_6,1.5351429,8.935638
ATCGCCTCACTACGGC-1_4,0.37007037,6.0762663
ATCGCCTCAGCTATAC-1_4,-0.9013696,10.017474
ATCGCCTCAGTTAGAA-1_4,-0.86349076,4.68349
ATCGCCTGTACATACC-1_3,0.96827585,10.364612
ATCGCCTGTCTTCATT-1_4,-4.8366566,7.0416493
ATCGCCTTCATGTCTT-1_1,-2.422458,9.713152
ATCGCCTTCCAAACCA-1_3,-1.6476961,6.5314884
ATCGCCTTCGCACGAC-1_2,-4.016913,10.557366
ATCGCCTTCGTAATGC-1_1,-3.9856179,3.8622959
ATCGCCTTCTCGGTAA-1_4,1.4278404,5.562416
ATCGGATAGACAGCGT-1_2,0.86587137,8.088494
ATCGGATAGATGCTTC-1_4,2.8570528,4.8574386
ATCGGATAGGTGCAGT-1_1,-0.7024938,11.982741
ATCGGATAGTGGTTAA-1_4,-3.6671412,9.95558
ATCGGATCACCTGAAT-1_2,2.3145392,8.870921
ATCGGATCAGTTAAAG-1_1,-2.4094934,2.7825985
ATCGGATGTCCCGTGA-1_1,-1.2077912,9.428094
ATCGGATGTGGACAGT-1_3,-3.9655836,8.175029
ATCGGATGTTAGGCTT-1_5,0.54926145,8.272071
ATCGGATGTTCCGCAG-1_4,-4.3271604,8.713492
ATCGGATTCATTGCTT-1_6,-0.44222978,11.903385
ATCGGATTCCCTTGGT-1_1,-3.2091124,4.7555804
ATCGGATTCCTGTTGC-1_1,-5.4147243,7.302534
ATCGGATTCGCTGACG-1_4,-1.5329076,6.5294766
ATCGGCGAGAGGTATT-1_2,0.48511317,9.744991
ATCGGCGAGCAAATCA-1_4,-1.6611953,11.56117
ATCGGCGAGGCATTTC-1_4,2.3421915,4.4707794
ATCGGCGAGGTCCCGT-1_1,-1.6619378,7.1679077
ATCGGCGCACGCGGTT-1_6,-0.8722849,5.994269
ATCGGCGGTCGTCGGT-1_1,-3.974136,9.509063
ATCGGCGGTGGAATGC-1_1,0.5630197,13.368293
ATCGGCGGTTATGTGC-1_3,-5.497698,6.1077127
ATCGGCGGTTGAATCC-1_3,-2.6917672,7.697599
ATCGGCGTCCGCAACG-1_4,-1.3489712,4.368737
ATCGTAGAGCACTCAT-1_5,-3.974612,4.7652655
ATCGTAGAGCGCACAA-1_1,0.6707136,10.027996
ATCGTAGAGCTAAATG-1_1,-1.7283005,11.734289
ATCGTAGCACAGCCTG-1_2,-4.119194,8.760707
ATCGTAGCATAATGAG-1_1,-2.1029325,11.092794
ATCGTAGGTAGGAGGG-1_2,-1.3608277,5.1198864
ATCGTAGGTGAGATAT-1_4,-2.1462324,9.804612
ATCGTAGGTTCGAACT-1_3,-0.73291296,7.2860713
ATCGTAGTCACCATAG-1_5,1.5556198,6.3697786
ATCGTAGTCAGTAGGG-1_1,0.7488601,7.1450295
ATCGTAGTCCACGTGG-1_2,-0.60439724,4.9441056
ATCGTAGTCTATCCAT-1_5,-1.9399463,6.979277
ATCGTCCAGCAATTAG-1_1,2.439593,4.5947185
ATCGTCCAGTCCCAAT-1_2,-3.2317939,9.382961
ATCGTCCCAGGGAGAG-1_1,-2.142806,6.4767604
ATCGTCCGTTCCAGGC-1_3,-3.492768,9.536315
ATCGTCCGTTCGGCTG-1_1,-4.2701936,6.620548
ATCGTCCTCACCTCGT-1_5,-0.011248785,8.424315
ATCGTCCTCGTGGTAT-1_4,-2.1909962,10.373616
ATCGTCCTCTCGCTTG-1_1,-4.796328,6.5938954
ATCGTGACACATGGTT-1_5,-2.8521953,5.751454
ATCGTGACACGCGTGT-1_1,-1.4360926,10.018707
ATCGTGACACTTCATT-1_5,-3.2153738,9.543283
ATCGTGACAGCTTTGA-1_3,-5.1675367,5.4603095
ATCGTGACATGTACGT-1_1,-2.820146,6.277935
ATCGTGACATTAGGCT-1_3,-2.8455114,10.471742
ATCTCTAAGATGGCGT-1_3,-2.2543194,5.0483623
ATCTCTACAAAGCTAA-1_4,-3.6227891,4.7170777
ATCTCTACATTGCTGA-1_2,1.331136,9.968055
ATCTCTAGTCCTTGTC-1_1,0.02673181,8.327129
ATCTCTAGTCGAACGA-1_2,-4.3121634,6.3212996
ATCTCTAGTGACACAG-1_4,1.6902797,7.043854
ATCTCTAGTTCTCGTC-1_1,-2.3240316,8.89209
ATCTCTATCCGATCGG-1_1,-0.19837937,3.1633425
ATCTTCAAGCGGCTCT-1_1,0.020638993,3.874782
ATCTTCACAACAAAGT-1_3,-1.8096306,5.3976846
ATCTTCACAATTCACG-1_3,-4.7213874,5.837983
ATCTTCAGTATCGAAA-1_4,-0.22653958,5.6827154
ATCTTCAGTCAGGTGA-1_4,-2.008274,9.849017
ATCTTCAGTCCACTCT-1_2,1.2310107,8.0074625
ATCTTCATCTCGGGAC-1_4,-1.7466712,6.8403463
ATGAAAGAGCTAGAGC-1_5,-3.30415,11.210645
ATGAAAGAGTAAGCAT-1_1,-2.17749,10.565066
ATGAAAGCAAATACGA-1_5,-5.243163,5.6840754
ATGAAAGCAAGGTCTT-1_1,-5.3489804,8.503067
ATGAAAGCACTGAATC-1_3,-1.5643504,10.539629
ATGAAAGCATTGCCGG-1_1,1.7862321,9.756296
ATGAAAGGTAGCTTTG-1_6,-0.9248784,11.336105
ATGAAAGGTCGCTTGG-1_1,-0.20445018,11.707681
ATGAAAGGTGCCTATA-1_5,-3.4545226,9.964234
ATGAAAGTCATGCATG-1_2,-1.7541627,3.2642133
ATGACCAAGACCAGCA-1_5,-5.496757,8.875153
ATGACCAAGCCTCGTG-1_5,-3.7501564,10.073849
ATGACCAAGTACTGGG-1_1,-4.335866,4.221842
ATGACCAAGTTCGCAT-1_4,-0.1843452,7.05635
ATGACCACACTTGGCG-1_2,-0.60540813,9.714017
ATGACCACAGGTTCGC-1_1,-5.71268,9.005037
ATGACCACAGTCCCGA-1_3,1.3818333,5.437537
ATGACCAGTACAGTTC-1_2,-0.38622048,5.9594746
ATGACCAGTCAAGCGA-1_1,0.43858024,11.1234865
ATGACCAGTCACGACC-1_6,0.9155495,8.735417
ATGACCAGTCATAACC-1_6,-3.883996,7.4067864
ATGACCAGTCGTACTA-1_4,-1.4971374,7.7893534
ATGACCAGTCTAATCG-1_3,-2.3942225,6.5212793
ATGACCAGTTCATCTT-1_1,-3.9009125,7.6971025
ATGACCATCTTGAGCA-1_1,-0.013587757,11.780283
ATGAGGGAGGTTGGAC-1_6,-1.9755875,7.5908127
ATGAGGGCAATCCTAG-1_1,-1.9224434,8.717076
ATGAGGGCACGCGCTA-1_5,-0.33340985,3.225904
ATGAGGGCAGGTTCGC-1_3,-0.6312972,4.7779756
ATGAGGGCAGTATGAA-1_3,2.0572205,9.780896
ATGAGGGGTACGATGG-1_2,0.53553057,4.9202294
ATGAGGGGTCAAGTTC-1_2,-1.0780516,8.124826
ATGAGGGGTGTCGATT-1_1,-0.8244489,11.60854
ATGAGGGTCATTACGG-1_4,-0.83314866,8.682842
ATGAGGGTCCAAGCCG-1_2,-0.9707599,3.4585664
ATGAGGGTCGTGGTAT-1_5,-1.9929004,4.7636857
ATGAGTCCACCGTGAC-1_5,-0.24997762,4.911225
ATGAGTCGTTTGGGAG-1_3,-2.12353,5.693899
ATGAGTCTCATCTCTA-1_4,-2.2722418,6.0202994
ATGAGTCTCCGTGTAA-1_3,-5.7243423,6.3904314
ATGATCGAGAGTTGAT-1_4,-2.8223102,7.2146077
ATGATCGAGTCACGCC-1_4,-1.1967573,6.107956
ATGATCGAGTTACGAA-1_3,-3.7269866,5.892583
ATGATCGCACCTGCTT-1_4,1.3891611,4.90736
ATGATCGTCAATGCAC-1_1,2.2813983,9.888931
ATGCATGAGCAAGCCA-1_3,-2.5994108,10.912486
ATGCATGAGCATGAAT-1_5,-3.8909853,7.481457
ATGCATGAGTCTAGCT-1_5,2.4121163,5.1975937
ATGCATGCAACTCGAT-1_1,-3.810438,7.2699666
ATGCATGCAAGAATGT-1_2,0.7295381,8.594612
ATGCATGCAGCTGAGA-1_5,0.30076787,7.2198563
ATGCATGCATATTCGG-1_4,-3.425028,6.5780272
ATGCATGGTAGTACGG-1_6,-2.8266745,10.130079
ATGCATGGTATGACAA-1_6,0.18300956,11.552376
ATGCATGGTCTCCCTA-1_2,-1.8631059,8.85637
ATGCATGGTGCTTATG-1_4,-1.0126295,5.889514
ATGCATGGTGTCGCTG-1_3,-3.5863402,7.7759795
ATGCATGGTTCAATCG-1_5,-1.3967338,6.0612
ATGCATGGTTCCCAAA-1_4,-1.6175265,6.441117
ATGCATGGTTGAGGAC-1_4,2.4407065,4.283688
ATGCATGTCCCTCTTT-1_4,-2.4499345,10.656199
ATGCATGTCTCCGTGT-1_2,-0.64313585,7.3595204
ATGCCTCAGCACTCGC-1_5,-4.647313,8.630752
ATGCCTCAGGCTCTCG-1_6,0.17518368,6.5218573
ATGCCTCAGTAGTCCT-1_1,-0.21618262,6.5782366
ATGCCTCAGTCCCAAT-1_5,-1.1244437,7.8039727
ATGCCTCCAAACTCTG-1_4,0.0965082,9.947583
ATGCCTCCACCCTTGT-1_4,-2.7916195,9.270404
ATGCCTCCAGCACACC-1_5,-2.464353,7.5581207
ATGCCTCGTAGCGCCT-1_1,-1.6375607,4.482427
ATGCCTCGTCATACCA-1_4,-4.7241864,8.202232
ATGCCTCGTCTTCGAA-1_2,-0.9612745,5.844355
ATGCCTCGTTAGAGTA-1_2,-1.9059019,7.1037807
ATGCCTCTCAACGAGG-1_3,-3.649404,7.1077843
ATGCCTCTCCAATCTT-1_2,-4.4769363,9.297089
ATGCCTCTCCGATGTA-1_4,-1.2580799,5.0770802
ATGCCTCTCGCGTTTC-1_3,-5.487004,7.070093
ATGCCTCTCTAAGAAG-1_4,0.38335946,7.4781075
ATGCGATAGCTGACAG-1_5,2.3755105,7.9914103
ATGCGATAGGTTGACG-1_5,-1.4092282,6.0641236
ATGCGATGTTCAGGTT-1_2,-5.0844827,4.29105
ATGCGATGTTCGATTG-1_3,-3.2673714,9.140499
ATGCGATGTTCTCGTC-1_2,-3.9564786,9.065471
ATGCGATTCATGCAGT-1_6,-2.6169882,11.265249
ATGGAGGCACGGATCC-1_5,1.4556087,7.6732802
ATGGAGGCAGCTGAAG-1_4,1.7509855,7.675104
ATGGAGGGTATCGCGC-1_5,-0.9642548,6.5216565
ATGGAGGGTCAATCTG-1_4,-4.402864,9.774664
ATGGAGGGTTAGCGGA-1_3,-2.498668,6.634327
ATGGAGGGTTCGAACT-1_2,-3.501134,11.304495
ATGGATCCAAAGGTTA-1_6,-2.8914776,3.331732
ATGGATCCAACGATTC-1_2,-1.9538677,4.6718736
ATGGATCCAGAAGCTG-1_4,-4.03803,9.21424
ATGGATCCAGGTCTCG-1_3,0.4358468,7.6862187
ATGGATCCATCTCCCA-1_1,-3.8941112,6.8755617
ATGGATCGTCAGACTT-1_1,-3.7231777,9.566976
ATGGATCGTCTTGCTC-1_3,0.87579393,7.27064
ATGGATCGTGAGTAGC-1_6,-3.5522141,4.0402412
ATGGATCGTTACACTG-1_3,-4.899994,6.47296
ATGGATCTCACGACTA-1_6,-0.97731894,9.425616
ATGGATCTCGCCGAAC-1_3,-4.501619,9.488663
ATGGATCTCTCATTAC-1_6,1.5147339,9.284119
ATGGGAGAGCTGTTCA-1_4,-2.7716527,9.093508
ATGGGAGAGGGTAATT-1_4,-0.40626952,5.3870006
ATGGGAGCAAACGTGG-1_5,-1.8016902,9.57958
ATGGGAGCAGCTACTA-1_4,-3.2209194,11.037725
ATGGGAGCATCTTCGC-1_3,-0.30452237,4.117032
ATGGGAGCATTGTGCA-1_6,1.9531133,3.9791887
ATGGGAGGTTACCTTT-1_5,-1.4097917,7.0229373
ATGGGAGGTTTACTGG-1_3,-5.253861,6.210465
ATGGGAGTCAGCGCAC-1_2,0.7389559,10.148751
ATGGGAGTCATCCCGT-1_6,-4.7751317,6.991126
ATGGGTTAGCCTCAGC-1_2,-3.6305814,4.297619
ATGGGTTCAGCTGTGC-1_1,-0.19679263,4.7948294
ATGGGTTGTGGTTTAC-1_1,-0.62036985,8.079815
ATGGGTTGTTAGTTCG-1_5,-0.57793176,6.5456786
ATGGGTTGTTTACTGG-1_4,-4.933228,4.559477
ATGGGTTTCACCTCTG-1_6,-0.41828197,9.120951
ATGGGTTTCCCTCTCC-1_5,-3.3830712,5.8184495
ATGGTTGAGGATACGC-1_5,1.6737589,8.579257
ATGGTTGAGTTACGTC-1_5,-1.2649319,11.516946
ATGGTTGAGTTGCTCA-1_2,-0.30145076,8.762891
ATGGTTGCACTCTAGA-1_4,-4.1234837,7.241471
ATGGTTGGTACCAATC-1_1,-4.2201757,6.538225
ATGGTTGGTAGATTAG-1_5,0.7872038,10.605332
ATGGTTGGTCCAGGTC-1_3,2.0270894,8.345398
ATGGTTGGTCTTCCGT-1_5,-0.11762784,8.528061
ATGGTTGTCACTGTCC-1_1,1.4666294,10.928371
ATGGTTGTCTACTCAT-1_2,-1.9474356,6.3427444
ATGTCCCAGGCTGTAG-1_1,0.5491246,10.535789
ATGTCCCAGGGAGGCA-1_6,0.0630118,10.011662
ATGTCCCCAATGACCT-1_2,-4.5075326,5.567891
ATGTCCCCACCGTGAC-1_4,-1.9235996,5.1186523
ATGTCCCCACGGTGTC-1_3,-4.479856,7.813974
ATGTCCCCAGCGTAGA-1_2,2.043787,4.8310056
ATGTCCCGTGATACCT-1_2,-2.3416338,3.7822285
ATGTCCCGTGGCTGCT-1_3,-2.2569466,11.173281
ATGTCCCTCAATCTTC-1_4,-3.0018625,5.3279366
ATGTCCCTCCCTCGTA-1_3,0.88910407,5.8465524
ATGTCCCTCGCTAAAC-1_2,0.23247947,4.0098815
ATGTCCCTCTTAATCC-1_3,-4.666388,9.327485
ATGTCCCTCTTTCAGT-1_5,-1.8048881,5.861147
ATGTCTTAGACGCAGT-1_5,3.3363123,4.019842
ATGTCTTAGCGCTTCG-1_3,-0.63337505,10.0899315
ATGTCTTAGGCAGCTA-1_2,-4.2876644,7.0381517
ATGTCTTAGTATGGCG-1_1,3.457046,4.4104075
ATGTCTTAGTGGATAT-1_3,0.4982535,7.1540203
ATGTCTTCAGTCGGAA-1_6,0.02062197,6.9507756
ATGTCTTCAGTTACCA-1_6,-1.9511379,11.68709
ATGTCTTCATCCTTGC-1_6,-0.119684234,8.843771
ATGTCTTGTATACCTG-1_3,-0.7087162,4.8445992
ATGTCTTGTCAGGTGA-1_2,0.27876797,8.816289
ATGTCTTGTGTTCCTC-1_1,0.7800656,4.5956774
ATGTCTTTCATTTCCA-1_4,-5.5130987,5.526304
ATGTCTTTCGATACAC-1_6,-1.062434,3.5481796
ATTACCTAGCTGTTCA-1_4,-2.1277802,8.785245
ATTACCTAGTAATCCC-1_5,0.2899566,9.0162525
ATTACCTAGTTTCGGT-1_2,-0.27132493,3.3301864
ATTACCTCAAAGACGC-1_1,-0.2917773,7.6959143
ATTACCTCATCCGAAT-1_4,-2.0195744,5.12602
ATTACCTGTAAGTTAG-1_5,0.065605655,4.2197223
ATTACCTGTCATGACT-1_6,-1.3840333,11.691774
ATTACCTGTCCTCAGG-1_1,-1.2706063,7.2483916
ATTACCTGTCGTATTG-1_4,1.6438911,8.491167
ATTACCTTCAAGCCGC-1_6,-6.1937404,7.2449665
ATTACCTTCAATCTCT-1_6,2.0067325,4.684009
ATTACCTTCATACGGT-1_1,0.49229923,7.62778
ATTACCTTCTCGTTTA-1_1,-2.1132224,4.0146832
ATTACTCAGCGCCCAT-1_4,-2.8628182,7.164441
ATTACTCAGGATAATC-1_1,0.04800279,6.095633
ATTACTCCACAGTCCG-1_2,2.6292427,4.480333
ATTACTCCAGAAATTG-1_3,-0.8686119,10.174958
ATTACTCCAGTTTGGT-1_1,-2.5861123,3.7898254
ATTACTCCATTGTACG-1_4,2.2260516,3.804254
ATTACTCGTGCCCACA-1_5,1.7799308,10.658782
ATTACTCGTTCCAAAC-1_3,1.2447573,9.227722
ATTATCCAGACCATTC-1_2,-0.6690973,9.812537
ATTATCCAGATGTTCC-1_4,-3.1580353,7.2920628
ATTATCCCACGCGGTT-1_4,0.3974054,8.292132
ATTATCCCACTATGTG-1_3,-3.2762113,8.700913
ATTATCCCATAACGGG-1_3,-2.8640409,2.986189
ATTATCCGTACTCCGG-1_1,-1.1823162,8.356711
ATTATCCGTGAATTAG-1_4,-1.7720385,7.531537
ATTATCCGTGGCCTCA-1_1,-0.56910986,9.853002
ATTATCCGTGTCACAT-1_3,-3.1953945,9.980415
ATTATCCGTTACCGTA-1_3,-1.7104048,9.595853
ATTATCCTCAAGCGTT-1_5,1.7875059,5.9978037
ATTATCCTCAGACCGC-1_2,-0.08406775,7.676822
ATTATCCTCATGAGAA-1_2,-5.2193074,6.792259
ATTATCCTCTCCGCAT-1_2,-5.2254033,5.603233
ATTATCCTCTTCCAGC-1_3,-0.8908826,7.248869
ATTATCCTCTTCTTCC-1_2,-5.3090854,7.9130893
ATTCACTAGAGAGCAA-1_4,-1.5408249,9.447398
ATTCACTAGCGGACAT-1_6,-2.9203455,7.2212996
ATTCACTCACAAGTTC-1_4,-1.4656767,9.26192
ATTCACTCAGAACTCT-1_2,-0.4238018,11.134101
ATTCACTCATATTCGG-1_2,-4.794213,5.7350183
ATTCACTGTACAAGCG-1_4,-2.821538,3.9671814
ATTCACTGTAGCGCTC-1_1,-3.0822053,5.1407595
ATTCACTGTCGGTGAA-1_4,-3.2965794,5.01525
ATTCACTGTGGGTTGA-1_3,-1.0781975,9.2213745
ATTCACTTCGATTGAC-1_4,-2.6594958,11.365306
ATTCACTTCGCCAATA-1_5,-3.0819914,4.498475
ATTCAGGAGTCTTGGT-1_4,-2.6068697,4.5154333
ATTCAGGCAACTCCCT-1_1,-2.867427,9.974714
ATTCAGGCACAATTCG-1_6,-0.69941205,4.0156083
ATTCAGGCACCAGTTA-1_6,-3.6628485,10.99413
ATTCAGGCATTGGGAG-1_3,-4.2991776,7.5019674
ATTCAGGGTTAAGCAA-1_2,-1.2265261,3.427086
ATTCAGGGTTGTGTTG-1_1,-0.026101867,5.4225554
ATTCAGGTCCAAGCAT-1_4,-1.9236456,4.708516
ATTCAGGTCTCCAAGA-1_2,-2.0724494,8.987832
ATTCATCAGACATCAA-1_3,-5.2169547,6.0519986
ATTCATCAGACCCTTA-1_2,-0.67129916,8.766813
ATTCATCAGAGCAGAA-1_2,-0.71309775,8.778428
ATTCATCAGATCCCGC-1_3,4.192691,7.17125
ATTCATCCAAACTAGA-1_6,-4.161476,7.950329
ATTCATCCACACCGAC-1_2,-4.3791094,10.353728
ATTCATCCACACCGAC-1_5,-4.3998876,8.337675
ATTCATCCACGGGCTT-1_3,-2.7320185,9.804846
ATTCATCCAGTAACGG-1_6,0.23663768,10.252389
ATTCATCCATAGGAGC-1_3,-2.488884,6.3816743
ATTCATCCATGGACAG-1_6,-3.201165,10.787934
ATTCATCGTCGTGATT-1_4,-3.2329862,5.9284883
ATTCATCGTGGCCTCA-1_1,-3.5658982,5.330596
ATTCATCTCAGCGGAA-1_6,-5.531927,8.515594
ATTCCATAGCCAAGTG-1_5,-1.2667564,5.2860217
ATTCCATAGCCTGACC-1_2,-2.073802,5.702831
ATTCCATAGGGCAACT-1_1,1.9766289,8.545899
ATTCCATAGTGCCCGT-1_1,-3.5335915,7.721464
ATTCCATAGTGTACCT-1_2,-1.0206558,9.121386
ATTCCATCAAACCGGA-1_2,-0.3028068,5.793545
ATTCCATCAAGTGGCA-1_4,1.5089017,7.3653703
ATTCCATCACCGTCTT-1_4,-0.635668,10.86644
ATTCCATCAGCTATAC-1_6,-1.8800166,9.684342
ATTCCATGTAAGGCTG-1_6,-2.3583658,3.0666149
ATTCCATGTCAAGTTC-1_4,-2.3110085,10.319201
ATTCCATGTCCGGTGT-1_2,-0.6576934,4.318722
ATTCCATGTGCTATTG-1_6,-1.4888569,6.3757477
ATTCCATTCTGTCTCG-1_1,-4.862065,7.495773
ATTCCCGAGTATCCTG-1_2,-4.6631246,6.2686048
ATTCCCGCAAGTGGCA-1_3,-0.74508244,8.836751
ATTCCCGCACGCAAAG-1_1,-0.018368443,6.8872876
ATTCCCGCACGTTGGC-1_4,-2.09289,5.7492833
ATTCCCGCAGAAGTTA-1_4,-2.4153647,10.979606
ATTCCCGCAGTAGAGC-1_2,-0.33100602,8.672319
ATTCCCGGTCAGACGA-1_5,-3.0630572,9.808404
ATTCCCGGTGACTCGC-1_5,-2.8825634,8.318079
ATTCCCGGTTGGGAAC-1_2,-1.4113439,8.615368
ATTCCCGTCCTACACC-1_2,-2.3656967,4.4015956
ATTCCCGTCTACGGGC-1_6,-5.3075986,5.4571767
ATTCCTAAGACGACGT-1_2,-0.32393393,6.3580117
ATTCCTAAGACTTCAC-1_3,-0.32459635,3.9744813
ATTCCTAAGAGTTGCG-1_4,-1.9999923,5.735094
ATTCCTAAGGCACAAC-1_5,1.6037152,6.2229557
ATTCCTACACACAGCC-1_6,-0.45778555,12.110283
ATTCCTACACAGCTTA-1_1,-0.60990196,7.987705
ATTCCTACACCGGAAA-1_2,-1.5656995,11.275396
ATTCCTACATGGCCCA-1_1,1.4965339,9.738556
ATTCCTAGTAGCGTTT-1_3,-1.4771401,5.6082006
ATTCCTAGTCCGGACT-1_5,-2.5282655,5.9886045
ATTCCTAGTCGTGCCA-1_2,-1.2339672,11.412704
ATTCCTATCATTTGCT-1_3,-5.2738824,9.472347
ATTCCTATCGAACACT-1_6,-2.2729442,8.072922
ATTCCTATCTGGACCG-1_1,-0.58755267,10.984413
ATTCCTATCTTCCTAA-1_3,-0.94454587,9.922576
ATTCGTTAGCTGTGCC-1_4,-4.1534705,8.042213
ATTCGTTAGGATTTCC-1_2,-2.421892,8.404864
ATTCGTTAGGCCTAAG-1_4,-1.4442815,7.6597066
ATTCGTTAGGGAGGCA-1_4,2.416969,7.9428754
ATTCGTTAGTTGTCAC-1_2,-2.0916715,11.298932
ATTCGTTCACAAGGTG-1_2,-1.0039284,4.615246
ATTCGTTCATGTAACC-1_3,1.7475176,10.111939
ATTCGTTGTACACGCC-1_4,2.9596188,5.059018
ATTCGTTGTCACCGCA-1_6,-1.6449492,5.021324
ATTCGTTGTCTTGAAC-1_3,-3.1918476,8.515194
ATTCGTTGTGAGTGAC-1_2,-3.244067,6.625911
ATTCGTTTCAGTCTTT-1_6,-5.248791,8.408328
ATTCGTTTCGAAGCAG-1_5,-1.0328251,7.082604
ATTCTACCAGAACATA-1_5,0.78227824,6.719039
ATTCTACCAGAAGTTA-1_4,-1.1059093,9.064307
ATTCTACCATATGGCT-1_5,-3.9315963,4.843607
ATTCTACCATGACGGA-1_4,-4.6282296,9.292253
ATTCTACCATGGCTAT-1_2,-2.6091163,7.438805
ATTCTACCATTATGCG-1_5,-0.78558874,10.302205
ATTCTACGTATCGTTG-1_2,-1.1558874,11.67352
ATTCTACGTTTGGAAA-1_3,-2.3827307,3.2802489
ATTCTACTCCTTATCA-1_2,-1.6935152,6.6153646
ATTCTTGCATTGCCTC-1_1,-1.3318738,8.698003
ATTCTTGGTCTTCATT-1_2,-1.213193,9.979864
ATTCTTGTCACCCTGT-1_1,-4.12756,7.3598127
ATTCTTGTCACGAACT-1_3,4.4188247,7.1129746
ATTCTTGTCATACGGT-1_2,-1.9523278,6.418836
ATTGGGTAGGATGCGT-1_6,-3.2489362,9.239943
ATTGGGTCAGACCTAT-1_5,-0.9847263,10.081633
ATTGGGTGTACCTATG-1_1,-1.6680472,5.662956
ATTGGGTGTGTTACTG-1_5,-3.4844773,8.701814
ATTGGGTTCCCAGTGG-1_5,-1.223873,8.905251
ATTGGGTTCCCTTCCC-1_2,-4.7439737,7.6848397
ATTGGGTTCCTTCTGG-1_5,-1.8503194,11.018342
ATTGGGTTCGACGACC-1_4,0.010299797,8.017503
ATTGGGTTCGACTCCT-1_3,-1.5756783,5.6819606
ATTGGGTTCTCGTGGG-1_6,-1.9999813,9.844708
ATTGTTCAGAATTGCA-1_4,0.38095444,4.521283
ATTGTTCAGCTGAGCA-1_1,1.8982978,10.072656
ATTGTTCCAAAGACGC-1_4,-3.1744056,4.011427
ATTGTTCCACAGTACT-1_3,-2.989947,3.8374841
ATTGTTCCAGCAGTAG-1_4,-1.5653744,9.333911
ATTGTTCCATAGTCAC-1_3,0.42151943,10.00891
ATTGTTCGTACGTACT-1_3,-3.2358766,5.8123026
ATTGTTCGTGCATACT-1_2,-1.0186901,8.176609
ATTGTTCGTGTCCAAT-1_2,0.6017386,7.033659
ATTGTTCGTTGTAAAG-1_1,2.430368,4.0501676
ATTGTTCTCAGCTCTC-1_1,2.000613,5.0853825
ATTGTTCTCCAACTGA-1_3,-0.36819133,8.51797
ATTTACCAGAAATTCG-1_5,-2.8248072,6.263236
ATTTACCAGAGGTTAT-1_2,-3.778309,3.4672084
ATTTACCAGTCATACC-1_5,-0.5022041,3.8278656
ATTTACCCACCTAAAC-1_1,-2.4484274,9.883298
ATTTACCCAGTTTCGA-1_6,-5.3996863,4.853693
ATTTACCCATCCAACA-1_6,0.27864966,8.917706
ATTTACCGTACTCCGG-1_6,-1.3736212,7.351754
ATTTACCGTAGCTAAA-1_5,-1.0093694,8.692377
ATTTACCGTATCGTAC-1_5,-1.1984291,8.444101
ATTTACCGTCAAAGTA-1_3,-1.830028,8.932818
ATTTACCGTGTCCAAT-1_3,0.6429887,7.7208924
ATTTACCTCACTTGTT-1_1,0.12486181,12.721771
ATTTACCTCATTTGGG-1_2,-2.7058425,8.475828
ATTTACCTCCGGCTTT-1_5,-2.4513586,3.866975
ATTTACCTCGTAACAC-1_5,-4.0599375,6.4345694
ATTTCACAGCGTGAAC-1_3,-3.1236687,5.012279
ATTTCACAGTGCTAGG-1_4,-5.660137,6.3914804
ATTTCACCAATTGCAC-1_1,-0.66997796,7.9857693
ATTTCACCACGGTAGA-1_3,0.34429982,6.78093
ATTTCACCACTGCGTG-1_3,-2.3449218,4.387647
ATTTCACCATCTAGAC-1_2,-2.5968919,9.886913
ATTTCACCATGTGCCG-1_6,-2.1369874,5.418699
ATTTCACGTACTGCGC-1_2,4.6033797,6.9793754
ATTTCACGTAGCACAG-1_3,-0.29996747,6.2196903
ATTTCACGTTCTCGCT-1_2,-0.93588877,5.744911
ATTTCACTCCTTCTGG-1_4,-3.5611923,8.914009
ATTTCTGAGGGCTTCC-1_2,0.6778427,10.014784
ATTTCTGAGGTACTGG-1_5,0.9049431,8.459982
ATTTCTGAGTGAGGTC-1_3,-2.8480694,3.7878366
ATTTCTGCACAGAAGC-1_3,2.7965505,4.696427
ATTTCTGCACCCTAGG-1_4,1.0940081,8.202746
ATTTCTGCACCGGTCA-1_5,-3.7502706,3.8162253
ATTTCTGCAGACAAAT-1_1,-1.1328697,5.66267
ATTTCTGCAGCAGTTT-1_2,1.9404861,10.159391
ATTTCTGCAGCGGTTC-1_1,-0.06593884,7.2594495
ATTTCTGGTCAGTCTA-1_6,0.44481614,10.62489
ATTTCTGGTCGAGTGA-1_1,-4.968575,8.005837
ATTTCTGGTCGGAACA-1_5,-2.598878,10.777932
ATTTCTGTCGTCAGAT-1_2,-4.2237196,6.5852385
ATTTCTGTCGTTCTAT-1_4,-1.8802146,4.958474
ATTTCTGTCTAGTCAG-1_3,-5.3082204,7.5548263
ATTTCTGTCTTGGAAC-1_3,-0.118049964,8.323859
CAAAGAAAGCATCTTG-1_3,1.1085119,8.797279
CAAAGAAAGGTTCTTG-1_2,-0.444229,10.059255
CAAAGAAAGTCATTGC-1_3,-3.4958143,8.218206
CAAAGAACAAGCTGCC-1_5,-4.030642,9.325214
CAAAGAACAAGTGGCA-1_5,-5.0040293,5.737209
CAAAGAAGTAAGTCAA-1_1,-0.1659696,7.7885923
CAAAGAAGTCGGTGAA-1_5,-3.2334838,6.923689
CAAAGAATCATGCGGC-1_5,0.2640237,4.775926
CAAAGAATCTGTCGTC-1_4,2.7625113,4.1867023
CAACAACAGCACTCTA-1_3,-3.4752715,9.036752
CAACAACAGTACCCTA-1_6,-2.369909,7.4463453
CAACAACCAATCACGT-1_1,-1.0181451,5.3652153
CAACAACCAATCCAGT-1_2,-2.7214248,9.579336
CAACAACCAGACAAGC-1_2,-0.05096199,4.7114067
CAACAACCAGCAGTAG-1_2,-0.32075605,8.896798
CAACAACCAGCTCCTT-1_4,-0.5238481,8.782522
CAACAACCATTCCTAT-1_5,-1.829924,10.105657
CAACAACGTAACCCTA-1_1,-1.8410164,6.4813833
CAACAACGTCTGTAAC-1_3,-0.35599348,9.417633
CAACAACGTTTCGGCG-1_1,0.82164013,4.2403727
CAACAACTCACTGGGC-1_1,-0.8792664,5.2717366
CAACAACTCCCGGTAG-1_3,-1.7778281,11.166137
CAACAACTCGATTTCT-1_5,-3.3629704,5.6852303
CAACAACTCGGTAGGA-1_5,-3.9336836,3.9061215
CAACAACTCTCACCCA-1_3,-2.0197453,6.390479
CAACAGTAGCATGAAT-1_4,-0.28701037,5.632356
CAACAGTAGGTAAACT-1_3,-5.642655,5.6895466
CAACAGTAGGTAGATT-1_3,-4.832225,7.197062
CAACAGTAGTAACGAT-1_1,2.4146998,4.0260873
CAACAGTAGTCACGCC-1_5,-3.5235207,5.859207
CAACAGTCACACCTGG-1_1,-2.8874235,10.700283
CAACAGTCACAGAGAC-1_5,-3.4536765,7.2945437
CAACAGTCACTTTAGG-1_1,-2.9239004,6.55329
CAACAGTGTCAACACT-1_5,-4.08373,10.520958
CAACAGTGTCATAACC-1_1,2.4479501,8.791477
CAACAGTTCATTGTGG-1_6,-0.17174713,5.7604823
CAACAGTTCCATCTAT-1_2,-1.3793335,3.7380393
CAACCAAAGACCAGAC-1_2,-0.9842449,11.298764
CAACCAAAGCCTGCCA-1_2,-0.9942653,11.479535
CAACCAAAGGCGCTTC-1_5,-2.4058156,8.685781
CAACCAAAGTTGCCTA-1_5,-3.3270848,8.629058
CAACCAACACTGGCGT-1_1,1.9369187,3.7701185
CAACCAACAGACTCTA-1_5,-4.2964606,3.4713585
CAACCAACATGCTGCG-1_4,-2.9689374,9.836153
CAACCAAGTAACCCGC-1_6,-0.9321538,11.347928
CAACCAAGTCTCAAGT-1_6,2.2201064,9.442406
CAACCAAGTCTTTCTA-1_4,1.4661611,8.646049
CAACCAAGTGATAGTA-1_3,-3.7485056,4.875346
CAACCAAGTGGCACTC-1_5,-0.3306986,3.5366461
CAACCAAGTTCGAGCC-1_1,-0.8807014,9.076617
CAACCAATCAACTCTT-1_1,-1.0816251,7.04564
CAACCAATCACTTATC-1_5,0.6939983,10.719901
CAACCAATCATTACGG-1_3,-2.7922099,4.207842
CAACCAATCCGAGAAG-1_3,-0.52332443,6.856124
CAACCAATCCGATCTC-1_1,-3.5907383,10.128533
CAACCAATCCTCTTTC-1_4,-1.1363887,11.775517
CAACCTCAGAGCATTA-1_1,-1.5029947,5.4079957
CAACCTCAGATCCCGC-1_5,-2.057397,4.9388704
CAACCTCAGCCATTTG-1_2,1.0892757,9.146881
CAACCTCAGGATACGC-1_4,-4.739784,9.426601
CAACCTCAGGGACCAT-1_5,-0.07033199,8.6062155
CAACCTCAGTAGCAAT-1_6,2.489709,7.915751
CAACCTCCAAGCGAAC-1_4,-1.8575255,6.063178
CAACCTCCACCTGCTT-1_5,-0.89388484,8.170229
CAACCTCCAGTGTGGA-1_5,-5.5084515,7.4645743
CAACCTCGTAAGGAGA-1_3,0.90013736,10.041268
CAACCTCGTAGTAAGT-1_3,2.1144614,7.827343
CAACCTCGTATGCAAA-1_4,-1.2671102,9.22414
CAACCTCGTCATCCGG-1_2,1.9083122,8.880218
CAACCTCTCGAGTCCG-1_4,2.1689842,4.0336547
CAACCTCTCGCTCATC-1_1,-3.3518412,5.115603
CAACGATAGCAGGCTA-1_1,0.39992362,9.060702
CAACGATAGCTTGTTG-1_1,-1.1596371,4.7608747
CAACGATAGTATCCTG-1_3,-1.3444728,3.3126018
CAACGATAGTATGATG-1_1,-4.296061,9.659038
CAACGATCAAGCTCTA-1_3,-1.4974419,9.723393
CAACGATCATCATCTT-1_2,-5.7357016,6.922329
CAACGATGTATTTCGG-1_5,0.45570037,9.602543
CAACGATGTTTACGAC-1_4,-1.8263493,3.6304264
CAACGATTCGCGTAGC-1_1,-1.3908862,9.163724
CAACGATTCGGCCAAC-1_3,1.8489792,4.753209
CAACGGCAGCCTTCTC-1_3,1.3929683,8.42284
CAACGGCCAACGACTT-1_3,0.098785244,8.982958
CAACGGCCAATCAGCT-1_3,-1.9471604,4.7180476
CAACGGCCATACCAGT-1_2,2.276057,4.050718
CAACGGCCATCACGGC-1_5,-1.619808,6.5235524
CAACGGCGTCCAATCA-1_1,-2.8477824,4.1462097
CAACGGCGTTAAACAG-1_1,-2.131938,6.318958
CAACGGCTCGTTTACT-1_2,-0.9808944,11.461421
CAAGACTAGCTCGGCT-1_1,-0.49277365,4.0072103
CAAGACTCAATCCTAG-1_3,0.46573818,8.687239
CAAGACTCACCTCTGT-1_1,-0.42180905,4.245409
CAAGACTCAGCGGTCT-1_2,-2.5228477,3.6314576
CAAGACTCATCATTTC-1_4,-2.9088225,9.021768
CAAGACTGTAGATTAG-1_2,0.10039539,6.165813
CAAGACTGTGTGTTTG-1_2,-0.15526077,8.9372
CAAGACTTCCTCTCGA-1_5,0.9839541,8.083682
CAAGACTTCTCGTTTA-1_1,0.33482328,8.169372
CAAGAGGAGAATTGCA-1_3,-2.744964,7.5506525
CAAGAGGAGTATGCAA-1_1,-1.6788466,10.208188
CAAGAGGCAACTTGGT-1_4,-4.9465814,8.124392
CAAGAGGCACCAGTTA-1_1,-0.68251806,8.255046
CAAGAGGCACGGAAGT-1_4,-1.9668831,5.4195385
CAAGAGGCAGAGGCTA-1_4,-3.0727687,10.563337
CAAGAGGGTATCGTTG-1_3,-3.476144,8.561245
CAAGAGGTCATTGTGG-1_4,-1.5745871,7.477454
CAAGAGGTCGGTCACG-1_2,0.2659431,4.6588845
CAAGCTAAGACAGTCG-1_2,-5.4490747,8.371994
CAAGCTAAGCCGTCGT-1_4,-2.4156058,8.244546
CAAGCTAAGCTGGAGT-1_3,-2.835025,6.631509
CAAGCTAAGGACATCG-1_3,-1.4364817,8.520486
CAAGCTAAGTTACGGG-1_1,-4.9234877,6.924117
CAAGCTACAACGACTT-1_5,-0.34713352,7.6619325
CAAGCTACAGTCGCAC-1_2,2.192854,6.7439666
CAAGCTACATAGCACT-1_2,0.8343811,6.607785
CAAGCTAGTCATCGCG-1_1,1.7433977,5.4106436
CAAGCTAGTCTGCGCA-1_5,-0.43752173,10.147562
CAAGCTAGTGCCTACG-1_4,-2.0843236,7.4082623
CAAGCTATCAAGTGTC-1_4,-5.109313,7.501698
CAAGCTATCATGAAAG-1_2,-1.2824571,3.1518319
CAAGCTATCCACAGGC-1_3,2.4956758,10.126876
CAAGGGAAGACTACGG-1_5,-0.70322865,7.1401877
CAAGGGAAGTCATAGA-1_2,-5.346923,5.3467164
CAAGGGACAAATCAGA-1_4,-1.0441428,6.3033934
CAAGGGACAATTTCCT-1_1,-4.7009263,9.661495
CAAGGGACACCAAATC-1_2,-1.9616848,7.355429
CAAGGGACAGCGTGCT-1_2,2.4003372,8.354081
CAAGGGACAGTCAGCC-1_2,-4.2886105,6.765131
CAAGGGAGTACTCCGG-1_2,1.7655528,4.1582284
CAAGGGAGTCTGTGCG-1_2,-0.8373394,5.7685604
CAAGGGAGTTAGTCGT-1_1,-1.1519862,4.4735227
CAAGGGATCGGCTTCT-1_1,-5.4836087,7.689247
CAAGGGATCGTTCTAT-1_2,-2.929431,5.0400686
CAAGGGATCTACCCAC-1_1,-2.097894,6.9892817
CAAGGGATCTAGACAC-1_1,-3.037105,6.3223553
CAATACGAGTCATCGT-1_2,-1.1710285,10.64491
CAATACGCATCAGCAT-1_6,-2.4866142,4.7314615
CAATACGCATGACGAG-1_1,-4.2880173,9.80592
CAATACGGTAAGCTCT-1_5,2.8765023,9.64338
CAATACGTCAAGCGTT-1_4,4.477289,6.715049
CAATACGTCGGATACT-1_2,0.8310032,10.338313
CAATCGAAGGGAACAA-1_2,0.62396944,8.640638
CAATCGACACAGTACT-1_5,1.1350406,10.319157
CAATCGAGTAAGGCCA-1_4,-3.3298514,8.377295
CAATCGAGTAGCCCTG-1_5,-2.6610682,6.2905884
CAATCGAGTGGCTAGA-1_1,0.5613072,7.7759566
CAATCGAGTTTGAAAG-1_5,-1.2581596,6.72966
CAATCGATCAAGTCTG-1_1,-2.9237661,3.5458548
CAATGACCAGAGAGGG-1_1,-3.8625839,10.187877
CAATGACCAGGCACAA-1_4,0.4352294,8.416434
CAATGACCATGGCGCT-1_6,-3.3082502,8.409136
CAATGACGTAGCACAG-1_1,-5.183808,7.833566
CAATGACGTAGCTAAA-1_4,-0.37480152,6.712398
CAATGACGTATGTCAC-1_1,-3.2393987,4.884632
CAATGACGTCAACCAT-1_6,-1.3195581,10.736466
CAATGACGTCAACCTA-1_5,-2.5319364,7.701827
CAATGACGTCCAGGTC-1_2,-2.627832,6.312939
CAATGACGTTCCTTGC-1_2,-3.020693,5.2353005
CAATGACTCACTGAAC-1_1,0.30250272,7.932786
CAATGACTCAGGGATG-1_3,-3.0231566,5.8825593
CAATGACTCCTTATAC-1_2,0.89504033,6.487825
CAATGACTCTTTGCAT-1_1,-1.7514238,6.428105
CAATTTCAGACTCGAG-1_3,-5.0583806,6.8700614
CAATTTCAGGACAGCT-1_6,-1.4747535,10.765228
CAATTTCCACAGACGA-1_2,-3.6593685,9.411098
CAATTTCCACCAACAT-1_5,-2.7008266,11.794467
CAATTTCGTCTACTGA-1_5,0.78668267,7.652609
CAATTTCTCACCTGTC-1_5,-2.6155941,7.533267
CAATTTCTCGAGTGAG-1_6,-1.4995502,12.108131
CAATTTCTCGTAGCTA-1_1,-3.5977814,6.254322
CAATTTCTCTGCATGA-1_2,0.0288178,8.319311
CACAACAAGCCACTCG-1_3,-2.2380419,10.83848
CACAACACAAAGACGC-1_3,2.8953397,5.517525
CACAACACAAGAGGCT-1_6,0.7321195,6.03273
CACAACACAGACGATG-1_2,-0.94878423,6.4110637
CACAACAGTAGCTGAG-1_1,-0.9051828,11.608486
CACAACAGTCTTTCAT-1_3,-0.5780299,8.753035
CACAACATCACCGGGT-1_2,-5.017626,8.708032
CACAACATCTCTCGAC-1_4,-3.3425996,5.3091254
CACACAAAGCAAGGAA-1_4,-4.1502047,6.3785014
CACACAAAGGAATCGC-1_1,2.0591772,4.789486
CACACAAAGTCGGGAT-1_5,1.6995491,10.803586
CACACAACAACGACTT-1_3,-1.033428,8.6042185
CACACAACAAGAGGCT-1_5,-1.2347337,10.260759
CACACAACACCCAATA-1_6,-4.665573,9.09877
CACACAACACCTTCCA-1_5,0.37706456,2.991739
CACACAACAGGTCCGT-1_2,-1.4138604,4.8063297
CACACAACAGTTGCGC-1_6,-2.143556,11.37377
CACACAAGTACAGCGA-1_2,-3.4696405,5.0748544
CACACAAGTACTGCCG-1_5,0.3226642,7.202388
CACACAAGTTACCCTC-1_2,-1.044971,7.94219
CACACAATCAAGATAG-1_4,0.3603986,6.1159735
CACACAATCCCATAGA-1_3,0.2076422,6.8895473
CACACAATCGCTTACC-1_4,-2.5571008,9.736598
CACACAATCTCGGTAA-1_2,-3.2726216,6.748805
CACAGATAGACTAGAT-1_4,-3.2113233,7.1532226
CACAGATAGCCATTCA-1_4,-3.699955,7.06141
CACAGATAGTAAGAGG-1_5,-1.2267622,4.903397
CACAGATCAACGGTAG-1_6,-4.224015,6.6382537
CACAGATCAAGGCGTA-1_5,0.5437327,11.074841
CACAGATCAATCTCTT-1_6,-0.3083798,11.073426
CACAGATGTAATCAGA-1_4,-4.996256,5.313492
CACAGATGTCAGTTTG-1_3,-1.0613536,9.334564
CACAGATGTTCTAACG-1_3,-4.6573873,6.5033145
CACAGATTCGGTCGGT-1_3,-3.0417094,7.5567656
CACAGATTCTCTAGGA-1_3,1.1938069,6.076547
CACAGGCAGAGCACTG-1_6,-0.8902687,8.953529
CACAGGCAGATGTTAG-1_6,0.0058643683,6.7041745
CACAGGCCACCCTAAA-1_4,-1.0725702,7.2101917
CACAGGCCACCGTGGT-1_5,1.4299061,9.115703
CACAGGCCAGAAGTTA-1_4,-1.4837601,3.6567376
CACATGAAGAGCAGTC-1_1,-2.39743,7.1031795
CACATGAAGGCCCGTT-1_1,-3.221843,3.071892
CACATGAAGGGAGTTC-1_4,4.754878,6.305968
CACATGACAAATGCGG-1_4,0.64471143,4.2731085
CACATGACAAGGGTCA-1_2,-0.720063,10.819203
CACATGACAATCGCGC-1_1,-0.07909191,7.8478184
CACATGACAGCGAGTA-1_3,-5.121701,5.884195
CACATGACAGCGCGTT-1_4,1.3570116,10.385291
CACATGAGTGGTATGG-1_5,-1.7552688,5.293497
CACATGATCCTGCTAC-1_1,2.686093,6.8430004
CACCAAAAGAGTCTGG-1_2,0.27276438,9.620629
CACCAAAAGCCTAGGA-1_3,-1.2845896,9.606335
CACCAAAAGCGTTCCG-1_3,-5.77053,7.651147
CACCAAAAGGACGCTA-1_3,-3.4447489,5.2507024
CACCAAAAGGACGGAG-1_4,2.7268531,4.7735524
CACCAAAAGGCTGTAG-1_2,0.036150783,8.380369
CACCAAAAGGGCAAGG-1_1,1.862372,8.17013
CACCAAAAGTCCGTCG-1_3,2.4873679,9.86124
CACCAAAAGTCTAACC-1_2,-5.594894,4.6447835
CACCAAAAGTGCCAGA-1_4,-2.5422769,10.264299
CACCAAACACCCTTAC-1_4,-2.4344234,3.4479437
CACCAAAGTACTGGGA-1_3,-2.7730067,3.5297391
CACCAAAGTCAACCAT-1_3,-0.55256,8.606795
CACCAAAGTCCTATAG-1_1,-2.3468008,10.76515
CACCAAAGTTCAGCTA-1_6,-0.005199482,5.2703676
CACCAAAGTTTCGATG-1_5,2.4414353,10.237273
CACCAAATCTCCAATT-1_5,-4.158192,10.799712
CACCGTTAGTCCTGTA-1_1,0.41986865,8.164315
CACCGTTCACCTGCTT-1_5,-3.0316043,7.696203
CACCGTTCATAGATGA-1_6,-1.1781042,8.533284
CACCGTTTCCAAGGGA-1_6,-1.9217484,4.4964457
CACCGTTTCCTAGAGT-1_5,-3.3932621,10.278494
CACCGTTTCCTCTTTC-1_6,-0.37504575,11.667073
CACCGTTTCGGACTGC-1_2,-2.9198716,4.502573
CACCGTTTCTTCTGGC-1_3,-0.97535795,6.769307
CACGAATAGAGCAGAA-1_5,1.925425,4.3206325
CACGAATAGAGCTGAC-1_2,-2.0264604,5.9525967
CACGAATAGTGAGTGC-1_2,-1.9378102,3.356723
CACGAATCAAGTCCAT-1_4,-4.2471895,8.516726
CACGAATGTCCAGCAC-1_5,2.6516566,9.831363
CACGAATGTGGACAGT-1_6,-4.583553,8.634625
CACGAATTCGCTCCTA-1_5,-4.814141,10.195946
CACGAATTCGCTTTAT-1_1,-2.4664104,9.153038
CACGAATTCTACACAG-1_2,-1.5725888,10.559955
CACGAATTCTGACAGT-1_2,0.3937603,8.897519
CACGGGTAGACCATAA-1_6,-3.1467664,11.410824
CACGGGTAGCTAATGA-1_5,0.6662468,6.621073
CACGGGTAGTCAGGGT-1_3,-3.2281523,9.011482
CACGGGTCAGGCGATA-1_5,0.45442814,8.408901
CACGGGTCATAACCCA-1_5,3.1906798,4.330658
CACGGGTCATGTCAGT-1_2,-5.534574,5.8702087
CACGGGTGTAGACAGC-1_4,-0.44959244,5.434587
CACGGGTGTCCAGCGT-1_4,-4.555204,7.842005
CACGGGTGTGTCCACG-1_5,1.301141,9.6246805
CACGGGTGTGTTTGCA-1_5,-2.4264035,4.300864
CACGGGTTCACCATAG-1_2,-0.9895367,8.236289
CACGGGTTCCTAGCGG-1_2,-4.3017654,10.401539
CACGTGGAGCCTATCA-1_5,-2.0349827,5.2159443
CACGTGGAGGCTAACG-1_1,-4.10656,4.294602
CACGTGGAGGGCTTCC-1_4,-2.6655107,4.2169785
CACGTGGCACACCTTC-1_1,-3.5131743,9.959298
CACGTGGCACCCTATC-1_2,-2.066939,4.3962264
CACGTGGCACGTGAGA-1_6,-2.9760303,9.527057
CACGTGGCATAATCGC-1_5,-1.6039141,8.26472
CACGTGGCATCCTATT-1_1,-1.4134103,5.563202
CACGTGGGTACGTAGG-1_3,-1.7929627,10.208792
CACGTGGGTGCCGTTG-1_4,-1.6720482,8.562558
CACGTGGGTGCTCTCT-1_2,-5.1770964,9.921138
CACGTGGGTTCTCCCA-1_4,1.4575505,9.987951
CACGTGGTCAACCTCC-1_2,-0.48011062,7.6950903
CACGTGGTCAGACCCG-1_2,-3.4817574,5.9901285
CACGTTCAGCCATATC-1_5,-5.7526836,6.532568
CACGTTCGTTTGATCG-1_2,-2.834983,6.642445
CACGTTCGTTTGTTCT-1_4,-4.4692907,8.890129
CACGTTCTCCTAGCTC-1_4,-5.40877,6.9693947
CACGTTCTCGACACCG-1_3,-2.9212406,5.6674633
CACTAAGAGCGGGTAT-1_2,-2.5698662,6.2537827
CACTAAGAGGAAGTCC-1_6,-3.3710947,11.488286
CACTAAGCAATGCTCA-1_5,1.3726512,6.5696716
CACTAAGGTAATTGGA-1_5,0.23304392,4.5838857
CACTAAGGTCCCTAAA-1_4,-1.2671671,6.5593243
CACTAAGGTTGAGAGC-1_2,-4.592495,5.967433
CACTAAGGTTTACCTT-1_3,-3.1914735,7.539595
CACTAAGTCAACCGAT-1_5,-2.560106,8.694292
CACTAAGTCACTAGCA-1_5,-2.9239001,3.5184438
CACTAAGTCCACTGAA-1_6,-4.9423604,8.913888
CACTAAGTCCATACTT-1_2,-2.6611063,8.8250265
CACTGAAAGACATAAC-1_4,-1.9311382,9.057474
CACTGAAAGAGCACTG-1_5,-0.7884399,8.328026
CACTGAAAGCGAGTCA-1_4,-1.9630501,3.151355
CACTGAAAGGCTAGCA-1_1,-3.0549815,7.661859
CACTGAACAACTAGAA-1_5,-3.9108016,8.084337
CACTGAACAGATGCGA-1_5,-2.3803663,4.1842585
CACTGAACATATGGCT-1_1,-4.903694,6.8701725
CACTGAAGTAGCGCTC-1_4,0.47676724,4.962874
CACTGAAGTCTGTGTA-1_4,-4.744252,5.8404465
CACTGAAGTTGACGGA-1_6,-5.213228,5.8917027
CACTGAATCAACACGT-1_1,-4.211962,10.45046
CACTGAATCAGACCTA-1_1,-0.40900454,6.663704
CACTGAATCATGCGGC-1_2,-1.8223875,6.5737753
CACTGAATCCAGTACA-1_5,1.5075587,8.393759
CACTGAATCCATCACC-1_4,-0.98716134,7.368159
CACTGGGAGTCTAACC-1_3,-2.3308241,8.193715
CACTGGGAGTGGGAAA-1_4,-4.446903,9.423886
CACTGGGCATGCAGCC-1_4,1.5506169,9.058752
CACTGGGCATTCGATG-1_2,-1.9965445,4.0917063
CACTGGGGTGTAGTGG-1_4,-1.6405373,4.8836503
CACTGGGTCCACGTCT-1_4,-3.7679355,8.246758
CACTGGGTCCAGTGTA-1_5,-2.3617887,3.2875688
CACTGGGTCTGTTGGA-1_3,-6.2318783,6.645396
CACTGTCAGCAGCAGT-1_4,-0.033857588,8.444001
CACTGTCAGGAGAATG-1_1,-1.3229134,5.9437785
CACTGTCCAAATGGTA-1_3,0.91223216,6.804482
CACTGTCTCCCGAGAC-1_4,0.6865767,11.540858
CACTGTCTCGAGTCCG-1_5,-1.9169929,5.5341625
CACTTCGAGCCAGACA-1_1,-4.2887287,4.291155
CACTTCGAGGAAACGA-1_4,0.31358376,9.360957
CACTTCGAGGATAATC-1_3,-3.5464287,10.295758
CACTTCGAGGCACTCC-1_1,0.4291161,6.773526
CACTTCGAGTAAACGT-1_2,-3.5276186,10.932347
CACTTCGAGTGTTGAA-1_3,1.9211713,3.868483
CACTTCGCACCTGCTT-1_3,-2.7026086,9.40538
CACTTCGGTATGGAGC-1_3,0.47797126,9.734612
CACTTCGGTTGAGTCT-1_6,-0.178203,8.326472
CACTTCGTCAACTGGT-1_6,-5.620888,4.948742
CACTTCGTCCGCAACG-1_1,-3.3080482,4.795854
CACTTCGTCCTAGCGG-1_1,1.3548018,5.044716
CACTTCGTCGCATTGA-1_2,-3.6220698,7.9991603
CACTTCGTCGTGGACC-1_5,2.7821605,8.774722
CAGAGCCCAAGAGGTC-1_5,-0.30797517,3.854602
CAGAGCCCACCAGCGT-1_5,0.26399598,8.3673725
CAGAGCCCAGCTTTCC-1_2,-0.8741832,7.6193705
CAGAGCCCAGGTTTAC-1_2,-0.30693474,6.493062
CAGAGCCCATAGAAAC-1_1,-2.5697536,8.29052
CAGAGCCGTCCACTTC-1_4,1.9596994,8.012791
CAGAGCCGTGTCATTG-1_3,-1.2661524,9.492574
CAGAGCCTCATTGTGG-1_1,-2.7042542,4.581417
CAGAGCCTCTACTCAT-1_5,1.2811962,8.438454
CAGAGCCTCTGAGAAA-1_4,2.7422388,4.766064
CAGAGCCTCTGGCCGA-1_6,-1.2293451,8.906284
CAGATACAGCATGGGT-1_4,-1.7510443,7.482289
CAGATACAGCTACGTT-1_4,-4.6758857,6.028028
CAGATACAGTAGAGTT-1_1,-3.892639,10.26963
CAGATACCAAACCACT-1_5,-2.3343093,8.130515
CAGATACCAACGATCT-1_6,0.043711703,6.759654
CAGATACCACCGTGCA-1_1,0.72061914,10.436605
CAGATACCAGCGGTTC-1_6,-3.0826962,6.344117
CAGATACCAGCTACCG-1_1,-2.5150566,7.186944
CAGATACGTACATACC-1_6,-3.2389138,3.851994
CAGATACGTCCTGTCT-1_2,-3.922818,4.3706336
CAGATACGTCTAGGCC-1_1,0.39741737,6.2186704
CAGATACGTGGCTTGC-1_3,-3.451112,10.624358
CAGATACGTTCCCACT-1_1,-2.0173216,9.346431
CAGATACTCTAAGCCA-1_1,-3.4529626,6.0192018
CAGATACTCTCCGAAA-1_1,-1.3459773,8.25492
CAGATACTCTGGGTCG-1_4,-3.4345725,7.4091725
CAGATCAAGACTGGGT-1_3,-3.7132306,9.073101
CAGATCAAGGCACAAC-1_6,-0.019538129,8.07567
CAGATCACAACTGCTA-1_1,-1.4696852,11.808689
CAGATCAGTACAAGCG-1_5,0.39089164,8.170584
CAGATCAGTCCGTACG-1_1,1.7909162,6.4731736
CAGATCAGTCTCCCTA-1_2,-5.736574,8.51485
CAGATCAGTGCTGCAC-1_5,-2.5881116,6.544921
CAGATCAGTTGCATGT-1_5,-1.6971301,5.660172
CAGATCATCGCTAATG-1_4,-4.6428957,6.5376964
CAGATCATCTCAACGA-1_3,-0.9578143,10.2874365
CAGATCATCTTCGCTG-1_6,-3.2166085,5.584448
CAGATTGAGACGTCCC-1_2,-2.1360042,4.5969567
CAGATTGAGCAGAAAG-1_1,1.1372303,8.125236
CAGATTGAGTCTGCAT-1_3,-1.8897568,9.038394
CAGATTGAGTTGCCCG-1_1,-1.4488223,9.115165
CAGATTGCAACCCTAA-1_4,2.0193002,7.9967647
CAGATTGGTTTCGACA-1_6,-4.267497,8.270268
CAGATTGTCATCAGTG-1_2,2.5424733,10.14072
CAGATTGTCCCAACTC-1_6,-4.932585,5.858859
CAGATTGTCCGCAACG-1_5,3.2142987,4.040914
CAGATTGTCGTGCTCT-1_4,-4.1464906,6.2235785
CAGATTGTCTCTTCAA-1_1,-2.0919137,5.6098647
CAGCAATAGCACTCTA-1_3,-0.6061257,4.1136584
CAGCAATAGCCTGTGC-1_5,3.4443061,4.6955013
CAGCAATAGCGAATGC-1_5,0.92648345,8.690886
CAGCAATAGGTCACAG-1_3,-0.40366986,8.488469
CAGCAATCAACACAAA-1_5,-3.3526323,9.053502
CAGCAATCAGAACATA-1_4,-3.834662,6.3411803
CAGCAATCAGTCGAGA-1_3,-0.50766367,8.167108
CAGCAATCAGTCTACA-1_6,-1.0188806,8.734881
CAGCAATCATAGGTTC-1_6,0.23545158,11.822213
CAGCAATGTGGCTGCT-1_1,-0.926144,5.655117
CAGCAATGTTTCTATC-1_4,2.036011,4.411205
CAGCAATTCTAAGAAG-1_1,-5.291119,6.9354563
CAGCACGCAAGGACAC-1_5,-1.6344789,9.622786
CAGCACGCAGCACACC-1_4,-2.359812,10.822004
CAGCACGCAGGAGACT-1_3,-1.6441377,3.1322944
CAGCACGCATTACGGT-1_3,-2.0484383,5.1404366
CAGCACGGTCCCTGAG-1_4,-3.795613,5.564892
CAGCACGGTCTAATCG-1_3,-2.579708,4.801423
CAGCACGGTGCCTTTC-1_3,0.7024155,9.000808
CAGCACGGTGCTGCAC-1_4,-0.99373436,8.578553
CAGCACGTCACCTTAT-1_2,0.87363327,8.862288
CAGCACGTCAGCTAGT-1_1,0.57010865,4.2285066
CAGCACGTCGCAAGAG-1_4,2.2396858,7.765453
CAGCAGCAGGATCATA-1_4,2.3774614,10.192749
CAGCAGCAGGCCACTC-1_1,-1.668003,7.546591
CAGCAGCAGGCTAACG-1_3,-1.9602635,4.4513345
CAGCAGCAGTGATTCC-1_3,-0.6829455,5.7933054
CAGCAGCCACTCCTTG-1_1,-2.1553965,4.8647194
CAGCAGCCAGATTCGT-1_1,-2.3934734,6.291474
CAGCAGCCATAATGCC-1_6,0.12663673,9.081527
CAGCAGCGTAGATCCT-1_4,-0.8803838,9.265426
CAGCAGCTCCTACACC-1_4,-3.4173646,7.617923
CAGCAGCTCCTTCTAA-1_2,-1.8155618,3.3360963
CAGCAGCTCGCCAGAC-1_4,-4.1979165,6.511115
CAGCAGCTCTATCCAT-1_5,-1.2981635,8.232118
CAGCAGCTCTCCGATC-1_4,-5.9132304,7.3282647
CAGCCAGAGACCTCAT-1_2,4.6082177,6.5779843
CAGCCAGAGTGTTCCA-1_3,-5.1718574,9.27076
CAGCCAGCACGGCTAC-1_4,-0.27955687,9.57518
CAGCCAGCAGCTGGTC-1_5,-3.1602871,8.715728
CAGCCAGCATCCAACA-1_2,-4.0325737,6.8551993
CAGCCAGCATCCGGCA-1_4,-0.79612356,6.477956
CAGCCAGGTCGGTACC-1_2,-2.1425242,3.9548318
CAGCCAGTCTGTCTCG-1_3,-3.7583647,8.47981
CAGCGTGAGAATTGCA-1_3,-2.8059132,7.79421
CAGCGTGAGATAGTGT-1_1,-4.6629534,7.3415804
CAGCGTGAGCAACAGC-1_3,-1.3375473,3.8463576
CAGCGTGAGTCATCGT-1_4,0.7263925,7.1388903
CAGCGTGCAGCTTCCT-1_4,0.07589836,5.181256
CAGCGTGTCTCCAAGA-1_5,-5.4103885,6.4009733
CAGGCCAAGCTCTTCC-1_3,-2.501157,7.3428345
CAGGCCAGTACGAGCA-1_2,-2.1191459,3.5002337
CAGGCCAGTCAGACTT-1_2,-0.24520423,8.194294
CAGGCCAGTGATGAAT-1_1,-2.057451,7.6413407
CAGGCCAGTGCTATTG-1_4,-4.342703,8.648349
CAGGCCAGTTTCCAAG-1_6,0.29653293,10.816781
CAGGCCATCAAACCTG-1_6,-2.6283944,10.46136
CAGGCCATCTGCTTTA-1_3,-0.9377368,10.2903185
CAGGGCTAGCTAGATA-1_4,1.9617833,3.7059455
CAGGGCTAGGGTAATT-1_5,-2.0035646,7.652885
CAGGGCTAGGTCACCC-1_4,-3.6854296,5.165602
CAGGGCTAGTTACGTC-1_4,-4.514933,5.54536
CAGGGCTAGTTGCATC-1_6,0.55445784,8.898637
CAGGGCTCAAACAGGC-1_2,-2.9900193,3.9889894
CAGGGCTCAAACCACT-1_1,-0.6957653,10.153856
CAGGGCTCAACGGCTC-1_1,-2.2404578,7.266103
CAGGGCTCAAGCGAGT-1_3,-1.8343219,7.485962
CAGGGCTCAGTGACCC-1_1,-3.1118314,7.7248096
CAGGGCTCATTCCTCG-1_4,-2.135079,11.030966
CAGGGCTCATTGTAGC-1_4,-5.591802,7.32607
CAGGGCTGTACGAGTG-1_1,-5.004523,9.334972
CAGGGCTGTGATACAA-1_6,1.1843239,3.7193074
CAGGGCTGTGGCTTGC-1_5,-1.0929714,5.180046
CAGGGCTGTGTGAATA-1_5,2.3137643,4.3217235
CAGGGCTGTTTACCAG-1_2,-0.14637052,8.258222
CAGGGCTTCCGGTAGC-1_6,-0.46814603,11.778691
CAGGTATAGAGTACCG-1_3,-0.694939,8.591707
CAGGTATAGATGGCAC-1_5,0.6023543,9.482124
CAGGTATAGGATCATA-1_4,-3.785135,8.790221
CAGGTATCAATGTGGG-1_4,-2.5304725,3.6460676
CAGGTATGTAACGGTG-1_2,-1.1483191,10.123187
CAGGTATGTAAGATCA-1_6,0.47910547,4.0021753
CAGGTATGTAAGTTGA-1_4,-2.6633096,3.472477
CAGGTATGTCGTTATG-1_3,-0.37697202,10.79656
CAGGTATTCAAATGCC-1_4,-1.8511338,6.9575653
CAGGTATTCAACACCA-1_6,-1.7475964,8.039862
CAGGTATTCCACACCT-1_2,-0.7262691,3.5075188
CAGGTATTCCATTGCC-1_6,-1.3108673,7.807491
CAGGTATTCGAGTGGA-1_2,-2.0875232,9.525252
CAGGTATTCTGGGTCG-1_3,0.37995255,8.51437
CAGGTATTCTTACGGA-1_5,-1.5136567,9.117394
CAGGTATTCTTTGCAT-1_3,-3.617855,11.449948
CAGTGCGAGCGCCTCA-1_3,-2.672528,9.108362
CAGTGCGGTGTGACCC-1_2,0.3736636,9.654522
CAGTGCGTCATCAGTG-1_6,-1.1289804,5.9944263
CAGTGCGTCTACCCAC-1_1,2.2941465,8.84783
CAGTTAGAGTCCCAGC-1_4,-1.5586365,9.902736
CAGTTAGCAGGACTAG-1_4,-3.0219223,8.585869
CAGTTAGCAGGTTTAC-1_3,-3.0180128,6.300903
CAGTTAGGTACTGACT-1_3,-1.0400746,7.914163
CAGTTAGGTCTTGCTC-1_4,-2.9099212,11.274587
CAGTTAGTCGGATACT-1_3,-1.1095539,8.291809
CAGTTCCAGCGCCTAC-1_2,0.16423911,12.6749935
CAGTTCCAGGGTCAAC-1_4,-5.1652904,7.459315
CAGTTCCCATACCACA-1_4,-0.4493157,9.106059
CAGTTCCTCCTTATGT-1_1,-3.6020892,8.625859
CAGTTCCTCTGCCTGT-1_6,1.2622689,5.708894
CAGTTCCTCTGTAAGC-1_6,-1.5315794,11.498906
CATAAGCAGACATCCT-1_6,-4.747911,7.7592278
CATAAGCAGAGCGACT-1_2,-4.6176953,10.1524935
CATAAGCAGCACCTGC-1_1,-2.8560655,10.543795
CATAAGCAGCATGCAG-1_2,-1.2047777,11.513619
CATAAGCCAACTGTGT-1_1,0.51140773,8.516885
CATAAGCCAAGCGCAA-1_2,1.5678596,4.617057
CATAAGCCAATGAGCG-1_6,-1.0096661,4.0244718
CATAAGCCAGACGCTC-1_5,-0.73079824,4.7706
CATAAGCCAGTCGCTG-1_4,-0.6117482,6.22176
CATAAGCCATTGCCTC-1_3,4.281183,6.3899612
CATAAGCGTCAACCTA-1_2,-0.7672625,10.061579
CATAAGCGTCCAGTTA-1_5,-5.078781,8.677468
CATAAGCGTTCCCACT-1_2,-2.8330626,10.21831
CATAAGCTCAAGTTGC-1_1,-3.238381,9.729253
CATAAGCTCCGTTTCG-1_3,-3.3268611,9.473408
CATACAGCAAACAGGC-1_5,0.23153907,6.55609
CATACAGCAACGATTC-1_4,-2.6911626,3.7881813
CATACAGGTTGGGATG-1_6,-4.5394087,7.9478874
CATACAGTCAAAGCCT-1_4,-3.1874487,9.63076
CATACAGTCCCAATAG-1_3,-0.5710434,6.0101304
CATACAGTCGATACGT-1_4,-2.315209,4.7486606
CATACAGTCTCTATAC-1_5,-0.19196954,9.925238
CATACCCAGATACATG-1_2,-1.3676533,6.2359076
CATACCCAGCCGAACA-1_2,0.3123865,5.0732694
CATACCCAGCCGATCC-1_1,0.6346345,13.429666
CATACCCAGCTTGTGT-1_1,-4.996235,9.996457
CATACCCAGGGATCAC-1_3,0.49995914,10.136707
CATACCCAGTAAGAGG-1_5,-4.237518,7.9123683
CATACCCAGTCGGGAT-1_5,2.7341282,6.5238643
CATACCCCAGGAATAT-1_3,-0.576079,10.391789
CATACCCTCATCCTAT-1_2,-1.0119523,9.721788
CATACCCTCCCGAGAC-1_2,-1.841503,6.617821
CATACCCTCGTTCATT-1_3,-1.2759765,6.917735
CATACCCTCTACGGGC-1_4,-0.51148486,6.8534803
CATACTTAGACGGAAA-1_3,0.6230894,6.5922103
CATACTTAGCGCATCC-1_3,-5.9892263,8.076256
CATACTTAGGTCTACT-1_1,-0.39361537,6.18228
CATACTTCAGCATTGT-1_5,-4.670345,9.396119
CATACTTGTCCGAAGA-1_5,-0.49194878,6.1389747
CATACTTTCGAAGCAG-1_4,0.69365275,5.143957
CATACTTTCTATGCCC-1_4,0.24520999,8.374934
CATAGACAGGAAGTCC-1_4,-3.2024963,7.845375
CATAGACCAGAGTGAC-1_2,-1.439292,7.0519404
CATAGACGTAGCGCTC-1_6,-0.044103365,6.618134
CATAGACGTCGAGCAA-1_3,-0.17924076,4.004192
CATAGACGTGGGCTTC-1_3,-3.145378,8.740542
CATAGACGTTTACTGG-1_5,-0.035483,10.793196
CATAGACTCACCATGA-1_5,-1.0247538,9.490189
CATAGACTCAGCGCAC-1_5,0.09067674,9.295782
CATAGACTCTCGGCTT-1_2,-5.5794787,4.420778
CATCAAGAGGCTAAAT-1_4,1.5227432,5.83618
CATCAAGAGGGACTGT-1_1,-1.5484014,6.283111
CATCAAGAGGTACAGC-1_3,-1.3869522,7.3272367
CATCAAGAGGTCCTGC-1_6,4.595311,6.4781632
CATCAAGAGTCAAGCG-1_5,-4.1159987,10.496336
CATCAAGCAATCAGCT-1_5,-0.49319008,11.702704
CATCAAGCAGATTAAG-1_6,-0.32438692,5.1564574
CATCAAGGTAGCTTTG-1_3,1.3152828,10.41679
CATCAAGGTCGTTGCG-1_5,1.4643192,6.1438317
CATCAAGGTTCCACGG-1_2,-2.2702494,4.8153253
CATCAAGGTTGGCTAT-1_1,-0.7845214,6.4736485
CATCAAGTCACCACAA-1_1,-2.0743937,10.208932
CATCAAGTCACCGGTG-1_5,-1.7922043,8.69649
CATCAAGTCCAGCTCT-1_3,-2.006165,11.076181
CATCAAGTCCCTCTAG-1_1,-1.4344926,11.018856
CATCAAGTCCTCAGGG-1_3,-0.91576034,5.606236
CATCAAGTCGCTACAA-1_5,-1.5430807,3.6326737
CATCAAGTCGGTGTTA-1_3,-2.9317253,7.5021486
CATCCACAGAGGGCGA-1_5,-0.8686819,7.321305
CATCCACAGCAACTTC-1_5,0.72069275,6.084384
CATCCACAGCATGAAT-1_4,-2.620815,7.5746927
CATCCACAGCTCGGCT-1_2,2.2744768,6.701503
CATCCACAGTCAGAGC-1_5,-2.8468027,5.2366776
CATCCACCACGGCTAC-1_1,-1.7968893,11.422605
CATCCACCAGACATCT-1_3,-1.2949661,11.116853
CATCCACCATACTGTG-1_1,-5.9129496,6.4854608
CATCCACCATGTTCAG-1_2,0.8596798,9.944164
CATCCACCATTCCTAT-1_4,-1.4203144,8.815184
CATCCACGTGGCTACC-1_2,-4.465929,8.887042
CATCCACGTGTAACGG-1_3,-3.827368,6.3924193
CATCCACGTTCTTGCC-1_3,0.031210432,9.804183
CATCCACTCATTATCC-1_1,-4.6665516,10.4019
CATCCACTCGCAACAT-1_1,0.5609006,8.983028
CATCCACTCGTCTCAC-1_4,-1.0710174,3.8126562
CATCCCAAGCCACAAG-1_3,-0.61147875,7.9113307
CATCCCAAGGCCACCT-1_1,-2.3183722,6.560616
CATCCCAAGTCACACT-1_3,4.311463,6.4174566
CATCCCACACCAGGTC-1_3,-0.30338106,3.0565863
CATCCCAGTGGATTTC-1_1,-4.5936127,7.358542
CATCCCAGTGTCTCCT-1_4,-1.497082,8.874227
CATCCCAGTTGTATGC-1_2,-2.7308497,3.5737867
CATCCCATCAAACGTC-1_6,-0.09441565,7.2951193
CATCCCATCAAGTTGC-1_6,-1.1135933,7.9846587
CATCCCATCGTGCAGC-1_3,-2.345923,9.821486
CATCCCATCTAGGCCG-1_1,-1.2428849,6.4072294
CATCCGTAGCAGCACA-1_4,-3.7108612,8.527169
CATCCGTAGTCAGAGC-1_1,2.094568,5.12593
CATCCGTCACCCTGTT-1_3,-2.2149065,8.352995
CATCCGTCATTCTCTA-1_4,-3.2860038,8.536238
CATCCGTGTCGGTACC-1_6,-1.9714077,8.884915
CATCCGTGTGTCCACG-1_6,-0.067105114,7.737081
CATCCGTGTTTCCATT-1_3,-5.4446697,7.227597
CATCCGTTCCCAGGAC-1_5,-3.5236123,9.353289
CATCCGTTCCCGAATA-1_6,-2.2947187,10.774744
CATCCGTTCGCTTAAG-1_5,-0.33609545,7.1426163
CATCCGTTCGTAGCCG-1_4,0.74947774,8.717586
CATCCGTTCTCAAAGC-1_3,-1.8074437,7.7488427
CATCCGTTCTCATTGT-1_1,1.4866805,9.08649
CATCGCTAGACTTGTC-1_2,-0.091633156,9.883429
CATCGCTAGTGCTCAT-1_3,-0.98524225,11.690012
CATCGCTAGTTCCGGC-1_5,0.96849406,6.4909573
CATCGCTAGTTGTCGT-1_5,2.2831051,7.842071
CATCGCTCACATACTG-1_2,-1.5724586,6.2942066
CATCGCTCACTTGAAC-1_1,-3.5402184,9.00453
CATCGCTCACTTGGCG-1_5,3.4620192,4.05937
CATCGCTCAGAGGGTT-1_6,-1.8020158,11.845811
CATCGCTGTAATTGGA-1_2,-0.13010836,8.747065
CATCGCTGTCGAATGG-1_3,-5.3775687,8.372213
CATCGCTGTTGCTCGG-1_1,-4.5632553,8.654154
CATCGCTGTTTCTTAC-1_2,-0.36412296,10.834323
CATCGCTTCATGCCAA-1_6,-4.263082,7.9886456
CATCGGGAGCCTGGAA-1_6,2.3982363,9.293139
CATCGGGAGGAATTAC-1_2,-1.5970695,12.00887
CATCGGGAGGCCTGAA-1_6,-2.407794,5.0645423
CATCGGGAGTAGCCAG-1_3,-2.3829348,8.696361
CATCGGGCAACACGTT-1_1,-3.1247156,7.330461
CATCGGGCAACTCCAA-1_4,1.1124148,9.813686
CATCGGGCAGACATCT-1_2,-1.4478167,4.7522845
CATCGGGGTAGGCAAC-1_1,-4.2059464,8.687447
CATCGGGGTTGGGCCT-1_2,-1.6577119,9.634846
CATCGGGTCCCAGGAC-1_1,1.4293522,6.3093286
CATCGGGTCCTGTACC-1_1,-0.65778697,9.959297
CATCGGGTCGTGGTAT-1_2,-3.1752415,9.944001
CATCGTCCAAAGTATG-1_6,1.3665998,10.186328
CATCGTCCACACGGTC-1_4,3.0829484,9.632589
CATCGTCCAGACGGAT-1_5,0.59155,6.427914
CATCGTCCAGGGAGAG-1_3,-0.34093833,10.978912
CATCGTCGTATTTCGG-1_1,-2.2334075,10.304778
CATCGTCTCAAGATAG-1_5,-1.7570336,6.2382917
CATCGTCTCATGAAAG-1_5,1.1551869,9.221171
CATCGTCTCCCGTGAG-1_2,-2.3865833,3.4223394
CATCGTCTCCTACGAA-1_6,-3.4230793,7.5852814
CATCGTCTCTCTGGTC-1_4,-5.058258,10.022806
CATGAGTAGCGAAACC-1_5,-5.292743,8.15705
CATGAGTAGGACACTG-1_1,0.8104229,3.238418
CATGAGTAGGCCTGCT-1_4,-2.1475406,9.409162
CATGAGTAGGGTTAGC-1_1,-4.0308475,6.277327
CATGAGTCACCTTCGT-1_4,1.1643376,6.498392
CATGAGTCATAGGTAA-1_5,1.196131,10.975864
CATGAGTTCGCCGAAC-1_2,1.6421701,10.668329
CATGAGTTCGGTGAAG-1_4,-2.1422007,3.160882
CATGAGTTCTGCTTAT-1_5,-5.661754,6.123454
CATGAGTTCTTTGCAT-1_6,-4.9769835,5.025731
CATGCAAAGACCACGA-1_1,-0.2033933,10.042182
CATGCAAAGAGCACTG-1_4,2.1780586,7.30764
CATGCAAAGATGCTGG-1_4,0.62941283,6.441805
CATGCAAAGTACCCTA-1_6,1.9088554,10.20961
CATGCAACAACCGTGC-1_6,-4.6533046,8.438254
CATGCAACAAGACCGA-1_3,-4.853471,9.353586
CATGCAACACTAGTAC-1_5,-3.0238104,10.302292
CATGCAACAGACAAAT-1_5,-3.0879202,5.8569045
CATGCAAGTTGTGGAG-1_4,2.5509727,9.0447235
CATGCAATCATTCGTT-1_1,-2.7778785,3.477317
CATGCAATCGCATAGT-1_6,-2.8179488,8.943401
CATGCAATCTACTCAT-1_4,-3.3655787,7.258231
CATGCAATCTACTCAT-1_6,-6.019777,6.3044367
CATGCAATCTACTTCA-1_6,-2.6355608,8.326135
CATGCAATCTGTCGCT-1_3,-3.2247949,7.1049423
CATGCCTAGATCCGAG-1_5,-6.1065254,6.8682013
CATGCCTAGCGAACTG-1_2,-3.6498137,4.50182
CATGCCTAGGTTAGTA-1_3,1.235102,3.944018
CATGCCTAGGTTCCAT-1_1,1.9180814,4.8947663
CATGCCTCAAGCGCAA-1_2,0.35817137,6.621984
CATGCCTCAAGCTGCC-1_3,-0.9797674,10.65749
CATGCCTCAATCCAGT-1_3,-4.0482216,5.2865534
CATGCCTCACCAGCCA-1_4,-1.3574064,4.0010557
CATGCCTCATGCCGCA-1_3,-1.7931083,8.554607
CATGCCTGTAGCGTTT-1_4,-3.0375178,3.1797886
CATGCCTGTAGGATAT-1_2,-3.837982,6.193573
CATGCCTGTTACCGTA-1_5,-3.602667,11.46833
CATGCCTTCCATAGGT-1_5,-0.7683521,4.8270607
CATGCCTTCCTCTCGA-1_5,2.659224,10.465486
CATGCCTTCGTTGTAG-1_1,-3.5190585,9.598035
CATGCCTTCTACACTT-1_5,-1.8499175,5.623221
CATGCGGAGAGAGAAC-1_2,-1.2565794,4.294012
CATGCGGAGAGGTTAT-1_5,-3.1244826,10.470141
CATGCGGAGCACGATG-1_3,-2.1044722,11.315669
CATGCGGAGGAGTACC-1_5,-2.9694386,3.6497567
CATGCGGAGGATGGCT-1_6,3.48801,4.9045467
CATGCGGCAAGCAATA-1_3,0.5057084,7.358211
CATGCGGCAGTGAGCA-1_2,-4.3497987,8.168548
CATGCGGCAGTGCGCT-1_6,2.6799362,9.739556
CATGCGGGTAGATGTA-1_1,-4.8935075,7.800232
CATGCGGGTCCACGCA-1_5,0.45511204,9.127437
CATGCGGGTTATAGCC-1_5,-1.9709115,5.396922
CATGCGGTCAAAGGTA-1_1,-1.9689164,4.824391
CATGCGGTCAACTCTT-1_3,-0.6042136,8.696867
CATGCGGTCGTCCATC-1_2,2.581686,6.9321246
CATGCGGTCTGGGCCA-1_2,2.3867502,7.5421414
CATGCTCAGAGGTGCT-1_3,-2.8561487,11.744758
CATGCTCAGGCGCTTC-1_3,-4.3925242,5.741541
CATGCTCAGTATTAGG-1_4,0.11560607,5.630084
CATGCTCCAAACCATC-1_5,-0.5498396,8.187442
CATGCTCCACCCGTAG-1_3,-3.1273906,6.766283
CATGCTCCAGCGGTCT-1_5,-4.796193,4.2421637
CATGCTCCATTAAAGG-1_4,-4.256804,8.24609
CATGCTCCATTGGCAT-1_3,-2.3687928,8.180296
CATGCTCGTACAATAG-1_3,0.11490115,8.334088
CATGCTCGTGCACAAG-1_4,4.8896904,6.421968
CATGCTCGTGGCTTAT-1_2,-1.0673164,7.4989524
CATGCTCTCAACTCTT-1_4,0.8330089,8.986241
CATGCTCTCACTGCTC-1_2,-3.2558067,7.897246
CATGCTCTCATTGGTG-1_4,-4.652045,10.335649
CATGCTCTCCACACAA-1_6,-0.019370697,7.0847425
CATGGATAGGTTGTTC-1_3,-3.5776637,4.335442
CATGGATAGTGCCTCG-1_1,-4.6545186,7.59908
CATGGATAGTTGTCGT-1_1,-5.0210137,7.9607325
CATGGATCATGGCTAT-1_6,0.36302724,11.341754
CATGGATGTCGCACAC-1_5,-4.6409426,8.721705
CATGGATGTGTAGGAC-1_4,-0.31105587,9.609131
CATGGATGTGTTGAGG-1_3,-1.8836089,2.8955777
CATGGATTCTAACGGT-1_3,-2.3912582,11.552765
CATGGTAAGAGAGAAC-1_2,-1.4599055,6.9165964
CATGGTAAGTAGATCA-1_2,-4.9543853,9.308372
CATGGTACATCAGTCA-1_5,0.8349151,7.764239
CATGGTAGTAGCGTAG-1_5,-1.3954849,4.034962
CATGGTAGTTCGTGCG-1_1,-3.092923,7.637466
CATGGTATCAGGTGTT-1_2,-2.4764647,5.582559
CATGGTATCATCTACT-1_1,-0.16020781,8.395725
CATGGTATCTGAGGTT-1_6,-1.1670519,9.981048
CATGGTATCTGCCCTA-1_1,-4.5255775,6.451982
CATTCATAGCCAAGTG-1_3,-0.3565212,8.012562
CATTCATAGCGGTATG-1_5,0.49582466,8.738233
CATTCATAGGACTTCT-1_2,-2.2851639,4.6048703
CATTCATAGGCATCTT-1_2,-0.9133902,8.165755
CATTCATCAATCACGT-1_2,-3.5620701,3.7116828
CATTCATCACTAGGTT-1_5,-2.506792,7.1954055
CATTCATGTAAGTCAA-1_6,0.20182452,6.796508
CATTCATGTATGAAGT-1_3,-2.6079233,3.946875
CATTCATGTGAAGCTG-1_2,-2.4704762,8.291572
CATTCATGTGCCTACG-1_1,-4.0576057,9.952809
CATTCATGTTACCCTC-1_1,-2.8071709,7.5689807
CATTCATTCTAATTCC-1_2,-0.72418463,9.46923
CATTCCGAGTAAAGCT-1_4,-5.2373886,5.990905
CATTCCGCAACACAGG-1_6,-1.2032363,8.997773
CATTCCGCAGAATTCC-1_4,-1.1520281,8.616897
CATTCCGCAGATGCGA-1_5,-2.1027555,6.5238843
CATTCCGGTACACGTT-1_1,-2.58218,3.147358
CATTCCGGTCGGCTAC-1_3,-4.597328,7.2732525
CATTCCGGTTCCAGGC-1_1,0.20439042,6.0415196
CATTCCGGTTCCAGGC-1_5,-2.067442,6.269396
CATTCCGTCAAATGCC-1_4,0.7627531,9.595507
CATTCCGTCAGCGGAA-1_4,0.9171673,6.1951237
CATTCCGTCTACACTT-1_1,-3.7847397,4.8567877
CATTCCGTCTCAATCT-1_3,2.31197,5.688299
CATTCTAAGGGTAGCT-1_5,0.7541452,8.087704
CATTCTACAAAGGTTA-1_2,-3.5563176,8.321159
CATTCTACAACGGCTC-1_5,1.7642711,3.8134208
CATTCTACAATCTCGA-1_3,-1.9101856,7.2427545
CATTCTACACGACAAG-1_2,-3.1014352,8.842037
CATTCTACACGGCGTT-1_2,1.2413083,9.231571
CATTCTAGTACCCAGC-1_2,-1.7868787,6.111929
CATTCTAGTATTTCCT-1_3,-4.312144,9.435543
CATTCTAGTCCTTTGC-1_4,0.48398414,9.44518
CATTCTATCCAATCTT-1_4,-2.9580743,7.251231
CATTGAGCAGTCGCTG-1_4,2.68128,4.799575
CATTGAGCATACATCG-1_5,-1.9049639,7.298057
CATTGAGGTGATTCTG-1_4,-1.7012646,6.737871
CATTGAGGTGGTCCGT-1_1,-3.4841814,9.348672
CATTGAGGTTCGTACA-1_4,-2.7193503,10.244011
CATTGAGTCGCGTCGA-1_3,1.4477627,7.302558
CATTGCCAGACGGAAA-1_1,-0.8744362,6.823374
CATTGCCAGACGGAAA-1_5,-2.7214084,3.6629698
CATTGCCAGGTGGGTT-1_6,0.43473104,6.778135
CATTGCCAGTTTCTTC-1_1,0.60546833,3.2473567
CATTGCCCAAAGGAGA-1_2,1.3263156,7.744767
CATTGCCCAACAAAGT-1_1,0.19400154,7.607643
CATTGCCCACTCATAG-1_6,-0.39100555,8.476673
CATTGCCCAGACTGCC-1_1,-2.8582687,5.3198075
CATTGCCCAGCGTAGA-1_1,-4.9838004,7.6810617
CATTGCCCAGGTTCGC-1_2,1.5387865,3.9041793
CATTGCCCAGTCCCGA-1_4,-2.0101626,5.6111054
CATTGCCGTATAGGAT-1_1,-0.23812507,9.803321
CATTGCCGTCGAGTTT-1_4,2.4446752,4.5870996
CATTGCCTCCATGCAA-1_6,-2.1834326,10.616313
CATTGCCTCCTACGGG-1_4,1.275032,6.1211295
CATTGCCTCTATCGCC-1_5,-3.2197921,10.246566
CATTGCCTCTGGGTCG-1_6,-1.9924412,6.2568417
CATTGTTAGGTTGCCC-1_5,2.7104228,5.309824
CATTGTTCACTCAAGT-1_5,-0.85785615,11.310599
CATTGTTCAGACTCTA-1_3,-1.0302907,6.1190643
CATTGTTCAGACTGCC-1_5,-4.4528046,8.163488
CATTGTTCATCGAGCC-1_1,-1.4609506,11.382686
CATTGTTCATCTTAGG-1_2,-2.0232196,9.73418
CATTGTTTCCACTGGG-1_6,-0.17612402,4.0285916
CATTGTTTCCTAAACG-1_2,-0.45928302,8.083333
CATTGTTTCGACCCAG-1_4,-4.2954526,9.732718
CATTGTTTCGATCCCT-1_2,0.87719506,4.7095284
CATTGTTTCGCGGACT-1_5,-0.3132209,6.4872603
CATTGTTTCGTCACCT-1_3,0.5860797,8.157126
CATTGTTTCGTTAGTG-1_3,-1.4369354,7.046335
CATTGTTTCTTACTGT-1_5,-1.1551725,8.804744
CATTTCAAGCCGCACT-1_4,1.5403004,8.827246
CATTTCAAGCTTTGTG-1_3,3.0018823,4.346773
CATTTCAAGGCATGCA-1_1,-2.3831491,4.95406
CATTTCAAGTCAACAA-1_6,-1.7765682,7.1355305
CATTTCACAAGCGCAA-1_3,-0.9965572,5.3747253
CATTTCACAATGCAGG-1_5,0.7308945,5.800657
CATTTCACAGACACAG-1_1,-0.538667,7.7539825
CATTTCACATAGACTC-1_1,0.94789994,4.6147723
CATTTCATCAAACGAA-1_6,-1.478177,8.261666
CATTTCATCAGAATAG-1_3,-3.983411,3.382018
CATTTCATCCAAGCTA-1_2,-3.1149716,7.029013
CATTTCATCGAAATCC-1_5,-2.4708784,9.711569
CATTTCATCGTTCTAT-1_2,-0.39334112,7.746718
CATTTCATCTCCCATG-1_3,-5.568765,8.492709
CATTTCATCTTAGCAG-1_3,0.024469942,3.4491453
CCAAGCGAGGTATCTC-1_3,-3.0010478,5.9836025
CCAAGCGAGTAGAATC-1_6,1.1924894,9.588082
CCAAGCGAGTCAGCGA-1_1,-0.0022226311,8.978009
CCAAGCGCATACCATG-1_4,-3.344426,5.6048193
CCAAGCGGTACGTGAG-1_3,3.168821,4.502541
CCAAGCGGTATCGCAT-1_5,-5.1841364,5.2469187
CCAAGCGGTTACCTTT-1_2,0.83063453,4.8750534
CCAAGCGTCCCTATTA-1_4,-5.2154512,7.719131
CCAATGAAGCATGAAT-1_4,-1.6937771,10.873529
CCAATGAAGGACATCG-1_5,-3.9734483,5.548359
CCAATGACAAGGTCTT-1_2,-0.9847781,7.124139
CCAATGACAGATTCGT-1_2,-2.0850973,9.031077
CCAATGAGTCAAGCCC-1_6,2.68243,4.3620105
CCAATGAGTGAGAGGG-1_2,-0.84932506,8.474887
CCAATGAGTGGACAGT-1_6,-2.66621,7.5164576
CCAATGAGTTCCAGGC-1_1,-5.3998775,6.4420047
CCAATGATCCGTGTGG-1_2,1.0141299,4.9767895
CCAATTTAGCTTGTTG-1_1,-2.9345927,9.647237
CCAATTTAGGTCATTC-1_3,0.2630017,9.540593
CCAATTTCAAGTCATC-1_3,3.0943942,3.8968308
CCAATTTCACAAAGCG-1_4,-2.5200505,8.597958
CCAATTTCACATCCCT-1_5,-5.838819,7.287114
CCAATTTTCCCGATCT-1_1,0.19604558,11.670682
CCAATTTTCGAAACAA-1_2,-2.8704972,8.696479
CCACAAAAGACCTCAT-1_2,-0.62967616,7.3724184
CCACAAACAACTGATC-1_3,-1.464951,7.070803
CCACAAACAATTCTTC-1_2,-2.6382968,4.474047
CCACAAACATTGACAC-1_2,0.42591646,7.377539
CCACAAAGTGGGTCAA-1_1,-1.2190624,5.7706847
CCACAAATCCGATCGG-1_3,-3.81803,8.972989
CCACACTAGTCTGGAG-1_4,-1.143939,4.6174917
CCACACTCAACACAGG-1_3,-0.21905571,4.909516
CCACACTCAAGGTCAG-1_2,0.47952116,12.833225
CCACACTCACTACGGC-1_4,-1.27195,7.7982173
CCACACTCATCAGTCA-1_5,-0.72780055,9.0771885
CCACACTCATTGAAGA-1_4,-3.1161447,9.168658
CCACACTGTGAACTAA-1_4,-3.5486672,3.8411872
CCACACTGTTATTCTC-1_1,-2.3675976,3.0376866
CCACCATAGTCGAAGC-1_2,-1.9720184,6.03221
CCACCATCAACGCCCA-1_1,-1.1684735,3.448741
CCACCATCAAGAGTAT-1_3,-0.9562214,9.795231
CCACCATCAAGTGACG-1_2,-3.6105058,10.074128
CCACCATCACAATGCT-1_4,-0.65356165,6.9721293
CCACCATCACGCTATA-1_4,-1.1271589,6.1133
CCACCATCACTGTTCC-1_4,-0.6741606,3.2821455
CCACCATCAGTGCCTG-1_3,-3.9164186,8.9157
CCACCATCATGCTGCG-1_1,3.1028788,5.0077186
CCACCATGTCGCAACC-1_4,0.3042578,3.9308777
CCACCATGTTCATCTT-1_2,0.93687886,8.624675
CCACCATTCCAACCGG-1_3,1.2577817,6.4409385
CCACCATTCCAATCTT-1_6,0.56767076,13.323343
CCACCATTCCGTATAG-1_1,0.21119002,5.935254
CCACGAGAGTAGTGCG-1_6,0.476419,10.708487
CCACGAGCATGACTAC-1_6,1.7997116,5.38809
CCACGAGGTACTCAAC-1_6,1.5591949,8.539379
CCACGAGGTAGGAGTC-1_6,-5.2315717,8.858158
CCACGAGTCATAGAGA-1_2,-3.8632898,8.116711
CCACGAGTCGCCCAGA-1_4,-1.7895247,8.333754
CCACGAGTCGCTCATC-1_6,-0.66488594,9.811637
CCACGAGTCTCAAAGC-1_1,-3.9045348,8.287268
CCACGTTAGCGCTGAA-1_6,0.36562213,6.3766
CCACGTTAGGTTGTTC-1_3,-3.8130178,11.163804
CCACGTTCAATATCCG-1_4,-2.909983,5.3081665
CCACGTTCAGTGTATC-1_4,-4.387035,5.8698487
CCACGTTGTGATAGAT-1_1,-3.0689096,5.492123
CCACGTTTCTGGGCAC-1_4,-2.4634883,4.3868756
CCACGTTTCTTGGATG-1_4,2.59367,4.5329423
CCACTTGAGACCAAAT-1_2,-1.402379,8.710006
CCACTTGAGAGGATGA-1_2,-1.1256216,8.693
CCACTTGAGTTGCGCC-1_1,-1.5694484,11.07096
CCACTTGCATAGCTGT-1_2,-3.0794156,6.0722504
CCACTTGGTAGACGTG-1_1,-4.0286145,7.898478
CCACTTGGTATGATCC-1_4,0.31100368,9.902701
CCACTTGGTATGCAAA-1_4,-4.4776144,8.087843
CCACTTGGTCACTAGT-1_1,-1.7063497,5.495353
CCACTTGGTCGTTGGC-1_4,1.56338,8.011654
CCACTTGGTCTCACAA-1_3,0.52804303,7.692197
CCACTTGGTCTCGCGA-1_5,-3.43431,8.133387
CCACTTGGTGCACAAG-1_2,-3.2839594,4.9125295
CCACTTGGTTGCACGC-1_5,-5.7853184,6.3489947
CCACTTGTCCACAGGC-1_1,0.49870494,6.464656
CCACTTGTCCATCTCG-1_2,0.89475983,10.430622
CCACTTGTCCGTGCGA-1_4,0.086809106,12.3147745
CCACTTGTCGGTCAGC-1_4,2.8301396,3.879497
CCACTTGTCTCGCTCA-1_5,-1.8486544,10.999666
CCATAAGAGACTGAGC-1_2,3.2029388,4.420427
CCATAAGAGATCGCCC-1_5,1.6286017,10.79256
CCATAAGAGCAACAGC-1_4,-2.262787,10.777905
CCATAAGAGGCCTAAG-1_3,-3.8102658,6.3315415
CCATAAGCAGTAGTTC-1_2,-2.991543,7.1861715
CCATAAGGTTGTCCCT-1_1,-1.6589935,6.1219044
CCATAAGTCGCCAGAC-1_5,-2.2821345,9.694845
CCATAAGTCTTCGGTC-1_2,-1.5015186,9.609841
CCATCACAGCAAACAT-1_3,0.4196756,6.022573
CCATCACAGCAATAAC-1_4,-3.9503596,7.189803
CCATCACAGGTGCATG-1_1,-5.7082396,7.535361
CCATCACAGTATAGGT-1_4,-1.6271724,7.1802773
CCATCACCAAGGGTCA-1_4,0.059873465,8.562706
CCATCACCATCCGATA-1_5,-2.8946748,7.143312
CCATCACCATCCGTGG-1_4,-3.3280547,9.174463
CCATCACGTGTAACGG-1_5,-1.5785279,9.667033
CCATCACTCTAAGAAG-1_4,-5.265212,8.852852
CCATCACTCTAGCAAC-1_6,2.7554266,5.3261037
CCCAACTAGAGAGCCT-1_2,-2.481119,7.013387
CCCAACTAGCACCTGC-1_3,-1.2661347,6.0044575
CCCAACTAGCTCCACG-1_5,-4.480623,7.385068
CCCAACTAGGTAGTCG-1_6,-0.11092916,7.235651
CCCAACTCAAAGTGTA-1_4,-5.1409745,7.6249976
CCCAACTGTGATGAAT-1_2,-1.2774004,7.6168303
CCCAACTGTGCGTGCT-1_5,-4.403714,3.5469432
CCCAACTGTTAGGCCC-1_2,-0.88674414,10.724536
CCCAACTGTTCCGCTT-1_3,0.7373747,8.291819
CCCAACTTCACCTCTG-1_4,0.42261678,13.172761
CCCAACTTCACTACGA-1_6,0.8164358,8.193863
CCCAACTTCGCTGATA-1_4,-2.1449707,10.730266
CCCAACTTCTCCGTGT-1_4,-2.730093,7.616203
CCCATTGAGCCTCTGG-1_1,-2.6919446,3.0623398
CCCATTGAGCGTACAG-1_3,1.8109506,9.032866
CCCATTGAGTCCCTAA-1_4,0.74508625,6.3087215
CCCATTGAGTCCGCGT-1_5,-0.011292704,8.943029
CCCATTGCAACTGAAA-1_5,-0.00058602897,8.395037
CCCATTGCAAGAGGTC-1_4,-5.071096,5.5453653
CCCATTGCAGCTCTGG-1_2,-1.8417766,7.2675285
CCCATTGGTCTTGCGG-1_5,-1.9332464,5.810768
CCCATTGTCAAGAGGC-1_5,-3.8362646,9.246319
CCCATTGTCAGACCGC-1_6,0.16291763,9.536638
CCCATTGTCAGGAACG-1_1,-4.015054,6.66425
CCCATTGTCCGATAGT-1_3,-3.5589988,7.97577
CCCATTGTCCGTGGGT-1_4,-2.370441,5.6705647
CCCATTGTCGGTCACG-1_4,-4.0108542,9.7170725
CCCATTGTCTTACCGC-1_2,-3.4221635,7.5638075
CCCGAAGAGACCATTC-1_6,1.5374041,10.434779
CCCGAAGAGCAATAAC-1_2,2.5982037,5.5796337
CCCGAAGAGCAATAAC-1_5,-2.6471443,5.0084085
CCCGAAGAGCAGGCTA-1_1,-1.4919207,11.835538
CCCGAAGAGCATAGGC-1_1,-4.1833982,6.0233474
CCCGAAGAGTGAATAC-1_5,-5.744328,5.906487
CCCGAAGCAAAGGTTA-1_4,0.28514874,3.4591038
CCCGAAGCAGACCAAG-1_4,-1.3650091,10.531389
CCCGAAGCAGCTTTGA-1_5,-2.8241155,8.284442
CCCGAAGCAGTGGGTA-1_1,-2.5307362,6.6704006
CCCGAAGGTAGGATAT-1_2,-2.8879786,8.038672
CCCGAAGGTATGCGGA-1_2,1.0406502,8.731311
CCCGAAGGTGTCTTAG-1_1,-1.5248402,3.215126
CCCGAAGGTTCTGAGT-1_3,-0.4593488,3.1697319
CCCGAAGTCAGGTAAA-1_3,1.9178734,6.818395
CCCGAAGTCATTTCGT-1_5,-4.164338,7.432829
CCCGAAGTCCAAGCCG-1_6,-3.0580604,8.519625
CCCGAAGTCCATCGTC-1_3,1.1686196,5.4164033
CCCGAAGTCCGCTAGG-1_3,-0.6504486,7.194047
CCCGAAGTCGACCATA-1_1,2.2806377,9.425634
CCCGAAGTCGTTGTGA-1_3,-1.5342321,9.98344
CCCGAAGTCTTAAGGC-1_3,-0.8859191,7.3246107
CCCGGAAAGCAATAAC-1_1,2.4744911,5.054233
CCCGGAAAGGCCATAG-1_5,-0.7228188,3.9575286
CCCGGAAAGGTCACAG-1_4,-1.1544867,10.465676
CCCGGAACAAACACCT-1_3,-2.2030036,6.4159765
CCCGGAACAATTGCTG-1_6,-5.5378604,5.643567
CCCGGAACAATTTCCT-1_4,-0.023771439,7.62904
CCCGGAACACGCAGTC-1_5,-0.9811757,8.11907
CCCGGAACAGAGGTAC-1_1,0.98251534,7.585459
CCCGGAACAGAGTAAT-1_6,0.6724957,10.14155
CCCGGAACAGGTCCCA-1_4,-1.0590788,8.226238
CCCGGAACATCTCCCA-1_1,1.9845723,9.472183
CCCGGAACATGACAGG-1_4,-3.0264163,5.9565945
CCCGGAAGTATACCTG-1_4,-1.4805732,5.667431
CCCGGAAGTATAGCTC-1_2,-0.41499263,6.979634
CCCGGAAGTTCGGTAT-1_5,1.1766766,7.964251
CCCGGAATCACCCTTG-1_3,-3.1383069,11.085225
CCCGGAATCTTCGGAA-1_1,-2.0795298,9.748705
CCCTAACAGGTTGACG-1_3,-0.59578115,6.983294
CCCTAACAGTACAGAT-1_5,-2.7084033,10.759964
CCCTAACCAAGTAGTA-1_3,-2.418975,4.4973707
CCCTAACCAATTGCTG-1_1,-2.1061325,9.439894
CCCTAACCACCCTAAA-1_1,-1.7589425,8.086362
CCCTAACCAGTCAGCC-1_2,-1.8407881,10.584926
CCCTAACGTAATCAGA-1_2,-4.2716293,8.692711
CCCTAACGTCCAGAAG-1_5,-2.357602,3.4467702
CCCTAACTCAGCTGTA-1_4,-5.2540746,4.831348
CCCTCAAAGCACTCTA-1_3,0.7084738,5.6829176
CCCTCAAAGCCTCTCT-1_3,0.531632,8.647801
CCCTCAACAATTTCCT-1_1,-0.018654147,9.9412565
CCCTCAACAATTTCTC-1_4,-2.0569773,11.065989
CCCTCAACACATAGCT-1_1,0.12532091,9.020427
CCCTCAACACTACCCT-1_3,-0.0075664143,7.3790164
CCCTCAACACTATCGA-1_3,0.21872959,7.9433146
CCCTCAACAGAAGCTG-1_3,-3.2663202,4.620608
CCCTCAACATGAGATA-1_1,-3.1405067,7.8231287
CCCTCAAGTATTCTCT-1_3,-5.502965,7.735579
CCCTCAAGTTACACAC-1_1,-3.2222323,8.073649
CCCTCAAGTTCCTAAG-1_3,-5.8969464,6.040346
CCCTCAAGTTCGGTTA-1_5,-3.8232913,4.184285
CCCTCAAGTTTGGGTT-1_5,-4.416967,7.0973773
CCCTCAATCATCGACA-1_3,0.00916708,6.7783427
CCCTCAATCTGCTCTG-1_6,0.4729847,9.113716
CCCTCTCAGAAATTGC-1_4,-3.2516353,5.964824
CCCTCTCAGTATGCAA-1_5,-2.4899395,10.437224
CCCTCTCCAAGCACCC-1_4,1.5322478,3.7410727
CCCTCTCCAATACAGA-1_4,-2.5799668,9.690502
CCCTCTCCATACATCG-1_3,-0.59234613,9.328171
CCCTCTCGTAGCGATG-1_4,2.1658158,7.9966917
CCCTCTCGTATGGTAA-1_1,-0.7789511,8.469645
CCCTCTCGTCACAATC-1_4,-0.31003302,7.828164
CCCTCTCTCCATACAG-1_6,-1.6867479,8.755269
CCCTCTCTCCTCTAAT-1_2,-0.07442045,12.076122
CCCTGATAGTTCATCG-1_5,0.6194636,8.532449
CCCTGATCAACCGCCA-1_4,0.12122045,9.107284
CCCTGATGTAGCTTTG-1_2,-3.2424197,6.612292
CCCTGATGTATGCGTT-1_1,-0.3486099,6.7441883
CCCTGATGTGAAGCGT-1_1,2.0972974,4.1775947
CCCTGATTCAGACAAA-1_6,-2.0393684,10.704287
CCCTGATTCATGGAGG-1_2,1.5497695,7.2849345
CCCTTAGAGACCGTTT-1_5,-4.6230464,8.9681635
CCCTTAGAGATACATG-1_2,-2.4923606,3.498821
CCCTTAGAGATGCCGA-1_5,-0.2567014,7.2922645
CCCTTAGAGGCACCAA-1_3,-2.4144883,7.0377603
CCCTTAGAGTAGATCA-1_1,2.34152,10.111773
CCCTTAGCAATACGAA-1_4,-2.915677,10.707607
CCCTTAGCACTCAAGT-1_3,0.500451,7.446794
CCCTTAGCAGGGAATC-1_4,-1.7345533,4.1162186
CCCTTAGGTCATCCGG-1_6,0.5480321,9.650193
CCCTTAGGTCTCTCAC-1_3,-0.048688717,5.3291864
CCGAACGCACGCTGAC-1_2,-3.2154024,10.1214695
CCGAACGCAGACAATA-1_2,-1.4742986,5.3542705
CCGAACGCATAATGCC-1_4,-2.9783645,7.960542
CCGAACGGTACTCCGG-1_4,-0.05121046,6.3375664
CCGAACGGTTCAAGGG-1_5,-1.6499516,3.3366973
CCGATCTCAAGTGATA-1_1,1.1605285,5.663575
CCGATCTCACAGTGAG-1_5,0.46176016,8.4862385
CCGATCTCAGTTTGGT-1_5,0.96811885,11.025795
CCGATCTCATCAACCA-1_2,1.3827726,10.432066
CCGATCTCATCTGGGC-1_5,3.5610282,4.3828
CCGATCTGTTGTGCAT-1_4,-2.1849427,5.2640104
CCGATGGAGCTAGATA-1_1,-0.21466635,9.04579
CCGATGGCACTAGGTT-1_6,-3.6878047,3.55506
CCGATGGGTAGTACGG-1_4,-5.0156693,5.422873
CCGATGGGTATTGAGA-1_6,-1.0379986,3.190275
CCGATGGGTTCAACGT-1_1,1.4934491,7.8019595
CCGATGGTCATCACAG-1_4,-5.396166,8.753373
CCGATGGTCCTACCAC-1_5,-1.150625,9.29276
CCGATGGTCGTAGTGT-1_1,-3.8196516,11.045478
CCGATGGTCTCCGTGT-1_1,-0.3261421,8.811666
CCGCAAGAGGCTAACG-1_5,-3.8458343,10.370625
CCGCAAGAGGGATCTG-1_1,2.2324448,9.566625
CCGCAAGAGTTTAGGA-1_6,-4.8755894,5.551134
CCGCAAGCAAACACGG-1_3,-2.1618347,11.8321
CCGCAAGCACAGTCAT-1_3,-0.050871104,9.029703
CCGCAAGCACTAACGT-1_3,-2.1894002,8.914651
CCGCAAGCAGACCATT-1_1,-3.447167,7.4249077
CCGCAAGCAGTAACCT-1_2,0.9753387,4.384466
CCGCAAGCAGTCGGTC-1_2,0.40517253,3.8663523
CCGCAAGGTAAGTTAG-1_4,-0.17198251,8.189662
CCGCAAGGTATGCTAC-1_3,-2.9485726,11.35479
CCGCAAGGTGTCATGT-1_4,0.4880654,9.976703
CCGCAAGTCATACAGC-1_6,-0.58069766,11.487387
CCGCAAGTCCTTATAC-1_3,-3.0494318,3.913503
CCGGACAAGAGATCGC-1_2,-2.0760906,8.064467
CCGGACAAGTGCAGCA-1_3,-3.183565,3.275746
CCGGACACAATGGCAG-1_1,1.3779298,10.412919
CCGGACAGTACAGTTC-1_6,-2.5715327,4.50055
CCGGACAGTAGTACGG-1_1,-3.2452703,8.825822
CCGGACAGTCCGGCAT-1_2,-3.3033886,10.190553
CCGGACATCAGTGTGT-1_5,-0.012812545,3.3045878
CCGGACATCCCACAGG-1_5,-3.5094798,7.9405446
CCGGACATCCTTTGAT-1_2,1.3774863,7.9304266
CCGGACATCGCAATTG-1_2,-4.25438,7.345306
CCGGGTAAGGAGTACC-1_4,-1.5923347,6.248025
CCGGGTAAGTGTAGAT-1_3,-1.2461205,8.721538
CCGGGTACAATGGGTG-1_2,-0.8965544,9.038279
CCGGGTACAATTGAGA-1_2,0.11956108,9.559619
CCGGGTAGTCGTTGGC-1_6,-3.8278167,9.61285
CCGGGTATCGACCTAA-1_4,0.103011385,5.041853
CCGGTAGAGAAGAACG-1_2,2.0240297,10.084977
CCGGTAGGTAGCACAG-1_2,-4.2574854,6.508609
CCGGTAGGTATCAGGG-1_1,-1.2433077,8.973392
CCGGTAGGTCGCACAC-1_1,-2.1602514,5.649295
CCGGTAGGTTCGTAAC-1_1,0.27775306,10.547575
CCGGTAGTCCGAGTGC-1_3,0.18499655,8.364766
CCGGTGAAGAAACCCG-1_3,0.5207427,8.52812
CCGGTGAAGATTCGAA-1_5,-5.8923616,7.76863
CCGGTGAAGCAGCGAT-1_2,0.33596414,4.3749704
CCGGTGAAGCAGGGAG-1_1,-1.9227717,4.474133
CCGGTGACACAACATC-1_6,-5.667093,6.992743
CCGGTGACACTACCGG-1_6,-0.81355816,11.907764
CCGGTGACAGAGACTG-1_4,-2.4760442,11.196413
CCGGTGACAGCAAGAC-1_6,-0.5444775,6.567185
CCGGTGACAGCGTGAA-1_2,-5.568871,7.5550356
CCGGTGACATCGAGCC-1_1,-5.4128804,8.7466545
CCGGTGATCAGTGATC-1_2,-0.09792889,6.623622
CCGGTGATCATCACCC-1_3,0.05755783,8.858113
CCGGTGATCATCTATC-1_2,-0.0006372998,4.1968303
CCGGTGATCTGTCTCG-1_2,1.8608234,5.8795543
CCGTAGGAGACAACTA-1_4,1.8706709,9.798224
CCGTAGGAGATCACCT-1_1,-1.377263,3.2333682
CCGTAGGAGTGAGTTA-1_4,-1.2328749,3.9840257
CCGTAGGCACATAGCT-1_2,-2.1636565,8.298534
CCGTAGGCACGCTATA-1_1,-2.8264105,9.189725
CCGTAGGCATGGCGCT-1_6,-2.97739,6.1602035
CCGTAGGGTCGATTCA-1_3,1.7222519,10.026239
CCGTAGGGTTCACGAT-1_2,-5.49365,5.373262
CCGTAGGGTTTACGAC-1_1,-5.399357,8.5558405
CCGTAGGTCATATGGC-1_3,0.92993087,6.115125
CCGTAGGTCATGGAGG-1_6,-0.85857743,7.1581454
CCGTAGGTCCATAAGC-1_2,1.8251048,7.7139935
CCGTAGGTCCTACCAC-1_5,-0.020239811,11.278329
CCGTAGGTCTGCATGA-1_1,-2.758029,7.6950865
CCGTGAGAGCAAATCA-1_2,-2.80886,11.454501
CCGTGAGCATATCTCT-1_2,-4.994801,8.533412
CCGTGAGCATGGCTAT-1_1,-1.4032799,3.7485151
CCGTGAGGTATTCCGA-1_1,-3.6373436,7.3999214
CCGTGAGGTCGCATCG-1_4,1.142207,6.7954006
CCGTGAGTCCTGTAAG-1_3,-1.573594,11.929837
CCGTGAGTCTTCGATT-1_1,-5.1581345,5.38884
CCGTTCAAGAAGCGAA-1_4,-4.879345,6.776001
CCGTTCAAGAGTCCGA-1_4,-5.682442,8.720557
CCGTTCAAGCACACAG-1_2,-3.245656,6.438016
CCGTTCAAGGTAGCCA-1_4,-0.19604744,11.830832
CCGTTCAAGGTCCAGA-1_4,-2.3995142,6.3100905
CCGTTCAAGTGCGCTC-1_2,-4.2521443,4.708539
CCGTTCACACATGACT-1_3,-1.1567634,10.09002
CCGTTCACAGGCTATT-1_4,-1.5438156,10.490946
CCGTTCACATTCAGCA-1_3,-2.7172017,5.244065
CCGTTCACATTGAGCT-1_2,-0.50779724,9.181537
CCGTTCACATTGCCTC-1_1,-1.5480194,8.618309
CCGTTCAGTCTCTCTG-1_4,-0.72223175,5.3798184
CCGTTCAGTGGCTGAA-1_5,-1.4618608,9.63
CCGTTCAGTTTCGATG-1_1,-2.6231525,9.325955
CCGTTCATCACTTCTA-1_2,-4.232301,10.269977
CCGTTCATCTAACGGT-1_2,0.827467,7.9898906
CCGTTCATCTCGTTTA-1_1,-3.8640637,8.919404
CCTAACCAGACTCAAA-1_3,-3.8914578,7.312248
CCTAACCAGTTCCGTA-1_3,-3.9703777,9.223526
CCTAACCCAATAGGGC-1_4,1.0487844,6.1817164
CCTAACCCATCATGAC-1_4,-3.407476,11.3653755
CCTAACCGTCCACTCT-1_2,-2.8835607,4.711428
CCTAACCGTGTATCCA-1_3,-0.35494968,10.99377
CCTAACCGTTCTAACG-1_4,-2.411777,6.2744923
CCTAACCTCAGCCTTC-1_2,0.21650666,9.805598
CCTAACCTCATTGTTC-1_6,-3.4705114,6.9098415
CCTAACCTCTGCCTCA-1_2,3.0350385,4.589035
CCTAAGAAGCAGCACA-1_2,1.6585927,8.226152
CCTAAGAAGTGAGTGC-1_1,1.0187739,9.168438
CCTAAGAAGTGCACTT-1_3,1.2491646,8.761902
CCTAAGACATAGGCGA-1_4,-4.7732534,4.871895
CCTAAGAGTGCAATAA-1_3,-3.9398396,5.6329284
CCTAAGAGTTCTCGTC-1_3,2.4427867,7.6271234
CCTAAGATCATTGCCC-1_1,1.1887138,6.4769607
CCTAAGATCCTGTAGA-1_1,-4.0561447,8.250856
CCTAAGATCGTCACCT-1_4,-2.2133815,4.7032294
CCTAAGATCTAGTCAG-1_4,3.0975127,5.629749
CCTACGTAGCCATCCG-1_2,-1.1595824,8.220632
CCTACGTCAAGAGAGA-1_2,-1.7538853,6.981782
CCTACGTCAATGGCCC-1_2,-3.235292,10.3289585
CCTACGTCATACGCAT-1_2,-3.8414629,10.887223
CCTACGTGTAACTGCT-1_4,-3.9363866,7.2342954
CCTACGTGTCGCATCG-1_4,-1.133374,9.225158
CCTACGTGTTAGAAGT-1_2,-0.8020284,11.356231
CCTACGTGTTTGCAGT-1_1,-2.431324,8.185857
CCTACGTTCACTGCTC-1_6,-4.733407,7.842827
CCTACGTTCCATTTCA-1_4,-3.4111164,9.13364
CCTACGTTCCCGAGTG-1_3,-0.33956563,11.458247
CCTACGTTCGACCTAA-1_2,-4.1927266,9.737266
CCTATCGAGCTAATGA-1_3,-4.648438,5.689883
CCTATCGAGGGATCAC-1_4,0.15846196,6.7534456
CCTATCGAGGTTCTTG-1_3,-1.0683782,11.045908
CCTATCGCAACTTCTT-1_2,-2.286361,10.761685
CCTATCGCACCACATA-1_1,-1.9122891,11.299669
CCTATCGGTCTACACA-1_4,2.4081242,10.674265
CCTATCGGTGGCCACT-1_5,-1.1709095,4.98499
CCTATCGTCATCGTAG-1_2,-3.5543242,8.53426
CCTCAACAGACTTCGT-1_4,-3.7014923,8.299594
CCTCAACAGGAAGTGA-1_2,-0.14215043,5.546109
CCTCAACCAATTGCCA-1_1,-0.098546416,10.343728
CCTCAACCACAAGCTT-1_6,-0.92522335,6.6991215
CCTCAACCACCTGCAG-1_5,-2.1476285,5.750152
CCTCAACCAGTGTGCC-1_4,0.35699847,5.567356
CCTCAACGTAGCCAGA-1_6,-1.7010019,9.127348
CCTCAACTCATGACAC-1_6,-0.2359542,11.317141
CCTCAACTCATGCAGT-1_3,-1.575581,11.534888
CCTCAACTCATGGTAC-1_4,1.6291221,4.743314
CCTCACAAGAGGGTAA-1_3,-4.71754,9.485991
CCTCACAAGCCAACCC-1_3,-2.6174467,11.287741
CCTCACAAGGAGTCTG-1_5,0.97574306,5.449825
CCTCACACAAAGTATG-1_4,-2.4638948,4.2407575
CCTCACACAGAGTTCT-1_3,1.2126997,9.745316
CCTCACAGTCTCAAGT-1_4,-3.9644954,7.9833283
CCTCACATCGCGCTGA-1_3,-4.745037,6.730749
CCTCAGTAGCTGGAGT-1_2,-5.1378675,6.3752394
CCTCAGTAGGCCTTGC-1_2,-4.8618116,6.5008483
CCTCAGTAGGTCACCC-1_5,-0.8166504,3.0516589
CCTCAGTCAAAGAACT-1_4,0.89766204,10.570152
CCTCAGTCAATCCTTT-1_6,-3.182478,7.769737
CCTCAGTCACTGCGTG-1_4,-4.7203417,8.164163
CCTCAGTGTCAACATC-1_4,-2.180026,6.7158256
CCTCAGTGTCTAGATC-1_1,-3.2310421,9.300129
CCTCAGTGTGCGAACA-1_1,0.80787,6.6597834
CCTCAGTTCGCCGTGA-1_3,0.36954984,9.51262
CCTCAGTTCTGTCGCT-1_4,-5.261471,8.925086
CCTCATGAGAGATTCA-1_6,-0.816028,5.850877
CCTCATGAGAGCACTG-1_6,-3.9300437,10.134338
CCTCATGAGCACTCAT-1_1,-2.8809686,11.150594
CCTCATGAGTTCACTG-1_3,-3.1566029,9.2426815
CCTCATGAGTTGAAGT-1_1,-4.350786,8.016175
CCTCATGCACGGTGAA-1_3,-0.012331731,10.704346
CCTCATGCACTGAGGA-1_2,-0.20539676,9.766472
CCTCATGCACTTGAAC-1_5,-2.4885652,4.1254826
CCTCATGCAGTCTGGC-1_6,0.4960425,10.80826
CCTCATGCATTGCTGA-1_2,0.2060434,5.7551737
CCTCATGGTATACCTG-1_1,-0.50966597,6.583241
CCTCATGGTGCCTTCT-1_2,-3.2993014,8.572494
CCTCATGGTTATAGAG-1_3,-0.36013085,6.494257
CCTCATGTCCTGTAAG-1_5,-3.6370337,10.5545225
CCTCATGTCGGAGTGA-1_4,-1.6211654,9.989786
CCTCATGTCTTCCCGA-1_2,-1.8888409,10.610041
CCTCCAAAGAAATTCG-1_5,-6.14194,6.904778
CCTCCAAAGGCGAACT-1_3,-0.9729155,8.971084
CCTCCAACAACCAATC-1_3,-2.3921776,8.146296
CCTCCAAGTATGATCC-1_6,0.59725887,13.4626875
CCTCCAAGTCATCACA-1_3,-0.3272913,4.419358
CCTCCAATCCCGAGAC-1_3,-2.067938,9.331517
CCTCCAATCGTACACA-1_1,-1.642251,3.8918204
CCTCCTCAGGGCAAGG-1_6,2.6845481,8.768278
CCTCCTCCACTAAACC-1_3,-0.36267096,11.5532875
CCTCCTCCACTACGGC-1_3,-3.8399708,4.7087917
CCTCCTCGTATGCGTT-1_3,-3.227723,7.112334
CCTCCTCGTGCCTTCT-1_2,0.31208882,4.7305818
CCTCCTCTCAAAGCCT-1_5,-4.118944,7.475513
CCTCCTCTCCGTTTCG-1_2,0.9485046,9.456285
CCTCCTCTCTGTAACG-1_3,-3.4518256,6.387182
CCTCTAGCAAGACCGA-1_4,-3.058704,3.468886
CCTCTAGCAGGTATGG-1_5,0.046820346,10.395829
CCTCTAGGTTCTCCTG-1_1,-1.6060629,7.145287
CCTCTAGGTTGCTTGA-1_5,-3.8330107,10.776654
CCTCTAGTCATTTCCA-1_6,-0.497301,3.9747412
CCTCTAGTCCGATAGT-1_4,-4.283501,7.079414
CCTCTAGTCCGTAATG-1_3,-1.5443369,3.488287
CCTCTAGTCGGTTCAA-1_2,-3.6878123,4.079615
CCTCTAGTCTCTCTAA-1_6,-3.7257488,10.0544195
CCTCTCCAGGGCAACT-1_4,-0.6698113,5.181052
CCTCTCCCAATGAAAC-1_2,-0.48329163,10.552684
CCTCTCCCACTCCCTA-1_5,-2.3878725,6.7954516
CCTCTCCCATTCACCC-1_4,-2.0491412,7.0934315
CCTCTCCGTAATTAGG-1_6,1.8643508,5.351183
CCTCTCCGTACTCCCT-1_5,-1.0720614,7.2160773
CCTCTCCTCAACACGT-1_3,-3.5818484,3.9904013
CCTCTCCTCATTCGGA-1_5,1.182331,4.6537676
CCTCTCCTCCAAATGC-1_6,0.5702983,10.672076
CCTCTCCTCCGTCAAA-1_2,-1.3983433,9.786611
CCTCTCCTCGCAGTGC-1_5,-2.1304543,9.329678
CCTGCATAGCTTGTTG-1_1,-4.64834,6.7030425
CCTGCATCAACGGCTC-1_4,0.22146128,8.338833
CCTGCATCATCCGAAT-1_1,-0.24690576,7.0605807
CCTGCATGTAGACACG-1_3,0.06148192,4.132048
CCTGCATGTAGCTTTG-1_4,-1.2886194,3.0231726
CCTGCATTCCCTGGTT-1_5,-0.33095372,7.643562
CCTGCATTCTAAGCGT-1_6,4.2801366,6.497956
CCTGTTGAGCAGCAGT-1_1,-2.5662208,11.311334
CCTGTTGAGGTCCGAA-1_2,0.30393085,7.693432
CCTGTTGAGTCATGCT-1_6,-0.35599446,5.583471
CCTGTTGCAGGAGACT-1_2,-0.35028246,6.5926566
CCTGTTGCATCCGCGA-1_6,-5.0222864,10.150315
CCTGTTGCATTCTCCG-1_2,-2.032713,9.129181
CCTGTTGGTACTGCCG-1_6,-2.934995,7.9637256
CCTGTTGGTGAGTGAC-1_2,1.1235821,10.651478
CCTGTTGTCAAATGCC-1_5,-3.470321,11.535024
CCTGTTGTCCAATGCA-1_4,1.5366669,8.704171
CCTGTTGTCCATCCGT-1_2,-2.8157446,9.923404
CCTGTTGTCGAGAACG-1_1,1.4725304,10.53206
CCTGTTGTCGCGCTGA-1_5,-2.0728905,7.292953
CCTGTTGTCTGCATGA-1_4,-1.0392736,8.802041
CCTGTTGTCTGCCTGT-1_5,-2.2326324,10.578015
CCTTCAGAGAATACAC-1_4,-0.09641137,8.765824
CCTTCAGAGTACAGAT-1_1,-1.7443051,8.288452
CCTTCAGCAGATCATC-1_4,-3.0034924,6.257873
CCTTCAGCATGACACT-1_5,0.46054867,11.957893
CCTTCAGCATGTTTGG-1_5,-3.407655,11.231992
CCTTCAGGTCATAGTC-1_4,1.1290933,7.683076
CCTTCAGGTCTCAGGC-1_4,-6.020743,6.8284383
CCTTCAGTCAACCGAT-1_5,-0.5389629,10.0656
CCTTCAGTCAGCATTG-1_4,-2.7204514,4.196504
CCTTCAGTCAGCTCTC-1_4,-1.5483937,10.154299
CCTTCAGTCCCGTGTT-1_6,-0.024434164,5.15596
CCTTCAGTCCTGTACC-1_3,1.636952,5.4782043
CCTTCAGTCGACGACC-1_1,-5.338969,9.068437
CCTTCAGTCGTGGACC-1_4,-0.1494614,7.8796325
CCTTCAGTCTGAGATC-1_4,-2.5246234,8.174342
CCTTCAGTCTTAGCCC-1_3,-0.38829237,2.9974852
CCTTCAGTCTTCGGTC-1_2,-3.1196315,9.913451
CCTTGTGAGACGCTCC-1_3,-5.845198,8.351342
CCTTGTGAGATCCCAT-1_5,-3.311949,9.023148
CCTTGTGAGTGAGTGC-1_4,-1.0534962,6.9544835
CCTTGTGCACTAGGCC-1_3,-3.6410983,3.6362724
CCTTGTGGTCGAGCTC-1_1,-2.463737,8.761486
CCTTGTGGTTAGTCGT-1_4,-2.6778855,5.2213774
CCTTGTGTCATCGCCT-1_2,0.32821795,5.805658
CCTTGTGTCATGAAAG-1_1,-1.3104212,8.670548
CCTTGTGTCCACAGGC-1_6,-0.58722526,11.9649315
CCTTGTGTCGATTCCC-1_2,-1.9478412,8.49276
CCTTGTGTCGTCACCT-1_2,-1.0821097,5.3961167
CCTTGTGTCTAGCCAA-1_1,0.54875743,10.150088
CCTTTGGAGGCATCTT-1_6,-2.1164439,8.523113
CCTTTGGAGTGGCGAT-1_5,0.12285563,9.9852295
CCTTTGGCATACACCA-1_4,-4.142815,9.199462
CCTTTGGGTATGATCC-1_4,0.32007107,6.951629
CCTTTGGGTCTCGACG-1_6,-3.0525577,3.1601927
CCTTTGGGTGTGAGCA-1_6,-2.895303,3.4507635
CCTTTGGTCAGCCTTC-1_4,0.48504737,6.68956
CCTTTGGTCGAACACT-1_5,-5.1059613,8.564236
CCTTTGGTCGCAACAT-1_1,-3.9282155,7.849453
CCTTTGGTCTCGAACA-1_3,-4.8073893,9.576029
CGAAGGAAGATTGTGA-1_5,-3.269608,10.030966
CGAAGGACAGTTACCA-1_3,-5.8758326,8.117435
CGAAGGACATCCAATG-1_6,-1.4133538,10.154807
CGAAGGACATTCATCT-1_4,-3.0095356,7.3347
CGAAGGATCTATACTC-1_4,1.1900936,6.539644
CGAAGGATCTGAGCAT-1_4,-0.89897686,9.7397995
CGAAGTTAGTTCACTG-1_4,-3.1588295,9.911964
CGAAGTTCATCACCAA-1_5,-3.5288677,4.117516
CGAAGTTCATGACGAG-1_2,0.145645,7.6863875
CGAAGTTGTACTCCGG-1_4,-3.9739645,9.940832
CGAAGTTGTTGTGCAT-1_1,-4.686228,5.6379085
CGAAGTTTCACCATCC-1_4,-1.162098,6.251391
CGAAGTTTCAGAATAG-1_1,0.02187554,8.220808
CGAAGTTTCCAATCTT-1_5,-2.3532283,11.4386
CGAAGTTTCCCTATTA-1_4,2.8199914,5.036108
CGAATTGAGCAGGGAG-1_4,-3.149335,4.0616903
CGAATTGAGTTCGCAT-1_3,0.28502062,5.1094584
CGAATTGCAGGACGAT-1_6,1.3650802,7.964252
CGAATTGGTAGCTTTG-1_5,-0.41912636,6.972146
CGAATTGGTCGCGGTT-1_3,0.27401748,8.099668
CGAATTGGTCTTGCGG-1_6,1.107359,7.013412
CGAATTGGTGATGGCA-1_4,-4.135576,10.226257
CGAATTGTCACCATAG-1_4,-4.212044,10.882735
CGAATTGTCATGGCCG-1_5,-1.8041911,11.200388
CGAATTGTCGGCAGTC-1_1,-0.09601992,6.7430296
CGACAGCAGCATGTTC-1_2,-1.6272864,8.650609
CGACAGCAGGCCCACT-1_2,-4.2949533,8.699416
CGACAGCAGTGAGCCA-1_4,2.978093,5.854578
CGACAGCCAAACCACT-1_5,-1.2640376,7.0364027
CGACAGCTCGACATAC-1_3,-1.2633091,7.4456754
CGACAGCTCTGTTGGA-1_3,-0.079633795,10.393679
CGAGAAGGTAAGATTG-1_5,-2.495497,6.6989093
CGAGAAGGTATGCAAA-1_3,3.412056,5.6031594
CGAGAAGGTGATTCTG-1_3,0.18434504,7.412082
CGAGAAGGTTCAACGT-1_2,-3.300963,9.69996
CGAGAAGGTTGGGACA-1_1,1.021011,8.252711
CGAGGAAAGCGCCTCA-1_2,3.4785216,5.1980085
CGAGGAACACTCGATA-1_1,-3.2193701,7.1986427
CGAGGAAGTACCGTCG-1_4,-0.89943635,5.950186
CGAGGAAGTGTCCACG-1_5,-2.110584,8.214386
CGAGGAAGTTCAGTAC-1_3,-1.6804265,8.922641
CGAGGAATCATCTACT-1_5,0.3905993,6.395575
CGAGGAATCCACAGGC-1_6,-0.9281316,10.914323
CGAGGAATCCGCCTAT-1_1,-4.134094,5.7682366
CGAGGAATCGACGACC-1_3,-4.077574,6.8442116
CGAGGCTAGAAGCTCG-1_1,-5.750753,8.030898
CGAGGCTAGTACAACA-1_1,-2.0720155,8.083825
CGAGGCTGTACAACGG-1_5,-0.6621495,5.85712
CGAGGCTGTAGGCTCC-1_1,-5.650751,8.142898
CGAGGCTGTGGCTAGA-1_2,-1.3391148,8.427428
CGAGGCTGTTCCGCAG-1_4,-2.8024306,3.2797318
CGAGGCTTCCTCGATC-1_6,1.8485637,6.451921
CGAGTGCAGAGAATCT-1_6,0.1611981,7.0253487
CGAGTGCAGTCACTGT-1_2,0.7716616,6.3847
CGAGTGCTCCTCTCTT-1_2,-4.715005,8.536699
CGAGTGCTCGACCACG-1_5,-0.20954907,6.534051
CGAGTGCTCTCATGCC-1_4,-0.90171254,6.456026
CGAGTGCTCTGCTAGA-1_5,-4.315917,5.4403906
CGAGTTAAGGGCTGAT-1_2,1.7921325,9.82966
CGAGTTAAGTACGTCT-1_5,-1.746085,10.3404255
CGAGTTACAAATGCTC-1_5,-3.9415312,7.1492352
CGAGTTACAAGAGGCT-1_4,1.6324698,8.437895
CGAGTTACAAGGTCTT-1_3,0.053228542,3.468313
CGAGTTACATAGTCAC-1_1,-0.16378409,5.5227733
CGAGTTAGTACAGTCT-1_5,-5.1606607,7.2007008
CGAGTTAGTGTGTGGA-1_4,-1.076125,12.119183
CGAGTTATCCATCTGC-1_3,1.7602451,9.91069
CGAGTTATCGTGCACG-1_2,0.83904725,8.30557
CGAGTTATCTTGCAAG-1_6,1.116296,10.028236
CGATCGGAGTCCTACA-1_5,-2.269822,5.942718
CGATCGGCAACGTAAA-1_2,-4.92407,9.137985
CGATCGGCATTGTACG-1_5,-1.8158759,10.485403
CGATCGGGTAACTGCT-1_5,-2.2004766,10.41387
CGATCGGGTACGCTAT-1_3,-4.4752407,5.56745
CGATCGGTCATGGTAC-1_1,-4.688935,8.211195
CGATCGGTCGCCGAAC-1_3,-1.6025493,9.173889
CGATCGGTCTTCTTCC-1_3,-0.11924243,11.864427
CGATGCGAGATAGTGT-1_3,-1.8632998,4.4559526
CGATGCGCACTGTTCC-1_1,1.0183105,10.5033
CGATGCGCAGAGATTA-1_5,-4.3935037,8.445335
CGATGCGCATGTCGTA-1_4,-2.2994986,7.790937
CGATGCGGTAGGGAGG-1_4,-1.6534245,11.188171
CGATGCGGTATGAAAC-1_2,-1.6425637,5.2199383
CGATGCGGTATGAAAC-1_5,-5.419112,6.5984173
CGATGCGGTCTAACGT-1_2,-2.3648942,3.6450055
CGATGCGTCAACTGGT-1_2,-1.9584293,9.184051
CGATGCGTCAGCTAGT-1_4,-0.7220564,4.089629
CGATGGCAGACAACTA-1_2,-2.9973254,9.944901
CGATGGCCAAGAATAC-1_5,-4.6148915,9.312711
CGATGGCCAATAGGGC-1_5,1.7718649,4.7495914
CGATGGCCAATAGTGA-1_3,-2.9093423,3.9076395
CGATGGCCACTGAGTT-1_3,-1.2877506,6.059307
CGATGGCGTCCAGCAC-1_4,-3.5883105,7.968679
CGATGGCGTGTGTGTT-1_1,-1.0159216,9.646304
CGATGGCGTTAGAAGT-1_5,-2.0783565,10.554403
CGATGGCGTTGAAGTA-1_5,0.586749,13.167362
CGATGGCTCACAATGC-1_2,-4.2898192,10.571261
CGATGGCTCAGTGTGT-1_1,-1.0218309,5.4640794
CGATGGCTCGCCGTGA-1_2,4.438753,7.4181256
CGATGGCTCGTAACTG-1_5,-3.2236216,6.88198
CGCAGGTAGAGAGTGA-1_4,-2.4918332,7.5488033
CGCAGGTAGATCCTAC-1_3,0.3282769,6.1907196
CGCAGGTAGTTGGAGC-1_1,-0.21263003,5.699242
CGCAGGTCACAGAAGC-1_4,-3.7495706,4.836361
CGCAGGTTCCCGTAAA-1_3,-2.846319,5.6872787
CGCATAAAGAGAGTTT-1_5,-2.8063045,11.549714
CGCATAAAGCAGGTCA-1_4,-4.422593,9.514829
CGCATAAAGGTAGGCT-1_4,-1.3497459,11.518925
CGCATAACACCATATG-1_2,-4.727842,8.989395
CGCATAACATAACCCA-1_2,-2.23424,6.2490807
CGCATAAGTAACCCTA-1_1,1.1887325,8.141067
CGCATAAGTACCACGC-1_6,-1.9696898,2.8820703
CGCATAAGTATGTCTG-1_3,-2.5311823,6.8593793
CGCATAAGTCAAGTTC-1_2,-1.4755483,10.844498
CGCATAAGTCCGCAGT-1_2,-2.471473,5.9623246
CGCATAAGTGAATGTA-1_4,-0.2833946,7.8209243
CGCATAATCCGTATAG-1_5,-3.5290027,5.052476
CGCATAATCGAGCCTG-1_6,-5.6461496,6.6034384
CGCATGGAGAGATCGC-1_6,1.6558218,9.978449
CGCATGGAGCGTACAG-1_4,1.8696098,10.290497
CGCATGGAGGCTAGCA-1_5,-4.2837353,7.4547467
CGCATGGCAATTTCTC-1_5,-4.493576,5.918998
CGCATGGGTTCCACGG-1_6,1.7977165,9.567491
CGCATGGTCATCACTT-1_2,-1.7400395,5.6320863
CGCATGGTCGATCCAA-1_2,-3.9538565,3.596824
CGCATGGTCGGTAACT-1_6,0.06318436,10.091223
CGCATGGTCTCTCTTC-1_3,-0.3734052,8.043949
CGCCAGAAGATGGGCT-1_4,-3.4015677,4.7677827
CGCCAGAAGCTCTTCC-1_6,-2.9719677,10.751645
CGCCAGAAGGCCCAAA-1_3,-2.3356597,6.7212973
CGCCAGAAGGTGCATG-1_1,-0.18034966,3.9943106
CGCCAGACAACAGAGC-1_6,2.2165754,5.0832043
CGCCAGACAGAGATTA-1_1,2.647667,4.950312
CGCCAGACATGACTGT-1_5,-2.330596,3.5002098
CGCCAGACATGCTGCG-1_1,1.4626244,8.450095
CGCCAGAGTCTCACGG-1_1,2.3762553,4.4397397
CGCCAGAGTGAACTAA-1_6,-1.0020999,3.5824409
CGCCAGAGTTCAAGGG-1_5,-2.82784,5.22903
CGCCAGAGTTTAGTCG-1_1,-5.5427737,7.7224154
CGCCAGAGTTTCACTT-1_2,-1.9086051,11.890707
CGCCAGATCGGTTGTA-1_1,-1.129899,11.906845
CGCCAGATCTTAGTTC-1_4,-3.4080613,6.0392413
CGCCATTAGGTGCGAT-1_2,-1.8626766,9.926411
CGCCATTAGTCAGCCC-1_1,-5.829956,5.2832084
CGCCATTCAATTTCCT-1_2,-2.2593534,7.339485
CGCCATTCACGACTAT-1_6,-4.092394,5.012747
CGCCATTCATCCGTTC-1_1,-2.3333259,9.353896
CGCCATTCATGTGCCG-1_5,-3.5663373,4.4228864
CGCCATTGTATCGATC-1_1,-0.512197,9.027713
CGCCATTGTCTCAGAT-1_6,-1.2315202,11.63783
CGCCATTTCCACGTCT-1_4,-0.46293378,7.1195264
CGCCATTTCCGACGGT-1_6,-0.27156556,6.874637
CGCCATTTCTATTCGT-1_6,0.8050502,8.698479
CGCGTGAAGCAGAAAG-1_6,-4.3642864,9.597929
CGCGTGAAGCGGCTCT-1_5,-1.0075761,5.378236
CGCGTGACAGGACTTT-1_5,-4.418402,5.694539
CGCGTGAGTCACAGAG-1_1,0.17630075,6.9713387
CGCGTGAGTTAAGGAT-1_5,-3.069383,9.285412
CGCGTGAGTTGAGTCT-1_2,-1.426321,9.81132
CGCGTGATCATGTCTT-1_1,2.8508549,9.425673
CGCGTGATCTCCTGTG-1_1,1.2936897,9.84412
CGCGTGATCTGACAGT-1_2,-2.6316428,10.444812
CGGAACCAGAATCTAG-1_5,0.17026237,9.542498
CGGAACCAGAGTGTTA-1_6,-1.9080255,5.257992
CGGAACCAGGGAGGCA-1_4,-4.9708695,8.877542
CGGAACCAGTTACTCG-1_2,-4.4353523,8.207057
CGGAACCCACAGTCCG-1_2,-3.6472049,7.712011
CGGAACCCATGAGGGT-1_2,4.689752,6.9433303
CGGAACCGTACCTAAC-1_3,1.424033,10.991957
CGGAACCGTGCCAAGA-1_4,-1.9152768,7.104221
CGGAACCGTGGCCACT-1_1,-2.1964133,6.747224
CGGAACCGTGTATTGC-1_5,-2.7125454,8.762986
CGGAACCGTTGCATCA-1_5,2.036254,6.062904
CGGAACCTCATTCTTG-1_4,-2.3914728,6.3170404
CGGAACCTCGTTCTCG-1_4,-3.8125463,5.71385
CGGAACCTCTTACGTT-1_6,-0.22015248,3.7644856
CGGAATTAGAACCGCA-1_2,-1.3263978,10.400274
CGGAATTAGCTTACGT-1_4,-1.0392793,4.0816483
CGGAATTAGTCATGCT-1_2,-1.7652742,9.009515
CGGAATTAGTCGAATA-1_1,-1.1927149,5.6880064
CGGAATTCACCTATCC-1_2,-0.087733276,11.759401
CGGAATTCATAGGAGC-1_6,1.5920317,10.514088
CGGAATTCATAGGTAA-1_4,-3.989564,10.513869
CGGAATTGTACGAGCA-1_5,-0.5467567,9.254075
CGGAATTTCAAGTCTG-1_6,-1.2594464,5.550059
CGGAATTTCACATCAG-1_1,-0.46175492,3.4579566
CGGAATTTCACGGAGA-1_5,-0.09210457,7.0325737
CGGAATTTCATGACAC-1_4,-4.921479,5.868462
CGGAATTTCCATTGTT-1_1,0.3171431,4.687343
CGGAATTTCTGCCTCA-1_3,-3.852,10.66734
CGGACACAGGGTTAAT-1_4,-0.83234626,7.2612987
CGGACACAGTGCGCTC-1_3,-3.3433318,4.2896957
CGGACACGTATACCTG-1_1,-3.6347334,6.2133517
CGGACACGTCCCGTGA-1_4,1.1213005,5.1446085
CGGACACGTCGTCGGT-1_2,1.3680526,10.011774
CGGACACTCTACTTCA-1_1,-2.2154415,7.0300527
CGGACACTCTCGGGAC-1_3,0.026739126,7.4906607
CGGAGAAAGACGCAGT-1_5,0.21201271,7.56724
CGGAGAAAGTTACGGG-1_1,-2.9433887,7.6031733
CGGAGAACAAGACGAC-1_4,-5.451255,5.2738905
CGGAGAACAGGTAGTG-1_5,-1.1578994,4.8128424
CGGAGAACAGGTGGAT-1_3,-3.6602097,3.4731386
CGGAGAAGTACCTAAC-1_2,-4.831632,6.9598207
CGGAGAAGTGACCGAA-1_5,-5.3650317,8.186407
CGGAGAAGTTATTCTC-1_2,-1.4011449,6.2358885
CGGAGAATCTCCACTG-1_2,-3.2858949,9.508534
CGGCAGTAGATCGGTG-1_4,-1.6753073,10.174298
CGGCAGTAGCGGCTCT-1_1,4.6424904,6.3284216
CGGCAGTAGGCATGGT-1_3,1.9468235,9.776016
CGGCAGTAGGCTCCCA-1_3,-0.39120108,4.4215965
CGGCAGTCAAGAGTAT-1_1,-5.1498537,8.565326
CGGCAGTCAATAGTCC-1_4,-2.052841,6.280219
CGGCAGTCACCGTGGT-1_4,0.72676986,4.339289
CGGCAGTCAGTATACC-1_6,2.0225265,6.257999
CGGCAGTCATGACACT-1_2,2.5933414,10.067635
CGGCAGTCATGACAGG-1_5,2.1456897,9.844315
CGGCAGTCATGGCCCA-1_3,1.3452556,9.720217
CGGCAGTGTAGGCAGT-1_1,-1.471875,9.394746
CGGCAGTGTTCCTACC-1_4,-5.334979,8.397925
CGGCAGTTCATAAGGA-1_6,-3.8662388,10.643658
CGGCAGTTCGCCTCTA-1_5,0.029574057,5.3115273
CGGGACTAGGGAGGGT-1_1,-3.6534593,6.252999
CGGGACTCAATCGCGC-1_4,-4.104193,3.6614087
CGGGACTTCAAGCCGC-1_5,0.97661626,7.6197276
CGGGACTTCACAGTGT-1_2,-3.206849,6.1846075
CGGGACTTCGTTGTAG-1_1,-2.1681993,5.157054
CGGGACTTCTCACCCA-1_2,-3.6817,5.7768083
CGGGACTTCTCACTCG-1_1,0.18597332,6.5471077
CGGGCATAGAATTTGG-1_6,-2.415413,10.243898
CGGGCATTCATGTCTT-1_5,-4.075361,6.2168527
CGGGCATTCCAATCTT-1_3,-0.30552363,6.543698
CGGGTCAAGGAAAGGT-1_4,1.638509,9.816624
CGGGTCAAGGGAGATA-1_5,0.8539449,4.647546
CGGGTCAAGTATCTGC-1_4,0.43620065,6.3183103
CGGGTCACAAAGACTA-1_3,2.4746368,9.721851
CGGGTCACAAGAGGCT-1_3,-1.1363113,9.428693
CGGGTCACAGGGAATC-1_5,2.7374988,10.263611
CGGGTCATCACTCACC-1_6,1.6022594,5.6074185
CGGGTCATCACTTGGA-1_1,1.1331059,8.142819
CGGGTCATCATGGTAC-1_1,-1.7993102,7.171027
CGGGTCATCATTACTC-1_2,1.45707,6.7783313
CGGGTCATCCCATAGA-1_1,0.035723645,3.3378408
CGGGTCATCCGGCAGT-1_3,-1.7818289,11.377066
CGGGTCATCTACTGCC-1_2,0.18905875,6.9331
CGGGTCATCTTACCGC-1_5,-2.1815739,5.427271
CGGGTGTAGCATGCGA-1_4,-1.1391408,11.218301
CGGGTGTAGGTCACAG-1_5,1.718321,10.730442
CGGGTGTAGGTTCCAT-1_6,0.07500415,7.9998193
CGGGTGTAGTCCTACA-1_2,-3.6676085,8.752126
CGGGTGTCACTACACA-1_3,-0.6093483,9.585032
CGGGTGTCATCGCCTT-1_4,-1.7511951,3.9331036
CGGGTGTTCATCCTGC-1_5,-0.46415806,5.5270944
CGGGTGTTCTCCTACG-1_6,-1.6925488,6.028539
CGGGTGTTCTTCTTCC-1_2,-3.5520666,6.3837843
CGGTCAGAGATGTTGA-1_2,-4.4194565,5.567933
CGGTCAGAGGACTTCT-1_6,2.612155,6.449592
CGGTCAGCACACACTA-1_6,-1.7646239,6.000024
CGGTCAGCACTGATTG-1_2,-4.258649,5.563283
CGGTCAGCAGCGTATT-1_4,-3.4459634,9.949604
CGGTCAGCAGGTTCGC-1_5,0.5256429,6.159963
CGGTCAGGTGCGAGTA-1_5,-1.222487,10.292902
CGGTCAGTCAACGTGT-1_4,-2.4076872,4.125162
CGGTCAGTCCGATAAC-1_1,-1.3280612,7.675194
CGGTCAGTCTTCTCAA-1_2,-1.4765135,11.564887
CGTAAGTAGACTTCAC-1_3,-2.5571349,4.3104506
CGTAAGTAGCAACAAT-1_4,-3.54359,6.8320045
CGTAAGTCAATGCAAA-1_6,-2.1093185,8.096005
CGTAAGTCAGCTGAAG-1_2,0.20778212,10.624076
CGTAAGTCATAGATCC-1_1,-2.0067232,3.544441
CGTAAGTTCATTATCC-1_5,-4.024895,7.874959
CGTAAGTTCTGCCTCA-1_2,-4.592764,10.468091
CGTAAGTTCTTAGTTC-1_3,-1.8968235,3.7424011
CGTAAGTTCTTTGCAT-1_2,-0.19463696,8.225927
CGTAATGAGGAACTAT-1_4,-2.2989771,11.404281
CGTAATGCAAAGGGCT-1_4,-4.2007933,6.166932
CGTAATGCAGGCCTGT-1_4,2.8456984,4.975338
CGTAATGCATCGCTCT-1_4,2.3964434,4.5852814
CGTAATGGTATACAGA-1_2,-1.255984,5.707731
CGTAATGGTATCCTTT-1_3,-1.4287645,6.4195495
CGTAATGGTTAATCGC-1_4,2.3192446,5.737766
CGTAATGTCCAGCACG-1_3,0.004778615,10.192499
CGTAATGTCGTAGTCA-1_4,-3.3607605,8.302862
CGTAATGTCTGATTCT-1_5,-2.5910766,5.328216
CGTAGTACACAAGCCC-1_1,0.60939634,5.6157236
CGTAGTAGTACAGAGC-1_3,-3.080733,7.1144276
CGTAGTAGTCAACATC-1_6,0.15326872,7.0244036
CGTAGTAGTCGATTAC-1_5,-3.0993204,7.8505526
CGTAGTAGTGTATTGC-1_3,-2.3643742,4.2909675
CGTAGTAGTGTTCGTA-1_2,-2.7515054,3.8371115
CGTCAAACACGTGTGC-1_1,-2.8976665,3.7680333
CGTCAAACATGGATCT-1_4,-1.7549274,10.728298
CGTCAAAGTACACGTT-1_1,0.8282857,8.015924
CGTCAAAGTGACCTGC-1_6,-2.9866405,5.3643465
CGTCAAAGTTCAAGTC-1_4,-1.137626,7.2044573
CGTCAAATCAACCTTT-1_4,0.3089798,5.044793
CGTCAAATCAAGATAG-1_6,1.9542823,10.047117
CGTCAAATCACCTCAC-1_1,-5.233689,8.6365795
CGTCAAATCGGTCACG-1_1,-3.6878166,8.155181
CGTCCATAGCAATAAC-1_3,1.6707381,4.494345
CGTCCATAGCGATGAC-1_1,-0.8423829,4.051083
CGTCCATCACCGGCTA-1_4,-5.4125657,6.627061
CGTCCATGTTATTCCT-1_1,0.4699628,10.4364395
CGTCCATTCAACTCTT-1_4,-5.078189,6.8811545
CGTCCATTCCGGCAGT-1_5,1.7673714,7.3012104
CGTCCATTCGCCTATC-1_4,-1.4547651,4.918872
CGTCCATTCGGTAACT-1_5,-1.4473288,6.4022856
CGTGAATAGACGACTG-1_1,-2.005466,4.457042
CGTGAATCAAATCGGG-1_3,-1.4225173,5.6256833
CGTGAATCAAGTCCAT-1_1,-0.16458973,3.2927256
CGTGAATCACACCTTC-1_6,-1.8132998,10.612355
CGTGAATCACATCATG-1_5,1.3021998,7.5580173
CGTGAATGTAACATGA-1_2,-5.104015,9.411871
CGTGAATGTAGGCAGT-1_5,-4.0256147,4.5970025
CGTGATAAGACTAAGT-1_6,-1.9879341,8.588331
CGTGATAAGAGCCGTA-1_4,-1.1632757,5.2602005
CGTGATAAGGATTTGA-1_1,-4.554392,7.86385
CGTGATACAATTGCTG-1_6,-3.682141,4.119333
CGTGATAGTATCCCAA-1_6,1.948992,7.9355755
CGTGATAGTCGACTGC-1_4,-3.3872771,5.811024
CGTGATAGTCTGTAGT-1_3,-5.053984,5.984507
CGTGATATCCAGTTCC-1_6,-4.4641128,8.078491
CGTGATATCCTATGGA-1_4,-5.704606,8.976857
CGTGCTTAGACTCTTG-1_3,-2.4814484,4.17958
CGTGCTTAGGCCCACT-1_5,-0.6570845,8.274829
CGTGCTTAGTCTCGTA-1_5,3.2760007,7.1507273
CGTGCTTCACCTAAAC-1_1,-4.5176253,6.5945554
CGTGCTTCAGTCTCTC-1_3,-2.1077263,10.7385435
CGTGCTTCATGGCTAT-1_1,-1.5177636,4.361685
CGTGCTTGTAGACAGC-1_5,-2.2185924,4.2587075
CGTGCTTGTCCCTAAA-1_2,1.8562816,4.4225755
CGTGCTTTCCACATAG-1_2,-3.6906133,4.7133064
CGTGTCTAGCGATGAC-1_2,-0.90367043,8.959643
CGTGTCTAGGCCCACT-1_3,-5.202537,9.798611
CGTGTCTAGTATGAGT-1_2,-1.2123855,10.406042
CGTGTCTAGTCGTTAC-1_6,-3.191136,8.561008
CGTGTCTCAGATACTC-1_5,-1.5558085,5.839163
CGTGTCTGTGATGGCA-1_2,-1.5374537,5.8585677
CGTGTCTTCGGCCTTT-1_3,-1.9336364,11.25937
CGTTAGACAGAGGTAC-1_1,-4.397764,6.874701
CGTTAGACAGCGTACC-1_5,-4.4001575,8.447733
CGTTAGACAGGCGAAT-1_4,-0.57880133,4.9733047
CGTTAGAGTCTGGTTA-1_6,-1.296351,5.161684
CGTTAGATCCCGAGAC-1_4,-1.748226,6.2853193
CGTTAGATCTGCCTGT-1_2,-5.434768,8.919045
CGTTAGATCTTCGGTC-1_4,-3.6929011,5.391989
CGTTCTGAGGGAGGGT-1_3,-4.8837967,6.373986
CGTTCTGAGGGCAACT-1_4,0.10749456,5.783201
CGTTCTGCAGCCGTCA-1_5,-3.191868,6.6510744
CGTTCTGCATAAGCGG-1_4,-2.015245,4.7604227
CGTTCTGGTACAATAG-1_4,-2.6809402,8.715751
CGTTCTGGTTCTAACG-1_6,2.565626,9.7428465
CGTTCTGTCATACGAC-1_3,-2.9449692,4.047107
CGTTCTGTCCATTTGT-1_3,-3.649264,6.201175
CGTTCTGTCTGCATAG-1_2,-4.129613,3.512133
CGTTGGGAGCTTAGTC-1_4,-2.5607266,3.689355
CGTTGGGAGGTTGACG-1_4,0.9799271,9.185873
CGTTGGGAGTGACACG-1_3,-0.9670715,3.2440584
CGTTGGGCACGCTTAA-1_4,-4.831786,4.567575
CGTTGGGGTAGCTCGC-1_3,0.71138304,10.489012
CGTTGGGGTCCTGGGT-1_4,-2.9069366,4.4089913
CGTTGGGGTGTTACTG-1_3,-1.5204641,11.422151
CGTTGGGGTTATGACC-1_5,-0.9806374,6.980865
CTAACCCCAAAGGCTG-1_3,-2.403169,4.153539
CTAACCCCAACCGCTG-1_2,-3.3257744,9.005015
CTAACCCCAATCTCTT-1_3,-1.4645144,10.4608135
CTAACCCCACGTACTA-1_1,-1.0465991,7.627086
CTAACCCCAGATACCT-1_6,-3.2687736,6.924396
CTAACCCGTCAAGCGA-1_2,-1.5491711,9.5835495
CTAACCCGTCCAGCAC-1_4,-1.1918644,6.0773354
CTAACCCTCATCACCC-1_3,-3.8983212,7.7243347
CTAACCCTCGACCAAT-1_4,-4.1876273,8.451784
CTAACCCTCGGTATGT-1_5,-0.24800234,8.299297
CTAACCCTCTTGCGCT-1_2,-2.4470499,8.1481085
CTAACTTAGCGTCTCG-1_3,-0.42261097,6.915298
CTAACTTCAGATTAAG-1_6,2.260536,7.672331
CTAACTTGTAGAGGAA-1_5,-0.037359647,8.361751
CTAACTTGTCAACCAT-1_6,2.7463236,9.210477
CTAACTTGTTACCCAA-1_3,-3.000427,4.576711
CTAACTTTCGAAATCC-1_2,-2.3281045,5.2926636
CTAACTTTCGAGCACC-1_4,0.18605983,6.5612445
CTAACTTTCGCCACTT-1_3,-1.9225527,7.840277
CTAAGTGAGAACTCCT-1_4,-1.23393,11.255441
CTAAGTGAGCACTAAA-1_5,-0.7906089,7.353953
CTAAGTGCATAATGCC-1_6,0.03832862,7.625373
CTAAGTGCATCGAAGG-1_3,-2.8284814,10.615953
CTAAGTGCATTCTCTA-1_2,-0.17266485,11.242796
CTAAGTGGTCATTCCC-1_4,-2.2464783,10.413446
CTAAGTGGTCGCTGCA-1_5,-3.187058,5.8055778
CTAAGTGGTCTAGGTT-1_5,-4.3129683,3.6290333
CTAAGTGGTGTTAACC-1_1,1.5368174,7.0727015
CTAAGTGGTTAAGTCC-1_1,-5.1042514,6.3882236
CTAAGTGTCGGCATAT-1_6,-1.5578998,11.064058
CTAAGTGTCTTCTCAA-1_6,-4.7098217,8.361059
CTACAGAAGATTGCGG-1_2,0.9647237,4.2555223
CTACAGAAGCCACCGT-1_1,-1.0316399,5.6084814
CTACAGAAGCCTTGAT-1_4,-1.0040911,3.184265
CTACAGAAGGGTCTTT-1_5,-1.8725855,3.61017
CTACAGAAGTCAGCCC-1_5,-4.4051304,7.3585715
CTACAGACAAAGACGC-1_3,-4.6640286,9.463248
CTACAGACAAGTCATC-1_2,-1.4672974,4.3872957
CTACAGACAGTTAAAG-1_5,1.5890086,6.0387616
CTACAGAGTCACGACC-1_5,-2.2843852,9.077311
CTACAGAGTCGATGCC-1_1,-0.74477565,5.8665614
CTACAGAGTTACGGAG-1_4,-4.5783067,6.810453
CTACAGATCATCTATC-1_1,-1.2775263,8.774044
CTACAGATCGTCGACG-1_2,-3.6596117,4.0845294
CTACAGATCGTGCACG-1_2,0.23110366,6.1483297
CTACAGATCTGGTCAA-1_6,1.4745574,6.430544
CTACATTAGTGCGTCC-1_1,-2.2588592,3.2208323
CTACATTCACCCTAAA-1_6,-0.35702294,6.997907
CTACATTCACCGTGCA-1_4,-1.6739137,9.402668
CTACATTCATACGCAT-1_5,-4.5517254,6.9993434
CTACATTCATGGAAGC-1_3,-2.9396405,3.279336
CTACATTGTACTCGTA-1_5,-0.8668505,7.8757586
CTACATTTCCTACCGT-1_2,0.44783264,6.4328213
CTACATTTCGCCAACG-1_3,1.1981835,11.16405
CTACATTTCTGGAAGG-1_4,2.384,3.9742265
CTACCCACACAAATAG-1_6,-4.2049007,7.996433
CTACCCACACAGCTTA-1_2,-0.66726375,5.2004156
CTACCCACATCCCACT-1_5,-3.5113046,4.624753
CTACCCACATGCTGCG-1_2,-1.8631797,7.7949324
CTACCCATCCATTTAC-1_4,-0.16890253,10.384977
CTACCCATCCTTCTTC-1_5,-1.6873296,10.822719
CTACCCATCCTTGGAA-1_3,1.0702692,8.2184105
CTACCCATCGACATAC-1_1,-1.031777,6.1758146
CTACCCATCGACCACG-1_5,-0.15026085,4.3921657
CTACCCATCGTGCAGC-1_2,-0.00095593557,5.8432307
CTACCCATCTTCGGAA-1_2,-3.406127,11.511071
CTACCCATCTTTCCGG-1_2,-0.35412157,9.323907
CTACCTGAGAATCTAG-1_5,-3.385172,11.180066
CTACCTGAGCGTATGG-1_3,-2.3040688,10.423325
CTACCTGCACACAGAG-1_5,0.827705,4.8995647
CTACCTGCACCTTCCA-1_4,-1.4128164,6.7493796
CTACCTGCAGCATGCC-1_2,0.32436156,10.130715
CTACCTGCAGGTGTTT-1_2,-5.492628,6.294156
CTACCTGGTCACTTCC-1_1,2.8644073,4.141439
CTACCTGGTGCTCTTC-1_1,-0.97139925,6.3919673
CTACCTGGTTTAAGGA-1_1,-3.5419466,6.7873573
CTACCTGGTTTCGATG-1_6,-2.2331207,6.321572
CTACCTGTCCACTTTA-1_6,-0.2698065,5.9327574
CTACCTGTCCTCACTG-1_3,-1.5162896,8.988232
CTACCTGTCTCCCAAC-1_4,-0.3213733,11.792551
CTACGGGAGCCTCTTC-1_4,-3.5827377,5.7857165
CTACGGGCAATACGCT-1_3,-2.827617,3.773862
CTACGGGCAATTCACG-1_2,-2.060421,3.683034
CTACGGGCACGTAACT-1_3,-2.0931962,10.03783
CTACGGGCACTACACA-1_4,-1.0546428,3.909412
CTACGGGCAGATTCGT-1_4,0.11853595,4.348006
CTACGGGGTATACAGA-1_6,-0.90966797,7.0376005
CTACGGGGTGAGGCAT-1_2,-0.47828624,8.524676
CTACGGGGTGCTCTCT-1_5,-1.1380589,8.335397
CTACGGGTCTGCATGA-1_3,-2.7888694,7.7815447
CTACTATAGATGACAT-1_6,0.87977654,8.368912
CTACTATAGCCTCACG-1_4,-2.6121495,8.395459
CTACTATAGTATGACA-1_5,0.32279685,7.5267043
CTACTATCAATAGGGC-1_5,-4.741888,6.653605
CTACTATCAGACCCGT-1_6,-0.1492013,3.9223175
CTACTATCATGGAACG-1_5,-1.4138103,7.758212
CTACTATGTCGGCACT-1_5,0.22471479,7.1733193
CTACTATGTGAGATCG-1_6,-0.7728749,9.9457445
CTACTATGTGCCGTTG-1_1,-2.8677297,8.598252
CTACTATGTGCGGTAA-1_1,0.14083119,9.027635
CTACTATTCTCAGAAC-1_1,-2.2743363,11.36729
CTAGACAAGAAGCTCG-1_5,-3.7784607,10.47205
CTAGACAAGACAAGCC-1_2,1.795718,5.4855304
CTAGACAAGTTGTAGA-1_3,-2.9504478,10.770421
CTAGACACACCTGAAT-1_3,-2.984246,8.945876
CTAGACACATGGCCAC-1_2,-1.1761773,5.5474944
CTAGACACATGGCTGC-1_4,-2.377885,5.788709
CTAGACAGTCAAAGTA-1_5,3.528002,6.9779997
CTAGACAGTCAAGCGA-1_6,-2.413846,8.571737
CTAGACAGTGTAAATG-1_3,-3.9097235,9.160644
CTAGACATCAGACCGC-1_2,-0.124269985,5.7171555
CTAGACATCCGCACTT-1_4,-2.8359036,8.892239
CTAGACATCGGCAGTC-1_2,-1.7049494,12.121415
CTAGACATCGGCTGAC-1_6,-3.8643446,10.325979
CTAGACATCTCACGAA-1_5,3.4877594,6.089985
CTAGACATCTGGGTCG-1_6,-5.1028247,8.070865
CTAGGTAAGATGAACT-1_1,4.907369,6.483905
CTAGGTACACAGCCAC-1_4,-1.2454404,8.661112
CTAGGTACATGGTACT-1_3,-5.477818,6.5144672
CTAGGTAGTCCTATAG-1_4,-1.9965556,11.731819
CTAGGTAGTCGCTGCA-1_4,-1.0600575,5.6551085
CTAGGTATCACATTGG-1_6,1.4372218,6.88595
CTAGGTATCCAAGGGA-1_2,-3.295435,11.764531
CTAGGTATCGAGCCAC-1_2,-4.3652096,6.152979
CTAGGTATCTCTGAGA-1_2,-1.7530878,9.073643
CTATAGGAGAAGTCAT-1_4,-0.8530571,3.5276344
CTATAGGCAAATCGGG-1_1,1.9621315,10.862788
CTATAGGCAAGACGGT-1_3,-5.3168044,6.338709
CTATAGGCAAGGGCAT-1_1,-4.755268,7.264953
CTATAGGCACGAGAAC-1_2,-3.7481828,6.3367667
CTATAGGCAGTCGTTA-1_4,-2.0843318,3.3962522
CTATAGGGTAATGCTC-1_4,-1.9094337,11.132803
CTATAGGGTCACCCTT-1_2,0.49183387,8.539679
CTATAGGGTGAGTAGC-1_3,0.11439865,7.9561667
CTATAGGGTTAGAGAT-1_3,-4.7875257,9.747033
CTATAGGTCACCCATC-1_1,-2.2649527,7.960864
CTATCCGAGCTCTTCC-1_3,1.0758812,6.9172516
CTATCCGCAAGTTCCA-1_3,-0.7222468,11.692212
CTATCCGCACACGCCA-1_6,-1.884476,9.729394
CTATCCGCACCTCAGG-1_4,0.061592896,3.6676402
CTATCCGCACTACAGT-1_1,3.3851595,4.92503
CTATCCGGTCCACTCT-1_4,-2.821192,10.675166
CTATCCGGTGGGAGAG-1_3,-0.66089946,4.04158
CTATCCGGTTCACGAT-1_4,-2.3188174,11.447232
CTATCCGGTTGGCCGT-1_2,-0.55434126,3.6994367
CTATCTAAGCATTTCG-1_4,0.5596853,7.6789517
CTATCTAAGGCATCGA-1_6,-2.5813792,10.225571
CTATCTAAGTAGGAAG-1_6,-2.1589286,9.901674
CTATCTAAGTCTCCTC-1_5,-2.8894217,6.3528314
CTATCTACACGTCGGT-1_1,-1.1274644,7.376853
CTATCTACAGTCGGAA-1_4,-0.30375466,7.768384
CTATCTAGTAATGCTC-1_4,-2.624882,9.705512
CTATCTAGTCCGAAGA-1_1,-4.3673253,5.3174763
CTATCTAGTCCGGTCA-1_2,0.57846475,3.988694
CTATCTAGTTAATGAG-1_3,-3.3902407,9.479442
CTATCTATCAAGCCAT-1_2,-2.7430081,7.8497233
CTATCTATCATTTACC-1_3,-5.490093,7.73882
CTATCTATCCCAGTGG-1_6,-4.667459,6.594785
CTATCTATCCGTATAG-1_3,-0.10902017,8.772211
CTATCTATCCTGCTAC-1_1,-3.3252492,4.4125934
CTCAACCAGAACTCCT-1_5,-1.6128713,10.905056
CTCAACCAGCCTCATA-1_6,-2.1325965,7.3444395
CTCAACCCAATCTCGA-1_1,-1.4634238,4.124239
CTCAACCCAGATTAAG-1_5,-3.7717705,4.3726053
CTCAACCGTAGCTGCC-1_5,-0.16723853,7.8094316
CTCAACCGTCACCGAC-1_3,-4.556166,8.319538
CTCAACCGTGCGGATA-1_2,1.227593,4.082282
CTCAACCGTGGAACAC-1_4,-4.7334495,7.818492
CTCAACCGTGGGCTTC-1_4,-3.5471585,5.273174
CTCAACCTCTGAGGTT-1_6,-2.7945743,3.3015578
CTCAACCTCTTCTGTA-1_2,-2.8925126,6.620579
CTCAACCTCTTTGCGC-1_5,-2.6485374,5.7932186
CTCAAGAAGAAGTCTA-1_1,-3.0735493,3.625934
CTCAAGAAGCCTCACG-1_2,-1.0050648,9.105632
CTCAAGAAGCCTTTGA-1_6,-0.9691783,11.236407
CTCAAGAAGGCAGTCA-1_5,3.3979201,4.7194676
CTCAAGACACGCACCA-1_4,-2.7497878,11.307574
CTCAAGAGTCATAGTC-1_5,-3.0834248,8.498126
CTCAAGATCCTACACC-1_4,-2.7674549,6.346254
CTCAAGATCCTGGTCT-1_3,-2.8857806,10.413573
CTCAAGATCTCAACGA-1_6,-3.424582,3.944277
CTCAATTAGGCATCAG-1_4,-2.0998747,8.496945
CTCAATTAGGCTCACC-1_3,-2.178978,7.7670393
CTCAATTAGGGCATGT-1_4,-4.870077,7.8678746
CTCAATTAGGGTGAAA-1_2,-1.2947708,8.553095
CTCAATTAGTGGCCTC-1_3,-5.2046146,4.5568643
CTCAATTCAGACACAG-1_1,-0.88025147,8.977645
CTCAATTGTGGCAGAT-1_1,-0.0070979414,6.616033
CTCAATTTCATTGCCC-1_4,-2.640325,7.27828
CTCAATTTCCACTTCG-1_5,-4.566065,9.967986
CTCAATTTCCGATGCG-1_4,-2.6032684,8.935439
CTCAATTTCGAGAAAT-1_3,-0.43067792,7.4904375
CTCACTGAGATTGGGC-1_4,-1.4909325,8.538485
CTCACTGAGCACTCAT-1_3,-5.9519377,6.8200064
CTCACTGAGTGATGGC-1_3,0.16188377,6.640421
CTCACTGCAAGTTTGC-1_5,-3.060384,5.2459235
CTCACTGCAGGCGAAT-1_3,-3.6133883,8.602563
CTCACTGCAGGTGAGT-1_4,-1.8561021,11.400056
CTCACTGGTAATGCGG-1_1,1.7347362,7.3600006
CTCACTGGTACGCTTA-1_5,-2.4282222,8.834982
CTCACTGGTCATGCAT-1_5,-3.133183,4.922455
CTCACTGTCATCACTT-1_1,-5.0354757,9.901619
CTCACTGTCCGATTAG-1_2,-1.6309853,7.9385076
CTCACTGTCCGGTTCT-1_5,0.6934335,7.6720552
CTCACTGTCGGATTAC-1_5,-5.2150598,8.338536
CTCACTGTCGTTCCTG-1_5,-1.3448807,7.4417777
CTCACTGTCTTCGCTG-1_1,0.6041175,8.671705
CTCAGAAAGACAAGCC-1_2,-1.2555873,4.968431
CTCAGAAAGAGTGTTA-1_3,-4.713054,9.553245
CTCAGAAAGTAGCAAT-1_1,0.4687503,6.9330163
CTCAGAAAGTGGAATT-1_6,-0.5039612,11.643419
CTCAGAACACTTCAAG-1_5,-0.77130544,4.019389
CTCAGAACAGACCATT-1_4,-0.4314698,9.41235
CTCAGAACAGCAGACA-1_5,-0.4750654,9.449945
CTCAGAACAGGGATAC-1_4,0.30966166,5.6845336
CTCAGAACAGGGTTGA-1_1,0.40684667,11.744471
CTCAGAACATTCTCCG-1_5,-4.017066,6.613451
CTCAGAAGTATCTCTT-1_5,0.44223115,4.671897
CTCAGAAGTCTGCAAT-1_3,-0.9769268,7.556804
CTCAGAAGTGATACTC-1_4,-1.8866882,10.12278
CTCAGAATCGTCCTCA-1_3,-0.8598717,9.350969
CTCAGAATCTGGGATT-1_4,-0.35034755,7.1149373
CTCAGGGAGGGCAACT-1_5,1.3769001,5.582325
CTCAGGGAGTTAGAAC-1_3,-0.31720033,5.782989
CTCAGGGCAAGGTCAG-1_5,0.38797793,4.2031765
CTCAGGGCAATTGCGT-1_2,0.4546808,4.441705
CTCAGGGCACAATGAA-1_3,-1.4177973,9.535345
CTCAGGGCAGCGTTTA-1_1,-3.9736364,8.3352
CTCAGGGCATGAATCC-1_2,0.6973645,5.940946
CTCAGGGCATGACCCG-1_4,-0.25335833,8.679897
CTCAGGGGTCTACTGA-1_1,-1.4690827,8.322962
CTCAGGGGTGCACATT-1_1,0.71481115,9.195
CTCAGGGGTGCCGGTT-1_4,-3.6860754,9.883156
CTCAGGGGTGCTTCAA-1_5,-3.6641371,7.330359
CTCAGGGTCAGTAGGG-1_3,1.7512454,6.0224037
CTCAGGGTCCTCACGT-1_2,-3.0753548,7.146664
CTCAGTCAGAAGTATC-1_2,-4.300362,5.930914
CTCAGTCAGGAACATT-1_3,-3.393557,8.880459
CTCAGTCAGGCCCGTT-1_3,0.92881805,5.521121
CTCAGTCAGTAGACAT-1_5,-3.2331762,9.229102
CTCAGTCCAAAGACTA-1_1,-2.5076385,5.925401
CTCAGTCCACCCATAA-1_4,0.55057335,9.178359
CTCAGTCCACTACTTT-1_3,0.09656273,9.330563
CTCAGTCCACTGATTG-1_2,-4.108588,6.903724
CTCAGTCCAGACGCTC-1_2,0.95546114,6.027043
CTCAGTCCAGGGTTGA-1_2,1.1031035,9.910931
CTCAGTCGTCGCCACA-1_6,-0.14500354,3.9341881
CTCAGTCGTGAATAAC-1_2,3.050432,5.7806544
CTCAGTCTCACTGCTC-1_5,-3.9210894,4.807972
CTCATCGAGTCGGCCT-1_2,-4.919924,5.919479
CTCATCGAGTGAACAT-1_3,1.2414999,7.349884
CTCATCGCAAGGGCAT-1_1,3.8565345,6.779176
CTCATCGCACCCTGTT-1_3,-1.470632,3.0248203
CTCATCGCACTTGTGA-1_3,0.8054812,8.270551
CTCATCGCAGATACCT-1_4,2.5433786,9.9311075
CTCATCGCATTAAAGG-1_4,-5.1315455,8.989365
CTCATCGGTATCCTCC-1_6,-0.6639342,6.1167774
CTCATCGGTATCTTCT-1_5,-4.0438275,7.462032
CTCATCGGTCGAGATG-1_4,-0.22444738,7.5372496
CTCATCGGTGGCACTC-1_1,-3.538147,10.30682
CTCATCGGTTCTTAGG-1_2,0.5412421,10.335402
CTCATCGGTTGAGTCT-1_1,-2.6710443,8.677987
CTCATCGTCCCACAGG-1_2,0.49771124,13.187754
CTCATCGTCTCAGGCG-1_6,-0.68572783,10.631566
CTCATCGTCTTGGGCG-1_2,-5.350908,9.109926
CTCATGCAGCACTGGA-1_5,-0.98383087,5.0846996
CTCATGCAGGTAGCAC-1_5,0.9269391,3.5680203
CTCATGCAGTACGTCT-1_5,-2.5765765,5.696735
CTCATGCCAACGCATT-1_3,-0.64036655,5.2294683
CTCATGCCACACCTTC-1_4,-1.6903384,6.311011
CTCATGCCACAGTACT-1_1,-2.4861171,10.540787
CTCATGCGTCACTCTC-1_6,0.891196,5.269426
CTCATGCTCAGATTGC-1_3,-1.8763602,10.958982
CTCATGCTCAGGAGAC-1_4,-0.22776443,10.447533
CTCATGCTCCAATCTT-1_1,-4.93862,9.497611
CTCATTAAGCGGTAAC-1_3,-2.8682494,7.740626
CTCATTAAGCTGCGAA-1_2,-1.5503341,3.816433
CTCATTAAGGGCGAAG-1_5,-5.2997813,6.8699656
CTCATTACAACACTAC-1_4,-0.42812982,5.7909956
CTCATTACAGAGTCAG-1_5,0.24696966,10.050768
CTCATTACAGCCTTCT-1_2,-0.32815966,4.1804857
CTCATTACATCGTCCT-1_4,-5.1974883,9.019544
CTCATTAGTCGCTTAA-1_3,-5.4833426,8.217699
CTCATTAGTGAATAAC-1_1,-2.0412958,11.145973
CTCATTAGTGAGTTGG-1_1,-2.3823345,4.538626
CTCATTAGTGGAGAAA-1_6,1.7631465,8.294392
CTCATTATCACCATCC-1_1,-0.17265545,12.64088
CTCATTATCAGGTAAA-1_4,-2.7115088,9.254878
CTCATTATCATACGAC-1_6,-2.423131,10.446473
CTCATTATCGTGGTAT-1_2,-0.76169497,11.888206
CTCCAACAGACGGTTG-1_4,0.73477364,3.394315
CTCCAACAGGGCAATC-1_6,-0.5319261,9.713798
CTCCAACCAAACTAAG-1_4,-2.1178675,8.134899
CTCCAACCAACACACT-1_4,-3.9768941,10.136934
CTCCAACCAACAGCTT-1_5,-2.949672,3.6926634
CTCCAACCAGCAGAAC-1_5,-1.2963809,6.445628
CTCCAACCAGGTCTCG-1_5,-3.0150063,10.295614
CTCCAACGTAACCCTA-1_4,0.44194818,4.765788
CTCCAACGTCTTGCGG-1_3,-2.4009008,11.4833555
CTCCAACGTGTTCATG-1_6,-2.6804318,4.7941074
CTCCAACGTTAACAGA-1_2,0.52744555,8.317011
CTCCAACGTTCAAACC-1_4,-4.874906,9.368831
CTCCAACGTTGGCCTG-1_5,-1.1276877,6.941258
CTCCAACGTTTCACTT-1_1,2.4923072,8.67924
CTCCAACTCACGATCA-1_6,-0.33001527,7.028611
CTCCAACTCAGCTGTA-1_2,0.4356537,3.160162
CTCCAACTCCTTATAC-1_6,-2.4471512,6.99378
CTCCACAAGACGGATC-1_5,-3.675248,6.2716174
CTCCACAAGATAACGT-1_4,-2.5271318,8.783452
CTCCACAAGGATTACA-1_3,-3.2273095,5.151834
CTCCACAAGGCTGAAC-1_2,-0.20870176,6.5614347
CTCCACAAGTCTACCA-1_6,-1.8010818,10.578089
CTCCACACAACGATTC-1_4,0.12297137,5.678932
CTCCACACAAGGCAAC-1_1,-2.1824791,11.673959
CTCCACACACAGACGA-1_3,-0.664066,7.897142
CTCCACAGTAGACAAT-1_6,2.2085323,9.797619
CTCCACAGTCCACAGC-1_2,0.414606,12.318723
CTCCACAGTGCATTAC-1_5,-0.47319078,3.3255334
CTCCACAGTTCTCGTC-1_3,-0.33954257,6.05778
CTCCACATCACGTCCT-1_3,-0.48807517,11.354922
CTCCACATCGATTTCT-1_2,-1.0679493,3.3285022
CTCCACATCTTCCACG-1_3,-1.8788924,8.537536
CTCCATGAGACTACGG-1_6,-3.2461607,10.099745
CTCCATGCACCCAAGC-1_5,-5.575838,7.0749316
CTCCATGCACTAGAGG-1_5,-1.3647703,11.32105
CTCCATGCACTTACAG-1_3,-0.03939605,9.262855
CTCCATGGTACGGGAT-1_3,-2.766894,11.081008
CTCCATGGTGTTTGCA-1_5,-2.4911628,9.700396
CTCCATGGTTCATCTT-1_4,0.34304896,6.4766965
CTCCATGTCACCCATC-1_5,1.7118396,5.3097477
CTCCATGTCATGAGTC-1_6,-0.23373258,5.0628123
CTCCATGTCCCTCGAT-1_5,-3.9609632,8.84586
CTCCATGTCGATTGGT-1_3,-4.4881144,9.594709
CTCCCAAAGCCTGACC-1_4,-3.2082531,5.4708214
CTCCCAAAGGGTCTTT-1_2,2.9972205,3.9776506
CTCCCAAAGTATTAGG-1_5,2.0529728,6.3436656
CTCCCAACAACGGTAG-1_1,-0.67326355,8.513082
CTCCCAACAATGAACA-1_1,1.083002,7.9913216
CTCCCAACAGACACCC-1_6,-2.8804371,5.382366
CTCCCAACAGCCGGTT-1_4,-2.5886009,8.326736
CTCCCAACAGCGTAGA-1_3,-1.0840364,6.755613
CTCCCAACATATACCG-1_4,-2.8909807,7.074692
CTCCCAAGTCGAAGCA-1_5,-0.52449095,4.365664
CTCCCAAGTCGTACAT-1_2,2.5535305,10.129775
CTCCCAAGTTCCACGG-1_6,0.12305599,6.001272
CTCCCAAGTTCGGCGT-1_1,-3.802865,5.428521
CTCCCAATCAGACCTA-1_1,-1.4959682,5.4423738
CTCCCAATCCGGCAAC-1_2,1.3160189,8.2988205
CTCCCAATCCTGTAAG-1_4,-3.6243794,4.449868
CTCCCAATCGTTCCCA-1_4,-0.513369,8.5966425
CTCCCAATCTGATGGT-1_2,-1.8503178,6.9098344
CTCCCTCAGAAGGTAG-1_2,0.57701886,7.2338934
CTCCCTCAGACATATG-1_3,-1.8793296,3.2011247
CTCCCTCAGCGACTGA-1_6,-0.39325845,7.29493
CTCCCTCAGCTGTTAC-1_3,1.1253067,9.988904
CTCCCTCAGTATTGCC-1_1,1.204688,4.2874784
CTCCCTCCACACCAGC-1_4,-5.3748713,6.3574395
CTCCCTCCACAGTCCG-1_4,-0.6266879,4.771442
CTCCCTCCATTGTCGA-1_5,-1.6878427,10.693385
CTCCCTCGTCGCCTAG-1_4,-2.1256082,6.8269515
CTCCCTCGTCTCAAGT-1_5,-0.24730901,6.778797
CTCCCTCTCCTCTTTC-1_4,-0.9849979,5.4955087
CTCCCTCTCTCGACGG-1_3,-4.6057215,4.487451
CTCCGATAGAACTCCT-1_3,-2.4305615,9.528632
CTCCGATAGCAGGTCA-1_4,-0.82521075,7.3656735
CTCCGATAGTAACCTC-1_1,0.2505152,8.033154
CTCCGATAGTATTGCC-1_4,-2.4610088,4.982012
CTCCGATCAAATAAGC-1_3,-3.0359523,5.573291
CTCCGATCAACGTAAA-1_6,-4.9609785,8.310286
CTCCGATCACTACCCT-1_1,-2.5184522,3.2564285
CTCCGATCATCATCCC-1_5,-2.0122893,6.7191076
CTCCGATGTAAGCGGT-1_2,-2.9307294,6.023428
CTCCGATGTCGACTGC-1_1,-5.001417,9.807389
CTCCGATGTGCGTTTA-1_6,-2.4323838,7.186391
CTCCGATTCATGGGAG-1_2,1.3687255,8.755506
CTCCTCCAGAATAACC-1_2,1.2802887,8.501998
CTCCTCCAGCTCCCTT-1_4,-0.41571695,6.1354585
CTCCTCCAGGCCTTGC-1_4,0.84791994,10.6008415
CTCCTCCAGTGTTGTC-1_3,2.3666985,6.900352
CTCCTCCCAAACACCT-1_3,0.8183126,5.311865
CTCCTCCCAAGGATGC-1_1,-3.944922,6.598177
CTCCTCCCACCTCTAC-1_4,-2.438749,7.383818
CTCCTCCCAGAAGCGT-1_3,-3.0097246,7.7596908
CTCCTCCCAGCAGGAT-1_6,-1.5617524,3.8923032
CTCCTCCCAGCGAACA-1_4,-3.6404579,10.202446
CTCCTCCCAGGGAATC-1_2,2.2672641,10.352348
CTCCTCCGTCGCGTTG-1_4,-1.7105004,9.143252
CTCCTCCGTTTCTATC-1_3,3.15517,4.239082
CTCCTCCTCCCAGCGA-1_4,0.7221216,6.567474
CTCCTCCTCCCTCAAC-1_3,-1.7813567,6.219304
CTCCTCCTCGTGTGAT-1_5,-1.6798196,4.6149826
CTCCTCCTCGTTCCTG-1_4,-1.977638,4.0594153
CTCCTCCTCTTAGGAC-1_3,1.9138832,11.014891
CTCCTTTAGGAGTCTG-1_6,-3.4744904,5.9702287
CTCCTTTCAATTCGTG-1_4,2.260549,4.4949346
CTCCTTTCATCGCTCT-1_4,0.44617867,8.283966
CTCCTTTCATTGACAC-1_3,2.492387,5.5880456
CTCCTTTGTAGAGACC-1_4,-2.5513263,5.9047613
CTCCTTTGTAGAGCTG-1_5,-0.5251787,9.633345
CTCCTTTGTCTTCTAT-1_1,-4.676829,9.108611
CTCCTTTGTGAACCGA-1_2,2.4363012,4.611379
CTCCTTTGTGGTGATG-1_5,-3.328906,8.472502
CTCCTTTGTTGTTTGG-1_5,-2.156423,8.982324
CTCCTTTTCCTGATAG-1_5,-3.4991395,9.41181
CTCCTTTTCTACTTCA-1_1,-3.8567808,9.418148
CTCGAGGAGAACCCGA-1_2,-2.242716,5.560272
CTCGAGGAGACATAGT-1_1,-1.6280406,10.32091
CTCGAGGAGAGCATCG-1_6,-1.5129182,7.296315
CTCGAGGAGCAGCACA-1_2,-1.5769684,11.238874
CTCGAGGAGGTCGAGT-1_2,0.8356559,10.618747
CTCGAGGAGTGGTGAC-1_3,-4.0302777,4.322907
CTCGAGGAGTGGTGAC-1_4,-0.9502435,5.9150395
CTCGAGGCATGAAGGC-1_2,-4.335919,8.250924
CTCGAGGCATGCGGTC-1_3,-0.21256463,8.684975
CTCGAGGGTAAGATAC-1_2,-1.9438086,6.8371983
CTCGAGGGTCGAGTGA-1_1,-1.5395468,7.689132
CTCGAGGTCATTCGTT-1_1,0.44031823,9.472469
CTCGAGGTCCGCTAGG-1_4,-4.4753447,5.692774
CTCGAGGTCTGGAGAG-1_5,-1.5046948,2.8932154
CTCTCAGAGTCTAGCT-1_2,-0.84054124,8.99614
CTCTCAGAGTTGCGAG-1_1,-0.0670618,10.823709
CTCTCAGCACTGTGAT-1_5,-0.37013403,7.720358
CTCTCAGCAGCGATTT-1_6,-0.8362217,11.530975
CTCTCAGCAGCTGGTC-1_3,-1.883908,5.781682
CTCTCAGGTCACAGTT-1_5,-5.469337,8.308282
CTCTCAGGTCATCGGC-1_5,2.5284162,6.7974277
CTCTCAGGTCGACGCT-1_1,-4.4387527,7.417619
CTCTCAGGTTACGTAC-1_4,-2.6964111,5.3083158
CTCTCAGTCCCAAGTA-1_4,-4.224609,6.1680675
CTCTCAGTCGCTACGG-1_2,-2.671599,9.9816885
CTCTCAGTCTTGAGCA-1_5,-6.112348,7.3684497
CTCTCGAAGATACATG-1_4,-2.3166535,5.8565693
CTCTCGAAGTATAACG-1_1,-0.74429625,5.9719653
CTCTCGACAAGAGTGC-1_1,-1.9259486,4.8011456
CTCTCGACAGAGTAAT-1_6,-5.193542,8.15867
CTCTCGAGTGGCGCTT-1_4,-1.6932533,5.499456
CTCTCGATCCGTAATG-1_1,-2.5599725,6.3949556
CTCTGGTAGCCGTTAT-1_5,-1.8689048,5.004968
CTCTGGTCAATGTCTG-1_3,-4.976489,9.071416
CTCTGGTCACATCATG-1_5,0.09203328,7.594517
CTCTGGTCATACGCAT-1_5,-1.3633916,5.007949
CTCTGGTGTCAGACGA-1_3,-1.7525945,9.115612
CTCTGGTGTCTCGACG-1_3,3.9264247,7.407877
CTCTGGTGTTGATCGT-1_6,-1.9976346,10.610255
CTCTGGTGTTGCTGAT-1_1,-1.838382,4.4725504
CTCTGGTTCAAGCCGC-1_2,-4.50394,7.586447
CTCTGGTTCAGACCTA-1_1,-0.5212214,9.500924
CTCTGGTTCATCCCGT-1_3,-0.54186034,11.47019
CTCTGGTTCCGATAGT-1_3,-0.2454662,8.001222
CTCTGGTTCCTTACCG-1_5,-2.3498592,5.447782
CTCTGGTTCGGCTTGG-1_5,1.9582492,4.1500673
CTCTGGTTCTGCGTCT-1_5,-3.3671834,7.8177843
CTGAATGGTATGATCC-1_6,-4.769565,5.0808463
CTGAATGGTGCAACGA-1_5,1.6261207,9.234365
CTGAATGGTGGCTTGC-1_5,0.13191782,5.2417717
CTGAATGTCCACGAAT-1_2,0.15767862,5.428104
CTGAATGTCCGAAATC-1_6,-4.350562,4.8225
CTGAATGTCTAAGCGT-1_4,-2.9199686,9.10893
CTGAGCGAGATTTGCC-1_3,4.542699,6.7445765
CTGAGCGAGTGGATAT-1_5,-2.4154503,4.107893
CTGAGCGGTGTCTCCT-1_3,-2.9411733,7.080878
CTGAGCGGTTCCGCTT-1_3,-1.2202473,10.979381
CTGAGCGTCCTCTGCA-1_1,-0.6489332,10.918097
CTGAGGCAGGTACCTT-1_6,0.80643,7.0962925
CTGAGGCCAAGTCCAT-1_2,-0.50365895,6.3522277
CTGAGGCCACAGCCAC-1_5,-3.4665325,7.447488
CTGAGGCCACCGGCTA-1_3,0.5093754,5.0130816
CTGAGGCCAGGAATAT-1_3,-1.2282829,6.078748
CTGAGGCGTCCACAGC-1_4,-1.1747993,10.724493
CTGAGGCTCCCAGTGG-1_5,-3.1324081,4.5134835
CTGATCCCAAGTCCCG-1_5,-1.2198058,6.113227
CTGATCCCACCCAAGC-1_3,-0.28368148,3.546475
CTGATCCCAGCCGTCA-1_5,-4.2209606,5.4507537
CTGATCCCAGCGGATA-1_2,-3.3640797,3.0868127
CTGATCCCATTCTTCA-1_2,-4.2736197,5.071615
CTGATCCGTGCCTGCA-1_2,-1.6607084,3.4642084
CTGATCCTCCTATGGA-1_2,-4.131489,9.068366
CTGATCCTCCTCTGCA-1_4,-3.2270007,3.6501842
CTGCAGGAGCACTAAA-1_5,-2.8531501,7.468335
CTGCAGGCAGGAACCA-1_5,-0.32115456,7.624806
CTGCAGGCAGGATCTT-1_2,-0.0021383543,10.10574
CTGCAGGGTACTCGAT-1_6,-4.9232025,10.064339
CTGCAGGGTCCTTTGC-1_3,-5.4706583,4.39607
CTGCAGGTCAAACCTG-1_4,0.11428872,8.520801
CTGCAGGTCAGCTGAT-1_5,-4.7018313,8.781801
CTGCAGGTCTAGCAAC-1_4,-1.6519091,4.604604
CTGCAGGTCTTACGGA-1_2,-3.5528448,5.37117
CTGCATCAGAGCAAGA-1_2,-4.2751393,10.021939
CTGCATCGTCTACAAC-1_1,-0.69244885,12.218634
CTGCATCTCACTTATC-1_4,-2.7402172,8.560555
CTGCATCTCCTACACC-1_5,-4.362055,5.7077465
CTGCATCTCGGAGTAG-1_2,1.8364395,8.698263
CTGCATCTCGTAACTG-1_4,-1.3815037,9.469986
CTGCATCTCTATCGTT-1_5,-2.2816536,9.993122
CTGCATCTCTATTCGT-1_3,-2.56847,8.215407
CTGCCATAGGGCATGT-1_3,-0.14176774,8.732773
CTGCCATCAAATTGGA-1_3,-4.6892715,9.856625
CTGCCATCACTGCGAC-1_5,-2.9599524,8.056139
CTGCCATCATAGAAAC-1_4,-1.9319673,11.997068
CTGCCATCATGACTCA-1_4,-1.9826647,6.830004
CTGCCATGTATCACCA-1_1,-3.3364317,5.3788247
CTGCCATGTTTGTTCT-1_6,0.657688,9.722804
CTGCCATTCTAGGCAT-1_3,-2.8027349,5.9180923
CTGCCTAAGATCACCT-1_3,-0.8859073,4.330574
CTGCCTAAGCAACAGC-1_3,-3.7544982,6.3160577
CTGCCTAAGCCAACCC-1_5,-2.2826939,5.540714
CTGCCTAAGCCACTCG-1_1,-3.2870424,9.014796
CTGCCTAAGCCATTCA-1_2,-4.6779065,5.715579
CTGCCTAAGTCTTCCC-1_5,-3.0799425,8.29352
CTGCCTAAGTTTCGGT-1_4,-2.086099,9.203547
CTGCCTACAACTACGT-1_4,-3.8488297,7.9936204
CTGCCTACAATCCTTT-1_3,-0.5068158,9.333064
CTGCCTACAGCGGTCT-1_4,-1.6962692,9.786523
CTGCCTACATTGAGCT-1_6,-4.516998,9.218489
CTGCCTAGTAATGCGG-1_2,-2.412831,10.571686
CTGCCTAGTCTCAGGC-1_1,-1.5582976,7.3404384
CTGCCTAGTTTCTTAC-1_2,-3.241702,6.5384207
CTGCCTATCCGATGCG-1_1,-2.202431,7.9034534
CTGCCTATCCTTGAAG-1_6,-2.0260603,9.606472
CTGCCTATCGAGTACT-1_4,2.531434,4.869559
CTGCGAGAGCTGCCTG-1_4,-1.4098057,4.5512934
CTGCGAGAGTCACTGT-1_1,-0.12505157,11.257538
CTGCGAGCAAATACAG-1_3,0.27273476,4.0147085
CTGCGAGCACAGTCGC-1_4,-2.7818503,11.255781
CTGCGAGCAGATCACT-1_1,-3.4542146,6.068933
CTGCGAGGTAGCGTTT-1_1,-0.1586362,8.004899
CTGCGAGGTGCTGCAC-1_3,-4.5964947,9.6307955
CTGCGAGTCACCCTTG-1_6,-1.4470687,8.28005
CTGCGAGTCCTCTCTT-1_3,-5.4557076,8.324222
CTGCGAGTCTGATTCT-1_3,-2.552533,5.813432
CTGCGAGTCTGTTGGA-1_2,-3.5840478,9.983391
CTGCTCAAGAAGAACG-1_5,-2.513229,5.7816734
CTGCTCAAGCGCACAA-1_5,-5.093892,5.073247
CTGCTCACACTTCAGA-1_5,0.1476623,8.384307
CTGCTCACAGAACTTC-1_6,0.18290606,12.882276
CTGCTCACAGTGCCTG-1_5,-0.8491035,3.9753463
CTGCTCAGTAGAATGT-1_2,-3.8258524,5.660667
CTGCTCAGTGTCTTCC-1_4,-2.193313,7.5294023
CTGCTCATCAGTGTCA-1_1,-0.5474408,6.6679063
CTGCTCATCTCCCATG-1_4,1.5429655,9.213474
CTGGACGAGGCACGAT-1_2,-2.7671762,4.6968107
CTGGACGCAAGTCATC-1_5,-2.5598655,7.294851
CTGGACGCACGGCCAT-1_1,-4.808598,6.252157
CTGGACGCAGTGCGCT-1_5,-2.772665,6.0859537
CTGGACGCATCCCACT-1_3,1.0703024,8.949239
CTGGACGGTAAGCAAT-1_5,-1.4770389,8.477632
CTGGACGGTTACCTGA-1_5,0.3253382,9.761879
CTGGACGTCCACGTGG-1_1,-0.66747767,11.517901
CTGGACGTCGGATACT-1_1,-1.359427,10.18187
CTGGCAGAGGAAAGAC-1_5,4.1622634,7.003458
CTGGCAGAGGAGTACC-1_1,-1.5998733,11.237942
CTGGCAGAGGCAGGGA-1_1,-3.918431,7.780994
CTGGCAGAGTTGTAAG-1_1,-0.2623403,6.596579
CTGGCAGCACACGGTC-1_4,-0.19932112,4.9115777
CTGGCAGCACAGTCCG-1_5,-3.6163402,4.864919
CTGGCAGCAGCTATAC-1_1,-2.450448,2.9951007
CTGGCAGCATGTGTCA-1_3,-4.3257666,5.195847
CTGGCAGGTAGCCAGA-1_2,-1.4670793,10.884659
CTGGCAGGTTCAAGTC-1_3,-0.3992362,10.9645405
CTGGCAGTCCCATACC-1_2,-0.112124704,10.581372
CTGGCAGTCCGTGTCT-1_4,1.8965986,5.692468
CTGGTCTAGCTAGCCC-1_3,-0.6438819,3.673393
CTGGTCTAGTAAACAC-1_4,-0.6747806,8.135665
CTGGTCTAGTTAACAG-1_6,-4.2916245,7.9141984
CTGGTCTCACCTCAGG-1_4,-5.115382,7.6182165
CTGGTCTCATTGAAAG-1_6,-1.3456942,10.091767
CTGGTCTGTGTTATCG-1_2,-2.3431232,6.072858
CTGGTCTGTTGCAACT-1_1,0.9053079,4.1862235
CTGGTCTTCATACGGT-1_5,-4.9769664,10.11067
CTGGTCTTCCATCACC-1_5,-1.0022645,8.339871
CTGGTCTTCGTGGCTG-1_3,-1.506296,4.1277933
CTGGTCTTCTACCACC-1_2,-3.151848,3.1505513
CTGGTCTTCTTCCTAA-1_1,-2.2550504,6.9006443
CTGTACCAGGGCTTCC-1_6,-1.4669421,5.1887603
CTGTACCAGTTAACGA-1_1,0.59437746,9.71177
CTGTACCCAGACCTAT-1_1,-1.3517663,5.711583
CTGTACCCATGCCATA-1_6,-3.0391834,7.1963644
CTGTACCGTAACTTCG-1_5,1.4491638,6.6460385
CTGTACCGTTCCTTGC-1_1,-3.268669,6.018798
CTGTACCGTTTGGAAA-1_1,2.2585866,7.144275
CTGTACCTCAACACGT-1_4,-2.833642,11.331853
CTGTACCTCACATACG-1_4,-3.5848906,6.3094645
CTGTACCTCACCACAA-1_1,-3.6481004,5.470441
CTGTACCTCCTCCACA-1_2,-1.0421218,4.536917
CTGTACCTCGTAGTCA-1_3,4.560982,6.4001074
CTGTAGAAGATCGCCC-1_1,-3.0255556,4.4628778
CTGTAGACAAGTCCAT-1_4,-5.616868,7.9284067
CTGTAGACACATAACC-1_2,-0.6608303,8.800854
CTGTAGAGTCTCTCAC-1_4,-1.3061363,6.330477
CTGTAGAGTTTCTATC-1_5,-1.2979953,5.5258064
CTGTATTAGGTCACAG-1_2,-3.1194777,5.090343
CTGTATTAGGTTGGAC-1_5,1.1462976,7.451494
CTGTATTAGTCATCGT-1_3,0.63424134,7.1954412
CTGTATTGTACATACC-1_1,1.6486788,7.625223
CTGTATTGTATCCTCC-1_5,-2.4439878,8.712869
CTGTATTGTGCTGATT-1_3,-2.9575124,6.5069213
CTGTATTGTTGCATCA-1_5,-2.8079214,7.514955
CTGTATTGTTGCATTG-1_2,1.402765,8.875527
CTGTATTTCCGTATGA-1_6,1.4943383,10.909785
CTGTATTTCTCCGAGG-1_1,-5.54779,6.4482446
CTGTATTTCTTAGTTC-1_4,-0.5697814,9.764646
CTGTCGTCAGCACCCA-1_1,3.1680226,5.801939
CTGTCGTCATACAGCT-1_5,-5.369347,6.508107
CTGTCGTTCCCGTGTT-1_3,-1.4324905,11.299747
CTGTCGTTCGCAAGAG-1_3,-1.3084416,11.522227
CTGTGAAAGCGAACTG-1_2,-2.3415005,4.9938006
CTGTGAAAGTATTAGG-1_4,-2.2788107,5.827796
CTGTGAAAGTCACGAG-1_1,-1.609753,9.6949415
CTGTGAAAGTCCCGAC-1_4,-3.7145624,4.1765885
CTGTGAACAGCTGTCG-1_3,-3.4573677,4.1607122
CTGTGAAGTCCGCAGT-1_4,-1.6196693,8.217081
CTGTGAAGTCGTTATG-1_5,1.56589,8.192886
CTGTGAATCACAAGAA-1_5,-0.3117458,7.008742
CTGTGAATCCAGCACG-1_6,-0.8778045,11.627755
CTGTGGGAGACCAAGC-1_1,-2.9321592,4.8712506
CTGTGGGAGCCGCACT-1_2,-1.7273606,4.66227
CTGTGGGAGGTACAAT-1_1,-2.790016,7.7399836
CTGTGGGCATCCTAAG-1_1,1.5983869,6.9870634
CTGTGGGCATGGAATA-1_1,1.4842182,11.048837
CTGTGGGTCACCTGTC-1_4,-2.1006193,4.84558
CTGTGGGTCATGCCGG-1_4,2.3099222,7.0299754
CTGTGGGTCCCAGGCA-1_4,-3.2626345,4.674678
CTTACCGAGAGTACCG-1_5,-3.369007,5.404596
CTTACCGAGATGGCAC-1_4,-3.7312632,8.728789
CTTACCGAGTAGGAAG-1_5,-0.7828397,6.012849
CTTACCGCACAAGGTG-1_3,0.82260144,9.170972
CTTACCGCACAAGTGG-1_1,-4.0736403,4.535051
CTTACCGGTACTGACT-1_5,-1.8837012,3.6396487
CTTACCGGTTCTTGTT-1_6,0.20947586,5.4283276
CTTACCGGTTGCGGCT-1_2,1.6944996,10.470955
CTTACCGTCAGCTAGT-1_1,-3.276517,11.134684
CTTACCGTCCACACAA-1_2,-0.7928335,7.0131135
CTTACCGTCCTAACAG-1_1,-3.7913558,9.270999
CTTACCGTCCTATTTG-1_6,0.19040045,10.930369
CTTACCGTCGCAATGT-1_3,0.26341033,5.750232
CTTACCGTCGTAACTG-1_3,-3.1854246,9.985045
CTTACCGTCTCCTACG-1_3,-0.17824973,8.637043
CTTAGGAAGCCTAGGA-1_5,-4.8749294,10.149563
CTTAGGAAGCTGAGCA-1_1,-4.3903923,10.536943
CTTAGGAAGGAGTATT-1_4,-2.622152,8.305336
CTTAGGAAGTAGACCG-1_3,-1.1439945,9.49795
CTTAGGAAGTGATGGC-1_4,-0.5417279,7.9473867
CTTAGGACAAATGGTA-1_5,1.2781694,8.765123
CTTAGGACACACGTGC-1_5,0.9340511,9.07164
CTTAGGACACGCTGCA-1_1,-2.589871,7.506995
CTTAGGAGTCCTGTTC-1_1,2.3585696,6.3662477
CTTAGGAGTCTGTCAA-1_1,-3.9848094,5.593552
CTTAGGAGTGCCTTTC-1_2,4.082546,7.184099
CTTAGGAGTTGCGTAT-1_2,0.043841403,4.5614038
CTTAGGATCCCTCGAT-1_3,-2.0264738,4.7029138
CTTCAATAGCACGATG-1_4,-2.3847861,4.9855056
CTTCAATCAAATGGTA-1_6,-0.36760962,12.252336
CTTCAATCAATTGGTC-1_1,-0.12613046,3.8423686
CTTCAATCACAAACGG-1_1,-0.15907604,12.624024
CTTCAATCACCCAAGC-1_4,-4.2955475,6.7603054
CTTCAATGTCAATCTG-1_2,0.58394176,8.817676
CTTCAATGTGAATATG-1_4,1.8856124,4.2499456
CTTCAATGTGATAGAT-1_1,-3.4201596,10.020047
CTTCAATGTGTTCGTA-1_4,-1.9428964,5.3035364
CTTCAATTCTCTGCTG-1_5,0.44409475,10.587668
CTTCCGAAGCTATCTG-1_6,-1.1492724,10.838762
CTTCCGAAGGGACTGT-1_6,-2.6436496,6.3025064
CTTCCGAAGGGCAACT-1_3,-4.02631,6.398768
CTTCCGAAGGTTTACC-1_1,-3.570956,8.376551
CTTCCGAAGTTAGAAC-1_4,-1.0640515,8.966608
CTTCCGAGTGCCTGAC-1_2,0.6895855,6.1209126
CTTCCGAGTTGAGAGC-1_6,1.0808523,9.639996
CTTCCGATCACCGGTG-1_6,0.86336243,10.504939
CTTCCTTAGGAACGTC-1_5,-2.8620636,6.0154815
CTTCCTTCAGGGATAC-1_6,-0.9843193,4.921327
CTTCCTTCAGTGACCC-1_2,1.0360479,11.129777
CTTCCTTGTTGGGCCT-1_1,1.1915214,10.685098
CTTCCTTTCACCCATC-1_3,-5.017762,7.247582
CTTCCTTTCCTAACAG-1_5,2.2206342,10.011738
CTTCGGTAGCCATATC-1_4,1.1365645,5.584008
CTTCGGTAGCCGTAAG-1_4,-2.2154934,7.841308
CTTCGGTCATTCACAG-1_2,-0.55808896,7.0170364
CTTCGGTGTGGTCTAT-1_5,-3.3764112,3.504435
CTTCGGTGTTTCGATG-1_4,-1.8294597,7.3320866
CTTCGGTTCAACTGGT-1_4,1.8886193,10.051727
CTTCGGTTCACGTCCT-1_6,0.73645717,3.1165783
CTTCGGTTCACTCCGT-1_6,-3.9096603,5.919392
CTTCGGTTCTTTCCGG-1_6,0.83892053,8.152374
CTTCTAAAGCACACCC-1_2,0.6461437,10.499189
CTTCTAACAGCCGGTT-1_5,-1.5431551,10.864543
CTTCTAAGTACCGTGC-1_3,-3.2418723,3.9997368
CTTCTAAGTAGATTGA-1_4,-2.7625687,6.2063184
CTTCTAAGTCATAGTC-1_5,-3.8313763,4.644391
CTTCTAAGTTGTGGCC-1_4,0.75669247,4.1635094
CTTCTCTAGATACCAA-1_5,-3.0193334,8.7979965
CTTCTCTCACCAGCTG-1_4,-1.5221071,9.404937
CTTCTCTCATCCGAGC-1_2,1.501776,4.611807
CTTCTCTGTCCCTGAG-1_2,2.2544925,3.972768
CTTCTCTTCATTCGTT-1_4,-1.4204673,5.90184
CTTCTCTTCGTTCAGA-1_4,0.22487225,6.6651835
CTTGAGAAGAATACAC-1_1,-1.870555,8.711836
CTTGAGAAGACTTCAC-1_4,-3.5926025,10.1462
CTTGAGAAGGATACGC-1_2,-1.0921254,9.155983
CTTGAGAAGTCATGAA-1_1,-1.4295762,4.0379667
CTTGAGAAGTTGCTCA-1_5,-3.1839852,8.76069
CTTGAGACAAAGGGTC-1_2,-1.2791575,10.856222
CTTGAGACACAGCATT-1_6,-1.227045,7.365422
CTTGAGACATCTCGTC-1_4,1.918453,7.515454
CTTGAGAGTACGCTTA-1_1,-5.287543,8.762124
CTTGAGAGTATACAGA-1_3,-1.0539445,6.6919127
CTTGAGAGTCGGCACT-1_6,-2.2729998,3.794634
CTTGAGATCGAACCTA-1_1,-4.5847845,9.605836
CTTGATTAGGCATTTC-1_4,-3.200115,2.9743288
CTTGATTAGTGTTCAC-1_2,0.43742076,5.290214
CTTGATTAGTTCTACG-1_6,-2.2393844,10.499995
CTTGATTCAGTAGTTC-1_6,0.13197868,8.674109
CTTGATTCAGTGTATC-1_1,-2.717585,7.866969
CTTGATTGTCGAACAG-1_3,-4.9915714,8.696401
CTTGATTGTCTGATCA-1_2,-4.778688,8.109108
CTTGATTGTGTACGCC-1_3,-0.53549904,5.75273
CTTGATTGTTATAGCC-1_5,-2.9035437,3.5176668
CTTGATTGTTCAGGTT-1_1,-3.8051453,6.9870834
CTTGATTTCCCAGCGA-1_2,2.268627,6.173781
CTTGATTTCCCATAGA-1_2,-2.0795958,4.2227545
CTTTCAAAGAGAATCT-1_2,-4.499201,9.410935
CTTTCAAAGAGCGACT-1_3,-0.04356092,9.957011
CTTTCAAAGAGCTTTC-1_2,-3.4566264,5.886789
CTTTCAACACCTATCC-1_3,-0.03398296,8.426281
CTTTCAACACTGCGTG-1_3,-1.3889056,6.7678127
CTTTCAACAGCACACC-1_4,-2.1866693,8.020425
CTTTCAACATATGGCT-1_2,-1.7006634,4.8824153
CTTTCAACATGAAGGC-1_5,-0.3367769,9.564823
CTTTCAAGTACGTTCA-1_3,-4.666928,8.677096
CTTTCAAGTATACGGG-1_3,-1.737693,9.577025
CTTTCAAGTTGACTGT-1_2,-4.6338415,10.473935
CTTTCAATCAACTGGT-1_4,2.4550123,4.995659
CTTTCAATCATCGACA-1_5,-1.363251,4.486135
CTTTCAATCCCATACC-1_2,-1.957011,11.568066
CTTTCGGCACACCGAC-1_1,-2.3468394,5.8837905
CTTTCGGGTAGCTGTT-1_1,-5.189428,10.099096
CTTTCGGGTATCGTTG-1_3,1.3529141,8.0827675
CTTTCGGGTCAGACGA-1_4,-1.1525642,6.37429
CTTTCGGGTCTTACTT-1_2,-2.8599327,5.211856
CTTTCGGGTGATATAG-1_1,-4.5412264,8.543648
CTTTCGGTCAAATGCC-1_1,0.55862755,5.675847
CTTTCGGTCCATAGAC-1_2,-2.199529,5.190106
CTTTCGGTCGTGGGTC-1_3,-3.9161975,5.5426893
GAAACCTAGAGCCTGA-1_4,-0.47134566,5.011889
GAAACCTAGGTATTGA-1_3,-1.0693569,7.7430325
GAAACCTAGTGTTCCA-1_2,-1.9540588,3.029948
GAAACCTCAGACAAGC-1_5,1.7797148,5.7653713
GAAACCTGTAAGATCA-1_2,-5.213898,5.998686
GAAACCTGTGATAGTA-1_4,-3.3775523,4.3196774
GAAACCTGTGGGCTCT-1_4,-3.547069,5.1383033
GAAACCTGTGTCACAT-1_6,-3.6848445,7.968579
GAAACCTTCATGAGAA-1_4,-1.1074499,6.2293973
GAAACCTTCTGTCGCT-1_4,2.819878,4.0407033
GAAATGAAGCCACAAG-1_4,-2.6773612,5.1818132
GAAATGACATGTACGT-1_2,-5.454228,5.868755
GAAATGACATTGACTG-1_2,-2.3773208,4.564037
GAAATGAGTTGTATGC-1_3,-2.0375109,7.458869
GAAATGATCAGCTGAT-1_1,-4.753429,9.038119
GAAATGATCAGGCGAA-1_1,-0.4490715,10.836071
GAAATGATCTAGAACC-1_1,-3.314263,7.942335
GAAATGATCTTACGTT-1_4,-1.5725896,3.7669656
GAACACTAGACACACG-1_1,-1.1333135,3.5353532
GAACACTAGGCGATAC-1_4,-1.4816266,6.4082856
GAACACTCAAATAGCA-1_2,-1.3869245,3.418789
GAACACTCACAGCATT-1_2,-2.3477266,10.03645
GAACACTCACCATAAC-1_6,1.3421236,6.337726
GAACACTCACGTACAT-1_3,-1.3957688,11.709019
GAACACTCAGAGCCCT-1_1,-4.201169,6.4381094
GAACACTCAGCTACAT-1_5,-1.4632651,8.805058
GAACACTCATCGAACT-1_3,-1.7345631,5.7579465
GAACACTCATGGTACT-1_1,-3.1232178,2.9936013
GAACACTCATTGCCTC-1_4,-1.4350367,4.52101
GAACACTGTCCATCTC-1_2,-2.763324,11.771483
GAACACTGTCTTCTAT-1_5,-1.5534824,5.785697
GAACACTGTGGAATGC-1_5,-2.7876148,7.1889386
GAACACTTCCATCTGC-1_5,-0.7940466,6.9676347
GAACGTTAGCACACCC-1_4,-2.5604613,7.9030833
GAACGTTAGCATGCAG-1_2,-1.2573873,9.52372
GAACGTTCAATCGCCG-1_4,0.32413822,7.812858
GAACGTTCAGCTGGTC-1_1,-3.4154034,3.8829825
GAACGTTGTTCTCACC-1_5,-3.8854973,6.315704
GAACGTTGTTTCGTTT-1_5,-3.9953215,9.056825
GAACGTTTCACCTGTC-1_6,1.0629247,9.316007
GAACTGTAGACGCTCC-1_2,-2.9666476,9.26113
GAACTGTAGCAATAAC-1_2,-0.6752555,9.9048815
GAACTGTAGCAATAGT-1_4,0.3956007,5.4585786
GAACTGTAGCACCGAA-1_6,-3.071071,10.300488
GAACTGTAGGTTCCGC-1_2,-1.4393299,10.3454895
GAACTGTAGTGAATAC-1_4,-3.472321,8.387203
GAACTGTGTAGACTGG-1_6,0.08003078,11.44918
GAACTGTGTGAGATCG-1_2,1.1140954,9.633152
GAACTGTTCGCTTAAG-1_3,-2.2847126,3.3964329
GAACTGTTCTGCGATA-1_6,-1.4103793,5.539417
GAACTGTTCTGGGCAC-1_6,-0.19539553,12.580678
GAACTGTTCTTCTTCC-1_1,-0.42224246,6.0235906
GAAGAATAGACTCCGC-1_4,-1.4728068,7.6206856
GAAGAATCAATGACCT-1_3,-3.2006037,9.533013
GAAGAATCAGGAACCA-1_4,-1.0314418,3.3579922
GAAGAATCAGTAGAAT-1_4,-1.9791231,10.13302
GAAGAATGTCGCACGT-1_2,-0.6136146,10.724913
GAAGAATGTGTATCCA-1_1,0.1635341,7.6338453
GAAGAATTCGATTGGT-1_6,1.142174,10.394584
GAAGAATTCGCATGAT-1_5,-1.4434466,8.103595
GAAGCCCAGAGCTGCA-1_6,-1.9017496,6.2424164
GAAGCCCAGCATCAGG-1_4,-0.6728532,9.836479
GAAGCCCAGGTAAACT-1_1,-5.1323137,9.792496
GAAGCCCAGGTGGCTA-1_4,0.42391458,8.144621
GAAGCCCAGTAATTGG-1_4,-1.5686274,9.932087
GAAGCCCAGTGTACAA-1_5,0.7592902,8.633109
GAAGCCCCAACTCCAA-1_6,-3.6175501,10.377466
GAAGCCCCAATTTCCT-1_1,-2.3437076,9.592012
GAAGCCCGTAGTTACC-1_4,-1.0678384,4.0150504
GAAGCCCGTCATAAAG-1_5,-0.31817418,11.192258
GAAGCCCTCCCTCATG-1_2,4.3395905,6.804983
GAAGCCCTCCGCCTAT-1_1,-1.8046583,7.366254
GAAGCCCTCCGCCTAT-1_2,-2.428968,10.124736
GAAGCCCTCTAGTGAC-1_4,-0.88955307,5.18663
GAAGCGAAGATGTTCC-1_4,-2.8933032,7.2487106
GAAGCGAAGCAGGTCA-1_2,-3.3542185,5.4404902
GAAGCGAAGGATGAGA-1_4,-3.577869,9.446219
GAAGCGAAGGTAGGCT-1_6,-3.0963187,4.9912324
GAAGCGACACCTCTAC-1_6,0.11648989,5.6312175
GAAGCGACATAGATCC-1_2,-4.17507,6.6109886
GAAGCGACATAGGCGA-1_4,-3.5476258,5.866868
GAAGCGACATGACTAC-1_3,1.9896061,7.754123
GAAGCGAGTCATAACC-1_3,-2.3168278,6.9621096
GAAGCGATCATGGAGG-1_3,-0.5049025,9.015147
GAAGCGATCTGACGCG-1_4,2.165003,8.878243
GAAGCGATCTGTTGGA-1_2,0.81576926,10.870675
GAAGGACAGATGCTAA-1_3,-0.055671718,6.3195853
GAAGGACCAAGTAGTA-1_4,-2.1347516,5.442519
GAAGGACGTAACTTCG-1_4,-1.9763528,7.1234865
GAAGGACGTTCCGCAG-1_1,3.9862728,6.823274
GAAGGACTCATCGCTC-1_2,-2.4276545,9.317428
GAAGGACTCTTTCTAG-1_5,-1.6468123,8.2510805
GAAGGGTAGCCTCTCT-1_3,-2.1067333,5.042164
GAAGGGTAGCTTTCTT-1_3,-0.5140484,3.755309
GAAGGGTAGTACGAGC-1_6,-1.2935085,3.0090978
GAAGGGTCAAAGAGTT-1_6,-0.87200344,9.218794
GAAGGGTCACCTATCC-1_4,0.7698461,9.106835
GAAGGGTCATACACCA-1_3,-0.9888725,8.957727
GAAGGGTGTTAGCGGA-1_4,-3.4567826,6.1078577
GAAGGGTTCGCTTACC-1_3,-0.5447323,5.3654494
GAAGGGTTCGTTAGTG-1_3,-2.333014,3.4283204
GAAGGGTTCTGTCAGA-1_5,-0.8143968,8.962714
GAAGTAAAGACGATAT-1_3,1.5513818,9.811952
GAAGTAAAGCGTTACT-1_5,-3.4079778,5.451417
GAAGTAAAGCTTGTTG-1_5,-4.918608,5.748057
GAAGTAAAGGAACTAT-1_5,0.20204717,12.371736
GAAGTAAAGGCACGAT-1_4,-2.366978,3.1286094
GAAGTAAAGGTCACCC-1_3,-1.980076,7.7217703
GAAGTAAAGTGCACTT-1_5,1.2291713,7.015503
GAAGTAACAAGCCATT-1_3,-2.5493238,4.3755536
GAAGTAACAGCAGTGA-1_1,0.58400536,8.073386
GAAGTAAGTCGGATTT-1_2,-5.4818726,5.3536997
GAAGTAAGTCGTACAT-1_4,1.572873,9.731497
GAAGTAAGTGCAGATG-1_4,-3.6412182,10.572268
GAAGTAAGTTAGAGAT-1_5,0.5829244,5.8786273
GAAGTAATCAACCTCC-1_4,0.7411907,6.116243
GAAGTAATCACCGGTG-1_5,-3.8008425,10.563909
GAAGTAATCACGATCA-1_1,2.2352264,5.423861
GAAGTAATCTCGCGTT-1_3,-1.9859933,10.382584
GAATAGACAAGAGTTA-1_4,-1.0768279,4.448705
GAATAGAGTAAGGCCA-1_2,0.020660665,5.6833067
GAATAGAGTACAAGCG-1_4,-2.1572986,9.663883
GAATAGAGTAGACGTG-1_2,-3.0023286,4.3208785
GAATAGAGTTAGGAGC-1_3,-0.0058968365,4.1820536
GAATAGAGTTCGATTG-1_3,-0.9237719,10.298591
GAATAGAGTTTGTTGG-1_2,-3.1580398,9.403038
GAATAGATCCAAGCCG-1_6,2.254632,3.9425654
GAATCACAGCCTTGAT-1_6,-4.581077,5.1438866
GAATCACAGCTCGTGC-1_3,0.5031419,4.7943153
GAATCACCATAGACTC-1_6,-2.810339,4.1830025
GAATCACCATGTTCGA-1_5,-0.39951685,7.170544
GAATCACGTGTACAGG-1_3,-4.368259,6.7211633
GAATCACGTGTCCGGT-1_5,-1.2954279,10.190924
GAATCACGTTCAGCGC-1_3,-3.4875062,9.544026
GAATCACGTTGGGACA-1_1,-2.9919162,6.858523
GAATCACTCACAAGGG-1_4,-3.5780096,10.052691
GAATCACTCCATCCGT-1_3,-4.4105163,7.1528106
GAATCACTCTGCCTGT-1_4,-1.9239013,5.9482822
GAATCGTAGAATACAC-1_4,-2.0067456,3.8145912
GAATCGTAGAGAGTTT-1_4,-3.8377628,5.047556
GAATCGTAGCACACAG-1_3,-1.0088826,5.5980773
GAATCGTAGGTAGTAT-1_4,-0.43748537,9.105542
GAATCGTAGTTAGTGA-1_4,-0.8631408,10.525856
GAATCGTCACAGTGTT-1_3,-5.7388625,7.292291
GAATCGTCAGAACATA-1_2,-2.373167,9.107233
GAATCGTCAGCTCTGG-1_5,-0.0633231,5.7407055
GAATCGTGTCAGGTAG-1_5,2.7136927,4.11252
GAATCGTGTTACCTTT-1_2,0.13437855,7.665225
GAATCGTTCAGGACGA-1_4,-2.1697388,5.1334686
GAATCGTTCATTGCTT-1_6,-0.8310618,3.873338
GAATCGTTCCATTGGA-1_5,-1.2959186,6.50228
GAATCGTTCTATGCCC-1_5,-4.287235,5.827235
GAATCGTTCTGACCCT-1_3,-5.1019344,8.400228
GACACGCAGCTGTACT-1_3,-3.4844408,9.838444
GACACGCAGGTAAACT-1_3,-2.7158508,9.839699
GACACGCCAAGCGAAC-1_2,2.0123806,10.295362
GACACGCCACCATAAC-1_3,1.083259,7.7186985
GACACGCCACTGGACC-1_3,-1.0129398,4.01158
GACACGCGTGTGTCCG-1_2,-0.7741105,11.055465
GACACGCGTTAAGGAT-1_3,-1.269232,4.2712
GACACGCGTTGCGAAG-1_2,1.6908312,10.303151
GACACGCTCAGAACCT-1_4,1.3352815,5.736949
GACAGCCAGGTCGACA-1_3,-1.3455175,9.491431
GACAGCCCACAGTATC-1_1,0.34319434,7.844479
GACAGCCCATCGCTCT-1_3,-5.605007,8.922374
GACAGCCGTAACGATA-1_1,0.6492648,5.462444
GACAGCCGTCCTGGTG-1_4,-2.5372984,6.929657
GACAGCCGTCTTGGTA-1_1,0.52900714,8.412381
GACAGCCTCATATGGC-1_1,-4.424878,5.911101
GACAGCCTCCAATCTT-1_3,0.1212871,5.089867
GACAGCCTCCGTAGGC-1_5,-4.58458,6.609047
GACATCAAGCATGCAG-1_1,-0.38204393,3.6297338
GACATCAAGCTCTATG-1_3,-4.435822,10.2492485
GACATCAAGGCCTTGC-1_4,-4.1049905,10.722946
GACATCAAGGTTAGTA-1_2,-0.70147514,3.241558
GACATCAAGTCTTCGA-1_5,-6.09023,7.238378
GACATCACACGCGGTT-1_4,2.8356462,4.167714
GACATCACATATACCG-1_5,1.8245836,6.4259815
GACATCAGTAAGCTCT-1_2,-0.6349737,11.668735
GACATCAGTCTGTGCG-1_6,-3.2430654,5.292559
GACATCAGTGAGGCAT-1_4,-3.6800895,11.221182
GACATCAGTGGCAACA-1_5,-0.736609,10.671442
GACATCATCACCTCAC-1_4,-4.346715,6.3432775
GACATCATCACCTGTC-1_1,-1.6826245,5.7301884
GACATCATCATGGCCG-1_2,-3.7457654,4.114145
GACATCATCCCATGGG-1_2,0.016722737,3.818574
GACATCATCTATTCGT-1_4,-3.894441,10.926844
GACATCATCTCGGCTT-1_4,4.652308,6.3856087
GACCAATAGACCAGCA-1_4,-2.555352,2.947617
GACCAATGTCCTGAAT-1_6,-0.7750964,11.593149
GACCAATGTGTGAATA-1_1,-5.2553854,7.001828
GACCAATTCAAACGAA-1_3,3.2405257,3.999264
GACCAATTCACTCACC-1_4,-1.3989612,5.939397
GACCAATTCAGCATTG-1_3,2.4123168,8.511173
GACCAATTCCCATTCG-1_3,-3.1818304,8.244282
GACCAATTCCTGGTCT-1_6,-3.9924076,6.8936787
GACCAATTCCTTCTAA-1_5,2.262122,10.1641445
GACCCAGAGCCGTCGT-1_3,-1.8944223,5.3677487
GACCCAGAGGAAAGGT-1_5,-5.3743906,5.41637
GACCCAGAGGGATCGT-1_3,-2.8034463,9.26306
GACCCAGAGGTAAACT-1_4,-3.4595363,4.940237
GACCCAGAGGTCATTC-1_1,-6.292435,6.867734
GACCCAGCAATAGGAT-1_6,-3.5687206,7.0795064
GACCCAGCACACGCCA-1_2,-0.020927323,5.066998
GACCCAGCAGATCCTA-1_3,-1.1001515,10.91203
GACCCAGCAGGCACTC-1_2,0.39865413,7.9710507
GACCCAGCATAGGTAA-1_3,-0.17065997,7.5482244
GACCCAGCATCTGTTT-1_4,-0.8229619,9.179688
GACCCAGCATTGGCAT-1_6,0.5993011,4.726507
GACCCAGGTATACGGG-1_4,-0.8426913,3.86975
GACCCAGGTTAAGACA-1_5,1.1078448,10.85457
GACCCAGTCCAAAGGG-1_2,1.3697295,6.948394
GACCCAGTCGATTCCC-1_2,-3.4963593,11.298533
GACCCAGTCGGTGAAG-1_2,1.9724716,10.98641
GACCCTTAGAGGTATT-1_6,-0.19163968,7.2988214
GACCCTTAGATACGAT-1_2,-1.787134,5.523961
GACCCTTAGTCCGCCA-1_6,-4.0491085,9.98183
GACCCTTAGTTGCTGT-1_2,-1.2935774,6.6234884
GACCCTTCAAACCACT-1_4,-0.23152259,8.631371
GACCCTTCAAACTGCT-1_1,-0.9762951,4.1828218
GACCCTTCAACTTGGT-1_3,2.3033051,4.711757
GACCCTTCAATAGTCC-1_3,-3.8647883,10.214366
GACCCTTCAATTCACG-1_1,-0.52259475,6.0194516
GACCCTTCACGTAGAG-1_2,-1.3525032,3.6880517
GACCCTTCAGCTCATA-1_4,-1.2341448,7.8957343
GACCCTTCATAGACTC-1_6,0.2689199,8.937013
GACCCTTGTAGATTAG-1_6,-0.8880235,11.561229
GACCCTTGTAGTAAGT-1_1,-2.0028133,11.241015
GACCCTTGTATGAAAC-1_6,-3.204363,6.3958597
GACCCTTGTCTTTATC-1_4,0.46992135,8.2475195
GACCCTTGTGTCTAAC-1_3,0.6168618,13.377114
GACCCTTGTTCGTTCC-1_6,0.04069996,8.470412
GACCCTTTCCTGTAAG-1_6,0.87343186,9.192294
GACCCTTTCTATCCAT-1_1,-1.2505852,4.098265
GACCGTGAGAACAAGG-1_1,-5.673559,7.3482704
GACCGTGAGAGGATCC-1_2,-2.7733927,8.551686
GACCGTGAGCTATCCA-1_6,2.3193643,10.116046
GACCGTGAGTGGTTAA-1_5,-5.390715,8.08093
GACCGTGGTAGAGGAA-1_3,-0.5786904,5.070101
GACCGTGGTCCGGACT-1_4,-0.35556993,8.536077
GACCGTGTCACAAGAA-1_5,-4.1572337,6.364282
GACCGTGTCCAAGCTA-1_4,-2.7535098,11.337015
GACCGTGTCTTCACAT-1_1,2.8533828,6.4158072
GACCTTCAGAAGCTCG-1_3,-2.253148,9.1059265
GACCTTCAGACCACGA-1_3,-1.2722375,10.527105
GACCTTCAGCGCAATG-1_3,-2.524187,4.029728
GACCTTCAGGAAAGAC-1_6,1.6495849,10.475137
GACCTTCAGTTCTACG-1_2,-1.0337471,7.114701
GACCTTCCAGTCGCTG-1_1,2.0250523,10.478856
GACCTTCGTAACAGTA-1_1,1.5890789,10.468088
GACCTTCGTAATGCTC-1_6,-1.3620319,7.9311323
GACCTTCGTCCCTGAG-1_3,-2.3146107,7.4492245
GACCTTCGTCGGTACC-1_3,-1.5313007,6.2959123
GACCTTCTCAGCCTCT-1_4,4.856127,6.5584846
GACCTTCTCCATCCGT-1_5,-5.7388616,7.605546
GACCTTCTCCATTTAC-1_5,1.141222,6.1318994
GACCTTCTCGAGTCCG-1_5,-0.7341345,5.6655607
GACCTTCTCGCCAACG-1_3,-1.4270681,6.7946987
GACCTTCTCTGATTCT-1_1,-2.3996184,5.3315682
GACGCTGAGAAGTCAT-1_4,-0.44478118,9.626674
GACGCTGGTACTTGTG-1_4,-1.8456316,5.9345307
GACGCTGGTAGGAGGG-1_5,-3.063974,4.387014
GACGCTGGTGAATTAG-1_4,-0.8944365,5.962975
GACGCTGGTGACACGA-1_6,0.3408413,7.8041196
GACGCTGTCGACATCA-1_2,-0.8107403,6.4862523
GACGTTACAAAGGGTC-1_2,1.1459018,8.24465
GACGTTACAGCCTACG-1_6,-0.56306726,4.1667204
GACGTTAGTAGCGCCT-1_4,-1.4579335,5.3024807
GACGTTAGTCGTGGAA-1_3,2.6695268,4.0944624
GACGTTATCAGGAAAT-1_3,-0.33850113,9.237562
GACGTTATCCAAGGGA-1_2,-4.4981384,10.114757
GACGTTATCTAGATCG-1_3,-3.9991157,5.9071393
GACGTTATCTTGCGCT-1_4,-2.5319233,6.170614
GACTATGAGGTCCCTG-1_2,-1.8301624,8.090108
GACTATGAGTCTCGTA-1_2,-1.165753,8.392228
GACTATGCACTTGTGA-1_5,1.2343649,3.5785148
GACTATGCAGGTCAGA-1_2,-3.2152612,11.065471
GACTATGCATGGCGCT-1_3,-2.132561,10.998013
GACTATGCATTGAAGA-1_5,-3.8794956,10.899351
GACTATGTCATTACCT-1_3,-2.5304346,5.7866235
GACTATGTCCTGGTCT-1_2,1.3565831,6.892931
GACTATGTCGGAATGG-1_2,-4.799954,4.140662
GACTCAAAGCAGCAGT-1_4,-1.7663717,9.958944
GACTCAAAGGACATCG-1_5,-5.303184,7.4251614
GACTCAACATAATGCC-1_1,-3.392846,9.081179
GACTCAACATCTATCT-1_1,-6.046201,6.973425
GACTCAAGTCGGATTT-1_5,-0.50403553,4.480857
GACTCAATCGAGATGG-1_4,-1.4841238,9.555229
GACTCAATCTTGGCTC-1_1,-1.3219644,9.630698
GACTCAATCTTGGCTC-1_6,0.29391184,5.4091115
GACTCTCAGGCATTTC-1_6,-1.3836977,4.696226
GACTCTCCAAACTGCT-1_1,1.0548543,11.062645
GACTCTCCAGGATGAC-1_4,-4.0005713,9.683965
GACTCTCGTAGAGGAA-1_3,-1.1358057,8.710389
GACTCTCGTGATATAG-1_6,-2.1116774,10.675097
GACTCTCGTTTGTGGT-1_4,-0.28539255,8.7146015
GACTCTCTCCATCCGT-1_2,-5.4107556,9.488502
GACTCTCTCTGTGCAA-1_5,-2.205144,5.9446926
GACTGATAGCTGTTCA-1_2,-4.47803,6.1046324
GACTGATAGGCGAACT-1_4,-2.998109,10.815402
GACTGATCAAGCACCC-1_1,4.8989043,6.5662484
GACTGATCACGTACTA-1_4,-0.15995704,7.5425253
GACTGATCATAGAAAC-1_3,-0.9178738,6.3071356
GACTGATCATGATAGA-1_1,-0.38040352,4.7585726
GACTGATGTGGCCACT-1_4,-2.7389193,5.5749397
GACTGATGTTGGGCCT-1_6,-1.266286,10.743707
GACTGATTCCACAAGT-1_4,-4.7218356,6.494287
GACTGATTCCTCTCGA-1_6,-1.0810269,4.541988
GACTGATTCTTCCAGC-1_5,-2.0803158,7.4300456
GACTTCCAGCAAGGAA-1_6,-2.0243602,9.540786
GACTTCCAGGTTGTTC-1_4,0.1984013,7.6551247
GACTTCCAGTGTAGTA-1_4,-2.2303793,7.3153334
GACTTCCCAAGCCTGC-1_4,1.4256898,7.9717455
GACTTCCCACTGTCCT-1_5,3.0960653,5.0397625
GACTTCCCAGAGGTAC-1_4,1.8364253,4.572962
GACTTCCGTCAAGCCC-1_4,-3.193943,8.685536
GACTTCCGTCCAGAAG-1_1,-3.3996859,8.235259
GACTTCCTCACATTGG-1_5,-0.8456711,5.429136
GACTTCCTCAGCCCAG-1_2,-0.07000666,9.980671
GACTTCCTCGCCGAGT-1_2,2.3702197,10.078354
GAGAAATAGACCATGG-1_6,-4.079431,4.8003035
GAGAAATAGACGGAAA-1_4,0.29425892,11.671303
GAGAAATCAAAGAACT-1_5,2.7985864,5.127186
GAGAAATCACCTGCGA-1_4,1.6295859,6.222061
GAGAAATCATCTTAGG-1_3,-1.1062238,11.934013
GAGAAATCATGAGTAA-1_2,-3.473505,6.7447467
GAGAAATGTCTTGCGG-1_5,-1.0382937,8.992092
GAGAAATGTGCGGCTT-1_3,-3.1446702,5.2809834
GAGAAATGTGTTAGCT-1_6,2.7601695,4.440154
GAGAAATTCGTGGGTC-1_1,-2.3175073,4.5842757
GAGACCCAGAACCGCA-1_5,-2.2004974,8.772138
GAGACCCAGAGGTTTA-1_1,-0.7366034,8.635736
GAGACCCAGGTTCCAT-1_5,-0.74295825,3.8016734
GAGACCCCAAGGTTGG-1_2,-0.27216017,6.1955295
GAGACCCCACAATTCG-1_4,-0.51657194,4.65232
GAGACCCCATCATTGG-1_2,1.8229293,3.829823
GAGACCCTCCACGGAC-1_5,-1.0924909,6.2268634
GAGACCCTCCATCAGA-1_1,-3.6997173,11.007383
GAGACCCTCTAAGCCA-1_5,-4.571058,7.5664606
GAGACCCTCTGATTCT-1_4,-1.2070827,9.836805
GAGACTTAGCGTATAA-1_4,-2.68393,5.8908744
GAGACTTAGTTGTAAG-1_1,0.8226104,7.996111
GAGACTTCACTTACAG-1_1,-0.07691121,10.858876
GAGACTTCAGTTGTCA-1_4,-0.8653181,4.006358
GAGACTTCATCAGCAT-1_1,-0.10034362,9.468203
GAGACTTGTTGGGTAG-1_4,-0.7054614,6.3047805
GAGACTTTCCGAGAAG-1_5,-2.6843715,8.274586
GAGACTTTCTCCGCAT-1_1,-4.6233387,10.30196
GAGACTTTCTGTTCAT-1_5,2.045564,7.3964844
GAGACTTTCTTCTGGC-1_5,-0.3505359,6.9385676
GAGAGGTAGCTGACTT-1_5,-1.3874353,3.156793
GAGAGGTAGTGACACG-1_4,-1.7186652,3.665875
GAGAGGTTCAACTCTT-1_3,-0.46369475,4.4692845
GAGAGGTTCAGATGCT-1_4,-2.1663015,11.221599
GAGAGGTTCCATCGTC-1_4,0.87377715,7.577652
GAGAGGTTCGCCATAA-1_1,-4.6135764,6.5354934
GAGAGGTTCGCGAAGA-1_1,-2.4795015,8.547601
GAGAGGTTCTTCGTGC-1_4,-4.117463,7.349229
GAGATGGAGACCAGAC-1_3,-2.1428177,11.485124
GAGATGGAGTTGCCCG-1_4,-4.053668,5.7272615
GAGATGGCAAGTGATA-1_2,-0.58383167,6.1544557
GAGATGGCACTTCATT-1_6,0.5505664,8.051448
GAGATGGCATGTTACG-1_1,0.6217714,6.3804626
GAGATGGGTCAAAGCG-1_2,-1.8269255,3.1115878
GAGATGGTCTGGACTA-1_2,-0.76377773,6.5909786
GAGCCTGCAACACGAG-1_4,-4.397414,9.273704
GAGCCTGCACGCGTGT-1_5,-2.301338,8.303728
GAGCCTGCACTTTAGG-1_1,0.50021183,5.7546797
GAGCCTGGTTACCTGA-1_5,-0.7467059,4.3689623
GAGCCTGTCGGCTCTT-1_5,-1.1473793,7.27323
GAGCTGCAGAAACCCG-1_1,-3.2918487,3.314028
GAGCTGCAGCGCCGTT-1_1,2.9659438,4.728182
GAGCTGCCAATGTCTG-1_1,-2.847718,5.5058646
GAGCTGCCAGCATCTA-1_2,-1.456337,8.605863
GAGCTGCGTTCCGGTG-1_2,-1.5121826,7.742782
GAGCTGCGTTGCCATA-1_3,-1.4292933,6.9726415
GAGCTGCTCAAAGACA-1_1,-3.760107,8.560466
GAGCTGCTCACGAACT-1_6,0.55014694,13.228273
GAGCTGCTCCATCTCG-1_5,-1.424117,8.362059
GAGCTGCTCGCATGAT-1_3,-1.5978255,9.1791115
GAGGCAAAGAACTTCC-1_2,-3.8899152,3.9435682
GAGGCAAAGCAACAAT-1_5,1.0352974,6.068784
GAGGCAAAGTATAACG-1_2,-0.6131092,11.97
GAGGCAACACCTGATA-1_6,-0.24971682,10.9248295
GAGGCAACAGATCATC-1_1,-4.2509036,7.788502
GAGGCAACAGCATACT-1_4,-2.671761,8.250336
GAGGCAAGTCTGCAAT-1_5,1.0214802,9.2687
GAGGCAAGTGGCTCTG-1_3,0.4209449,7.605861
GAGGCAAGTGTGTTTG-1_6,0.9756631,10.333383
GAGGCAATCAGTCTTT-1_2,-2.7871182,6.0357533
GAGGCAATCCTTGACC-1_4,0.39617017,8.416561
GAGGCAATCGACACTA-1_4,-0.83928144,5.5438876
GAGGCAATCTCTAAGG-1_2,0.040853906,4.2896748
GAGGCCTAGCTAGATA-1_3,2.5788913,3.9268808
GAGGCCTAGTTGTACC-1_4,-1.7244165,4.5947733
GAGGCCTCAAATGGAT-1_2,-4.218392,9.865306
GAGGCCTCACAAGCAG-1_5,-2.2902215,11.906571
GAGGCCTCACAGCGCT-1_5,-3.5524836,8.430173
GAGGCCTCACCGTCTT-1_2,-1.1357292,9.412942
GAGGCCTGTAGCGCCT-1_4,-4.2614145,7.7654386
GAGGCCTTCACGATAC-1_6,0.38988158,11.662762
GAGGCCTTCAGACCCG-1_2,-1.5444125,8.1809635
GAGGCCTTCATGGCCG-1_1,-2.0004706,6.9634943
GAGGCCTTCGCTCATC-1_4,-0.5502247,4.502541
GAGGGATAGGAACTCG-1_2,-4.245069,6.6176586
GAGGGATCATATGGCT-1_2,-4.106776,4.3228607
GAGGGATCATGTACGT-1_5,-3.0709512,7.1945076
GAGGGATCATTAGGCT-1_4,0.37768033,7.863195
GAGGGATGTCAAACGG-1_6,-0.6086493,11.925752
GAGGGATGTCGCATTA-1_4,-5.234813,5.7440786
GAGGGATGTGAGAGGG-1_4,-3.174092,6.9978666
GAGGGATTCGACATAC-1_5,-2.4361358,10.078793
GAGGGATTCTTACGGA-1_3,-2.9182098,6.631675
GAGGGTAAGATGCTAA-1_4,0.6879115,5.73179
GAGGGTAAGGGTGAAA-1_4,-3.0669804,3.8039756
GAGGGTACACTCATAG-1_5,-2.1257079,9.29482
GAGGGTAGTCTTTCTA-1_5,-2.5998921,4.477887
GAGGGTAGTTTAGAGA-1_1,-3.594952,6.268161
GAGGGTATCACGTAGT-1_3,1.5663778,8.893862
GAGGGTATCGCGGTAC-1_6,-1.3546782,7.162271
GAGGGTATCGGAAGGT-1_2,-0.1892183,12.183434
GAGGGTATCGTTATCT-1_2,-2.5133183,5.640768
GAGGGTATCTAGCCTC-1_2,-2.3621314,2.9667974
GAGTCATAGCACCAGA-1_5,-3.8949442,8.32461
GAGTCATAGGTTTACC-1_6,0.9467518,8.794337
GAGTCATCACTCACTC-1_4,-4.5391984,8.90652
GAGTCATCAGAAATTG-1_5,-0.02445369,12.198386
GAGTCATTCACTTGGA-1_3,1.0711956,10.219048
GAGTCATTCAGCCCAG-1_6,-5.5661197,7.44367
GAGTCATTCTCTCTTC-1_2,-3.1889656,6.63173
GAGTCTAAGAGAGAAC-1_3,-3.070685,8.166776
GAGTCTAAGGCTCTCG-1_2,-1.3899597,9.404556
GAGTCTACAATCGCAT-1_2,1.9901052,9.523737
GAGTCTAGTGTGTTTG-1_4,-0.2802034,4.8893833
GAGTCTAGTTTGAACC-1_5,-1.8923287,9.752717
GAGTCTATCGCTACGG-1_5,-4.0945587,4.6449337
GAGTCTATCGGCTGGT-1_6,2.2411613,7.5927534
GAGTGAGAGACCCGCT-1_3,-2.9222646,10.906171
GAGTGAGAGAGAGGGC-1_3,-2.840188,11.830447
GAGTGAGAGCCTGGAA-1_4,-0.83439004,3.9632185
GAGTGAGAGTCGAGGT-1_5,-1.3299887,6.3902583
GAGTGAGCACCAGTAT-1_1,-2.2314582,10.628943
GAGTGAGGTATTCCTT-1_4,-5.2177763,7.2545176
GAGTGAGGTCGAGTGA-1_1,-1.4423418,5.1848707
GAGTGAGGTGTTGATC-1_1,-3.9302185,7.980855
GAGTGAGGTTGGGTTT-1_5,-1.1142178,8.080798
GAGTGAGTCAGTCACA-1_5,-0.39110082,10.09811
GAGTGAGTCCGAGATT-1_2,2.105375,9.977043
GAGTGAGTCTAACGGT-1_6,-1.5540739,7.7938547
GAGTGTTAGCCAGTAG-1_6,-3.6242528,8.014646
GAGTGTTAGCCGGATA-1_3,-0.740507,5.316726
GAGTGTTAGCGCCGTT-1_6,-1.2790723,4.5179577
GAGTGTTAGGTCGACA-1_2,-1.6883254,9.641653
GAGTGTTAGGTGGCTA-1_4,2.1210332,5.1160893
GAGTGTTAGTTTCGAC-1_6,0.043555945,7.5456166
GAGTGTTCAGATACCT-1_4,-4.2105737,8.010127
GAGTGTTCAGCTACAT-1_2,-4.5081325,9.108635
GAGTGTTCAGGCTATT-1_5,-0.24292223,12.252363
GAGTGTTCAGGTTCGC-1_4,-2.72976,7.536685
GAGTGTTGTCCTATAG-1_5,-1.4035487,3.9017859
GAGTGTTGTTGTCTAG-1_6,-2.6668725,4.4291
GAGTTACAGAGCTGCA-1_2,1.6188755,10.353377
GAGTTACAGGGATGTC-1_3,1.0389246,9.686384
GAGTTACAGTATTGCC-1_6,-3.6033483,11.425361
GAGTTACCAACCGTAT-1_6,-0.36884105,5.824586
GAGTTACCAAGTGCTT-1_4,1.1559726,8.831152
GAGTTACCAGTAACCT-1_6,-2.2091858,11.426171
GAGTTACGTATAGGGC-1_1,1.2520081,11.029452
GAGTTACTCAACCGAT-1_5,-3.9792328,8.126457
GAGTTACTCCGCTGTT-1_6,0.62653595,5.527804
GAGTTACTCGAGTACT-1_2,1.2385454,3.6041927
GAGTTACTCTAAGGAA-1_4,2.3337882,4.104102
GAGTTACTCTAGTGTG-1_3,-3.4472487,5.993662
GAGTTGTAGAATGTTG-1_1,1.3000367,5.401107
GAGTTGTAGAGGTTAT-1_1,-1.2837216,11.946463
GAGTTGTAGCGGGTTA-1_2,-0.7800508,7.8721457
GAGTTGTAGGATATAC-1_3,-2.5245273,3.8730516
GAGTTGTAGGCCTGCT-1_4,-2.8534412,6.665271
GAGTTGTCAGTCAGCC-1_3,4.4353285,6.916423
GAGTTGTGTACTAACC-1_3,-3.9907417,7.0300455
GAGTTGTGTCACTCTC-1_4,4.2878923,7.2426543
GAGTTGTGTCCATACA-1_4,3.5656667,5.0611205
GAGTTGTTCATTACCT-1_1,-0.58541316,8.0873
GAGTTGTTCGATGCTA-1_2,-1.0362453,4.207336
GAGTTTGAGATAGTCA-1_6,-1.3503263,8.870912
GAGTTTGAGCAACAAT-1_5,-0.28438213,8.37673
GAGTTTGAGTTATGGA-1_1,-1.1266149,5.3410172
GAGTTTGAGTTGTACC-1_5,-2.9589086,6.3904014
GAGTTTGCAGAAGCGT-1_1,-0.35495895,6.4275665
GAGTTTGCATAGGTAA-1_5,-4.902411,9.114277
GAGTTTGGTAGGACTG-1_4,-1.6921151,7.522521
GAGTTTGGTTCCGTTC-1_4,-4.9116883,8.407064
GAGTTTGTCGTTCCCA-1_5,-2.4403841,2.8719509
GATAGAAAGACTAAGT-1_4,-0.793433,6.986679
GATAGAAAGAGTGACC-1_6,2.7218525,6.852379
GATAGAAAGATCCGAG-1_4,-0.2705906,7.921351
GATAGAAAGGCGAACT-1_2,-3.8060894,8.708597
GATAGAACAATAGGGC-1_6,-2.9530084,6.153841
GATAGAACATGAGAAT-1_6,-0.06685536,6.359071
GATAGAAGTGAGTAGC-1_1,-2.2100399,7.2481904
GATAGAAGTGCCTATA-1_1,-4.227457,6.6357107
GATAGAATCAGACCCG-1_2,-0.48398346,11.9410515
GATAGAATCTCGCAGG-1_4,-2.4772453,7.2396593
GATAGCTAGCCATATC-1_3,-3.0535424,8.873661
GATAGCTAGCCGATCC-1_6,2.7027807,4.8865094
GATAGCTAGTTGGCGA-1_1,-3.0923233,8.679119
GATAGCTAGTTGTACC-1_3,-1.9358711,11.301864
GATAGCTCAACGTATC-1_5,-1.4482958,6.465579
GATAGCTCAGCAATTC-1_4,-5.9783897,8.328411
GATAGCTCATACGCAT-1_3,-2.9463313,9.064946
GATAGCTGTACCTGTA-1_2,-2.918639,9.060251
GATAGCTGTATTTCTC-1_1,2.8126032,5.199523
GATCACAAGCTAAACA-1_2,-4.446235,9.763805
GATCACACACGCCACA-1_3,-0.11988675,5.3206286
GATCACAGTACTGGGA-1_4,2.107127,8.098009
GATCACAGTAGGAAAG-1_2,-1.5294518,10.278278
GATCACAGTCTGATCA-1_1,-0.05494061,3.5150764
GATCACATCACCATAG-1_4,-4.3748302,5.3302855
GATCACATCACTAGCA-1_4,-2.4919693,7.834005
GATCACATCATAGGCT-1_6,-2.8288267,6.0882726
GATCACATCCTCTAAT-1_4,1.383455,8.211487
GATCACATCTCCAATT-1_6,-0.9474716,9.68953
GATCAGTAGCAGGTCA-1_6,-4.3165193,5.819993
GATCAGTAGCGGTAGT-1_3,3.1966162,4.050703
GATCAGTAGGGTGAAA-1_3,-0.3786084,5.9323134
GATCAGTCAAGCTGTT-1_4,-3.3850822,10.848437
GATCAGTCAAGTATAG-1_3,-3.977833,10.965271
GATCAGTGTAAGTAGT-1_3,-5.371167,8.7303505
GATCAGTGTACTAACC-1_3,-5.1008673,6.4005384
GATCAGTGTATGCTAC-1_4,-0.5624613,8.189143
GATCAGTGTCCCTCAT-1_3,0.24655063,7.3276205
GATCAGTGTGACCGAA-1_3,-0.67170393,6.774009
GATCAGTGTGTATACC-1_2,1.955682,6.166314
GATCAGTGTTCAAGGG-1_1,-3.1884472,7.00084
GATCAGTGTTGGCCTG-1_4,-1.5359181,5.075305
GATCAGTGTTTAGTCG-1_5,-1.5658209,10.874143
GATCAGTTCAACCGAT-1_5,-3.4073896,7.415569
GATCAGTTCACCCTGT-1_2,1.614786,8.8897
GATCAGTTCGACACTA-1_3,-1.2147927,9.645455
GATCAGTTCGCACTCT-1_3,-1.2501271,4.016207
GATCAGTTCTTCGTAT-1_2,-0.33545795,5.1576757
GATCATGAGATAACAC-1_4,-1.6925968,2.9997492
GATCATGAGGTGCCAA-1_6,0.20966303,9.596446
GATCATGAGTCGAGGT-1_6,-5.327105,9.323244
GATCATGAGTGAGCCA-1_5,-4.4577227,10.765507
GATCATGGTTCACGAT-1_2,-0.36485788,10.750743
GATCCCTAGCACACAG-1_4,-4.640497,7.032092
GATCCCTAGCGTTAGG-1_5,-0.38797438,11.25527
GATCCCTAGTTAGAAC-1_2,-2.7539122,9.850921
GATCCCTCAACCTATG-1_4,-5.0058084,6.8754725
GATCCCTCAAGCGCTC-1_2,-3.163616,3.4012015
GATCCCTCAGTCAGCC-1_2,-2.0492122,8.412934
GATCCCTCATTAGGCT-1_3,-1.3145254,5.873602
GATCCCTGTATGCAAA-1_1,-1.8862581,8.977512
GATCCCTGTATGGAGC-1_1,-5.3669333,4.842744
GATCCCTGTTAGCGGA-1_3,-0.66416335,5.917151
GATCCCTGTTCCGTTC-1_2,1.0096897,7.112287
GATCCCTGTTGCTCAA-1_1,0.7139608,6.872776
GATCCCTTCAGCGCAC-1_1,-3.5113354,6.244393
GATCGTAAGAAGTCAT-1_2,-4.051167,9.601667
GATCGTAAGATGCCGA-1_4,-5.6956353,7.7652183
GATCGTAAGCTGGCCT-1_4,-3.2783062,5.968354
GATCGTAAGTTACGGG-1_2,-3.6368709,7.860407
GATCGTAAGTTTCGGT-1_4,-3.4819298,9.010025
GATCGTACAAATTGCC-1_2,-1.0219214,4.494212
GATCGTACACAGGATG-1_6,0.037209302,3.7676506
GATCGTACACCGGCTA-1_5,1.5833604,9.325673
GATCGTACATGCCATA-1_4,-0.77662206,4.6199427
GATCGTAGTCCAGCCA-1_3,-1.5638847,10.428471
GATCGTAGTCTTCGAA-1_6,-4.161347,10.441858
GATCGTAGTGACATCT-1_4,-1.6457021,8.166197
GATCGTAGTGAGTAAT-1_6,-3.0584824,3.1010745
GATCGTATCACCATCC-1_5,-3.385473,11.082822
GATCGTATCCACAGCG-1_1,-2.4752448,3.4758058
GATCGTATCGTGACTA-1_3,-4.4187336,7.923502
GATGACTAGACTAGAT-1_4,0.19537777,8.068621
GATGACTAGCCGTTGC-1_4,-3.330083,4.8601713
GATGACTAGGGATCAC-1_2,2.723447,5.324055
GATGACTAGTCGCCAC-1_5,-1.1018733,7.1159854
GATGACTCAAAGGGTC-1_6,0.041311193,5.923976
GATGACTCATAGGTTC-1_3,0.7784419,9.233459
GATGACTCATGTTCGA-1_3,0.3604165,11.916671
GATGACTGTATGGTTC-1_5,-1.1000973,6.0192866
GATGACTGTCGCTGCA-1_1,-3.232969,10.542073
GATGACTTCCATGAGT-1_4,2.624586,4.9143896
GATGACTTCCGCACGA-1_5,0.64216715,7.0898194
GATGACTTCCTGCTAC-1_1,-2.3317518,11.263993
GATGACTTCGGAGTGA-1_4,-4.7539988,7.671805
GATGAGGAGATAACGT-1_4,0.3822617,4.388197
GATGAGGAGCTATCTG-1_2,-2.5177553,8.988729
GATGAGGAGTCAATCC-1_2,-0.2727012,3.8374155
GATGAGGAGTTCCATG-1_3,-5.262393,7.2276115
GATGAGGCACTGAATC-1_6,-1.2209084,7.049307
GATGAGGCATAGGCGA-1_3,-2.3812096,6.2136035
GATGAGGGTATCGATC-1_1,0.49178395,13.184785
GATGAGGGTGGTAATA-1_5,-1.7444954,7.0560284
GATGAGGGTTCTCCCA-1_5,-4.4377537,10.209962
GATGAGGTCAGCTGTA-1_1,1.909489,6.437119
GATGAGGTCCGTTTCG-1_4,2.1293483,9.75736
GATGATCAGAAGTCTA-1_3,-1.089032,3.9851482
GATGATCAGACCATGG-1_2,-2.0857801,4.552819
GATGATCAGCGAAACC-1_1,-0.43576244,6.7683096
GATGATCAGGCGAACT-1_6,-3.919854,7.5243144
GATGATCCAAGTTCGT-1_2,1.7407069,7.1203775
GATGATCCACCCGTAG-1_4,2.4478912,5.7060623
GATGATCCAGCTACTA-1_3,-4.7832994,6.890948
GATGATCGTTAGGGAC-1_1,-2.3414643,7.7350082
GATGATCTCACACCCT-1_1,-1.7901868,7.302169
GATGATCTCTACGGTA-1_2,-2.677555,7.259001
GATGCTAAGAGGCCAT-1_5,-1.6405771,7.7527385
GATGCTAAGCATATGA-1_5,-4.5656857,5.280902
GATGCTAAGGGTCAAC-1_1,2.2455003,9.848224
GATGCTACAAGAGTTA-1_2,-5.70801,8.080387
GATGCTACAGCTCATA-1_3,-2.0521116,7.2731237
GATGCTACAGTAGTTC-1_6,-2.6891863,11.805717
GATGCTATCATTGGTG-1_6,-3.4963872,4.8105464
GATGCTATCCATTGTT-1_1,-0.17566068,8.436026
GATGCTATCCTCTTTC-1_3,0.43560717,6.2117076
GATGCTATCGATGCTA-1_2,3.4002457,5.248788
GATGCTATCGCTTGAA-1_6,-2.9441824,3.5265634
GATGCTATCTAAGGAA-1_5,-0.18794262,4.900395
GATGCTATCTGAGCAT-1_5,-5.268072,4.424717
GATGGAGAGCATTGTC-1_2,-0.43112698,10.181185
GATGGAGAGCCATCCG-1_4,3.8957648,7.163078
GATGGAGAGCTAGAGC-1_5,0.5545935,6.2532024
GATGGAGAGGATCACG-1_1,1.5245085,8.888006
GATGGAGAGTCGGCCT-1_4,-1.6609501,9.3486805
GATGGAGCAAACCGGA-1_4,-1.4412313,11.06174
GATGGAGCAAGTATCC-1_2,-2.1458597,7.893923
GATGGAGCAATGCAGG-1_2,-4.1851563,10.220317
GATGGAGCATTGAAGA-1_3,-0.55298245,11.135286
GATGGAGGTACCGTGC-1_6,1.6187838,8.740306
GATGGAGGTCTGGTTA-1_2,-2.1126707,4.2175317
GATGGAGGTCTTGCTC-1_6,-0.756123,11.661593
GATGGAGGTCTTGGTA-1_4,-3.3554683,11.77722
GATGGAGGTGTGTACT-1_4,-2.2211568,10.781995
GATGGAGTCCCGAACG-1_3,-2.9222817,7.002655
GATGGAGTCCTCTAGC-1_1,-2.2880893,8.202989
GATGGAGTCGTTACCC-1_5,-5.073886,9.03252
GATGGAGTCTCCAAGA-1_6,-2.682868,5.580551
GATGTTGAGGGCTGAT-1_4,-1.5669146,6.0258217
GATGTTGAGGTACAGC-1_2,-5.4749413,7.040775
GATGTTGAGGTGCTAG-1_1,-2.2807224,5.1093616
GATGTTGCACCGGTCA-1_5,-2.9004273,3.8817225
GATGTTGCATAGTCGT-1_1,-1.0710466,3.883982
GATGTTGCATTGTACG-1_5,-0.1237076,8.982688
GATGTTGGTACCCACG-1_1,0.23725082,5.2986984
GATGTTGTCCATTCAT-1_5,0.15529105,3.6257443
GATGTTGTCGGCTGAC-1_2,-0.7544203,6.136942
GATTCGAAGAAGCTCG-1_4,-0.37524208,8.072364
GATTCGAGTACATTGC-1_3,-0.89818347,3.61034
GATTCGAGTACGCTAT-1_1,-5.548595,6.8471937
GATTCGAGTGAGATAT-1_2,-1.7615633,7.286001
GATTCGATCGCAGTGC-1_5,-3.5510747,6.082977
GATTCGATCTCCACTG-1_3,-1.3582603,9.143487
GATTCTTAGACTTCGT-1_2,-4.20866,9.183579
GATTCTTAGCTGCCAC-1_6,-4.8259435,4.9961805
GATTCTTAGGCTAGCA-1_4,-4.420493,7.577054
GATTCTTCAACGCCCA-1_5,3.3478973,4.5041223
GATTCTTGTCGAGTTT-1_4,-2.5920928,7.3967276
GATTCTTGTGTCATCA-1_2,0.008156214,7.0267057
GATTCTTGTTCCGGTG-1_5,-0.6228971,4.132204
GATTCTTTCGACCAAT-1_3,-1.4278201,7.7250433
GATTCTTTCGCTGACG-1_3,-3.6974168,9.900416
GATTCTTTCGGCAGTC-1_2,-2.121871,12.03516
GATTCTTTCTGGTCAA-1_6,-5.2647996,6.38311
GATTGGTCACCGTCGA-1_3,-0.72310734,9.444137
GATTGGTCAGCCCACA-1_4,-3.7258646,6.428563
GATTGGTGTACAAAGT-1_3,-1.9856689,7.418744
GATTGGTGTCTGTGGC-1_2,2.2538483,4.04639
GATTGGTTCAGCAATC-1_2,-5.89418,7.7618113
GATTGGTTCATTTGCT-1_5,-5.2077713,6.223499
GATTGGTTCCCATTTA-1_5,-1.728164,6.2018094
GATTTCTAGATCCCGC-1_4,-2.5542376,7.457954
GATTTCTAGCAATAGT-1_2,2.7559946,9.88089
GATTTCTAGGAGCTGT-1_3,-4.644966,9.466382
GATTTCTAGGGTTAAT-1_2,-3.787628,9.741889
GATTTCTAGTCCGTCG-1_2,-1.1377491,4.4873595
GATTTCTCAGTGACCC-1_5,1.9345475,4.153471
GATTTCTGTACTAGCT-1_3,1.9456362,7.796014
GATTTCTGTTAGAAAC-1_3,-5.6296654,6.35787
GATTTCTGTTGGAGAC-1_4,0.89638245,9.679979
GATTTCTGTTGTTGCA-1_2,-0.5600144,12.154414
GATTTCTTCGAACCAT-1_4,-2.5450826,8.443459
GATTTCTTCGACGCTG-1_4,-2.3047893,6.6546645
GATTTCTTCGTGGGAA-1_5,1.3748758,5.467664
GATTTCTTCTGAGGTT-1_4,1.8978331,5.3767147
GCAACATAGACGACGT-1_5,-3.0991702,5.788853
GCAACATAGGTCTACT-1_6,-3.153882,5.462258
GCAACATAGTAACAGT-1_1,-0.9652731,11.710698
GCAACATCAATACCTG-1_2,-4.323268,8.993544
GCAACATGTACGTACT-1_3,-2.259369,6.7784257
GCAACATGTAGCTTAC-1_4,0.8323262,8.329618
GCAACATGTCCATACA-1_2,-5.367787,9.158252
GCAACATGTGCCGGTT-1_3,-3.8393598,7.500899
GCAACATGTGGCTTAT-1_3,-1.8611236,7.168313
GCAACATGTTGGTAGG-1_1,-4.759425,6.4213295
GCAACATTCACCGCTT-1_2,0.8030827,8.908625
GCAACATTCACGAACT-1_3,2.2869306,6.3370123
GCAACATTCGATTCCC-1_1,-4.11932,4.717673
GCAACCGAGACCATAA-1_3,-4.7450995,9.250277
GCAACCGAGAGAGGTA-1_4,-1.4053859,4.437345
GCAACCGAGATGACAT-1_1,-1.2326891,10.475944
GCAACCGAGCTAGTTC-1_3,-2.8172798,5.5962443
GCAACCGCAAATTAGG-1_2,-2.3025417,5.3770604
GCAACCGCAGCGTTTA-1_5,0.5019967,4.147645
GCAACCGCATTGGCAT-1_2,-2.1711354,5.3338766
GCAACCGGTATCAGCT-1_6,-5.6972485,7.9877915
GCAACCGGTCACCACG-1_4,-4.2180347,10.578586
GCAACCGGTCGTATTG-1_5,3.3454967,5.5855
GCAACCGTCCTGCCAT-1_2,0.3721606,5.021429
GCAACCGTCTTACTGT-1_3,-4.509669,6.77595
GCACATAAGAGAGAAC-1_2,-1.5989288,8.486498
GCACATAAGATGTTCC-1_5,-0.63168967,8.71343
GCACATAAGCTTGTGT-1_6,-2.4280598,3.0182185
GCACATAAGGCACAAC-1_1,-0.502854,7.1929336
GCACATACAAAGAGTT-1_5,0.73381454,6.731994
GCACATACACGCGGTT-1_1,2.4167066,3.8942027
GCACATACACGTCATA-1_1,-3.1128461,9.961216
GCACATACAGACGGAT-1_2,2.1152673,4.2797337
GCACATACAGAGGACT-1_5,1.8532366,9.225566
GCACATAGTCACGTGC-1_2,-5.7778125,8.360612
GCACATAGTCGTATGT-1_3,-4.417959,9.950038
GCACATAGTGGTTTGT-1_1,-3.2740557,5.7030807
GCACATATCAGCACCG-1_2,-2.8258102,7.27901
GCACATATCCTACAAG-1_4,0.69107693,9.880186
GCACATATCCTCATAT-1_6,0.12033096,4.032784
GCACATATCTGGCTGG-1_2,-4.5131936,8.90241
GCACGGTAGCCGTAAG-1_1,-4.3839965,8.624135
GCACGGTAGCTTTCCC-1_6,0.10335416,4.807259
GCACGGTAGGTGATCG-1_2,0.8495529,10.77144
GCACGGTCAACATCGT-1_1,1.7459059,5.110312
GCACGGTCAACCGCTG-1_1,-2.1837723,4.7292843
GCACGGTCAATCTCGA-1_4,-3.4115646,5.438848
GCACGGTCATAATCCG-1_4,0.76603436,4.0606103
GCACGGTGTACATACC-1_5,-0.8725862,10.545146
GCACGGTGTATCTCGA-1_4,2.0209715,3.9192886
GCACGGTGTTAGAAAC-1_2,-2.6289096,6.3605685
GCACGGTGTTCTCTCG-1_4,-5.038257,6.40376
GCACGGTTCTCTCGCA-1_4,-3.5536397,7.2875752
GCACGGTTCTTAGCTT-1_1,-2.8928046,4.549274
GCACGTGAGTCACTGT-1_1,-0.8985387,8.243736
GCACGTGCACCCAAGC-1_2,0.14128885,9.664558
GCACGTGCAGAACATA-1_2,1.6778992,6.290629
GCACGTGCATGACAGG-1_4,-4.8248553,5.21595
GCACGTGGTAGCTGTT-1_3,0.858578,8.919215
GCACGTGGTGTAAATG-1_4,1.9716682,10.036425
GCACGTGTCCGAGTGC-1_3,-1.0257142,9.988586
GCACGTGTCGACGAGA-1_2,-0.8315713,10.755588
GCACGTGTCTAGGCCG-1_1,-1.9842947,5.7946916
GCACGTGTCTCTAAGG-1_4,-2.851786,8.665713
GCACTAAAGGATGGCT-1_4,-2.5075881,9.080505
GCACTAAAGGTCACTT-1_5,-4.4259653,6.4973254
GCACTAAAGTAGATCA-1_6,-1.524584,6.5515327
GCACTAACACATGACT-1_2,-3.169853,4.276755
GCACTAACACGATTCA-1_2,-1.7256595,7.2906113
GCACTAACAGGTCAGA-1_4,-4.4794354,5.486049
GCACTAAGTCGCATCG-1_2,-3.0724552,4.9227614
GCACTAAGTGGCAGAT-1_2,2.0438755,8.579012
GCACTAAGTTGCATAC-1_3,-3.449024,4.8557625
GCACTAATCCACTAGA-1_3,-2.4999943,11.851122
GCACTAATCTACTCAT-1_5,-2.790256,5.2137876
GCAGCCAAGACTTCCA-1_6,-1.4816961,8.36128
GCAGCCAAGAGCGACT-1_6,-0.92308617,6.243275
GCAGCCAAGGCTGGAT-1_5,0.551669,7.0862145
GCAGCCACAAGCTACT-1_3,1.871291,5.7982497
GCAGCCACACGGGCTT-1_3,-0.9473742,9.568638
GCAGCCACATTGGATC-1_3,-0.018228887,5.8898797
GCAGCCAGTAGAGACC-1_4,-0.5682202,12.017198
GCAGCCATCCTCACGT-1_3,-2.6627398,6.159638
GCAGCCATCGTGAGAG-1_4,1.8691156,7.0180445
GCAGCTGCAAAGTGTA-1_5,-0.39255023,10.123309
GCAGCTGCATCATTGG-1_2,-3.9795341,8.308034
GCAGCTGGTCTCAGGC-1_5,-0.69435596,4.173902
GCAGCTGGTCTCTCCA-1_2,-1.9827763,3.8143647
GCAGCTGTCATTACCT-1_2,1.0807633,9.751622
GCAGCTGTCCCTCGAT-1_5,-1.9639865,6.390945
GCAGCTGTCTTAAGGC-1_2,-2.6597087,6.6818423
GCAGGCTAGAATCTAG-1_3,-1.7001859,3.4499419
GCAGGCTAGCTATCTG-1_2,1.7304387,6.0854516
GCAGGCTAGGTCACCC-1_1,-4.342853,9.5271435
GCAGGCTCAAATCCCA-1_3,-0.6194615,4.4402018
GCAGGCTGTCGTACAT-1_1,0.00082937005,4.7555027
GCAGGCTTCAAACGTC-1_4,-3.5853913,7.225643
GCAGGCTTCACCTTGC-1_6,0.81518656,5.7182884
GCAGGCTTCCCAGGCA-1_5,-2.8334346,11.512982
GCAGGCTTCCCTTGGT-1_1,-5.532792,6.288186
GCAGGCTTCTCCATAT-1_5,-4.1856623,6.0727596
GCAGTTAAGAAGCCAC-1_5,-3.3445694,10.495269
GCAGTTAAGCGCCTCA-1_6,-5.6430087,4.4802127
GCAGTTAAGCGGTAGT-1_5,0.054755468,9.718937
GCAGTTAAGGAGATAG-1_4,-4.245235,10.94063
GCAGTTACAACCAATC-1_2,-1.4090703,10.799257
GCAGTTACAACCGATT-1_6,-0.6038094,10.338621
GCAGTTACACTGTGAT-1_2,2.8178942,4.833011
GCAGTTACACTTGGGC-1_3,-1.3208249,6.266289
GCAGTTACATCAGCAT-1_2,-2.5353472,5.2360663
GCAGTTAGTTTGTTCT-1_2,-2.3046324,7.1564503
GCAGTTATCAACGTGT-1_3,-3.7350688,11.082544
GCAGTTATCGCGTTTC-1_3,-0.4860433,11.247906
GCAGTTATCTCAGAAC-1_1,-2.5254138,4.6850443
GCAGTTATCTCGTCAC-1_2,-1.25512,3.1889706
GCATCGGAGTCAGGGT-1_4,-1.4357357,5.4278207
GCATCGGAGTTGTCGT-1_3,-3.3172526,9.300375
GCATCGGCACCTCAGG-1_1,-2.4584706,5.472337
GCATCGGGTAACAGGC-1_5,2.6863065,4.717016
GCATCGGGTCTTCTAT-1_1,-2.2226188,9.560738
GCATCGGTCATGCCAA-1_2,2.548933,9.339331
GCATCGGTCGACGAGA-1_3,-5.563637,8.175841
GCATCGGTCTAGGCCG-1_3,-0.28039715,4.278977
GCATCTCAGAAGTGTT-1_2,1.8119503,10.445697
GCATCTCCAAGTCGTT-1_1,-3.761841,7.4078693
GCATCTCCAGCGTAGA-1_3,0.72254294,7.3594365
GCATCTCCAGGTTTAC-1_2,-1.4138764,7.0994143
GCATCTCCATGAATCC-1_1,-0.20500635,5.083864
GCATCTCGTAACAGTA-1_5,-5.15158,5.3767233
GCATCTCTCATCTGTT-1_2,0.31914827,5.671239
GCATCTCTCATTTGTC-1_5,-0.3257924,6.6007633
GCATCTCTCCAATCCC-1_4,-1.334251,5.475039
GCATCTCTCCCAACTC-1_4,2.0499156,4.2141438
GCATCTCTCGACGATT-1_1,0.57266766,9.017741
GCATCTCTCGCAGAGA-1_5,-2.7191103,3.9501042
GCATCTCTCTCCTGTG-1_2,1.1958461,9.183936
GCATCTCTCTCTGGTC-1_6,-4.6257606,10.337788
GCATCTCTCTGTCCCA-1_4,-0.48508823,5.6909266
GCATGATAGACTTGTC-1_6,-2.5836139,10.289824
GCATGATAGGTCTACT-1_4,-1.6931609,10.2255335
GCATGATAGTATTCCG-1_1,-2.3451521,7.712658
GCATGATCAATACCCA-1_2,2.434728,7.73189
GCATGATGTACTGACT-1_2,-2.2731142,7.5240464
GCATGATGTGCCAAGA-1_4,-3.600209,9.756525
GCATGATGTTTAGAGA-1_5,-3.80931,6.3493595
GCATGATTCGAAGAAT-1_3,-0.16162938,8.74596
GCATGATTCGGTCACG-1_2,1.792692,9.859366
GCATTAGAGCACTCCG-1_1,-3.344179,5.505586
GCATTAGAGCTGTCCG-1_1,-1.9403069,7.0871196
GCATTAGAGCTTTCCC-1_5,-0.54195005,12.357073
GCATTAGCAGGCTACC-1_4,-1.3637315,4.5576825
GCATTAGGTTGGTACT-1_3,-4.709296,8.930268
GCATTAGTCAAATAGG-1_5,-1.1964724,4.500033
GCATTAGTCACAGTGT-1_5,1.570378,10.238545
GCATTAGTCCCTGTTG-1_3,-3.0372655,10.320358
GCCAACGAGTAGACCG-1_2,1.1734174,10.920085
GCCAACGAGTCGGCCT-1_6,1.1925935,5.889948
GCCAACGCAATGAAAC-1_5,-0.30323255,5.135133
GCCAACGCAGTCTGGC-1_5,-3.3717883,10.692576
GCCAACGCATGCAGGA-1_1,2.2540479,5.760706
GCCAACGGTAGTCGGA-1_1,-1.7318705,6.820536
GCCAACGTCAAGCCGC-1_3,0.93081146,7.1101975
GCCAACGTCCACGAAT-1_1,0.6540145,7.3855267
GCCAACGTCTCATAGG-1_1,-4.9163013,9.377092
GCCAGCAAGACAACAT-1_4,-3.014787,4.547162
GCCAGCAAGCCAACCC-1_5,-2.5635934,9.1397915
GCCAGCAAGCGACTGA-1_3,-1.2019476,6.8139515
GCCAGCAAGCGCTGAA-1_1,-3.4410284,8.993196
GCCAGCAAGGTGCTAG-1_6,-1.8734021,3.177811
GCCAGCAAGTGTTGTC-1_1,-1.5372642,8.654884
GCCAGCACAAATCAGA-1_3,-3.4124928,5.3587656
GCCAGCACAATTGGTC-1_2,-1.0878825,10.27663
GCCAGCACATACACCA-1_5,-5.574083,6.425673
GCCAGCACATAGCACT-1_1,-3.2111802,11.541617
GCCAGCATCCGGCTTT-1_4,-0.73296666,9.250033
GCCAGCATCGGTCACG-1_1,-0.31328934,7.966459
GCCAGCATCTGCCTGT-1_4,-4.4895844,9.854352
GCCAGGTAGGTGTGAC-1_1,-1.3475292,3.675663
GCCAGGTCACTAGGCC-1_3,-2.2381334,10.797407
GCCAGGTCACTGTTCC-1_2,0.29105514,5.897599
GCCAGGTCAGACCTAT-1_3,-5.065499,6.913811
GCCAGGTGTATCGCGC-1_4,-2.6571546,6.6128893
GCCAGGTGTCTCGACG-1_2,-3.1864536,4.343764
GCCAGGTTCACTTATC-1_1,-0.9336505,9.185887
GCCAGGTTCATTGCGA-1_3,-2.370943,4.410034
GCCAGGTTCCGTCAAA-1_5,-5.0547104,6.0918517
GCCAGTGAGGACTTCT-1_2,-0.8023713,7.5684547
GCCAGTGAGGGAGAAT-1_3,-0.29564255,4.96399
GCCAGTGAGGTATTGA-1_5,2.7267764,5.1261563
GCCAGTGAGTGAGCCA-1_5,0.5618645,7.643454
GCCAGTGCAATGCAGG-1_3,-1.4334745,10.948612
GCCAGTGCAGAGTGAC-1_2,-2.6684,5.110707
GCCAGTGGTAGTATAG-1_2,2.4229844,5.39997
GCCATGGAGAGCCCAA-1_3,-4.1675854,6.0507708
GCCATGGCACAATTCG-1_3,1.6157272,11.1296425
GCCATGGCACTACCGG-1_5,0.8974821,7.4872518
GCCATGGCAGCACACC-1_6,-3.5386455,11.513397
GCCATGGCAGGTGGAT-1_4,1.8166238,9.038517
GCCATGGCATGTCGTA-1_6,-0.48924008,5.1217055
GCCATGGGTCCACATA-1_3,-4.2758923,6.019968
GCCATGGGTTGTTGAC-1_2,-0.68084586,8.145116
GCCATGGTCATTTCGT-1_2,-2.2835996,4.8064113
GCCATGGTCTCGGTAA-1_1,-3.4609795,5.3497825
GCCATGGTCTTCTCAA-1_5,-4.526979,8.195667
GCCATTCAGCCGTCGT-1_4,-4.0708704,6.6245165
GCCATTCAGTCAATCC-1_4,-1.3010601,4.3628855
GCCATTCCAGCTGTTA-1_1,-3.2778091,4.7756624
GCCATTCCAGTCTTCC-1_2,-0.45138896,9.124961
GCCATTCCATCATTTC-1_1,0.26785535,3.6767805
GCCATTCCATGAAAGT-1_5,-5.682775,7.1155005
GCCATTCGTATGCTTG-1_5,-5.072116,10.193538
GCCATTCGTGGCTGAA-1_5,0.493877,3.2124777
GCCCAGAAGAAACCAT-1_2,-2.805575,8.998846
GCCCAGAAGAACGCGT-1_1,2.773807,6.9379807
GCCCAGACACGACAGA-1_3,-5.8037877,6.578401
GCCCAGACAGAACTAA-1_1,1.7733774,3.7000372
GCCCAGACAGTAGAGC-1_6,1.0919296,9.97904
GCCCAGAGTCACTTAG-1_2,-0.065131545,7.2973013
GCCCAGATCAAGCCTA-1_2,-1.2730904,5.680882
GCCCAGATCATTCCTA-1_4,-1.8088948,5.3150625
GCCCAGATCGTCTACC-1_4,-4.7257032,8.109831
GCCCGAAAGATGAATC-1_3,2.4695785,8.160222
GCCCGAAAGCGAGTCA-1_6,1.8500531,5.8581686
GCCCGAAAGGTGTGAC-1_1,-2.278603,3.9133584
GCCCGAACACCTGTCT-1_1,-0.9807812,4.682747
GCCCGAACAGGCACAA-1_4,-2.759439,6.2664475
GCCCGAACAGTGTGCC-1_3,2.6435533,8.145868
GCCCGAAGTGCTCTCT-1_2,-1.671671,11.030044
GCCCGAATCAGATGCT-1_5,-3.4736607,8.677467
GCCCGAATCAGTCAGT-1_1,-3.4691308,11.304825
GCCCGAATCATCGTAG-1_4,-1.338719,11.583849
GCCCGAATCCAGTACA-1_1,-2.8807952,5.03565
GCCGATGAGACGACGT-1_1,2.3602867,8.823512
GCCGATGAGACTTGTC-1_6,-4.26688,7.822467
GCCGATGAGAGTGAAG-1_4,-2.7533898,4.829522
GCCGATGAGGACAACC-1_3,-3.1020095,3.1685479
GCCGATGCAATGGCCC-1_4,-5.5218983,5.7781315
GCCGATGCAGTGCCTG-1_5,2.232674,9.505289
GCCGATGGTCGACGCT-1_5,-0.7329642,11.454561
GCCGATGGTCGTGGAA-1_4,-0.72089916,9.896882
GCCGATGTCACTCCGT-1_3,0.1567118,11.831963
GCCGATGTCCCGAAAT-1_1,-2.0003407,7.7468133
GCCGATGTCCTCATAT-1_3,-4.0509753,6.5346904
GCCGATGTCGCCAATA-1_5,2.1011515,10.266014
GCCGTGACACGGCGTT-1_5,-0.54676783,7.828188
GCCGTGACAGGTTACT-1_3,-0.5125972,10.838489
GCCGTGACAGTTAGAA-1_2,-3.1306496,10.37992
GCCGTGACATCCGGCA-1_6,-2.2106388,10.696104
GCCGTGAGTAGCGCCT-1_2,-2.7648835,11.587381
GCCGTGAGTCTAACTG-1_2,1.8248827,10.718603
GCCGTGAGTCTTACTT-1_2,0.05121343,6.2481184
GCCGTGATCTCGACGG-1_4,1.8753008,4.387724
GCCTGTTAGATTAGCA-1_5,1.0583771,6.9026523
GCCTGTTAGCTAGATA-1_4,0.017406179,9.330683
GCCTGTTCAGGTTTAC-1_6,-0.8465158,10.569548
GCCTGTTCATACTGAC-1_4,0.66491866,9.703636
GCCTGTTCATGTGTCA-1_1,-5.5000196,6.1259575
GCCTGTTGTTCAAGTC-1_2,-0.47139937,9.612567
GCCTGTTGTTCTTCAT-1_6,0.57708514,11.868895
GCCTGTTGTTTCGCTC-1_1,0.7366043,6.716518
GCCTGTTTCGCTGTTC-1_2,0.41634694,6.1443906
GCCTGTTTCTTCGTGC-1_5,0.43732852,9.689375
GCGAGAAAGTTATGGA-1_2,-0.66160554,6.8480954
GCGAGAACAGTAGAGC-1_2,2.0080025,9.103303
GCGAGAACAGTATTCG-1_4,-5.3113475,6.96089
GCGAGAACAGTTAGAA-1_6,-4.4963865,8.319774
GCGAGAAGTATGATCC-1_2,-4.3757734,6.098205
GCGAGAATCCGATAAC-1_2,-2.6696415,7.335773
GCGAGAATCGACCAAT-1_2,1.0475852,10.434025
GCGATCGAGAAGCCAC-1_4,2.2874932,9.997732
GCGATCGAGACCTCAT-1_1,-1.6411642,5.54936
GCGATCGAGGTCTACT-1_6,-2.5788949,7.408089
GCGATCGCAGAATCGG-1_2,-3.7634869,6.890475
GCGATCGCATCTGCGG-1_4,-1.9074216,5.7513547
GCGATCGGTACCAATC-1_3,-1.6797053,6.603796
GCGATCGTCACACCGG-1_5,2.9153323,5.000954
GCGATCGTCCACTAGA-1_6,0.8449632,10.559862
GCGATCGTCTTGGCTC-1_6,0.07534933,6.442998
GCGGAAAAGATGGCGT-1_4,-2.3917797,11.220783
GCGGAAAAGCATCCTA-1_6,-1.6535627,6.592978
GCGGAAAAGGGATCAC-1_3,2.1732597,6.117838
GCGGAAACAACTGTGT-1_6,1.9111906,7.762249
GCGGAAAGTCTTCTAT-1_6,-4.179885,5.101427
GCGGAAAGTTCTCCCA-1_6,0.7869238,10.509294
GCGGAAATCGCTTGAA-1_5,-0.2868094,5.641573
GCGGAAATCGGCTATA-1_3,-3.9477277,5.734215
GCGGATCAGCAACAGC-1_1,-4.5836506,5.702971
GCGGATCAGGGCAGAG-1_3,-4.3231444,7.910009
GCGGATCCAACCAGAG-1_5,1.3502433,7.450817
GCGGATCCAAGATTGA-1_1,-0.77426946,7.470587
GCGGATCCACGTCATA-1_4,0.03625166,4.901402
GCGGATCCAGCGTGAA-1_4,-4.1776333,5.5528445
GCGGATCCAGTCCCGA-1_5,-1.8237807,9.8891735
GCGGATCGTGCCCTTT-1_4,1.0933398,9.332696
GCGGATCTCTTACACT-1_3,-0.38415417,8.996325
GCGGATCTCTTCCAGC-1_3,2.7698417,5.2685623
GCGTGCAAGACCATTC-1_6,-1.4899555,4.3314686
GCGTGCAAGACGCCAA-1_1,0.22724599,5.900085
GCGTGCAAGCTAATGA-1_1,2.1190424,6.4235973
GCGTGCAAGGTCGAGT-1_6,-2.6430542,4.956136
GCGTGCAAGTGTTCCA-1_2,-2.0033212,6.811023
GCGTGCACAGCCGTCA-1_3,-5.0659122,5.788875
GCGTGCACAGCTCATA-1_6,-1.1034114,7.65797
GCGTGCACATGATGCT-1_2,0.6730661,11.50978
GCGTGCAGTAACAGGC-1_5,-3.2023473,7.94328
GCGTGCAGTCAAAGTA-1_4,-4.1937866,7.8764415
GCGTGCAGTTCTCAGA-1_1,-3.5005922,8.374659
GCGTGCAGTTGTCATG-1_2,0.45056018,7.3461294
GCGTTTCAGCTCACTA-1_2,-3.3585284,11.206338
GCGTTTCAGTGTTCAC-1_2,0.8736094,8.607616
GCGTTTCCACGACAGA-1_6,-0.47792524,11.003422
GCGTTTCGTACTCGAT-1_4,-3.5737748,7.432394
GCGTTTCGTAGATGTA-1_4,-1.4149004,4.583331
GCGTTTCTCCATCTAT-1_2,-2.5746655,10.642397
GCGTTTCTCCTGTTAT-1_1,-2.7435567,9.698401
GCTACAAAGCGACTTT-1_1,-2.8792624,9.38618
GCTACAAAGCTGAAAT-1_5,-1.031124,9.118806
GCTACAACACACTGGC-1_3,-2.2324169,8.639311
GCTACAACATACCGTA-1_3,-1.1425982,9.817136
GCTACAAGTCGCACAC-1_2,-1.3336258,5.805023
GCTACAAGTGCAGGAT-1_1,-0.17306204,9.382031
GCTACAAGTGCTGATT-1_4,-2.8149621,6.196853
GCTACAAGTTCCGGTG-1_4,-3.474923,3.9537601
GCTACAATCCACTTTA-1_2,-0.621387,6.8349614
GCTACAATCGCCTAGG-1_4,2.4382734,4.5546765
GCTACAATCGCTAAAC-1_5,-0.96631104,11.137643
GCTACAATCGTTTACT-1_5,-1.3801225,3.1827698
GCTACAATCTAGGAAA-1_1,-5.499587,5.3142886
GCTACCTCAAATGAAC-1_4,0.8912063,10.321834
GCTACCTCAATGGCCC-1_5,-1.1677388,3.8569336
GCTACCTCAGTAGTTC-1_1,-0.60928667,9.173717
GCTACCTGTACGATCT-1_2,-0.5289632,7.1832604
GCTACCTGTAGACTGG-1_3,-1.0242366,6.741656
GCTACCTGTCCGTACG-1_4,-2.0344067,7.694277
GCTACCTGTGAGGCAT-1_3,-5.577582,6.80106
GCTACCTGTTACCCTC-1_3,0.40241808,7.888263
GCTACCTTCAGCGCAC-1_6,-4.2838707,5.895724
GCTACCTTCAGGAAGC-1_1,-4.2738814,9.956665
GCTACCTTCCCTCGAT-1_3,-0.71620786,10.807493
GCTACCTTCCTCATAT-1_4,-0.0022327765,5.7966185
GCTACCTTCGAACCTA-1_5,0.21631713,5.434912
GCTACCTTCGCTCATC-1_3,-1.829836,7.4238253
GCTCAAAAGCCATTCA-1_3,-3.6512299,6.077828
GCTCAAAAGGCCACTC-1_3,-0.43046486,12.1847
GCTCAAAAGTTGCGCC-1_2,-5.4820275,8.6440115
GCTCAAACAGCCGTTG-1_2,1.0539724,3.9888284
GCTCAAACATGAAGGC-1_6,-3.3696308,7.9063635
GCTCAAAGTATCGCAT-1_4,1.4376749,7.312309
GCTCAAAGTGACACGA-1_4,-4.688312,5.4124813
GCTCAAAGTGAGGATC-1_1,-1.3245108,8.8040905
GCTCAAAGTTAAAGTG-1_1,-2.1655312,6.9683285
GCTCAAATCGACGACC-1_4,0.11186747,4.1502085
GCTGAATCACCCTTAC-1_4,0.21376798,5.0694103
GCTGAATCACCGGAAA-1_2,0.44933188,11.688314
GCTGAATCAGTAACCT-1_1,-1.4478272,11.448173
GCTGAATCATGACAAA-1_3,-3.8258417,10.866187
GCTGAATGTATGAAAC-1_4,-2.7096589,5.0896454
GCTGAATGTCTCTCTG-1_6,2.1239078,7.3679557
GCTGAATGTTTACCTT-1_6,-0.26440945,4.0014577
GCTGAATTCCCAGTGG-1_4,-4.8227515,9.70816
GCTGAATTCCGTGGGT-1_3,0.43217736,5.1885457
GCTGAATTCCTCTTTC-1_5,1.0504665,7.6652346
GCTGAATTCGAGCCAC-1_5,0.8692268,4.975031
GCTGAATTCTATTCGT-1_2,-3.1577156,9.236158
GCTGAATTCTCGGCTT-1_4,-2.8912442,7.8899794
GCTGAATTCTGCTGAA-1_6,-2.1370423,4.099129
GCTGCAGAGGACGCAT-1_3,0.3114805,9.502656
GCTGCAGAGGTGGCTA-1_2,-3.458817,10.50965
GCTGCAGCAACACTAC-1_3,-5.5398827,8.98757
GCTGCAGCAACGACTT-1_4,-1.2272723,11.160652
GCTGCAGCACAGTACT-1_1,-0.59719044,10.900423
GCTGCAGGTCACAGAG-1_5,0.7506475,6.8130274
GCTGCAGGTGAATTAG-1_4,0.1260512,9.04872
GCTGCAGGTGTCCGTG-1_6,1.6038219,11.009974
GCTGCAGTCATGGGAG-1_4,-0.81480926,7.68189
GCTGGGTAGAATCGAT-1_5,-0.2940168,5.74427
GCTGGGTAGCATGATA-1_1,-2.657294,9.739847
GCTGGGTAGCGCCTTG-1_4,-4.507576,9.9341755
GCTGGGTAGCGGATCA-1_4,-3.5347133,3.7724116
GCTGGGTCACGCAGTC-1_5,-2.0096552,11.163141
GCTGGGTCATGGCCCA-1_4,0.06648441,8.771032
GCTGGGTTCAAATGCC-1_5,-0.8762098,10.517941
GCTGGGTTCGAGAAGC-1_5,2.2172017,4.47139
GCTGGGTTCTTCTTCC-1_1,2.1100705,10.232063
GCTTCACAGAGGTATT-1_6,-0.58284855,5.3224435
GCTTCACAGGGTGGGA-1_1,-3.188991,7.4219556
GCTTCACAGTACAACA-1_2,-2.2980478,10.763235
GCTTCACCAATAGGAT-1_5,-1.4433438,4.303295
GCTTCACCACGCTGAC-1_3,-4.4593387,8.302929
GCTTCACCATCCTTGC-1_2,0.81584257,7.7707005
GCTTCACGTACAAAGT-1_5,0.59016293,8.333258
GCTTCACGTACCGCGT-1_2,-5.5335274,7.2329617
GCTTCACTCCAAGGGA-1_2,0.05920928,10.596873
GCTTCACTCCCTCAAC-1_1,-0.78188694,10.940184
GCTTGGGAGAAATTCG-1_2,1.0449524,9.322147
GCTTGGGAGGGCGAAG-1_5,-0.499525,4.2554264
GCTTGGGAGTTTCTTC-1_4,-0.57241523,6.9714875
GCTTGGGCAAGGCGTA-1_4,-4.244479,6.080678
GCTTGGGCACAAATCC-1_3,-0.69884,6.3658133
GCTTGGGCACAGACGA-1_5,2.8570483,4.413527
GCTTGGGGTATCTTCT-1_2,-1.1780139,7.2391796
GCTTGGGTCACCGGGT-1_2,2.1386542,10.566376
GCTTGGGTCCGAAATC-1_1,-3.4324667,3.4158864
GCTTGGGTCCGATAGT-1_4,-1.8346685,4.723169
GCTTTCGAGACTCAAA-1_6,-3.9080667,8.886358
GCTTTCGAGATTGCGG-1_2,-4.9126744,8.914929
GCTTTCGAGCGAATGC-1_1,4.7603683,6.723724
GCTTTCGAGCTAAACA-1_4,-1.3340408,6.9735093
GCTTTCGAGCTATCCA-1_1,-3.9397535,3.6148274
GCTTTCGAGGCATGGT-1_3,-2.588787,3.5941992
GCTTTCGCAGTAGTTC-1_6,-2.6049182,10.772089
GCTTTCGTCCCATTCG-1_2,4.4164314,6.550857
GCTTTCGTCGATTGGT-1_5,2.665548,10.205503
GGAACCCAGAAACTCA-1_2,-2.2025476,3.11362
GGAACCCAGCTACAAA-1_5,-3.849201,4.9309993
GGAACCCAGTACGAGC-1_4,-0.6375716,4.94833
GGAACCCAGTCATGCT-1_4,-5.4901257,5.760443
GGAACCCCAAGACCTT-1_1,-3.9133942,11.168452
GGAACCCCACGCCACA-1_3,-2.8880723,5.161837
GGAACCCGTAGGAGGG-1_5,0.813012,10.430129
GGAACCCGTGGCATCC-1_6,-0.5870823,7.6828628
GGAACCCGTTACACAC-1_6,-1.632541,4.002401
GGAAGTGAGCAACCAG-1_5,-5.4528875,4.8609266
GGAAGTGAGCACTCGC-1_1,-1.0580249,11.27596
GGAAGTGAGGGTGGGA-1_4,-5.458713,6.6817846
GGAAGTGGTTCAAGTC-1_2,-0.9250528,7.141609
GGAAGTGTCTGATTCT-1_5,2.9701018,4.955556
GGAAGTGTCTTACGGA-1_4,-5.0510573,6.332594
GGAATCTAGAGGCGGA-1_5,-0.09794839,8.143797
GGAATCTAGCCTCGTG-1_4,2.0475113,5.2665715
GGAATCTAGCTTGTTG-1_3,1.3134503,9.950248
GGAATCTAGTACGTCT-1_3,-3.2765331,4.5461664
GGAATCTAGTAGTGCG-1_3,-1.6844078,10.895466
GGAATCTCACCCTGAG-1_5,-1.1984794,4.777273
GGAATCTCACTGGACC-1_2,-0.06261199,8.042012
GGAATCTGTGTCCACG-1_1,-4.7071757,9.005873
GGAATCTGTTCGAACT-1_4,-4.104965,8.670647
GGAATCTGTTTAAGGA-1_4,-0.79045933,11.958796
GGAATGGAGAGAGCCT-1_6,-3.295202,7.406588
GGAATGGAGCCGGATA-1_2,-3.3322453,5.2231297
GGAATGGAGCGTTACT-1_2,-2.836504,11.88643
GGAATGGAGGGCTTCC-1_3,-3.0065935,5.7460914
GGAATGGAGGTCCAGA-1_5,1.7608827,6.0479054
GGAATGGCATCGGAAG-1_1,-4.45003,10.67975
GGAATGGTCACAAGGG-1_4,4.536191,6.842034
GGAATGGTCGAGTGGA-1_1,-4.671077,8.716475
GGACGTCAGGACTTCT-1_4,-0.9151737,10.0176525
GGACGTCCAAGCGAAC-1_5,-0.98623234,5.109767
GGACGTCCAATACCCA-1_3,-3.5433965,11.281284
GGACGTCCACCGCTAG-1_4,-1.361275,7.4613104
GGACGTCCACGGTGCT-1_3,-5.0804205,7.1243167
GGACGTCCATGAAGGC-1_2,-1.362591,7.4285583
GGACGTCGTCACTTCC-1_3,-3.733089,10.359624
GGACGTCGTGGGACAT-1_6,2.0435266,8.725485
GGACGTCTCAGAGCAG-1_3,-3.7974963,6.6943207
GGACGTCTCATTCCTA-1_5,-2.7671223,11.705497
GGAGAACAGAACTCCT-1_5,-1.0328386,9.464857
GGAGAACAGTGTAGAT-1_3,-0.8511608,7.4712887
GGAGAACCAGGTTCCG-1_6,-3.1081023,10.444633
GGAGAACCATGTGTCA-1_4,-1.082089,5.5739636
GGAGAACGTCGTCAGC-1_2,-3.9213896,9.349476
GGAGAACGTGCGGTAA-1_1,-1.2762549,6.2298317
GGAGAACGTGTTACAC-1_3,0.08614454,8.991107
GGAGAACTCACACGAT-1_6,-3.126076,11.100641
GGAGATGAGGTCCGAA-1_6,0.48300236,3.6586986
GGAGATGCACGTAACT-1_3,-0.75939363,9.270353
GGAGATGCATGCAGCC-1_6,0.69805235,9.236185
GGAGATGGTATCGGTT-1_1,-0.29564583,6.538109
GGAGATGGTGCAGATG-1_3,0.4584808,5.1575246
GGAGATGGTGTAAATG-1_2,-3.3470387,3.9243736
GGAGATGGTTAGGGAC-1_3,-0.95845133,6.154724
GGAGATGGTTCAAGTC-1_3,-3.4737847,7.1272554
GGAGATGGTTGGGACA-1_1,-1.044021,8.859348
GGAGCAAAGAGCAGAA-1_2,-1.3849132,4.7281466
GGAGCAAAGCACGGAT-1_4,2.0773141,6.733916
GGAGCAAAGTGCTCAT-1_5,-3.1774712,8.989759
GGAGCAACAACATACC-1_2,0.40287456,7.0290475
GGAGCAACAATTAGGA-1_5,-4.029113,6.447766
GGAGCAAGTACACTCA-1_5,-5.9014907,7.253863
GGAGCAAGTTCTAAGC-1_5,-4.887246,8.828307
GGAGCAATCTCATTGT-1_2,-0.6774847,8.607803
GGAGGATAGCAGAAAG-1_4,-2.6479244,9.259035
GGAGGATAGGTTACAA-1_1,-0.35240203,7.1576934
GGAGGATCACCAACAT-1_2,-3.3395925,6.4657483
GGAGGATCACTTCAAG-1_5,0.29668066,7.716394
GGAGGATGTTCCCACT-1_3,-0.049523786,7.9867387
GGAGGTACACGCGGTT-1_4,-0.6539705,5.588988
GGAGGTACAGCACACC-1_5,-2.9666493,6.93817
GGAGGTAGTCTAACTG-1_5,-2.1106124,3.0899696
GGAGGTAGTTCGAAGG-1_4,-1.7158263,7.835736
GGAGGTAGTTCGGCTG-1_5,-0.16573335,7.0084558
GGAGGTATCCAATGCA-1_1,-2.7531598,9.928312
GGAGGTATCTGAATGC-1_1,-3.5491748,10.061124
GGATCTAGTCAACACT-1_5,1.1321933,5.709679
GGATCTATCAGCTAGT-1_2,-3.8694792,10.729139
GGATGTTAGAAGTCTA-1_3,-4.024387,5.791015
GGATGTTAGCACTTTG-1_5,-1.0113941,6.531659
GGATGTTAGGCCCACT-1_2,-2.0435622,7.7259064
GGATGTTCATTCCTCG-1_3,-4.384885,7.680806
GGATGTTCATTCGGGC-1_4,-1.975527,10.86079
GGATGTTGTGTTGAGG-1_6,-1.0188884,6.1918664
GGATGTTTCCCAGTGG-1_1,-1.8579745,7.6168556
GGATGTTTCTATGCCC-1_4,0.31887126,5.438674
GGCACGTAGACATACA-1_1,1.9260468,5.525859
GGCACGTAGATCCCGC-1_4,-5.588997,8.181583
GGCACGTAGCAATAGT-1_5,-3.0763798,10.422437
GGCACGTAGCATCGAG-1_5,-0.16428924,4.682444
GGCACGTCAAATTAGG-1_2,-4.2127366,5.3777833
GGCACGTCAACGCATT-1_5,-4.9876213,6.8799376
GGCACGTCAAGCACAG-1_1,-3.7768846,8.404071
GGCACGTCAGCAGATG-1_1,-3.4175854,4.0308366
GGCACGTGTGTGATGG-1_6,2.79654,6.8695683
GGCACGTTCAGTCAGT-1_5,1.1745328,3.8185284
GGCACGTTCATCTGTT-1_3,-2.1504793,11.704929
GGCACGTTCTATGTGG-1_1,0.7694506,10.514453
GGCAGTCAGAGCAACC-1_6,0.39191216,6.420796
GGCAGTCAGGAATGTT-1_5,-5.7690773,6.057827
GGCAGTCAGGGCTTCC-1_2,-3.6573663,11.05455
GGCAGTCCAAATGCTC-1_3,-2.845615,9.141964
GGCAGTCCAAGCGAGT-1_3,-0.5077155,3.153232
GGCAGTCCACAGACGA-1_2,-1.3037578,3.2705567
GGCAGTCGTCGCCTAG-1_6,-0.02100464,11.630533
GGCAGTCGTCTCCTGT-1_6,4.469444,7.425017
GGCAGTCGTGTCATGT-1_4,-5.4515014,4.7238345
GGCAGTCTCATTCCTA-1_1,-1.8591597,5.0760274
GGCAGTCTCGCGTAGC-1_6,-2.6346102,10.411404
GGCAGTCTCTCATAGG-1_1,-3.7727942,7.448212
GGCAGTCTCTCTGACC-1_5,2.5039,6.687627
GGCAGTCTCTGCATGA-1_4,1.3197956,6.747431
GGCGTCAAGACTTAAG-1_4,-1.1147959,11.625049
GGCGTCAAGAGTCAAT-1_6,-0.06570691,4.4353495
GGCGTCAAGCGGTAGT-1_1,-4.7874513,10.057551
GGCGTCAAGGAGACCT-1_4,-1.0337919,10.332798
GGCGTCACAATTGCAC-1_1,-0.57675457,4.0991344
GGCGTCACACGTCTCT-1_2,-3.8709273,7.3133063
GGCGTCACAGCAGAAC-1_6,0.15168296,9.021009
GGCGTCACAGCGAGTA-1_4,-3.4175944,10.345153
GGCGTCATCCGATCTC-1_1,1.0096023,7.417708
GGCGTCATCTCCACTG-1_4,-3.85617,9.307357
GGCGTCATCTGCGATA-1_1,-1.9407686,6.2664485
GGCTGTGCACGGTGAA-1_1,2.1694999,9.835666
GGCTGTGCACTTCCTG-1_4,-2.7935755,7.0513954
GGCTGTGCAGAACTTC-1_1,-0.7267375,4.179612
GGCTGTGCAGCCTTCT-1_4,1.0455283,8.318317
GGCTGTGCAGTTGTTG-1_5,2.2956471,7.547669
GGCTGTGCATTGCAAC-1_5,-1.9784023,8.108912
GGCTGTGGTCTGTTAG-1_4,-3.7677422,9.97879
GGCTGTGGTGAAGCTG-1_4,-2.051226,5.4352555
GGCTGTGTCAGACCGC-1_6,-4.7426524,8.2390375
GGCTGTGTCATCGGGC-1_3,1.5858753,9.284082
GGCTGTGTCGGAGATG-1_3,0.76578707,8.827954
GGCTGTGTCTATCGGA-1_4,0.29914853,4.3141036
GGCTGTGTCTTTCGAT-1_6,-5.2270637,8.020059
GGCTTGGAGCTGTGCC-1_1,-4.3807006,7.504522
GGCTTGGAGGCGTTGA-1_3,2.7093117,9.363178
GGCTTGGCAAATTGCC-1_1,-1.2129307,4.817829
GGCTTGGCAGTGTATC-1_2,3.6377172,4.831364
GGCTTGGGTACTGACT-1_3,0.8380206,4.937892
GGCTTGGGTGCAATGG-1_3,-3.7135613,3.8591943
GGCTTGGGTTGACTAC-1_4,-0.30183142,10.302613
GGCTTGGGTTGTACGT-1_1,-2.076994,9.993168
GGCTTGGTCTGCCTCA-1_5,-1.6027883,10.11287
GGCTTTCAGAATTCAG-1_3,2.303099,7.922695
GGCTTTCAGGTTCCAT-1_4,-2.4309547,5.9289184
GGCTTTCCAAGTCGTT-1_6,1.9832145,5.3376455
GGCTTTCGTACGATTC-1_2,-0.7773285,11.455766
GGCTTTCGTCCTACGG-1_1,-1.6311496,7.8076735
GGCTTTCGTGCTGCAC-1_2,-3.059822,6.535878
GGCTTTCGTTATTCTC-1_5,-2.2021623,3.947839
GGCTTTCGTTCAGCGC-1_4,0.8387023,6.4038486
GGCTTTCGTTCATCGA-1_4,-5.5722995,7.8358116
GGGAAGTAGGGAGTTC-1_6,0.10219514,5.156488
GGGAAGTCACTCAAGT-1_4,-2.8670363,6.721917
GGGAAGTCAGAACTTC-1_1,1.7301064,8.921383
GGGAAGTCAGAGGTTG-1_4,-2.3551998,6.526908
GGGAAGTCATCCGATA-1_6,2.4608364,4.9459224
GGGAAGTGTTAATCGC-1_3,-0.5111403,8.191711
GGGACAAGTGCTGTCG-1_5,-3.8591242,4.26901
GGGACAATCACCTCAC-1_4,-1.9445281,11.288754
GGGACAATCAGAACCT-1_4,-1.2851037,9.380177
GGGACAATCCCGAAAT-1_5,0.20670801,8.65482
GGGACAATCGCCGATG-1_3,-0.6282297,10.883911
GGGACAATCTAAACGC-1_2,-0.80699307,6.154233
GGGACCTAGAGTTGCG-1_1,-3.897344,4.695725
GGGACCTAGCACTAGG-1_5,-2.6489267,11.470898
GGGACCTAGTATAACG-1_1,-5.791777,7.012855
GGGACCTCACCAGTAT-1_1,-0.86457485,9.589193
GGGACCTCACTTACAG-1_5,-3.0645232,8.258605
GGGACCTCAGCGCGTT-1_2,-1.813613,4.162851
GGGACCTCATTCACAG-1_3,-0.5994614,4.240387
GGGACCTCATTGTCGA-1_5,-0.21382993,7.6093884
GGGACCTGTCCCTGTT-1_5,-3.9256604,9.82772
GGGACCTGTGACTCTA-1_2,-0.68485093,5.3356447
GGGACCTTCAAGCTTG-1_5,-3.7031102,8.420716
GGGACCTTCTGCTTAT-1_6,-1.5474977,5.4836717
GGGACTCAGCAGTACG-1_5,-1.9503161,6.629754
GGGACTCCAAAGCAAT-1_6,-1.5531385,6.156252
GGGACTCCAAAGGCAC-1_5,-4.2495546,5.3525996
GGGACTCCAACACGAG-1_2,-4.3856864,6.3938456
GGGACTCCAATCGCGC-1_4,-2.544461,11.565385
GGGACTCCACCCAACG-1_1,0.12945852,10.498836
GGGACTCCACTACACA-1_5,1.7591907,8.815205
GGGACTCCATTCTTCA-1_1,-3.778468,8.108197
GGGACTCTCATGCCAA-1_1,-3.8650734,6.517238
GGGACTCTCCCAACTC-1_4,-2.3278503,4.937325
GGGACTCTCTAGACCA-1_1,-3.6126575,4.1621933
GGGAGATAGACGGATC-1_1,0.6850605,5.9634137
GGGAGATAGCTGAAAT-1_2,-1.7951038,9.427022
GGGAGATAGTAGATCA-1_5,0.43160865,10.271613
GGGAGATCAATCAAGA-1_2,-4.345576,6.74854
GGGAGATGTGAGCAGT-1_1,1.1136291,7.5382743
GGGAGATTCGCTATTT-1_4,-1.668615,7.424885
GGGAGTAAGACGATAT-1_5,-4.4615374,6.84723
GGGAGTAAGATTTGCC-1_2,1.6866896,7.13616
GGGAGTAAGTTGGACG-1_6,2.6919227,4.5528197
GGGAGTACACGGTGAA-1_1,0.26313812,6.9377103
GGGAGTACATAACAGA-1_1,-0.80643165,9.856948
GGGAGTACATAGATCC-1_2,-4.0558896,10.772786
GGGAGTAGTCGCGTTG-1_5,-4.6548862,8.318824
GGGAGTAGTCTAGATC-1_3,0.8516697,8.800512
GGGAGTAGTGCATGTT-1_1,-3.3132904,3.3539412
GGGAGTATCCTGTTGC-1_1,0.30460092,7.6069417
GGGAGTATCTTAAGGC-1_2,-5.068613,8.979115
GGGATCCAGCATGATA-1_1,0.29926395,9.963447
GGGATCCAGCCTCATA-1_3,-1.1975933,4.241968
GGGATCCCAAGGTTGG-1_2,-3.6208744,7.245741
GGGATCCCATGAGAAT-1_4,-2.2142355,8.6881695
GGGATCCGTACACGCC-1_2,-0.7837748,7.141517
GGGATCCGTGAGTTTC-1_4,3.3430698,5.0042033
GGGATCCGTTATGTGC-1_3,-0.015232627,6.561134
GGGATCCTCGTGGCGT-1_5,2.3306177,5.149982
GGGATCCTCTTCTGTA-1_1,-5.622624,6.0459037
GGGATGAAGGCACGAT-1_2,0.0018120566,9.390241
GGGATGAGTCTGCATA-1_2,-5.0089087,4.236297
GGGATGAGTGATACTC-1_5,2.4981945,4.4151354
GGGATGAGTGTTATCG-1_6,-0.17477489,7.384962
GGGATGAGTTCTCCCA-1_2,1.9888031,10.576364
GGGATGATCCCAGTGG-1_6,-2.6649802,5.898189
GGGCCATAGCATTGAA-1_1,-1.06896,5.1194053
GGGCCATAGGGAGTTC-1_3,-0.21768105,11.990959
GGGCCATAGTCTGGTT-1_3,-0.79750365,7.4941573
GGGCCATCACCTGCTT-1_3,-3.5158558,8.21199
GGGCCATGTCATATGC-1_1,-0.7042265,10.279133
GGGCCATGTCATGGCC-1_2,-0.39417732,9.269208
GGGCCATTCACAGAGG-1_1,-2.811238,3.723171
GGGCCATTCTCATTTG-1_3,-2.5509675,4.926782
GGGCGTTAGAAAGCGA-1_6,2.0888965,6.140208
GGGCGTTAGGGTGAGG-1_2,-0.93882346,6.970131
GGGCGTTCAAATTAGG-1_5,0.05903755,6.2701807
GGGCGTTCAAGTGGTG-1_6,-3.0085504,6.601265
GGGCGTTCATCCAATG-1_1,4.766944,6.7809873
GGGCGTTCATCCCACT-1_6,-1.5946252,9.050574
GGGCGTTGTAACAAGT-1_5,-1.5797559,7.7416677
GGGCGTTGTCACAGAG-1_2,-0.14535229,12.166006
GGGCGTTGTGAGGCAT-1_4,-2.1269567,6.501741
GGGCGTTTCACGAGGA-1_4,0.6743976,9.906605
GGGCTACAGGGTACAC-1_2,-1.1274976,7.964048
GGGCTACAGGTATCTC-1_4,-2.511502,9.850236
GGGCTACAGTAGAGTT-1_3,-0.57391083,4.9098067
GGGCTACCAAACTAGA-1_4,-1.1274486,10.713421
GGGCTACCATAGAAAC-1_4,0.06881886,5.0598974
GGGCTACCATATCTCT-1_3,0.2901137,6.4924965
GGGCTACGTACGTAGG-1_3,-0.8238787,8.590735
GGGCTACGTCTGTGGC-1_4,-2.5756602,8.731749
GGGCTACGTGGGCTCT-1_2,1.596669,6.1736226
GGGCTACTCAACACCA-1_2,-4.0077724,10.684689
GGGCTACTCAACTCTT-1_2,-1.3968687,10.999883
GGGCTACTCCACTGAA-1_4,-0.29502082,4.5147195
GGGCTACTCCTCACCA-1_3,2.401245,5.390486
GGGCTACTCGGTGTTA-1_2,0.809954,5.868217
GGGCTCAAGCCATTTG-1_3,-2.7538152,3.2477407
GGGCTCAAGGCTGGAT-1_5,-2.1307817,10.010712
GGGCTCAAGGGCCTCT-1_2,-2.4269474,10.511504
GGGCTCACAGGTACGA-1_4,-0.58924615,7.556501
GGGCTCACATCGTCCT-1_3,-3.7966099,10.064473
GGGCTCAGTTACCTGA-1_3,-2.1134574,11.09366
GGGCTCAGTTCACGAT-1_3,0.20406267,6.3359303
GGGCTCATCCGATCTC-1_5,-0.53130686,4.5989776
GGGCTCATCCTGCCAT-1_5,-1.4306712,4.075793
GGGTAGAAGAGCAGCT-1_6,2.4225266,5.268098
GGGTAGAAGGAATTAC-1_6,-3.2007296,10.575078
GGGTAGAAGGCCTTGC-1_5,-3.237407,6.478264
GGGTAGAAGGTCTTTG-1_5,-1.1960748,4.718998
GGGTAGAAGGTTCTTG-1_3,0.07626863,3.0671241
GGGTAGACACGACGAA-1_3,-5.442417,8.39263
GGGTAGACATACTGAC-1_2,-1.8935524,3.8694944
GGGTAGACATTAAAGG-1_5,-1.4335015,6.8675675
GGGTAGAGTGATACTC-1_2,-1.244517,8.386939
GGGTAGAGTTTCCAAG-1_1,1.0277894,5.8482547
GGGTAGATCCTGGTCT-1_1,-0.45970392,9.870362
GGGTAGATCGCGTGAC-1_3,0.6825797,7.5588894
GGGTAGATCTTCCCGA-1_6,1.0845438,7.8482213
GGGTATTAGCGTGAGT-1_1,-0.81364214,9.945264
GGGTATTAGCTCCACG-1_2,0.5243427,9.809457
GGGTATTCACAGCCTG-1_5,2.8685455,4.77194
GGGTATTCAGACCTAT-1_2,0.79896104,6.238309
GGGTATTGTCCTGGGT-1_1,-4.952271,9.493048
GGGTATTTCCCTTCCC-1_1,-3.0545795,9.72297
GGGTATTTCCGCACTT-1_2,2.5138507,5.186543
GGGTATTTCGACGATT-1_3,-1.661185,11.082858
GGGTATTTCTCCTGCA-1_4,0.28632903,10.87018
GGGTCACAGGGACACT-1_4,-2.1906905,3.2195184
GGGTCACAGGTACAGC-1_1,2.1873722,7.33997
GGGTCACAGTATAGAC-1_2,2.5070553,4.231619
GGGTCACAGTGCAAAT-1_1,0.6923752,8.342785
GGGTCACTCACGGGAA-1_5,-4.212264,4.448371
GGGTCTGAGAAGGTAG-1_5,-0.90140474,6.991434
GGGTCTGAGTAGGATT-1_6,-2.886999,10.61511
GGGTCTGCAACCTAAC-1_2,-0.3124493,4.643121
GGGTCTGCAAGGGTCA-1_5,0.3009986,9.507651
GGGTCTGCAAGTCATC-1_1,-1.2222651,6.9788146
GGGTCTGCATGGCGCT-1_6,-1.9304767,4.003901
GGGTCTGGTAGACTGG-1_5,0.6420689,11.335092
GGGTCTGGTATGAAGT-1_2,-0.4128676,10.484184
GGGTCTGTCCATAGGT-1_2,1.5512137,8.882307
GGGTGAAAGGAGCTGT-1_2,0.6309033,13.43803
GGGTGAACAAACGTGG-1_6,-0.1496899,9.717293
GGGTGAACACGTTCGG-1_3,-4.4547863,7.1536145
GGGTGAAGTACCCAGC-1_6,-2.287907,3.4619904
GGGTGAAGTTTCACTT-1_4,0.5380647,6.1361127
GGGTGAATCACCTGGG-1_1,-1.8714843,6.0140414
GGGTGAATCGAACCTA-1_1,-1.577488,7.8324656
GGGTGTCAGGGATCGT-1_3,-4.6120367,6.808253
GGGTGTCAGGTCACAG-1_3,1.4981881,8.709888
GGGTGTCAGTAATACG-1_6,0.0626103,7.7992783
GGGTGTCAGTATAGAC-1_6,-1.4265286,7.3503814
GGGTGTCCAAGTCCAT-1_3,-0.97255784,3.3599463
GGGTGTCCATCCCACT-1_4,0.284356,10.164066
GGGTGTCTCAGCAGAG-1_1,-4.7313657,9.834658
GGGTGTCTCCTTCTGG-1_5,-4.1970067,6.519305
GGGTGTCTCGTTGTTT-1_3,0.041319244,8.659915
GGGTGTCTCTCAGAAC-1_1,1.1822917,7.602732
GGGTTATAGCTCGTGC-1_4,0.77451307,6.158903
GGGTTATCAACTCCAA-1_3,-0.23495008,3.2996416
GGGTTATCAGGAGACT-1_5,0.22908832,10.1270895
GGGTTATCATGAAAGT-1_3,0.39746964,8.11479
GGGTTATGTCAGCTTA-1_3,3.3308535,5.2864823
GGGTTATGTTCAACGT-1_6,-0.7654881,6.9154825
GGGTTATGTTTCACAG-1_2,-0.87546074,7.646962
GGGTTATTCAACACCA-1_4,-1.5297564,5.868744
GGGTTATTCCCATGGG-1_2,-3.6154752,11.313955
GGGTTTAAGCATTGTC-1_1,-1.1477246,10.997569
GGGTTTAAGTCGAAAT-1_1,1.0922645,7.9306626
GGGTTTAAGTGTAGAT-1_2,-0.8591414,4.40058
GGGTTTACACGCTGCA-1_1,-2.3360696,5.2723365
GGGTTTACAGAACATA-1_6,0.16649699,9.297741
GGGTTTACAGGAGACT-1_5,-1.4089799,5.4044943
GGGTTTAGTAAGGCCA-1_2,0.04616638,5.934568
GGGTTTATCCGCCTAT-1_1,-3.5426724,11.390229
GGTAACTAGAGCAACC-1_6,-3.2868638,8.128418
GGTAACTAGAGGTTTA-1_1,0.21530697,4.8214216
GGTAACTAGTTGAATG-1_6,-1.6733445,4.3073716
GGTAACTCAAGCAGGT-1_1,-2.405505,4.4600844
GGTAACTCACAAATCC-1_1,2.46437,10.656212
GGTAACTCACAGTCCG-1_4,-0.5389916,11.636411
GGTAACTCACGTAGTT-1_4,-3.4317365,10.976099
GGTAACTGTATAATGG-1_6,-3.0960326,8.389858
GGTAACTGTCTGCCTT-1_1,-0.44847655,9.303374
GGTAACTGTGTTTCTT-1_2,-2.4958253,5.4859486
GGTAACTTCCGATCGG-1_2,-3.060838,4.0032477
GGTAACTTCCTTCAGC-1_5,-0.04714052,6.775043
GGTAACTTCGTAGCCG-1_3,0.01650238,11.511295
GGTAATCAGAGGGCGA-1_6,0.59642327,13.321437
GGTAATCAGATCACTC-1_1,-2.6634448,7.8085837
GGTAATCAGGAGAATG-1_2,0.9281074,8.332994
GGTAATCAGGGCGAAG-1_2,0.71368927,9.7508545
GGTAATCAGTATGATG-1_2,-4.8122807,8.801168
GGTAATCCAGTCCGTG-1_6,-2.064009,7.735425
GGTAATCGTTAAGTCC-1_4,-0.24161747,9.46705
GGTAATCTCCACCTGT-1_5,-3.4323077,3.5841117
GGTAATCTCCTACCGT-1_1,-1.8122506,10.937981
GGTAGAGAGCGACTAG-1_3,-2.8133373,8.865129
GGTAGAGCAAATCAGA-1_5,-2.5171218,4.4497185
GGTAGAGCAACCAACT-1_3,-0.11199209,6.002245
GGTAGAGCAGCACCCA-1_4,0.4665185,10.089986
GGTAGAGCAGGGTTGA-1_2,-0.60219574,6.328872
GGTAGAGCATTGGCAT-1_5,4.2337446,7.146736
GGTAGAGGTCGCACGT-1_1,1.4314188,6.472673
GGTAGAGGTGCCCACA-1_1,0.10124426,7.8271093
GGTAGAGTCAAGTCGT-1_4,-4.831322,4.4883165
GGTAGAGTCATTACCT-1_2,-2.7751343,4.5475645
GGTAGAGTCATTCATC-1_3,-3.7153645,6.6800075
GGTAGAGTCTCGAGTA-1_4,-0.46582416,7.2526045
GGTAGAGTCTCTATGT-1_2,-2.5447536,9.2895155
GGTCACGAGTGGATTA-1_6,0.77762365,10.698415
GGTCACGCACGACGCT-1_2,-0.07875237,8.104442
GGTCACGCAGAGATTA-1_1,-5.327604,8.950627
GGTCACGCAGGTCCGT-1_5,0.17319413,7.9571767
GGTCACGCATACCACA-1_4,2.047668,8.640258
GGTCACGGTCGAACAG-1_5,-2.105811,6.5769114
GGTCACGGTGTCCCTT-1_1,-1.236616,5.4943256
GGTCACGGTTGGGCCT-1_2,-0.29001272,11.843092
GGTCACGGTTTCAGAC-1_5,1.7979386,6.0012636
GGTCACGGTTTGACAC-1_3,0.7064783,3.3977342
GGTCACGTCGAGCCTG-1_4,1.1155022,8.915905
GGTCTGGAGGTGCAGT-1_2,-2.6297235,4.11651
GGTCTGGCAATGTGGG-1_4,-1.431318,5.158583
GGTCTGGCACAACATC-1_5,-2.5011961,6.5620375
GGTCTGGCACAAGCCC-1_3,-3.7804382,7.81154
GGTCTGGCACGGCTAC-1_1,-3.3532917,8.630591
GGTCTGGCACGTCGTG-1_1,-1.4680976,3.7337255
GGTCTGGGTACGTGTT-1_6,0.6340709,8.805946
GGTCTGGGTCATAAAG-1_2,-2.2460449,9.401994
GGTCTGGGTGTGCTTA-1_6,3.2892146,5.4625406
GGTCTGGTCACAAGGG-1_4,-2.534719,10.174356
GGTCTGGTCGGCTATA-1_1,-1.3282379,10.180689
GGTGAAGAGCGAGGAG-1_1,-2.1523428,9.505196
GGTGAAGAGGTATTGA-1_4,-1.2521973,2.9501984
GGTGAAGAGTTGCATC-1_1,-1.6751412,4.0689955
GGTGAAGCAGTTGAAA-1_2,1.6458107,9.446115
GGTGAAGGTCAATCTG-1_5,-4.946593,7.34801
GGTGAAGGTCCCTGAG-1_3,1.1676564,8.561639
GGTGAAGTCCGGCAAC-1_1,1.0123515,6.0500774
GGTGAAGTCCTACAAG-1_5,-3.4097745,3.529279
GGTGAAGTCGACACTA-1_4,-5.156825,9.129485
GGTGAAGTCGATTTCT-1_2,-2.1553628,6.0231633
GGTGAAGTCTCTTGCG-1_4,-2.413413,8.268877
GGTGAAGTCTGCTTAT-1_6,-1.2893173,3.1476703
GGTGATTAGATAGCAT-1_4,1.7816639,6.0862994
GGTGATTAGCTGACAG-1_6,1.8558413,8.103575
GGTGATTAGGGACTGT-1_4,-0.035157017,6.3618164
GGTGATTAGTATAGGT-1_2,-0.62472594,3.1059299
GGTGATTCAAGGCAAC-1_6,-3.3672516,9.591838
GGTGATTCACACACGC-1_6,0.07599921,8.606646
GGTGATTCAGCTATTG-1_3,-3.271791,8.670187
GGTGATTCATCCGTGG-1_5,-3.4236913,9.7020855
GGTGATTGTTGTGCCG-1_6,-2.7985542,3.5208187
GGTGATTTCACATACG-1_5,-2.971907,5.796807
GGTGATTTCTACCACC-1_4,-2.2994835,8.439289
GGTGATTTCTTCGACC-1_2,-4.3225675,7.605736
GGTGGCTAGAAGCCAC-1_5,-3.0116313,6.707686
GGTGGCTAGCACCAGA-1_1,-2.8990862,7.090214
GGTGGCTAGCAGGCAT-1_6,-1.1482599,10.507126
GGTGGCTAGCGACTGA-1_4,-5.675135,8.535534
GGTGGCTAGCGCCTTG-1_5,-5.645729,4.489436
GGTGGCTAGGCTTTCA-1_2,-5.21622,8.55583
GGTGGCTAGGGCTGAT-1_2,-2.7987223,7.1661325
GGTGGCTCAACAGTGG-1_3,-1.4576315,9.120952
GGTGGCTCAGCTGAAG-1_3,-3.2076666,5.232005
GGTGGCTCAGCTGTGC-1_3,-1.0990518,9.330164
GGTGGCTGTTCGAGCC-1_6,-1.3638614,11.291478
GGTGGCTTCCGCGGAT-1_6,-1.516564,5.6611733
GGTGGCTTCTTGATTC-1_1,-0.40803567,6.069779
GGTGTCGCACCTTCGT-1_1,-1.0203011,5.7605696
GGTGTCGCAGCGACCT-1_5,-2.961892,11.601466
GGTGTCGGTATCGTTG-1_1,1.1397415,6.0039043
GGTGTCGGTCGCTGCA-1_4,-2.2693036,11.110433
GGTGTCGGTGGCTGCT-1_1,-0.6503917,8.254831
GGTGTCGTCGCAAGAG-1_1,2.6146815,10.173613
GGTGTTAAGCTACTAC-1_1,-1.7454535,6.959877
GGTGTTACACAACGCC-1_2,-1.5079696,8.36994
GGTGTTACAGCTAACT-1_4,-2.4185483,6.0810895
GGTGTTACAGGACTTT-1_1,-2.5922177,7.9540052
GGTGTTACATCCGTGG-1_2,0.2886678,8.913161
GGTGTTAGTGACCGAA-1_4,-3.2851636,7.325533
GGTGTTAGTGCCCTTT-1_6,-1.9917642,8.630655
GGTGTTATCCTCTCTT-1_2,-2.4357667,6.2103796
GGTTAACAGCTGACAG-1_1,0.5698273,10.951932
GGTTAACAGTGGACGT-1_4,-2.1223257,6.644798
GGTTAACCAGACCAAG-1_2,-3.2684357,10.809272
GGTTAACCATAGATCC-1_1,0.8667083,7.3086567
GGTTAACCATTCATCT-1_3,-2.5917492,8.562324
GGTTAACGTACAATAG-1_1,-0.2006956,4.595709
GGTTAACGTAGTTACC-1_2,-0.99184906,7.447205
GGTTAACGTCCATACA-1_1,-3.6804945,10.462789
GGTTAACGTGCTCTCT-1_3,-1.0766349,6.4915156
GGTTAACGTTAGGGTG-1_4,-4.050618,6.5491753
GGTTAACTCGTGGACC-1_6,-0.4901959,10.045306
GGTTCTCAGATGAATC-1_6,2.525248,9.236125
GGTTCTCCACCCTAAA-1_5,-2.3312984,3.6951628
GGTTCTCGTATGGAAT-1_5,0.73662895,7.4444184
GGTTCTCGTCGCATGC-1_4,-4.341366,6.950526
GGTTCTCTCGTAACAC-1_3,-0.8206761,8.683792
GGTTCTCTCTCGGTCT-1_4,-0.9781765,11.1057415
GGTTGTAAGACATCAA-1_6,-1.7492018,5.1597157
GGTTGTAAGCTAGATA-1_5,-0.082811944,9.191049
GGTTGTAAGTCGGCAA-1_4,0.14551233,6.3955064
GGTTGTACAAGCTCTA-1_5,-5.2036624,8.717644
GGTTGTACACATGACT-1_1,-3.5085735,11.71764
GGTTGTACAGGAGACT-1_2,-2.5043106,3.4771652
GGTTGTACATCAGTCA-1_6,-1.9727961,4.2630343
GGTTGTAGTATCGCTA-1_2,-3.6822724,5.5042577
GGTTGTAGTCGTATTG-1_5,0.6941117,8.368116
GGTTGTAGTCTGTAAC-1_1,-3.5141056,9.502159
GGTTGTAGTTCCTACC-1_1,-4.1902485,6.2866
GGTTGTAGTTGTAGCT-1_3,0.42562857,4.1279817
GGTTGTATCAACGCTA-1_2,-0.22630484,8.032044
GGTTGTATCCTCTCGA-1_5,-1.6760426,5.8248577
GGTTGTATCGGAAGGT-1_2,-3.5660775,10.706144
GGTTGTATCTAGAACC-1_1,-1.6218458,6.507911
GGTTGTATCTTTGCAT-1_4,-4.9322715,8.240105
GTAACACAGCTCGAAG-1_3,-0.36920834,7.59811
GTAACACCACTGCATA-1_4,-0.92248076,9.742744
GTAACACGTATTCTCT-1_5,-2.554743,8.805052
GTAACACTCAAAGGTA-1_6,-3.0770314,4.663929
GTAACACTCTACACTT-1_3,-0.7516535,8.021192
GTAACCAAGAAGTCCG-1_1,-2.9530063,10.451493
GTAACCAAGACTCAAA-1_1,2.0138762,8.174805
GTAACCAAGCCGTCGT-1_5,-2.5267138,10.1646385
GTAACCAAGCGTGTTT-1_4,-1.7706994,7.385989
GTAACCAGTCCGATCG-1_2,0.2032683,11.812161
GTAACCAGTGGATACG-1_5,-1.7288859,4.971919
GTAACCAGTTACCCTC-1_2,0.67171615,9.236653
GTAACCATCATTACCT-1_3,-5.6914163,5.9429884
GTAACCATCCAACCGG-1_1,-0.13215026,11.863397
GTAACCATCTACACTT-1_2,-0.7236487,4.5502925
GTAACCATCTGACCCT-1_3,-3.5950463,5.801504
GTAAGTCCAAGCTACT-1_2,-3.515171,9.245464
GTAAGTCCAGCACACC-1_5,-4.093178,10.443023
GTAAGTCCAGCGTGCT-1_4,0.13271675,7.9191675
GTAAGTCCATCTAGAC-1_4,-3.5798411,6.4453726
GTAAGTCGTCTGATAC-1_4,-1.1467031,7.9442577
GTAAGTCTCTGTTCAT-1_4,1.5108439,7.5510073
GTAATCGAGACCTGGA-1_2,-0.1973482,6.530458
GTAATCGAGATGTAGT-1_4,0.10836219,8.887438
GTAATCGAGCCTTCTC-1_4,-0.8194823,8.073842
GTAATCGAGCGACAGT-1_1,1.0672233,11.223013
GTAATCGCAATAGTGA-1_2,-0.68152094,5.516189
GTAATCGCACCAACAT-1_4,2.0855434,4.380077
GTAATCGCAGACCATT-1_1,-4.24459,10.531433
GTAATCGGTTGTAGCT-1_4,-0.6155058,8.151012
GTAATCGTCGCTAAAC-1_2,-5.417541,4.3626018
GTAATCGTCGTAATGC-1_5,-2.8600316,8.100178
GTAATCGTCTTGATTC-1_2,-0.45731828,8.316241
GTAATGCAGTAGGTTA-1_3,1.1490232,7.162571
GTAATGCAGTTCCATG-1_4,-2.158327,10.825462
GTAATGCCAAGCGCTC-1_6,-2.8478239,10.391938
GTAATGCCACAAATCC-1_4,-2.7611144,11.564341
GTAATGCCACCCTTGT-1_2,-1.9461788,3.5423832
GTAATGCCACTGAGTT-1_3,-2.1864297,8.710255
GTAATGCCAGATTCGT-1_2,2.5746975,4.2778044
GTAATGCGTCATGACT-1_1,-5.26429,4.603648
GTAATGCGTCCCTGAG-1_4,3.5805187,4.316801
GTAATGCGTGCCTATA-1_2,-3.9689808,11.050484
GTAATGCGTTCAGTAC-1_5,-0.8269951,10.366123
GTAATGCTCATCGCTC-1_2,-4.100494,5.423503
GTACAACAGATTGAGT-1_3,-0.29522532,7.73058
GTACAACAGTCAGAGC-1_2,-3.354508,3.6079354
GTACAACAGTTGCATC-1_3,1.231448,9.978184
GTACAACCACCTCTAC-1_3,0.77183867,5.24302
GTACAACCACGATTCA-1_1,0.3588185,9.593526
GTACAACCACGGTGTC-1_6,-0.7422997,4.895444
GTACAACCAGCTCATA-1_2,-5.15507,4.1674247
GTACAACGTCTGCGCA-1_3,-2.1306283,4.78209
GTACAACGTGTCGCTG-1_2,-0.4770224,8.3394165
GTACAACGTTATCCAG-1_4,-1.101827,8.606908
GTACAACTCAAACCTG-1_4,-5.44916,7.349141
GTACAACTCCATATGG-1_1,-2.885072,4.1714716
GTACAACTCGAGCCAC-1_2,-0.52413285,10.078825
GTACAACTCTTCGACC-1_5,2.0241914,8.60173
GTACAGTAGATTGGGC-1_2,-2.3848217,8.219198
GTACAGTAGGCCACCT-1_4,-2.6180925,11.040054
GTACAGTAGGTAGCCA-1_4,0.44627598,3.2081559
GTACAGTCAAATTAGG-1_5,-0.8551162,6.197888
GTACAGTCAACAGTGG-1_3,2.975663,9.581009
GTACAGTCACAACATC-1_1,-1.1682976,10.0015135
GTACAGTCACAAGCAG-1_1,0.0043691862,7.2185874
GTACAGTCACACGTGC-1_3,-4.1754827,8.391086
GTACAGTCACATCATG-1_3,-1.5783,8.781504
GTACAGTCACCACTGG-1_6,-3.0055501,6.342348
GTACAGTCATTGGATC-1_4,-5.7096844,7.3836823
GTACAGTGTATACGGG-1_4,0.33437848,5.730944
GTACAGTGTGCCTGAC-1_3,-2.5050118,7.730141
GTACAGTTCACGTCCT-1_5,2.0458608,7.100407
GTACAGTTCACTTGGA-1_1,-0.120047286,11.377806
GTACAGTTCAGACCGC-1_5,-1.364928,9.355331
GTAGAAAAGGTACAGC-1_2,0.80904603,8.850225
GTAGAAACAGGAATAT-1_1,-0.87315077,3.7335122
GTAGAAACATCACAGT-1_6,-3.6187427,8.166411
GTAGAAAGTACAGAAT-1_1,0.7665956,5.430424
GTAGAAAGTCGTGTTA-1_3,-0.6820018,10.441456
GTAGAAAGTCTTTATC-1_2,2.0864203,4.38094
GTAGAAAGTTGAGAGC-1_4,-1.1285514,11.4321785
GTAGAAAGTTGAGAGC-1_6,-5.0437574,5.1491733
GTAGAAATCAGTCACA-1_1,-2.3309884,9.274797
GTAGAAATCGGTGTTA-1_3,-0.9586188,5.3204036
GTAGAAATCTTACCAT-1_2,-1.7430006,9.00427
GTAGAGGAGGTGCGAT-1_2,-1.4726645,6.156571
GTAGAGGCATGGCTAT-1_4,-2.5706592,11.289907
GTAGAGGGTCACCACG-1_1,-1.3084354,4.6261215
GTAGAGGGTCCTACGG-1_3,0.09961926,8.450118
GTAGAGGTCAGTCATG-1_4,-1.2484285,9.601141
GTAGAGGTCCAAGCTA-1_6,-5.007096,5.408526
GTAGATCAGATGTTCC-1_5,-2.7405183,5.3791847
GTAGATCCACGTGAGA-1_6,-5.6936526,5.9966087
GTAGATCCAGCGCTTG-1_4,-2.0353405,7.1906657
GTAGATCCATATCTGG-1_4,-0.8811008,11.978268
GTAGATCCATCCAACA-1_3,-2.9575803,4.0604258
GTAGATCGTACGTAGG-1_6,2.1429665,6.6004357
GTAGATCTCCAATGCA-1_3,2.0793536,10.467341
GTAGATCTCCTTTGAT-1_4,-5.5355787,7.6885242
GTAGATCTCTGCGGGT-1_5,-5.3889093,4.2959375
GTAGATCTCTGGAGAG-1_6,-4.497934,5.9066396
GTAGCTAAGAAGCGGG-1_5,-3.7072468,8.666819
GTAGCTAAGTTTCGAC-1_6,1.1505158,9.4310055
GTAGCTACAAAGCTCT-1_4,-1.7544483,8.981515
GTAGCTACACATTCGA-1_3,-4.522505,10.04843
GTAGCTAGTCACCGAC-1_2,-3.153193,7.639461
GTAGCTAGTCGATTTG-1_1,-2.9122148,6.006146
GTAGCTATCTCTTAAC-1_3,-5.162573,8.124789
GTAGGAGAGCTGGAGT-1_3,-2.4220717,4.888109
GTAGGAGAGTTACGGG-1_1,0.5049598,8.849157
GTAGGAGAGTTGCCTA-1_3,0.8063471,6.815549
GTAGGAGCAGAGTTCT-1_3,-5.7383127,7.1485815
GTAGGAGGTCAACCTA-1_4,-2.841677,3.4528909
GTAGGAGGTGGCAACA-1_4,4.021079,7.106681
GTAGGAGTCACCTACC-1_2,0.6922448,7.5118747
GTAGGTTAGATGAAGG-1_2,-3.7490845,9.351331
GTAGGTTAGCGTCTCG-1_5,-1.2517174,4.2186337
GTAGGTTAGGGAGTGG-1_1,-1.5719172,10.084183
GTAGGTTCAAAGCTCT-1_2,0.5132796,7.4457617
GTAGGTTCAAGCTGCC-1_6,-4.0811005,4.146477
GTAGGTTCAATGTCAC-1_6,1.7236689,7.8452125
GTAGGTTCACCCAAGC-1_2,-0.30543295,9.034965
GTAGGTTCACTAACGT-1_3,-3.580465,4.9117064
GTAGGTTCAGAAGCTG-1_4,-4.0783577,5.203778
GTAGGTTCATGCAGGA-1_6,0.035371725,8.268598
GTAGGTTGTTTGGAAA-1_2,1.2850987,8.395547
GTAGGTTTCCGCGATG-1_5,-1.4734211,8.329424
GTAGGTTTCGATGCAT-1_2,-3.9474628,10.630431
GTAGGTTTCTAGGCAT-1_4,-4.491896,9.542439
GTAGGTTTCTCAAAGC-1_3,-2.1990423,9.044407
GTAGTACAGAGCACTG-1_3,-4.558558,5.4789634
GTAGTACAGTCACACT-1_2,-1.5594292,5.7440987
GTAGTACCAAATGATG-1_1,-1.513028,5.906933
GTAGTACCATCATCTT-1_4,-1.9497577,7.581991
GTAGTACGTACGTGTT-1_2,0.42873785,5.186167
GTAGTACGTAGGCTGA-1_2,-3.6453965,6.626902
GTAGTACGTCCTACAA-1_2,-0.10645072,6.4240003
GTAGTACGTGACACGA-1_2,0.7543024,8.508994
GTAGTACGTGCCAAGA-1_6,-2.4676857,11.648874
GTAGTACGTGGATCGA-1_3,-3.9588785,8.057766
GTAGTACTCACTACGA-1_4,0.94622594,5.710624
GTAGTACTCAGTCCGG-1_4,-0.4710487,8.770217
GTAGTACTCGAGAAAT-1_5,0.310456,11.64427
GTATTGGAGCAGTAAT-1_1,-2.479191,4.4398537
GTATTGGCACGGGCTT-1_4,-4.5753975,7.1052685
GTATTGGCACTGCACG-1_1,-2.4953601,9.866883
GTATTGGCAGAAGTGC-1_2,-2.522279,5.9032574
GTATTGGCATGGACAG-1_1,-3.7466245,7.4451323
GTATTGGCATGTCGTA-1_6,-5.37539,7.4113073
GTATTGGCATTGTACG-1_2,-2.2447035,9.197581
GTATTGGGTAAGTTAG-1_3,-2.7967908,11.711862
GTATTGGGTCCTGGGT-1_2,-3.1944542,11.4881735
GTATTGGGTGTCGATT-1_2,-2.1306832,10.363514
GTATTGGGTTATAGCC-1_4,-4.488671,7.62583
GTATTGGTCACCATGA-1_3,-2.42211,8.163576
GTATTGGTCATGTCAG-1_4,2.689004,6.8173695
GTATTTCAGACAGTCG-1_3,-3.2892594,4.9184
GTATTTCAGAGCCATG-1_3,-3.553735,7.728019
GTATTTCCACCGGAAA-1_4,-4.33881,4.973033
GTATTTCCAGTATTCG-1_4,-1.434165,12.052573
GTATTTCGTATCAGCT-1_1,0.7517556,6.973719
GTATTTCGTGACTCGC-1_5,2.2445526,4.289161
GTATTTCTCATGAGGG-1_4,-0.17508733,6.240797
GTATTTCTCCTAGCCT-1_3,-1.0567461,7.4810038
GTATTTCTCGAGAACG-1_2,-5.259556,9.029458
GTATTTCTCGCCTTGT-1_5,-4.6760297,6.999067
GTATTTCTCGCGTGCA-1_5,-3.6690638,4.4852595
GTATTTCTCGTGGCTG-1_6,-1.9351916,9.534559
GTCAAACAGCAACAAT-1_1,-0.9174361,9.533867
GTCAAACAGCCTCCAG-1_1,-2.7583885,9.589382
GTCAAACAGTAGCTCT-1_3,0.40808672,4.366402
GTCAAACCAAGCCCAC-1_4,1.175789,9.015468
GTCAAACGTCGCTTGG-1_2,1.9781979,5.414031
GTCAAACGTGAGTAAT-1_1,-2.113419,9.836023
GTCAAACGTGTTAGCT-1_5,-0.3323804,8.68235
GTCAAGTAGAGATCGC-1_4,-0.71582544,5.025728
GTCAAGTAGCCACTCG-1_1,-0.6929621,4.0362782
GTCAAGTAGGTTGGTG-1_1,-4.519308,5.2487264
GTCAAGTCAACGGGTA-1_4,-2.400187,3.4329786
GTCAAGTCAGCTGAAG-1_5,0.815328,8.175035
GTCAAGTCAGTAGTGG-1_6,0.61921495,5.8672647
GTCAAGTGTTGTATGC-1_5,-4.0218444,8.547177
GTCAAGTTCAATCTTC-1_3,-3.388889,6.63992
GTCAAGTTCAGACCTA-1_5,-0.73633975,8.535523
GTCAAGTTCCTCTAAT-1_5,-0.66179746,7.131117
GTCAAGTTCGCAAGAG-1_4,-4.9161735,7.888063
GTCAAGTTCTTGTTAC-1_2,1.070885,8.463797
GTCACGGAGTAAAGCT-1_2,-0.6363598,3.3310971
GTCACGGGTGAATTGA-1_4,0.022725437,8.6845045
GTCACGGGTGTCCATA-1_3,-1.9665563,8.744555
GTCACGGGTTATCCAG-1_1,-1.9823166,7.6163654
GTCACGGTCACGAGGA-1_6,-1.4928641,9.505283
GTCACTCAGAATAACC-1_3,-2.3917427,5.721229
GTCACTCCACTCTGCT-1_3,-3.7864742,6.9324183
GTCACTCCAGCACACC-1_2,-2.9317565,8.340277
GTCACTCCAGGTTCGC-1_3,2.010471,5.6502533
GTCACTCGTATGTCCA-1_5,-0.118391134,7.3629255
GTCACTCTCACCATAG-1_5,-3.9360652,6.7193007
GTCACTCTCACGAACT-1_3,-2.4027479,6.681596
GTCACTCTCGAGAGCA-1_4,-6.009934,7.9158235
GTCACTCTCTTTCCGG-1_4,-2.289511,10.515162
GTCAGCGAGATTGACA-1_1,1.6262944,10.680351
GTCAGCGAGCCAAGCA-1_5,0.72636276,4.1909857
GTCAGCGAGCGGTATG-1_1,-0.55753964,7.7784557
GTCAGCGAGTTGGCTT-1_3,-3.5381947,9.359572
GTCAGCGCATGAATAG-1_4,-3.1653488,10.104452
GTCAGCGGTAGTACGG-1_1,1.9867917,4.04128
GTCAGCGGTCACTACA-1_4,-0.15391867,5.566883
GTCAGCGGTTTGGGAG-1_4,-2.895685,10.360724
GTCAGCGTCGCATTAG-1_3,-2.2390356,3.5573328
GTCAGCGTCGGTCTAA-1_6,2.8430982,9.802679
GTCATCCAGATGTAGT-1_3,-1.2679939,8.873465
GTCATCCAGCTCCCTT-1_2,-0.44393528,6.162568
GTCATCCAGGGAGTGG-1_1,-0.46150407,7.8960032
GTCATCCAGTATTGCC-1_2,-4.011815,6.143211
GTCATCCAGTCCCTAA-1_2,-0.090255335,10.297876
GTCATCCCAAATGAAC-1_5,2.3079379,10.134124
GTCATCCCACTGCTTC-1_6,-4.9318686,9.163723
GTCATCCCACTGTTCC-1_4,-1.7519677,4.048179
GTCATCCGTCTCCCTA-1_4,0.118938595,4.698948
GTCATCCGTTCTGACA-1_1,-5.262592,7.8856964
GTCATCCTCACCCATC-1_4,-2.2954655,4.832223
GTCATCCTCTAGAGCT-1_1,-1.3050987,8.969085
GTCATGAAGCTATCTG-1_1,-0.059086353,3.798723
GTCATGAAGGTAGACC-1_6,-2.2014933,5.8059483
GTCATGACAATTCTTC-1_4,-4.250126,7.408625
GTCATGACAGGATGAC-1_2,-2.4313376,11.0816965
GTCATGATCCCGTTCA-1_6,1.588957,5.578478
GTCATTTAGGTGGTTG-1_2,-1.9524953,10.007725
GTCATTTAGTGGACGT-1_4,2.3110023,6.517356
GTCATTTCACCGTCGA-1_2,-0.3151847,7.617205
GTCATTTCATTGTAGC-1_3,-2.8289385,5.434722
GTCATTTGTGACACAG-1_3,-0.5917626,11.15087
GTCATTTTCGGCCTTT-1_4,0.6081007,9.33504
GTCATTTTCTAGGAAA-1_3,-5.542271,8.504411
GTCATTTTCTTGCGCT-1_3,-2.3222516,7.4005604
GTCCACTAGATAACAC-1_4,-2.2256424,6.3992147
GTCCACTAGCACTCTA-1_1,-1.2690125,7.618011
GTCCACTAGCGACAGT-1_3,0.15424138,6.161051
GTCCACTAGTCCCTAA-1_3,0.5209665,7.8616223
GTCCACTCAACTGAAA-1_6,0.7397652,4.9056907
GTCCACTCAAGCGCAA-1_1,-0.41793928,4.518942
GTCCACTCAAGTGCTT-1_2,-0.35655037,6.1985474
GTCCACTCACAAATGA-1_2,-1.1404402,11.378405
GTCCACTCACAAGGTG-1_1,-4.629764,5.271837
GTCCACTCACAGAAGC-1_1,-0.5837021,10.06878
GTCCACTCAGCAATTC-1_2,-0.233151,3.4992132
GTCCACTGTGGCCACT-1_5,0.13759656,10.080079
GTCCACTTCAGGACGA-1_3,-2.4207098,4.1263547
GTCCACTTCTGTCAGA-1_5,0.24843648,3.7529016
GTCCCATAGAAGTCTA-1_3,-1.2536552,6.4035096
GTCCCATAGCACTCAT-1_3,-0.36890566,9.685288
GTCCCATAGTAGGGTC-1_6,0.4584246,5.079101
GTCCCATCAACGACTT-1_4,-2.9382122,6.6922708
GTCCCATCAGCTGAGA-1_1,-2.982413,5.3103924
GTCCCATGTATTCTCT-1_5,-1.101339,4.587542
GTCCCATGTCACTCAA-1_3,-1.5065339,4.252968
GTCCCATGTCAGCGTC-1_3,-2.4579198,9.934585
GTCCCATGTGGTCAAG-1_4,-3.802678,3.8845897
GTCCCATTCATTTGTC-1_2,0.8991985,9.097969
GTCCCATTCTAAACGC-1_2,-0.2751748,11.027061
GTCCTCAAGGAACTCG-1_2,0.40298828,7.74376
GTCCTCAAGGCTTTCA-1_6,2.9809415,4.047874
GTCCTCAAGGTATCTC-1_3,0.43436608,4.209072
GTCCTCAAGTTACTCG-1_3,-4.1609273,9.14922
GTCCTCACAAGTGCAG-1_3,-1.6499231,3.0639691
GTCCTCAGTCACAGTT-1_2,-1.1528468,9.329445
GTCCTCAGTCCCAAAT-1_6,0.91637903,5.8297777
GTCCTCAGTGAACCGA-1_5,-1.6396205,9.700872
GTCCTCAGTGCACATT-1_2,-1.8001342,4.3518796
GTCCTCAGTTGCTAGT-1_4,0.059272368,10.354038
GTCCTCATCACCTCAC-1_5,-4.539198,9.619416
GTCCTCATCAGGGTAG-1_2,-4.7505383,4.8183722
GTCCTCATCATGCCGG-1_1,2.5117908,5.0876822
GTCCTCATCCTACGGG-1_3,-1.6747504,5.9859324
GTCCTCATCCTTGACC-1_4,0.8077014,5.1020517
GTCCTCATCGATACTG-1_3,-1.7684672,10.943831
GTCCTCATCGCAGAGA-1_1,0.88717914,5.177782
GTCCTCATCGGATAAA-1_1,-0.20282464,4.9483933
GTCGAATAGATGGTCG-1_6,0.22259337,9.780473
GTCGAATAGCAACTCT-1_2,-1.5087348,3.862817
GTCGAATCAACGAGGT-1_5,-2.0489504,3.6430025
GTCGAATCAGAGGGTT-1_3,0.33555728,10.469628
GTCGAATGTAACCAGG-1_5,-1.8515838,4.930787
GTCGAATGTACCCGAC-1_3,-1.4671593,6.8853474
GTCGAATGTGTCTAAC-1_5,1.1969675,8.427742
GTCGAATGTTAGGCTT-1_6,-0.002751795,3.98833
GTCGAATTCCCTTGGT-1_3,-0.6407327,7.0490937
GTCGCGACAAGAAACT-1_4,-4.3059564,9.188969
GTCGCGACAGCACAAG-1_2,2.4775848,6.958578
GTCGCGAGTATACCCA-1_5,0.8536693,11.245231
GTCGCGAGTCCTGTCT-1_4,0.0675859,10.652205
GTCGCGAGTGTCTTGA-1_2,-3.2394865,8.777328
GTCGCGAGTTGCTTGA-1_2,-2.4186122,4.8731246
GTCGCGATCTCAAAGC-1_6,-3.0209982,8.19913
GTCGTAAAGAACCCGA-1_6,-0.24813978,6.0323496
GTCGTAAAGACAGTCG-1_5,-4.147766,9.632565
GTCGTAAAGAGAGCGG-1_1,-3.0965683,10.320097
GTCGTAAGTATCGATC-1_5,-4.3904424,5.935228
GTCGTAAGTGCGAACA-1_5,0.24025783,11.172781
GTCGTAAGTGTCCGGT-1_4,2.7102191,3.9284682
GTCGTAATCTCTAAGG-1_3,-4.7724195,4.3319592
GTCGTTCAGCGTTGTT-1_1,-3.7478888,11.036996
GTCGTTCAGGAATTAC-1_4,-4.815375,5.139046
GTCGTTCGTGAACCGA-1_6,0.38670433,7.3974204
GTCGTTCGTGCACAAG-1_5,-0.37092507,6.0542397
GTCGTTCGTGTCGATT-1_4,-1.7670375,11.365839
GTCGTTCTCGGAATGG-1_4,-1.5174857,6.5881467
GTCGTTCTCTCCTGTG-1_6,-5.7431207,7.5630403
GTCTACCAGCTCCGAC-1_3,2.7302682,4.825028
GTCTACCCAACCCTAA-1_1,-2.1032495,7.405831
GTCTACCCAAGGGCAT-1_6,-3.5554895,8.541616
GTCTACCGTACGACAG-1_6,0.20703554,9.148744
GTCTACCGTTCGGGTC-1_1,3.379293,4.4131513
GTCTACCTCCTCTCTT-1_4,-0.46569538,3.2710679
GTCTACCTCGGCCCAA-1_5,-4.1893973,10.52155
GTCTACCTCGGCCTTT-1_2,-0.37216777,4.231698
GTCTACCTCTCTAAGG-1_5,-3.3038812,7.874126
GTCTACCTCTCTTCAA-1_3,-4.8611984,8.546378
GTCTAGAAGAATTCAG-1_3,-5.6763997,7.440914
GTCTAGAAGCCTCAAT-1_1,-0.11944915,8.054735
GTCTAGAAGCGGTAGT-1_3,-0.61647457,11.498274
GTCTAGAAGGCCCGTT-1_4,2.7787867,10.02194
GTCTAGACAGGACTAG-1_2,-1.3222147,7.665754
GTCTAGACAGTCGCTG-1_5,-1.6338407,7.840527
GTCTAGAGTCCCTGTT-1_1,-0.8563026,3.592555
GTCTAGAGTTAAGAAC-1_5,-4.8032727,10.415337
GTCTAGAGTTCTCGTC-1_4,-3.96591,7.58466
GTCTAGATCAGTGGGA-1_2,-1.9159368,11.451941
GTCTAGATCCTATGGA-1_1,2.7486036,5.3808146
GTCTAGATCCTTGAAG-1_5,-3.8103912,8.429682
GTCTAGATCGTCCATC-1_6,-0.5952815,9.152783
GTCTCACCAAAGGAGA-1_6,-2.6473496,5.822874
GTCTCACCAAGAAACT-1_3,-4.224322,3.5756123
GTCTCACCACTTCAAG-1_6,-1.2119757,11.354387
GTCTCACCACTTCCTG-1_2,-0.85995066,11.068129
GTCTCACCAGCGCGTT-1_4,-5.408977,7.2397156
GTCTCACCATTCAGGT-1_4,-0.83574337,5.0286136
GTCTCACGTGTGATGG-1_3,1.0562307,10.802308
GTCTCACTCCACATAG-1_4,-0.90365666,8.932864
GTCTCACTCCGTGGTG-1_1,-4.161938,7.940367
GTCTCACTCCTCTCTT-1_6,0.60650873,10.594446
GTCTCACTCTTCGTGC-1_1,-2.5195794,4.636298
GTCTGTCCACACCAGC-1_3,-2.200589,3.9443004
GTCTGTCGTTCTTGCC-1_4,0.30705997,10.763415
GTCTGTCTCAACTGGT-1_5,4.481421,6.263687
GTCTGTCTCATCGCTC-1_5,-3.6539319,10.775057
GTCTGTCTCTTGTTAC-1_4,-3.4379194,4.4091296
GTCTTTAAGCAGGTCA-1_6,-3.1845677,4.970538
GTCTTTAAGCTTAAGA-1_5,-4.4646935,5.7362247
GTCTTTAAGGGATCGT-1_4,-5.247751,8.775811
GTCTTTAAGGTTGGAC-1_2,0.0777716,7.1371627
GTCTTTACACTACGGC-1_4,-1.6833066,8.51248
GTCTTTACACTTTATC-1_5,0.1444159,6.1850424
GTCTTTATCCAGCAAT-1_2,0.9149177,7.9938006
GTCTTTATCGACGATT-1_2,0.4654911,10.258539
GTGACGCCAACCAGAG-1_1,-3.3512566,4.1036344
GTGACGCCACGTAACT-1_4,2.4282868,4.3716564
GTGACGCCATCATCCC-1_2,0.7077918,10.359876
GTGACGCCATCGCTGG-1_3,-2.5529056,4.9113193
GTGACGCGTCACTAGT-1_3,-2.9574966,4.7743926
GTGACGCGTCATCGCG-1_4,-3.5948966,5.350674
GTGACGCTCGTGTTCC-1_5,-1.6129494,8.03223
GTGAGCCAGAATCGTA-1_6,2.1935813,8.15852
GTGAGCCCAGAAATTG-1_2,-1.8832251,11.588809
GTGAGCCCAGTGCGCT-1_2,1.4804918,7.9723287
GTGAGCCCATAGAAAC-1_2,-2.9448535,7.5188417
GTGAGCCCATCTATCT-1_2,-0.4254736,9.452315
GTGAGCCGTCACTTCC-1_3,-0.9545067,4.9667406
GTGAGCCGTCGAACAG-1_2,-3.0428672,6.4286885
GTGAGCCGTTCGGTCG-1_6,-0.39111635,4.252115
GTGAGCCTCCAACTAG-1_1,4.634001,6.9160323
GTGAGCCTCGCATGAT-1_6,-0.27006382,6.1736093
GTGAGCCTCGCTGTTC-1_6,-3.041332,8.623464
GTGAGCCTCGTTCTGC-1_1,-3.5800865,4.919946
GTGAGCCTCTACAGGT-1_4,-3.787739,5.788273
GTGAGCCTCTGGCCAG-1_3,-5.058988,6.8003573
GTGAGCCTCTGTCGCT-1_2,-4.525541,5.9880776
GTGAGGAAGCGTCAGA-1_5,-5.584328,4.6239724
GTGAGGAAGCTACTGT-1_1,-1.5521586,7.9846525
GTGAGGAAGGCGCTTC-1_4,-4.6078424,10.13126
GTGAGGAAGTGAATAC-1_6,-3.3730447,7.113245
GTGAGGACATCCCACT-1_1,-5.5307207,7.453643
GTGAGGAGTAAGCTCT-1_5,-1.994793,7.388824
GTGAGGAGTCATGACT-1_6,1.822214,9.367323
GTGAGGAGTCTTACAG-1_4,-2.5218298,5.6599345
GTGAGGAGTGGTCTGC-1_6,-5.603421,6.8648334
GTGAGGATCACAACCA-1_6,-1.2838445,3.6256526
GTGAGGATCTATCGCC-1_1,-5.621094,8.036552
GTGAGGATCTGCCTCA-1_5,-3.3247814,6.691735
GTGAGTTAGACTTAAG-1_1,-2.2458491,8.853512
GTGAGTTAGATGATTG-1_2,1.4822277,7.669277
GTGAGTTAGTTTGTCG-1_6,-4.1241555,7.7962594
GTGAGTTCAAGTCGTT-1_1,-0.29730707,9.601352
GTGAGTTCAGTCCCGA-1_2,-0.70670575,4.10001
GTGAGTTCAGTTACCA-1_1,1.1845491,6.7026134
GTGAGTTGTAGACGGT-1_2,-3.4204316,5.5839686
GTGAGTTGTAGTGATA-1_2,-5.263136,6.93852
GTGAGTTGTCACTCTC-1_1,-2.729779,11.187754
GTGAGTTGTGCTGTCG-1_2,-2.32091,9.141039
GTGAGTTTCCTAAGTG-1_3,0.96208596,9.8442745
GTGAGTTTCGGTAGAG-1_4,-1.9348078,9.058504
GTGAGTTTCTATCGCC-1_3,1.8833758,3.8990948
GTGATGTAGATAGTGT-1_5,0.3654144,3.894301
GTGATGTCAAAGGCTG-1_1,-3.1102195,8.122338
GTGATGTCAAGATGGC-1_4,-5.218725,8.531585
GTGATGTGTATACGGG-1_1,-0.5010125,2.9960535
GTGATGTGTGCCCAGT-1_6,-1.2412875,11.766242
GTGATGTTCAATCGGT-1_3,-2.484683,5.615762
GTGATGTTCTAACGCA-1_1,-4.9814997,7.4170475
GTGCACGAGACATACA-1_2,1.5055037,6.253299
GTGCACGAGCCTGCCA-1_2,2.5561147,4.3237667
GTGCACGAGGATACCG-1_4,2.3105512,4.032991
GTGCACGCACAACATC-1_2,1.0674394,8.071328
GTGCACGCACAACGAG-1_5,0.35960412,5.495232
GTGCACGCAGGCTACC-1_2,-0.95548683,7.111692
GTGCACGCAGTTTGGT-1_5,-3.776739,9.693188
GTGCACGCATTGTACG-1_4,-0.61975354,5.333849
GTGCACGGTTGCCGAC-1_6,-2.229308,4.3305573
GTGCACGTCAAGTGGG-1_4,-2.2518153,6.6777663
GTGCACGTCCCATAGA-1_5,-1.9552604,5.1701026
GTGCACGTCTATCGCC-1_2,4.3678703,6.9779906
GTGCAGCAGAGGCGGA-1_3,-1.8522793,9.5395
GTGCAGCAGCCACCGT-1_2,0.9041944,9.783908
GTGCAGCAGGGCCCTT-1_3,2.1386273,4.800911
GTGCAGCAGGTTCTTG-1_3,0.08538786,6.5926027
GTGCAGCCACAATGTC-1_6,-4.066452,10.115978
GTGCAGCCATATCTCT-1_6,-2.9452853,5.2457643
GTGCAGCTCCCATTCG-1_2,-3.3231125,5.639912
GTGCAGCTCTAGAACC-1_3,0.30548337,11.33272
GTGCAGCTCTTAGCTT-1_4,0.9606192,5.584846
GTGCGTGAGAATTGCA-1_4,2.8208244,9.986077
GTGCGTGAGATGCGAC-1_3,-3.3325462,10.459118
GTGCGTGAGATTCGCT-1_1,-1.4894825,4.377788
GTGCGTGCACGACTAT-1_5,0.4075184,10.538105
GTGCGTGCAGACCTGC-1_2,-4.257315,10.68495
GTGCGTGCAGTATTCG-1_2,-3.4264586,6.0671434
GTGCGTGGTCCTGTCT-1_5,-1.80539,4.0554323
GTGCGTGGTCTGTGAT-1_5,-0.20292887,3.8580067
GTGCGTGTCATTGGTG-1_2,-5.463343,5.888365
GTGCTGGAGCAACCAG-1_4,-1.0913533,7.849833
GTGCTGGCAAACACGG-1_4,-0.7265419,8.802413
GTGCTGGCACAGTCCG-1_4,0.59491557,7.6049848
GTGCTGGCACTGGCCA-1_4,-2.4107077,10.565823
GTGCTGGCATCACCAA-1_1,0.8751358,10.114198
GTGCTGGCATGATGCT-1_3,-3.720187,5.2749257
GTGCTGGGTAGGGTAC-1_5,-1.7331904,4.220086
GTGCTGGGTCATGACT-1_4,-3.639033,10.559972
GTGCTGGGTCGAAGCA-1_4,-4.085532,4.204184
GTGCTGGGTCGGCTAC-1_1,-1.5558964,5.2850704
GTGCTGGGTTGGGAAC-1_3,-1.6074346,3.2063427
GTGCTGGTCAGTGGGA-1_3,-3.267126,7.416102
GTGCTGGTCGATGGAG-1_6,0.5379136,10.612667
GTGCTGGTCGGACGTC-1_5,-4.2230587,10.881049
GTGCTTCAGAAGGTAG-1_6,-2.7856905,4.517614
GTGCTTCAGGCTAAAT-1_1,1.320554,3.38491
GTGCTTCAGTGACACG-1_5,-3.0433733,7.2094016
GTGCTTCAGTTGCTCA-1_4,-2.1582491,4.9705396
GTGCTTCCAATCGTCA-1_4,-2.7690215,7.8880787
GTGCTTCCACAGTCAT-1_2,-1.7167356,9.372623
GTGCTTCCATGACGGA-1_2,0.8101239,7.883895
GTGCTTCGTACAGCGA-1_2,-3.324521,6.365325
GTGCTTCGTCCCAAAT-1_3,-2.6616218,10.286566
GTGCTTCGTGATAGTA-1_6,0.8102581,4.71891
GTGCTTCTCGACCATA-1_2,-0.3346204,7.920047
GTGCTTCTCTTAATCC-1_1,-2.038302,6.248356
GTGGAAGAGACCAAAT-1_3,-0.2284574,4.6767693
GTGGAAGAGCAATAAC-1_4,-1.2008146,4.416293
GTGGAAGAGCTGTCCG-1_4,-2.3312619,8.416644
GTGGAAGCAAGCTGTT-1_5,-3.7352664,4.9745684
GTGGAAGTCAGGAAGC-1_6,-0.35300794,7.8064322
GTGGAGAAGAAGCTGC-1_6,2.348331,6.0499444
GTGGAGAAGCAGGGAG-1_2,2.8666148,9.751984
GTGGAGAAGGTGAGCT-1_3,0.7013144,11.114867
GTGGAGAAGTATGAGT-1_4,-0.8787706,6.08135
GTGGAGAAGTCACACT-1_1,-4.090455,8.746045
GTGGAGACACAGGATG-1_1,-1.4686174,7.552347
GTGGAGACACTTGAAC-1_2,1.3538892,9.488962
GTGGAGACAGAACGCA-1_1,1.9572229,7.247307
GTGGAGAGTAACTTCG-1_6,-5.269973,4.384519
GTGGAGAGTAGCGTAG-1_1,-1.7380093,3.4931726
GTGGAGAGTCTCCTGT-1_4,-2.6730363,4.010801
GTGGAGAGTGGACAGT-1_2,1.5586401,7.097323
GTGGAGAGTTGCCTAA-1_3,-5.7142982,5.966712
GTGGAGATCAAGTAAG-1_4,0.8118529,7.4539614
GTGGAGATCTACACTT-1_2,-1.7869716,8.147329
GTGGCGTAGGAAGTGA-1_3,-0.27373,8.579296
GTGGCGTCAACTTGGT-1_5,-0.7971856,7.9895983
GTGGCGTCATAAGCAA-1_4,-5.173765,6.2118864
GTGGCGTGTGACTCGC-1_2,0.18565483,12.634865
GTGGCGTTCATCGTAG-1_5,-0.86793995,4.456448
GTGGCGTTCGTGACTA-1_3,0.7591406,5.737367
GTGGCGTTCTCTGACC-1_6,0.3022103,8.180822
GTGGCGTTCTTGATTC-1_6,-1.0829419,3.1158917
GTGGGAACAAGCCTGC-1_4,-3.436447,11.030756
GTGGGAACAAGTTTGC-1_4,1.2907529,10.49402
GTGGGAAGTACCGGCT-1_6,-5.991495,6.903835
GTGGGAATCAGAGTTC-1_4,-3.921068,8.498609
GTGGGAATCCGGACTG-1_5,-0.80576575,6.4610033
GTGGTTAAGGCAGGTT-1_2,-3.6863437,11.389615
GTGGTTAAGTAAACTG-1_4,-1.357752,8.526322
GTGGTTAAGTTCATCG-1_3,0.67551756,7.722225
GTGGTTAGTACGGCAA-1_6,0.73229134,8.643146
GTGGTTAGTAGGGTAC-1_4,-1.0229447,3.4145088
GTGGTTAGTCACAATC-1_5,-1.9440051,8.43434
GTGGTTAGTGCCCAGT-1_3,-2.511591,5.117988
GTGGTTAGTTTACGTG-1_5,-3.1136165,9.37564
GTGGTTATCAGAGCAG-1_5,4.609626,6.273763
GTGGTTATCGAGAACG-1_3,0.21293114,5.369719
GTGGTTATCGCAGTCG-1_4,-0.44787037,9.123767
GTGGTTATCTATCGCC-1_4,-2.3945765,3.8519623
GTGGTTATCTTCCAGC-1_1,1.8838145,5.5780487
GTGTAACCAAGTATCC-1_1,-4.995826,7.703041
GTGTAACGTAATGCGG-1_3,-3.7903585,5.735199
GTGTAACGTAGCGTAG-1_2,-2.970012,6.352637
GTGTAACTCACCGGTG-1_1,-1.1192846,7.0236487
GTGTAACTCATCCCGT-1_4,-2.0005145,9.766221
GTGTAACTCCTCTGCA-1_6,-3.621948,9.586531
GTGTAACTCGTTCGCT-1_3,-5.032562,9.351881
GTGTAACTCTGGGCAC-1_1,-3.7084942,9.448994
GTGTCCTAGGAGCAAA-1_1,2.2640295,10.759513
GTGTCCTCAAGTGCAG-1_4,-4.699601,8.707717
GTGTCCTCACCGCTGA-1_4,-3.5783553,11.094444
GTGTCCTCACGGTGCT-1_3,-5.0324845,9.399482
GTGTCCTCAGTTGCGC-1_1,-4.2498865,3.486919
GTGTCCTCATGGCACC-1_5,-0.33360803,9.1635
GTGTCCTCATTGTGCA-1_3,2.8646758,4.17258
GTGTCCTGTAACATCC-1_4,-0.05440644,5.501519
GTGTCCTGTCATGCAT-1_6,-1.2734348,2.9942899
GTGTCCTGTGCGGATA-1_2,-1.5108062,6.1270747
GTGTCCTGTTCAAACC-1_4,-4.6733465,7.0291147
GTGTCCTGTTTACTTC-1_3,-2.2913387,10.147345
GTGTCCTTCGGTCGGT-1_4,-1.9937528,4.392533
GTGTGATAGCGTGTCC-1_1,-0.6692688,11.411678
GTGTGATCAAGGTCAG-1_2,-1.8826461,7.6186695
GTGTGATCACCAATTG-1_1,-0.57016605,6.677135
GTGTGATCAGTATACC-1_3,-1.6730907,11.115641
GTGTGATCATCTTTCA-1_3,-2.890874,11.868853
GTGTGATGTACGCTAT-1_4,-1.6419137,7.0937076
GTGTGATGTAGCCCTG-1_5,-2.1699834,9.537155
GTGTGATGTGAGGATC-1_4,-1.8157997,5.927015
GTGTGGCCACAGCTTA-1_5,-0.26991457,9.619556
GTGTGGCCACCACATA-1_2,-6.0803723,7.033273
GTGTGGCCATGCGGTC-1_5,-1.0361822,7.913458
GTGTGGCGTAGGATAT-1_4,0.88970137,9.884704
GTGTGGCGTTACACTG-1_2,1.2013531,8.957786
GTGTGGCTCAGGGTAG-1_1,-2.9745214,3.5241127
GTGTGGCTCATTCGGA-1_2,-0.996154,3.5151365
GTGTGGCTCCGTCCTA-1_2,-3.9350324,8.478562
GTGTGGCTCGTAGGAG-1_1,-0.2270361,4.0412064
GTGTTAGAGAGCCTGA-1_1,-2.2605438,5.1987286
GTGTTAGAGGTTTACC-1_5,-4.089981,6.289044
GTGTTAGCAAGCAGGT-1_4,-3.5396616,9.762408
GTGTTAGCATCCAATG-1_6,-1.3260676,6.506691
GTGTTAGGTAGCCCTG-1_6,-2.8714213,4.9650745
GTGTTAGGTCGACTGC-1_2,0.8001348,8.093204
GTGTTAGGTCTCTCAC-1_2,1.690486,11.283944
GTGTTAGGTTGCTCAA-1_6,2.0562088,4.818063
GTGTTAGTCGCGCCAA-1_5,-1.7383212,7.7222757
GTGTTAGTCTGTACAG-1_2,-2.0938423,6.200331
GTGTTCCAGACCATTC-1_5,-2.6998317,9.316931
GTGTTCCAGATCACCT-1_3,-2.7755828,3.6917558
GTGTTCCAGTAGGTTA-1_3,-3.3272965,11.1694565
GTGTTCCGTAGTCTTG-1_5,-0.40717795,9.982636
GTGTTCCGTGCATTAC-1_1,-4.9307613,8.015716
GTGTTCCTCACATACG-1_2,-0.9144126,4.963616
GTGTTCCTCCACTAGA-1_1,-2.1069875,3.1045446
GTGTTCCTCGACCTAA-1_5,-0.009680292,7.4420996
GTGTTCCTCTTCGGAA-1_3,0.0029402056,5.604225
GTTACAGCAGTAACAA-1_1,-4.233762,10.088167
GTTACAGGTATCCTCC-1_4,-4.077843,4.0306425
GTTACAGTCCCTTGTG-1_2,-1.0595626,9.945796
GTTACAGTCCGTAGGC-1_1,1.0996081,4.583984
GTTACAGTCGCAGATT-1_1,-0.75651807,12.041151
GTTACAGTCGTGCACG-1_2,-4.2920732,9.4186325
GTTACAGTCTTGGTCC-1_6,0.121191405,10.892121
GTTACCCAGACTTCAC-1_3,-4.2156844,6.0681148
GTTACCCCACGGTAGA-1_2,-4.120292,8.326979
GTTACCCGTAGCCAGA-1_1,3.273771,4.6894026
GTTACCCGTCTACACA-1_5,-0.87908185,7.8690977
GTTACCCTCAGCCTTC-1_3,-2.591643,11.0928335
GTTACGAAGGAATGTT-1_3,-3.1481094,4.4946394
GTTACGACAAGAATGT-1_1,-2.5249243,7.1555347
GTTACGACAAGTCCCG-1_6,-3.1109319,9.654872
GTTACGAGTTGCTCAA-1_2,4.394922,7.179049
GTTACGATCAGCCCAG-1_1,-2.3734725,10.253667
GTTACGATCAGTCTTT-1_5,-0.9664922,4.1333838
GTTACGATCGAAGTGG-1_5,-0.52536803,9.534169
GTTACGATCTACGGGC-1_6,0.42420062,10.7166
GTTAGACAGCGCCTCA-1_4,-1.3926443,4.745457
GTTAGACAGGCGCTTC-1_5,-1.6611519,5.537037
GTTAGACAGGTAAAGG-1_2,0.5515493,8.441304
GTTAGACAGGTGGGTT-1_5,-0.9675607,11.544505
GTTAGACCAAAGCACG-1_6,-1.2332971,3.3541236
GTTAGACCAAGGGCAT-1_2,-0.0014001266,4.177472
GTTAGACCAGATCACT-1_1,-2.5607693,9.442348
GTTAGACCATAGATCC-1_4,-4.1512904,10.698371
GTTAGACGTCCAGCGT-1_5,-5.2092986,7.118901
GTTAGACGTTAAGGAT-1_1,4.635306,6.832163
GTTAGACTCACTCGAA-1_1,-4.3444347,8.734735
GTTAGACTCCAAGGGA-1_6,-5.2438326,4.2266192
GTTAGACTCCAGCACG-1_2,-0.41325152,6.009695
GTTAGACTCCCGTTCA-1_2,-2.8673315,4.747934
GTTAGACTCGTAACCA-1_5,-1.0322201,4.7288055
GTTAGTGAGAGATTCA-1_1,-0.24913934,11.03276
GTTAGTGAGCACTCTA-1_5,1.0572692,8.089871
GTTAGTGAGTATGAAC-1_5,-0.14561573,11.1772585
GTTAGTGAGTCTGTAC-1_3,-0.890791,4.8145356
GTTAGTGCAAGAGTAT-1_5,0.9641851,8.642122
GTTAGTGCAGTCACGC-1_6,-2.381632,6.8558154
GTTAGTGCAGTCTACA-1_1,0.41196913,5.2937875
GTTAGTGGTCTCAAGT-1_4,-5.7563887,5.3704047
GTTAGTGTCTATGTGG-1_2,-4.544541,4.4424467
GTTAGTGTCTTCGTGC-1_2,-3.3087487,7.601817
GTTATGGAGCATGAAT-1_1,0.5325653,7.568283
GTTATGGAGCGCTGCT-1_2,0.7687041,6.476804
GTTATGGAGTGCAGCA-1_2,-2.2851148,3.5439289
GTTATGGCAAGCTGTT-1_4,-4.8647346,9.0836935
GTTATGGCACACCGCA-1_3,-1.128226,7.5748477
GTTATGGCACGTCGGT-1_4,2.505597,5.8643994
GTTATGGCACTATCCC-1_5,-0.67555714,9.313941
GTTATGGGTCCTCATC-1_6,-3.9636235,7.931942
GTTATGGGTCGCACGT-1_4,-2.7640986,4.0881305
GTTATGGGTGTTTGCA-1_5,0.93980277,10.525756
GTTATGGTCAGCTAGT-1_5,-3.7057452,3.7581027
GTTATGGTCCTACACC-1_3,-2.8436465,8.151383
GTTCATTAGAGTAACT-1_6,1.358065,6.766467
GTTCATTAGCTTGTGT-1_5,-1.0459086,6.262209
GTTCATTAGGTTACAA-1_3,-3.238854,7.651084
GTTCATTAGGTTAGTA-1_3,-2.9521458,11.035731
GTTCATTAGTAATCCC-1_5,-4.224544,8.998539
GTTCATTAGTCTAGCT-1_2,-1.0572395,7.182649
GTTCATTCAAAGTGTA-1_1,0.7237838,10.4457855
GTTCATTCACTGCGTG-1_6,-1.9173042,6.76905
GTTCATTCATCGGAGA-1_3,1.0589744,11.307929
GTTCATTGTACCCGCA-1_1,0.10710577,8.479139
GTTCATTGTCCTTGTC-1_2,-1.6995457,11.55753
GTTCATTGTGAATGTA-1_1,0.9100925,4.1358213
GTTCATTGTGATACCT-1_3,0.39560512,8.862924
GTTCATTTCAAAGAAC-1_4,-5.4826136,5.3240895
GTTCCGTAGTGTCATC-1_2,-0.43752843,5.4749603
GTTCCGTAGTTGAAAC-1_2,1.9356048,4.172566
GTTCCGTCAAGCACAG-1_3,-2.6338646,7.194723
GTTCCGTCACCCAAGC-1_3,-1.5628419,8.451462
GTTCCGTGTACCGGAA-1_2,0.90758777,8.225969
GTTCCGTGTCTACGAT-1_4,-0.5193099,9.751755
GTTCCGTGTCTATGAC-1_2,-1.5908769,4.26995
GTTCCGTGTGCTATTG-1_4,-6.0690627,6.6424117
GTTCCGTGTTTATGCG-1_2,-2.8201869,4.416385
GTTCCGTTCATGCCCT-1_1,-0.37964827,6.5933557
GTTCGCTAGACATGCG-1_2,-0.9335329,8.873299
GTTCGCTAGCCTCTCT-1_1,-3.7207246,8.71341
GTTCGCTAGCTTTCTT-1_5,-0.6389724,5.7983847
GTTCGCTCAAATAAGC-1_2,-0.5318567,3.351884
GTTCGCTCAGAGGCAT-1_5,1.0908089,8.50541
GTTCGCTGTCATCCGG-1_3,2.478181,10.524152
GTTCGCTGTGGAAATT-1_1,-2.05516,10.239873
GTTCGCTTCCACAAGT-1_3,-2.6890488,3.48614
GTTCGCTTCGATCCAA-1_4,-0.5304096,3.354674
GTTCGCTTCTCGCGTT-1_4,-5.281468,5.6260138
GTTCTATAGCTAGAAT-1_3,-1.7003258,9.020395
GTTCTATCAGAGGCAT-1_6,0.29265952,10.617202
GTTCTATCAGCAAGAC-1_6,0.6369284,9.600047
GTTCTATGTAAGGCCA-1_2,-4.9200273,9.359803
GTTCTATGTGCACATT-1_2,-5.8549967,6.4514847
GTTCTATGTGCTCTCT-1_2,-1.9326472,9.204417
GTTCTATGTTGCTTGA-1_4,-1.7140629,11.11115
GTTCTATGTTGTGGAG-1_2,-2.8725193,4.41942
GTTCTATTCCATTCAT-1_3,-1.3710657,3.4049835
GTTCTATTCCCGAGGT-1_6,-4.083025,4.5785685
GTTCTATTCTACCTTA-1_1,-0.13833447,5.0479617
GTTCTATTCTTACGTT-1_2,-4.396434,9.084605
GTTCTATTCTTTGCAT-1_4,2.0730398,10.438928
GTTGAACAGATGAATC-1_4,-2.3727841,9.417632
GTTGAACAGATTAGTG-1_1,0.24997143,8.692377
GTTGAACCACATGGTT-1_1,0.5071661,5.4696183
GTTGAACCAGCATACT-1_1,-0.52618974,7.8515267
GTTGAACGTGGCTGCT-1_4,0.8595937,8.252433
GTTGAACGTTGATCGT-1_3,-0.034324568,6.0387583
GTTGAACTCAGAGTTC-1_6,-2.3267004,10.650773
GTTGAACTCCGATCTC-1_3,0.100961335,6.4130716
GTTGAACTCCGTATGA-1_1,2.8165896,9.254899
GTTGAACTCGGTCATA-1_5,-5.8469806,7.0328374
GTTGCGGCAAGAGATT-1_3,-2.166354,9.480231
GTTGCGGCACAATGTC-1_5,-3.2041938,11.179533
GTTGCGGCAGGCTATT-1_3,-1.513329,8.015435
GTTGCGGGTTGCGGAA-1_3,0.97950065,8.426207
GTTGCGGTCCACTGGG-1_3,-4.1649113,9.853613
GTTGCTCAGCACTCTA-1_2,0.1302728,10.447276
GTTGCTCAGGAGAGGC-1_1,-5.346038,7.1727033
GTTGCTCAGGGCAGGA-1_4,-5.513209,6.8760195
GTTGCTCAGGTACCTT-1_2,3.4678075,4.552799
GTTGCTCCACACCTTC-1_4,-0.81096077,10.919456
GTTGCTCCACGACGAA-1_3,0.68343854,7.572571
GTTGCTCCACTAGTAC-1_4,1.2651218,10.729025
GTTGCTCGTCGTTTCC-1_3,1.6615119,10.260923
GTTGCTCGTGGCCTCA-1_1,-0.19145359,10.387717
GTTGCTCGTTCCACGG-1_1,0.49778184,10.688313
GTTGCTCTCATACGGT-1_1,-0.95165473,4.2399826
GTTGCTCTCGGCTGTG-1_1,-3.044855,5.467273
GTTGCTCTCGTGGCTG-1_2,-0.4172778,5.0228896
GTTGTAGAGGTGCTTT-1_3,-0.42283484,4.230056
GTTGTAGCAGCAAGAC-1_6,-1.9655365,5.9876733
GTTGTAGCATACTTTC-1_6,-3.340412,8.844915
GTTGTAGCATGACTCA-1_5,2.7156289,5.2391744
GTTGTAGGTCTTGCTC-1_2,-3.1217935,3.720617
GTTGTAGGTGGGAGAG-1_5,0.2713396,9.075347
GTTGTAGGTTTATGCG-1_6,0.8263124,10.194332
GTTGTAGTCACCTCAC-1_4,-5.633855,7.59507
GTTGTAGTCACCTCGT-1_1,-3.7424183,6.662066
GTTGTAGTCTCCCTAG-1_2,0.676188,9.6921625
GTTGTCCAGACCAGAC-1_3,-4.318955,3.552237
GTTGTCCAGTTACGTC-1_4,-4.8391285,9.017213
GTTGTCCCAAATTAGG-1_2,-2.1885808,4.955037
GTTGTCCCAATATCCG-1_3,-4.6747746,6.8698163
GTTGTCCCAGCGAACA-1_3,-5.174242,5.7842846
GTTGTCCGTGAGTGAC-1_5,-4.4532604,5.8245416
GTTGTCCGTTGTCATG-1_1,-1.1326532,8.933644
GTTGTCCTCATCTACT-1_1,-1.7804947,6.394422
GTTGTCCTCGATTGGT-1_1,-3.4736426,8.067547
GTTGTCCTCGGCCAAC-1_3,-2.3681762,5.688729
GTTGTCCTCTAGGCAT-1_5,-0.19826889,9.931309
GTTGTGAAGCTCGTGC-1_3,-1.8975866,8.733754
GTTGTGAAGTGGTCAG-1_6,1.7542087,5.9230576
GTTGTGAAGTTTGAGA-1_3,-1.8882711,5.5216546
GTTGTGACAGACCATT-1_4,-3.2793217,4.3455777
GTTGTGACAGGTTTAC-1_2,-2.34143,7.060207
GTTGTGACATGTGGCC-1_6,-1.002666,10.144255
GTTGTGAGTGAGCTCC-1_3,-2.8557007,8.07787
GTTGTGAGTGGTAATA-1_3,-4.030799,5.807559
GTTGTGATCAATCGGT-1_3,-0.7633178,6.3198647
GTTGTGATCATCGTAG-1_4,-1.5663152,4.2064915
GTTGTGATCGCCGATG-1_3,-0.8908681,7.3427753
GTTGTGATCGCTATTT-1_3,4.3330755,6.698677
GTTGTGATCTCGCTTG-1_5,-5.78236,8.236457
GTTGTGATCTGTGCTC-1_3,-2.633067,4.781149
GTTTACTCAACTGTGT-1_3,-2.6608543,11.410336
GTTTACTCAAGGACAC-1_6,-0.21213505,7.6628995
GTTTACTCACTCCGAG-1_6,-0.652131,7.075646
GTTTACTCAGGATCTT-1_5,-0.337642,6.136004
GTTTACTCATGCAGGA-1_5,-0.05612217,9.298727
GTTTACTGTACCAATC-1_4,-2.2224426,4.484317
GTTTACTGTCAGTCTA-1_6,-1.9582155,6.953703
GTTTACTGTGAGTCAG-1_3,-1.7004108,6.8964067
GTTTACTTCAGCTTCC-1_6,-3.82955,5.7294908
GTTTACTTCCGACAGC-1_4,1.4587022,7.669647
GTTTACTTCTAGAACC-1_5,-4.1869707,4.4988003
GTTTGGAAGGTTCCGC-1_1,-0.58300745,7.989173
GTTTGGACAATAACCC-1_2,-2.907742,4.565464
GTTTGGACAGCGTTGC-1_3,-1.7798468,3.5385618
GTTTGGACAGGTTCGC-1_4,-1.6889486,4.7543488
GTTTGGACAGTATTCG-1_3,1.508481,5.804196
GTTTGGACATCGTCCT-1_1,-6.048924,7.10458
GTTTGGATCTATCACT-1_4,-3.3802655,11.187441
GTTTGGATCTATCCAT-1_3,-0.84306616,4.749576
TAACACGAGCGGACAT-1_3,-2.3248136,9.558004
TAACACGAGGATTTGA-1_4,0.6802242,5.9410586
TAACACGAGGTAAGTT-1_4,-4.6133914,8.506639
TAACACGAGTGCTCGC-1_3,0.27805266,6.733636
TAACACGCATCGAACT-1_2,-3.3951235,10.008544
TAACACGGTAGCGTCC-1_4,1.841775,10.84455
TAACACGGTCCGGATC-1_2,-0.99785364,8.948928
TAACACGGTGTTCGTA-1_2,-2.662037,5.3648753
TAACACGTCAGCGGAA-1_2,-5.7242875,5.866521
TAACCAGAGACGTCGA-1_5,-3.9874966,7.76916
TAACCAGAGCGTTCAT-1_4,-0.7805161,8.829503
TAACCAGAGGGAGGTG-1_2,4.891812,6.575235
TAACCAGCAAACTCTG-1_4,-0.086113594,4.948763
TAACCAGCAACCGCCA-1_5,-0.21126792,5.1779556
TAACCAGCACCGTGAC-1_1,-3.1814716,10.922559
TAACCAGCAGTCAACT-1_2,-2.7238498,4.9228144
TAACCAGCATCGATCA-1_2,-1.5794249,3.8892212
TAACCAGGTGAGTAAT-1_4,4.181324,7.152464
TAACCAGGTTCTCTCG-1_1,-2.008846,5.5480576
TAACCAGTCGAAATCC-1_3,2.9084556,5.096597
TAACGACAGGGTTGCA-1_4,-4.62622,7.4306335
TAACGACAGGTTGACG-1_3,-2.3926818,8.879815
TAACGACAGTATTCCG-1_5,-1.4201763,11.497627
TAACGACAGTGGTGAC-1_6,-2.6919599,5.040012
TAACGACCACAGAAGC-1_5,-2.680563,9.28586
TAACGACGTGCGACAA-1_3,-0.863493,3.5949485
TAACGACTCCAAACCA-1_4,-2.9252243,4.6543565
TAACGACTCGAAGCAG-1_4,-5.0820117,8.999692
TAACGACTCTCCATAT-1_1,0.6147124,6.7185802
TAACTTCAGCTAGATA-1_3,-2.6678367,4.8743286
TAACTTCAGCTGACCC-1_6,-1.6133409,12.033257
TAACTTCAGTCCGTCG-1_1,1.4230199,7.138704
TAACTTCCACTGCGTG-1_3,1.6581607,4.796576
TAACTTCCAGGTTCAT-1_2,-0.6754438,8.777964
TAACTTCCATCATGAC-1_5,-0.64606494,4.7124925
TAACTTCCATGACACT-1_1,-0.16892955,11.946296
TAACTTCGTACGGATG-1_4,-3.6699708,5.4586143
TAACTTCGTAGCGTTT-1_2,-1.9074854,10.18331
TAACTTCGTCCGTTTC-1_3,-0.7456067,7.346306
TAACTTCGTCGGCCTA-1_5,-0.9355604,6.280961
TAACTTCTCATGCAGT-1_3,-1.0446565,10.868772
TAACTTCTCGCGTGCA-1_1,-0.14061573,3.2666442
TAACTTCTCTTCACGC-1_4,0.036124542,4.3960133
TAAGCACAGCCTTTGA-1_3,-0.9631207,5.5443134
TAAGCACAGTAGTCTC-1_2,-2.0040061,8.131019
TAAGCACAGTCTCGTA-1_3,-0.7632361,9.599062
TAAGCACCAACAAAGT-1_1,-4.415768,9.352052
TAAGCACCAACAGCCC-1_2,1.7744595,10.352335
TAAGCACCACAGAAGC-1_5,-3.0440493,7.097219
TAAGCACCACATTCGA-1_1,0.7949863,9.121304
TAAGCACGTAGGCAGT-1_3,-0.00073002855,8.982139
TAAGCACGTAGGTCAG-1_1,-2.9531538,5.9868684
TAAGCACGTATCGGTT-1_3,4.5551224,7.076218
TAAGCACGTGTTGACT-1_5,-2.5019681,4.38387
TAAGCACTCACCGACG-1_6,1.2562739,8.292669
TAAGCACTCCATGAGT-1_2,-1.8688955,6.3440866
TAAGCACTCCGGTTCT-1_3,-1.5329831,4.0105867
TAAGCACTCCTACGAA-1_1,-0.75246966,5.9415693
TAAGCACTCGCGTGCA-1_1,-1.3895358,8.423396
TAAGCACTCGTGTGGC-1_3,0.60113907,11.35898
TAAGCCAAGAGCCCAA-1_1,-3.3629205,9.538722
TAAGCCAAGTAAGACT-1_1,-2.2882307,7.628549
TAAGCCACACCCAAGC-1_6,-1.011316,11.56918
TAAGCCACACGCTGAC-1_6,-2.3436444,3.0880556
TAAGCCACATTACGGT-1_6,-2.9037166,5.2260733
TAAGCCACATTGTCGA-1_5,-2.185397,5.3353853
TAAGCCATCACAACCA-1_4,-1.9515694,5.5719247
TAAGCCATCCAACTAG-1_5,0.08513184,4.9219136
TAAGCCATCCTTTAGT-1_2,-0.011171285,4.3198023
TAAGCCATCTGTCTCG-1_4,1.4864813,8.119928
TAAGCGTAGGAGGCAG-1_3,-4.8947988,9.207872
TAAGCGTAGGCATGCA-1_5,-3.3717601,4.2122526
TAAGCGTCAAACTCTG-1_6,-0.43844622,8.444472
TAAGCGTCATTAAAGG-1_4,-1.0855108,9.164496
TAAGCGTGTAGTCGGA-1_4,-3.9067678,5.984384
TAAGCGTGTGTAGTGG-1_3,-2.5092094,3.656823
TAAGTCGAGAGAGCCT-1_4,-4.677362,10.335506
TAAGTCGAGGTAAGAG-1_4,-3.5056603,5.186227
TAAGTCGAGTGGGAAA-1_5,-3.429484,5.9483676
TAAGTCGCACTGGACC-1_1,-2.59331,9.843007
TAAGTCGCAGCGTATT-1_1,-0.47159943,5.0338874
TAAGTCGCATCCGAGC-1_6,-2.0066812,5.603052
TAAGTCGGTCTCAAGT-1_1,0.91515607,5.0975833
TAAGTCGGTGCTTATG-1_6,-2.779837,9.90471
TAAGTCGGTTGGGAAC-1_2,-4.899689,7.817948
TAAGTCGTCACGTAGT-1_3,-1.0767189,4.4908843
TAATCTCAGACTAAGT-1_2,-0.7359585,4.8424835
TAATCTCAGGCACTCC-1_3,-0.41546872,6.435381
TAATCTCAGTCTCGTA-1_3,-1.9271041,3.2915108
TAATCTCCAAACTGCT-1_4,-1.4846057,8.214361
TAATCTCCAAGTCGTT-1_2,-1.0342928,10.617352
TAATCTCCACAAAGCG-1_2,2.168927,8.437776
TAATCTCCACTATCCC-1_1,0.45387167,8.6557455
TAATCTCCAGTTTGGT-1_4,-0.1571585,6.4800267
TAATCTCCATACTTTC-1_5,-3.3989508,7.093333
TAATCTCCATAGTCAC-1_2,-3.6878996,6.304644
TAATCTCGTACGGGAT-1_1,1.5317614,8.939606
TAATCTCGTAGTATAG-1_5,-2.5987291,3.3979888
TAATCTCGTCCCGGTA-1_3,-0.69229394,11.626815
TAATCTCGTGAGTCAG-1_3,0.77511287,10.497181
TAATCTCGTGCGAACA-1_3,-1.2838389,4.559982
TAATCTCTCATTGCGA-1_1,-4.215617,10.441044
TAATCTCTCTAGTGAC-1_3,-0.58076495,4.446804
TAATCTCTCTATCCAT-1_3,-3.5497124,7.8125043
TAATTCCAGAAATTGC-1_3,-0.17261922,4.77029
TAATTCCAGCGCCTAC-1_1,0.17181568,9.990899
TAATTCCAGGCCCACT-1_3,-4.1621876,8.06859
TAATTCCAGGTCGAGT-1_3,-4.2783823,3.5787678
TAATTCCAGGTCGTAG-1_6,-5.643664,5.894236
TAATTCCCAATCCTTT-1_3,-3.1009717,3.7129283
TAATTCCGTAGGTACG-1_4,0.18491027,8.232655
TAATTCCGTCGCGTTG-1_6,0.17273907,10.196106
TAATTCCGTCTGTCCT-1_1,-3.146476,11.016439
TAATTCCGTGGAACAC-1_6,0.5819147,10.4170065
TAATTCCTCAGCGCGT-1_1,-2.8293822,8.556837
TAATTCCTCCATCGTC-1_3,-1.5191883,6.5508666
TAATTCCTCGGTAGAG-1_6,-0.43522996,10.112813
TACAACGCAACCACGC-1_5,-2.1166313,3.1457138
TACAACGCAAGTACCT-1_1,-0.20297961,11.340739
TACAACGCACAATCTG-1_1,-2.045357,10.034201
TACAACGCAGCTTCCT-1_2,-0.68140423,4.99644
TACAACGCATATCTCT-1_2,1.2633806,9.757624
TACAACGGTCGGAACA-1_6,-3.0586457,4.7519627
TACAACGGTGCCTACG-1_2,0.312474,4.551112
TACAACGTCAGGGATG-1_4,0.74984735,6.853447
TACAACGTCTTACTGT-1_5,2.663007,8.205653
TACACCCCAAGATGTA-1_6,-5.6417627,6.6903553
TACACCCCACCCTTGT-1_1,-2.1854835,5.617118
TACACCCCACGCGCTA-1_2,-0.6698966,4.9487705
TACACCCCAGGTTCAT-1_3,-3.9768312,8.079202
TACACCCCAGTGCGCT-1_4,-1.6983399,11.476189
TACACCCCATTACGGT-1_3,2.064769,10.284444
TACACCCGTAGACTGG-1_3,-4.400664,8.157327
TACACCCGTATCGCTA-1_1,1.4649034,9.880325
TACACCCGTCCGACGT-1_4,-5.9011283,7.7645006
TACACCCGTCCTACAA-1_1,-1.6795806,5.8145423
TACACCCGTGCTCCGA-1_2,-2.477179,8.30874
TACACCCTCATAGGCT-1_4,-2.0831816,6.9279084
TACACCCTCCGACGGT-1_5,-4.044147,10.0296955
TACACCCTCGCTACAA-1_5,-2.1513748,10.621957
TACACCCTCTCTCTAA-1_5,-0.69147354,4.951815
TACACCCTCTTCGTAT-1_4,-1.9681287,5.4757786
TACAGGTAGGTACATA-1_4,-2.402188,3.9420018
TACAGGTAGGTTCTTG-1_1,-4.960344,4.8231206
TACAGGTCAATCGCCG-1_4,-2.9308228,9.056126
TACAGGTCAATGGCCC-1_3,-1.2913493,10.7411
TACAGGTCACAGCCAC-1_2,1.315321,8.333832
TACAGGTCACCTCTGT-1_2,1.641549,9.323575
TACAGGTTCAGGTGTT-1_3,-1.0861828,3.4768453
TACAGGTTCCAAGCTA-1_2,-3.468508,6.2189717
TACAGGTTCCAGTGTA-1_5,1.0480798,8.681488
TACAGGTTCGCTTTAT-1_4,-3.112551,8.516093
TACATTCAGCCTCCAG-1_4,-0.6750314,11.104689
TACATTCAGCTCACTA-1_4,0.85129154,5.688073
TACATTCAGGATGCGT-1_1,-2.1079023,9.766308
TACATTCAGTGATCGG-1_1,-2.5047278,4.2792277
TACATTCCACTACAGT-1_3,-5.20614,6.5292
TACATTCCATAGGTAA-1_3,-2.190911,5.4952807
TACATTCCATTCGATG-1_3,1.4682556,6.801176
TACATTCGTACGAAAT-1_3,-1.7316859,10.203323
TACATTCGTCGTGTTA-1_2,-0.912043,8.137207
TACATTCGTGGATCGA-1_1,-0.44479477,10.966203
TACATTCGTTACCTGA-1_5,-2.6037161,5.5033875
TACATTCTCCTGCTAC-1_1,-1.5701205,7.3372154
TACCCACAGAATCGTA-1_1,-1.343689,5.407292
TACCCACAGCAGCACA-1_4,-3.5452876,6.1154456
TACCCACAGCGGGTAT-1_4,-4.3189826,6.2742662
TACCCACAGGACAAGA-1_2,-1.6781036,5.1330156
TACCCACCACAGCTTA-1_1,0.045818824,11.874314
TACCCACCAGGCTACC-1_1,-3.0541594,11.037772
TACCCACCAGGTGGAT-1_5,-3.6864426,5.969383
TACCCACCATCCTGTC-1_5,-3.8703396,10.251913
TACCCACGTGAACGGT-1_1,-0.044564456,9.334634
TACCCACGTGCATGTT-1_6,-2.7346864,4.5086265
TACCCACTCAGTCCGG-1_5,-1.1331677,4.122447
TACCCACTCCATCCGT-1_1,-3.7176254,6.1563663
TACCCACTCGTGCATA-1_4,3.2349446,5.403938
TACCCACTCTCGGTAA-1_1,-0.6158696,7.730049
TACCCACTCTCTCCGA-1_5,0.2890021,7.6655426
TACCCGTAGCGCTGAA-1_2,-4.523971,7.1823545
TACCCGTAGGTGGGTT-1_3,-1.3601471,9.995066
TACCCGTAGGTTCCGC-1_4,-0.6551794,8.897298
TACCCGTAGTGTACCT-1_5,-0.24360147,9.345527
TACCCGTCATACAGAA-1_4,-0.08784239,7.0588465
TACCCGTCATCAGCTA-1_1,-2.0142825,8.053284
TACCCGTCATTCTCTA-1_2,-4.7022905,8.49487
TACCCGTGTGGATTTC-1_5,-4.789796,6.1512346
TACCCGTGTTCCTACC-1_6,0.95764756,8.990672
TACCCGTGTTTACTTC-1_1,-0.06190663,9.2892
TACCCGTTCTCATGCC-1_6,0.96075726,6.349115
TACCGAAAGGTATTGA-1_4,0.77148986,7.079755
TACCGAACACCTTCCA-1_4,-4.7840896,7.441843
TACCGAACAGAAATTG-1_6,-2.2766848,3.9015806
TACCGAACAGACAATA-1_2,-2.2118156,10.946558
TACCGAACATCCGCGA-1_3,-4.119842,10.893338
TACCGAACATGGGAAC-1_5,-4.845001,8.289037
TACCGAAGTGATTGGG-1_1,-3.4399438,8.246138
TACCGAATCACTGGGC-1_4,-5.378992,4.6942315
TACCGAATCCGGACGT-1_3,-2.8726683,11.035995
TACCGAATCGCGTCGA-1_6,-5.2271757,4.7634377
TACCGAATCGGTTGTA-1_3,1.9188871,4.3302426
TACCGAATCTGGGTCG-1_2,-0.11336264,5.8828907
TACCGGGAGATGTTCC-1_2,-1.8291011,8.4268265
TACCGGGAGTCGCCAC-1_3,-4.815223,6.199644
TACCGGGAGTCTAACC-1_3,-2.5459518,4.2746763
TACCGGGCATCTTTCA-1_4,-0.24818732,8.479023
TACCGGGCATGCCGCA-1_4,0.04915643,3.5529397
TACCGGGGTAATGATG-1_1,-3.573496,3.5282063
TACCGGGGTATCGGTT-1_5,-1.7004777,5.612974
TACCGGGGTCAACATC-1_1,-0.83710504,3.3196862
TACCGGGGTCATCTAG-1_5,-2.073138,10.925933
TACCGGGGTCGACGCT-1_5,-2.9794724,4.1585536
TACCGGGGTGTAGGAC-1_6,2.448665,10.068882
TACCGGGTCAAAGAAC-1_4,-2.8642502,5.0676603
TACCGGGTCACTGTTT-1_2,-0.95540625,7.7217274
TACCGGGTCAGTGCGC-1_1,1.4711244,4.105466
TACCGGGTCATTACCT-1_5,0.08294941,3.6604812
TACCGGGTCCAGCCTT-1_5,-3.5953,9.174132
TACCGGGTCCGATAGT-1_5,-2.306077,11.616387
TACCGGGTCGACGCTG-1_1,-4.5141425,10.619409
TACCGGGTCGGATTAC-1_3,-3.6440094,5.8409467
TACCTCGAGACCAGCA-1_3,-2.7796156,3.889084
TACCTCGAGGAACGAA-1_1,1.2199864,6.330539
TACCTCGAGGTCTTTG-1_5,-2.1332064,7.778326
TACCTCGCAAGATGTA-1_3,-1.0862855,9.923309
TACCTCGCATCACGGC-1_3,-1.8014984,3.3016028
TACCTCGGTCACCGCA-1_4,-3.502642,7.7851777
TACCTCGGTCCTGAAT-1_1,-2.9667048,7.7072906
TACCTCGTCACAATGC-1_2,-4.391536,8.108869
TACCTCGTCGACCACG-1_1,-3.440004,6.597153
TACCTCGTCGACCACG-1_6,-2.9385202,7.620761
TACCTCGTCTTGGCTC-1_5,-2.0918262,6.7316856
TACCTGCAGCAACTCT-1_4,-2.432269,11.324692
TACCTGCCACGCTGTG-1_4,-1.3111341,9.478152
TACCTGCCAGTATGAA-1_6,2.3443208,3.939749
TACCTGCGTAATGATG-1_3,1.2734032,7.5899153
TACCTGCGTACCGGAA-1_4,1.4396902,9.30931
TACCTGCGTCCAAGAG-1_2,-3.762393,5.9871025
TACCTGCGTTTCCAAG-1_4,-3.5044916,7.707933
TACGCTCAGACCGCCT-1_2,-0.33091873,7.3558483
TACGCTCAGATTTGCC-1_4,0.30108616,3.9748347
TACGCTCCAACGAGGT-1_1,-1.1187185,10.656046
TACGCTCCACCAGACC-1_4,-2.1298606,5.6956043
TACGCTCCACGTTGGC-1_1,-0.8347821,8.042698
TACGCTCCAGTCAACT-1_5,-3.840286,6.021531
TACGCTCCATACCAGT-1_2,2.093218,9.435075
TACGCTCCATGACCCG-1_4,0.07108339,6.6872125
TACGCTCGTGAGACGT-1_4,-0.9680384,8.090206
TACGCTCTCTTGTTAC-1_5,-2.2426054,6.282892
TACGGGCAGAGTCAAT-1_1,-2.6682453,10.134755
TACGGGCAGCCGGATA-1_5,-5.6127505,5.5446553
TACGGGCAGGGCTAAC-1_2,2.4741096,7.9708166
TACGGGCCACTGCACG-1_1,-3.922174,8.2531185
TACGGGCCATGTAACC-1_4,-2.9943945,6.731401
TACGGGCCATTGGGAG-1_5,-4.8935857,10.019301
TACGGGCGTGAGAACC-1_2,-4.409353,8.883927
TACGGGCGTTTGAAAG-1_3,-1.6601924,6.498395
TACGGGCTCCACACCT-1_5,-1.1250845,4.1569743
TACGGGCTCCATACTT-1_6,-1.3877089,5.960543
TACGGGCTCCATTTGT-1_2,0.18092932,11.7083435
TACGGTAAGCACCGTC-1_4,-4.467667,5.97143
TACGGTAAGCAGGTCA-1_3,-3.9226694,5.0894904
TACGGTACACCCGTAG-1_4,-2.6732693,11.279893
TACGGTACACGACGCT-1_1,-2.9306338,10.623
TACGGTAGTAGTCCTA-1_4,-3.6552966,6.9464917
TACGGTAGTCCGATCG-1_6,0.58931667,9.405105
TACGGTATCGCGTGCA-1_2,-4.389626,9.578702
TACGTCCAGACTCATC-1_6,-3.083543,8.762939
TACGTCCAGGCCTGCT-1_3,-4.1167264,9.609348
TACGTCCCATGTGGCC-1_6,-1.8014699,5.768869
TACGTCCGTTAACCTG-1_1,-1.4803264,5.0886416
TACGTCCTCCGATGCG-1_2,-1.1565545,4.0927434
TACGTCCTCCGTGTGG-1_2,-1.6899886,3.7481427
TACTGCCAGGGCATGT-1_4,-4.083897,7.7700505
TACTGCCCAACACAGG-1_2,-1.5919712,4.294469
TACTGCCCAGTGGCTC-1_1,-1.7603903,8.333538
TACTGCCCATATCTGG-1_3,-1.1950532,8.733786
TACTGCCTCCCGTAAA-1_3,-2.2438319,10.100055
TACTGCCTCCTTATAC-1_4,-1.9339004,7.892835
TACTGCCTCGCAATTG-1_1,0.54864156,10.138014
TACTGCCTCGTAGGAG-1_2,2.438938,3.8913186
TACTGCCTCGTGGGTC-1_6,-0.9800384,8.162055
TACTTACCAAATGCTC-1_3,2.7691755,3.7819967
TACTTACCACACAGAG-1_2,-0.55484647,5.2748017
TACTTACCACACTTAG-1_5,-1.3700072,8.090927
TACTTACCATAGAGGC-1_5,-1.5088807,7.4468927
TACTTACGTGACGCCT-1_6,-1.0197947,7.396305
TACTTACGTTCGAGCC-1_4,-0.90766734,7.2880206
TACTTACTCACACCGG-1_6,0.15735628,4.123303
TACTTACTCATTCTTG-1_2,0.20123263,4.614871
TACTTACTCGACTCCT-1_1,-3.128828,10.949077
TACTTACTCGATTCCC-1_4,-2.9295812,5.533502
TACTTACTCGTTAGTG-1_4,-2.2892184,3.3325741
TACTTACTCTCGCGTT-1_2,1.7796689,6.323869
TACTTCACACATGTTG-1_2,-0.6086608,6.205242
TACTTCATCAGGTGTT-1_1,-4.2799573,4.2791886
TACTTCATCGCAACAT-1_3,-1.2434332,7.3247576
TACTTGTAGAAATTGC-1_6,-0.61811924,8.357523
TACTTGTAGACATGCG-1_4,-1.5438464,8.892306
TACTTGTAGCGAGTAC-1_4,-1.6620948,10.495951
TACTTGTAGGGTAGCT-1_5,-3.9813764,3.9659183
TACTTGTAGTATGGCG-1_4,-1.0692955,11.095377
TACTTGTAGTCCCAGC-1_1,-1.2062277,8.707671
TACTTGTAGTCTGGTT-1_2,-2.1175714,10.277169
TACTTGTGTACACTCA-1_1,-0.95610607,6.2928925
TACTTGTGTACTGGGA-1_5,-0.95869833,5.540137
TACTTGTGTCCATAGT-1_2,-3.2505565,9.615402
TACTTGTGTGATACAA-1_2,-0.22155266,5.490814
TACTTGTGTTCGGCCA-1_4,0.3445914,6.2572207
TACTTGTGTTGGTGTT-1_6,-4.925793,5.4298153
TACTTGTTCCCGTGTT-1_2,1.7412575,7.4958935
TACTTGTTCGTTGTGA-1_3,-5.1404667,8.370916
TACTTGTTCTAGCATG-1_1,-1.990885,6.2704086
TAGACCAAGCTCCGAC-1_1,-4.255512,9.220404
TAGACCACAGCAGTGA-1_3,-3.7450442,10.31894
TAGACCACATCCGGCA-1_1,-4.9279356,10.319182
TAGACCAGTAGATCGG-1_4,0.20012964,5.575983
TAGACCAGTATGAGGC-1_4,-0.47073898,10.807395
TAGACCAGTCAACACT-1_2,-1.0634773,9.058855
TAGACCAGTCTATGAC-1_4,-4.56666,6.0383
TAGACCAGTTACCCAA-1_5,-1.9209061,9.193747
TAGACCATCCGCTGTT-1_2,-2.7777889,9.522623
TAGACTGAGAGCGACT-1_1,-0.99938935,4.539165
TAGACTGAGATGGCGT-1_4,-0.034603048,4.630073
TAGACTGAGTCTTGGT-1_6,-2.889742,10.040091
TAGACTGCAGCAGATG-1_5,-3.7915375,9.027159
TAGACTGCATGCAGCC-1_4,-3.7835057,6.041261
TAGACTGGTAGGAGTC-1_6,1.657596,7.8124886
TAGACTGGTGCAGGAT-1_6,-0.4717157,6.800804
TAGACTGGTGTCTTGA-1_5,-3.7611926,11.029846
TAGACTGGTTAAGAAC-1_2,-3.728922,6.0555444
TAGACTGGTTCCTAAG-1_2,-5.548581,7.530807
TAGACTGTCAAGCTTG-1_4,-2.5854511,4.337117
TAGACTGTCCATACAG-1_4,-1.0657319,11.473652
TAGACTGTCCGATGCG-1_1,-0.31560728,5.679337
TAGAGTCAGCTATCTG-1_4,-1.5940176,4.1929426
TAGAGTCGTGCATACT-1_2,-3.148238,6.9955397
TAGAGTCTCGCCGTGA-1_1,-1.4472455,10.363572
TAGATCGAGAGAATCT-1_1,-0.5117099,6.6576734
TAGATCGAGATAGTCA-1_3,-4.4879284,4.3451486
TAGATCGAGTGATCGG-1_2,1.4247508,10.08375
TAGATCGGTACGTTCA-1_2,-4.710209,7.8613825
TAGATCGGTACTCCCT-1_5,-2.2490706,7.3807216
TAGATCGGTTGCACGC-1_2,-4.0638742,8.842499
TAGATCGTCGCATAGT-1_4,-4.694538,8.885059
TAGATCGTCGCCGAGT-1_2,-1.9243243,9.938515
TAGCACAAGAGGATGA-1_1,-0.105640076,9.380091
TAGCACAAGGATGTTA-1_5,-5.7344093,7.975298
TAGCACAAGTCAAGCG-1_3,-1.2981266,6.730292
TAGCACAAGTGTAGAT-1_3,-4.5618477,8.381182
TAGCACACACGGGTAA-1_3,-3.267171,4.0352235
TAGCACAGTTAGCTAC-1_1,-3.3512845,6.0707016
TAGCACAGTTCCAGGC-1_5,0.08730181,3.663891
TAGCACATCAGACAAA-1_3,0.21652006,4.7334166
TAGCACATCATACGGT-1_6,1.1979799,8.773554
TAGCACATCGGAATTC-1_4,0.5777461,8.257374
TAGCACATCTCCCAAC-1_1,-2.1108294,6.702057
TAGCACATCTGCATGA-1_2,0.04476846,5.626181
TAGGAGGCAGGAGGAG-1_3,-3.9674475,6.962909
TAGGAGGCATCTAACG-1_4,-1.3591962,5.962495
TAGGAGGTCCGGTAGC-1_1,-0.025951287,5.0148063
TAGGAGGTCGAACGCC-1_2,0.4732119,11.254653
TAGGGTTAGATACTGA-1_4,3.2308292,5.4332976
TAGGGTTAGGAACGTC-1_6,-4.8611927,8.824095
TAGGGTTAGGTCCAGA-1_3,1.9802252,7.674392
TAGGGTTAGTAACGAT-1_3,-1.8224887,9.074412
TAGGGTTCACATGAAA-1_3,-4.8250904,7.953177
TAGGGTTCATCGGATT-1_5,-1.0331657,6.1789713
TAGGGTTGTAGCCAGA-1_3,-0.72730154,6.06185
TAGGGTTGTATCTCGA-1_3,-2.324623,9.741092
TAGGGTTGTCTTACTT-1_2,-2.76128,4.209239
TAGGGTTGTGGCCCAT-1_1,0.40897575,9.551898
TAGGGTTGTGGTTTAC-1_3,-1.4292289,3.9925249
TAGGGTTTCACGATAC-1_2,-3.999991,10.458095
TAGGGTTTCGCCAGTG-1_1,-5.6219096,7.303945
TAGGGTTTCTAGGCAT-1_1,-3.488011,5.765693
TAGGGTTTCTAGTACG-1_2,0.33979034,11.237009
TAGGTACAGCTAGAGC-1_3,0.8052625,10.072947
TAGGTACAGGTTGACG-1_3,-1.9985129,4.0884705
TAGGTACAGTCAACAA-1_5,1.2413523,8.451288
TAGGTACCAAGTACCT-1_2,-1.8415693,6.762115
TAGGTACCAATGAGCG-1_4,-3.681693,11.013479
TAGGTACCACCTTCGT-1_6,1.6347469,6.4103947
TAGGTACCAGTTCACA-1_4,-3.3160486,9.956708
TAGGTACCATCAGCTA-1_5,-1.2234585,9.815452
TAGGTACCATGCCATA-1_3,0.32527274,6.029948
TAGGTACCATTCAGGT-1_5,-1.7526058,6.037625
TAGGTACGTAACTGCT-1_5,-4.966101,9.569885
TAGGTACGTTAAACCC-1_4,-0.35214588,10.460147
TAGGTTGAGGGTCACA-1_3,-0.64721954,6.6405334
TAGGTTGAGTACAGAT-1_4,0.34988552,5.119331
TAGGTTGCAGGTTCAT-1_4,-3.6343372,9.71731
TAGGTTGGTCCGAAGA-1_5,-3.5335996,7.020279
TAGGTTGTCAGTCAGT-1_2,2.9109209,9.889875
TAGGTTGTCATTGGTG-1_1,-0.6632856,8.945236
TAGGTTGTCCCTCGAT-1_3,-3.354752,10.39904
TAGGTTGTCTAAGCCA-1_2,-5.1176424,8.8738365
TAGGTTGTCTATCGTT-1_6,-5.7120237,5.094705
TAGTGCAAGAGGACTC-1_5,-2.6999984,7.918403
TAGTGCACAAGCTGCC-1_2,-1.2512472,5.3679914
TAGTGCACAAGTGGCA-1_1,-3.8063552,8.207783
TAGTGCACACTATCCC-1_6,0.008611805,7.338214
TAGTGCAGTTGCTAGT-1_3,-0.45699635,11.314641
TAGTGCAGTTGTGGAG-1_6,-1.1113029,8.841554
TAGTGCATCTGCCTCA-1_4,-1.8014396,7.124464
TAGTGCATCTTTCCAA-1_1,0.32222012,8.927582
TATACCTAGACTTCGT-1_1,-2.6490707,8.213596
TATACCTAGCTCCCTT-1_2,-2.3803077,9.791464
TATACCTAGGGTCTTT-1_2,-3.7117307,9.213406
TATACCTCAAATGAAC-1_1,-3.9467807,10.257624
TATACCTCACAAGCCC-1_6,-2.032431,4.4596834
TATACCTCACCGTACG-1_5,-2.5498984,10.939201
TATACCTCACCTGAAT-1_4,-2.2057512,6.513824
TATACCTGTGAATGTA-1_4,-0.67222923,6.7552705
TATACCTTCACAATGC-1_3,-4.0833,9.016277
TATACCTTCACTGTCC-1_5,-2.2171519,4.6228795
TATACCTTCCTTCAGC-1_2,0.3848609,4.404155
TATACCTTCGACGCTG-1_6,-3.8087375,11.062072
TATACCTTCTACTATC-1_4,-0.64588875,7.499035
TATACCTTCTCCCATG-1_3,-0.7270426,7.888063
TATACCTTCTGCTAGA-1_4,-0.76647663,8.663142
TATACCTTCTGTGTGA-1_2,-0.4835363,6.7013474
TATATCCAGCTCACTA-1_3,-1.2136906,3.0641365
TATATCCAGTAACAGT-1_2,-3.6233094,11.400082
TATATCCAGTATGCAA-1_1,-0.1906204,7.7450676
TATATCCCAACCTATG-1_5,-1.4433904,9.328983
TATATCCCAACGAGGT-1_3,-1.3293086,3.5142417
TATATCCCACTTCAGA-1_6,0.37173885,3.233034
TATATCCCAGAGGCAT-1_4,-1.1361793,11.744149
TATATCCCAGATCACT-1_6,-1.0553241,10.732147
TATATCCGTAAGCAAT-1_3,2.1838465,6.483201
TATATCCGTCACCCTT-1_1,-0.51953304,4.8792477
TATATCCGTCGTCTCT-1_6,-0.44230497,11.741097
TATATCCTCACAGAGG-1_5,-3.124084,7.9595747
TATATCCTCACTCCGT-1_3,0.9971208,8.242876
TATATCCTCATTGCGA-1_5,-1.8660669,4.6834817
TATATCCTCGAATGCT-1_3,0.5721645,3.1368694
TATCAGGAGCTGGCTC-1_6,1.691899,10.406352
TATCAGGAGCTTCGTA-1_1,-1.6669488,5.5594997
TATCAGGAGGCCTTGC-1_2,-0.7894734,6.2561355
TATCAGGCAACCAGAG-1_3,-1.4641286,10.7485075
TATCAGGCAAGCTACT-1_1,-0.5349801,8.91727
TATCAGGCACTTCATT-1_3,-0.23598178,4.1918683
TATCAGGGTCATCAGT-1_3,1.1600507,8.668705
TATCAGGGTCTCGCGA-1_5,-0.22752297,5.8938375
TATCAGGGTGGGTTGA-1_6,2.3853064,10.002601
TATCAGGGTTGACTGT-1_2,-3.9202845,8.683035
TATCAGGTCTCGTCAC-1_6,-3.7034674,10.191328
TATCAGGTCTGCTGAA-1_3,2.9583461,5.160643
TATCCTAAGACGAGCT-1_3,0.6234994,4.56605
TATCCTAAGGATTTGA-1_5,0.1146535,9.007666
TATCCTAAGGGCCTCT-1_3,1.6485668,10.8396015
TATCCTAAGTCTAGCT-1_4,-5.2806754,8.356972
TATCCTACATGCCGAC-1_4,0.19225682,7.5276737
TATCCTACATGGATCT-1_3,-0.4764664,7.7407694
TATCCTAGTAACATCC-1_2,-1.1790166,6.4331403
TATCCTAGTCGTCGGT-1_3,3.1436622,4.0641656
TATCCTATCAGTCCGG-1_5,-2.304044,8.310138
TATCCTATCATGCATG-1_3,0.06852034,11.350886
TATCCTATCTCCAATT-1_3,-2.0594954,6.354598
TATCCTATCTGAGGCC-1_4,-0.16646138,6.9388533
TATCGCCAGATCCGAG-1_5,-2.6017044,5.6360335
TATCGCCGTACCTAGT-1_4,-4.74522,7.874006
TATCGCCGTACTAGCT-1_5,1.6646379,5.3598003
TATCGCCGTCAACACT-1_3,-2.2887816,11.761095
TATCGCCGTTCCTTGC-1_1,-4.6370535,6.0524073
TATCGCCTCAACCCGG-1_1,-2.4665172,4.038631
TATCGCCTCACCTTGC-1_5,-1.8456502,5.8368554
TATCGCCTCGTTCGCT-1_3,-1.6491699,8.08313
TATCGCCTCTCTCCGA-1_6,-1.8155814,11.306912
TATCTGTAGATACTGA-1_2,-3.7024918,4.353765
TATCTGTAGATCGCTT-1_2,-5.399486,6.206921
TATCTGTAGCCAGAGT-1_2,-1.3583654,6.7582135
TATCTGTAGCCATTGT-1_2,-0.5688659,11.310834
TATCTGTAGCCTCACG-1_3,-0.611059,6.689177
TATCTGTAGTAGGTTA-1_4,-2.0630672,5.3966975
TATCTGTAGTCTAGAA-1_2,-4.638255,5.4189334
TATCTGTCAAATTGGA-1_4,2.4680388,4.8630896
TATCTGTCAACTCCCT-1_1,-4.1181364,10.525203
TATCTGTCAGGATTCT-1_6,1.3979605,6.0064106
TATCTGTCATACAGGG-1_1,2.3901865,7.0556793
TATCTGTGTGGCCCAT-1_3,2.15107,9.788077
TATCTGTGTGGGATTG-1_4,-0.34541327,10.469196
TATCTGTTCCAGTTCC-1_2,-0.61517,4.303127
TATCTGTTCTATCGCC-1_2,-4.569152,8.176517
TATCTTGAGAGAGCCT-1_6,-4.849637,9.359242
TATCTTGAGCTTCATG-1_4,0.69503385,6.764558
TATCTTGAGGCTTAAA-1_3,1.1148183,6.629166
TATCTTGAGTAGAGTT-1_1,-1.2850459,9.1539755
TATCTTGCAGGAGGAG-1_3,0.2702968,9.988454
TATCTTGGTACATTGC-1_2,-4.2940564,10.4336195
TATCTTGGTCCTATAG-1_3,0.61601347,4.4391584
TATCTTGGTGCCGGTT-1_5,-0.76774096,9.494651
TATCTTGGTTCGGTCG-1_5,-4.1019473,7.444882
TATCTTGTCACGAACT-1_6,-5.859027,7.3050923
TATCTTGTCGGTCTGG-1_1,0.7955205,9.312541
TATCTTGTCTCCCTAG-1_4,-3.2920678,9.805264
TATCTTGTCTTCGGTC-1_2,-2.043556,10.073819
TATGTTCAGGATTTCC-1_6,-3.4918003,9.1585045
TATGTTCCAAAGGAGA-1_4,-3.2659664,11.5269375
TATGTTCCATCTAACG-1_3,-1.869397,7.9695067
TATGTTCCATCTCAAG-1_6,-1.4712857,8.287141
TATGTTCGTCACGTGC-1_2,-5.0548725,5.12246
TATGTTCGTGTCGATT-1_6,-2.6244292,9.225754
TATGTTCGTTGTCATG-1_5,-0.71428657,9.683405
TATGTTCTCCATTTAC-1_4,-2.7005117,9.358108
TATGTTCTCCCTTGTG-1_3,-5.5088935,7.102124
TATGTTCTCTGGTGCG-1_5,-4.5745277,7.8412642
TATTCCAAGAAATCCA-1_6,-1.9130415,11.259398
TATTCCAAGGTGCAGT-1_4,-2.2203035,3.6281607
TATTCCAAGTTTCGAC-1_6,-1.7163142,11.811919
TATTCCACAAATGCGG-1_3,1.2491441,7.0307097
TATTCCACACACGGAA-1_1,-3.4660509,7.7944093
TATTCCACACGTTGGC-1_3,-1.3373537,5.832597
TATTCCACATACCATG-1_5,-1.0845641,4.9371753
TATTCCACATAGTCGT-1_2,2.0019107,7.1204615
TATTCCAGTGGCACTC-1_2,-0.22871101,7.0645204
TATTCCAGTTATTCCT-1_2,-2.8054452,9.76012
TATTCCATCAAAGACA-1_1,-3.6734645,4.739991
TATTCCATCCTGCTAC-1_2,-1.3496075,10.580624
TATTCCATCTCCGTGT-1_2,-2.7096663,10.101016
TATTGCTCAAGTGACG-1_1,-2.8410447,8.542998
TATTGCTCACAAATCC-1_3,-5.668571,8.442908
TATTGCTCACACCGAC-1_2,-5.245357,7.8290777
TATTGCTTCCACCTGT-1_5,1.6837533,10.183027
TATTGGGAGTATTCCG-1_4,-3.2181945,5.773862
TATTGGGCAATTGAGA-1_1,-1.9731098,8.790167
TATTGGGCACGTGAGA-1_6,0.19257796,7.772485
TATTGGGCAGGTTCAT-1_1,1.3789841,7.0727034
TATTGGGGTCTGTAGT-1_1,-2.691519,7.5459304
TATTGGGGTCTTGAAC-1_5,-3.1837373,7.8010526
TATTGGGGTGTGCTTA-1_4,0.036136005,3.798927
TATTGGGGTTAGGCCC-1_3,-2.216017,7.0431576
TATTGGGGTTGTACGT-1_6,0.5279187,4.125108
TATTGGGTCTTCTTCC-1_2,0.008197001,9.060224
TATTTCGAGATGGGCT-1_3,-4.941295,4.448821
TATTTCGAGGAAAGGT-1_1,2.0831199,8.927854
TATTTCGAGGATTTGA-1_3,-4.2025914,8.833147
TATTTCGAGGGAGAAT-1_4,-5.5063386,8.662636
TATTTCGAGTATTGCC-1_1,-1.8584926,8.315436
TATTTCGCACGCTGCA-1_1,-0.414182,4.3674726
TATTTCGCAGGCACAA-1_2,-2.5663362,8.058119
TATTTCGCAGTAGTTC-1_2,-3.326054,5.7936597
TATTTCGCATAGCTGT-1_4,-2.071919,9.876644
TATTTCGGTCGTTGGC-1_3,-4.2711034,7.9190135
TATTTCGGTCTACGAT-1_1,-1.0309228,6.989787
TATTTCGGTCTTCTAT-1_4,-0.17583226,4.183399
TATTTCGTCAAGATAG-1_6,-3.0587685,7.3074703
TATTTCGTCCACTTCG-1_6,-3.345268,9.720578
TATTTCGTCGCTTGAA-1_2,-1.4920549,4.763522
TATTTCGTCGGTCTAA-1_4,-0.29797742,6.53363
TCAAGACAGATACGAT-1_4,-0.9514607,10.213154
TCAAGACCACCCTGAG-1_5,-0.5260554,4.2001066
TCAAGACCATTGCAAC-1_1,-0.98541105,3.6660652
TCAAGACGTAAGGAGA-1_5,0.26169282,8.523204
TCAAGACGTAATGTGA-1_2,0.82450247,10.5423155
TCAAGACGTCCCGCAA-1_4,-3.534078,9.617023
TCAAGACGTTACCTTT-1_2,-3.8750567,7.4385953
TCAAGACTCACATCAG-1_2,-4.4997363,9.561168
TCAAGACTCGACCTAA-1_3,-1.6056806,9.045785
TCAAGCAAGCATCGAG-1_4,1.2941111,7.952223
TCAAGCAAGCGGCTCT-1_2,-1.5859511,9.270454
TCAAGCAAGGTTGACG-1_5,-2.7907012,8.33504
TCAAGCAAGTGGAAGA-1_6,-3.5044801,5.485498
TCAAGCAGTAGATTAG-1_4,-2.7549515,6.8055964
TCAAGCAGTCCTGAAT-1_5,1.5900487,4.5101
TCAAGCAGTGGATACG-1_4,-1.0059662,11.168098
TCAAGCAGTGTGCCTG-1_4,-1.7584872,4.819165
TCAAGCAGTTCCTACC-1_4,-4.032351,10.896384
TCAAGCATCAAGCCAT-1_3,0.19821322,8.007418
TCAAGCATCCCTTTGG-1_6,3.4346933,5.0806904
TCAAGCATCGTCTCAC-1_5,-1.9518447,8.376441
TCAAGTGAGCCTGTGC-1_2,-5.116845,7.046654
TCAAGTGAGCGGCTCT-1_3,-0.31653482,5.230981
TCAAGTGAGCGGGTTA-1_3,-4.276279,7.645414
TCAAGTGAGCGTTACT-1_6,-3.7977927,6.118368
TCAAGTGAGCTGAGCA-1_4,-0.26370487,4.3344216
TCAAGTGAGGGAGTGG-1_5,-4.0256686,4.103178
TCAAGTGAGTCCGCGT-1_3,-5.197474,7.445676
TCAAGTGCAAATCGGG-1_3,-0.31657287,11.701279
TCAAGTGCAACGATTC-1_3,-1.8711587,4.023321
TCAAGTGCAAGAGAGA-1_3,-4.9382734,7.873463
TCAAGTGCAATATCCG-1_3,0.03472222,3.8619666
TCAAGTGCACCAAATC-1_4,-1.2711135,6.832534
TCAAGTGCACCTGCGA-1_2,-1.6351984,6.343617
TCAAGTGCACGGCCAT-1_5,-1.2073087,7.7977552
TCAAGTGCACTGTTCC-1_4,-5.229266,4.812618
TCAAGTGCATGGGATG-1_3,-0.13479117,5.653006
TCAAGTGGTCGCCTAG-1_5,-2.4482484,4.8861766
TCAAGTGGTGCGGCTT-1_3,0.10403636,6.3749166
TCAAGTGTCATGTCAG-1_5,-2.0306056,3.647922
TCAATCTAGCGGGTTA-1_2,-1.5910624,3.0884416
TCAATCTAGCTAAATG-1_6,-0.9014042,10.617152
TCAATCTAGTAACGAT-1_4,-1.1151694,9.641149
TCAATCTCAATAAGGT-1_4,-2.8499343,4.696126
TCAATCTCACACCAGC-1_6,-0.04703772,5.2362666
TCAATCTCATTAAAGG-1_3,-1.8142602,10.082748
TCAATCTGTCACCTTC-1_6,-2.137377,5.419665
TCAATCTTCATGCCGG-1_4,-0.2519323,9.8817
TCAATCTTCGACCAAT-1_3,-2.3539348,7.114246
TCAATTCAGGCCTGCT-1_2,-4.269827,5.0622807
TCAATTCAGGGCAAGG-1_3,-5.037953,9.128738
TCAATTCAGTGGATAT-1_1,0.013756882,10.242391
TCAATTCAGTTCCGTA-1_5,-5.780381,9.067167
TCAATTCCAAAGGCAC-1_3,-0.2794312,11.349789
TCAATTCCACTCCCTA-1_2,-2.3875527,8.619198
TCAATTCGTCACTGAT-1_6,0.1313296,8.456188
TCAATTCTCTGTGCAA-1_2,-3.8728406,7.3898587
TCAATTCTCTTCTCAA-1_2,-2.4867609,7.7419157
TCACAAGAGACATGCG-1_1,-3.5492036,4.998845
TCACAAGAGATGACCG-1_2,-3.1227493,9.529685
TCACAAGAGGCCTTGC-1_4,-0.44809836,9.262995
TCACAAGAGGTAAGTT-1_3,1.0342449,11.479531
TCACAAGAGTAGGCCA-1_6,-2.406745,5.099471
TCACAAGAGTTCTACG-1_6,2.3778224,9.6116
TCACAAGCACAAAGTA-1_6,-4.282394,8.36527
TCACAAGGTAACATAG-1_3,-0.029336788,5.7937407
TCACAAGGTAACTAAG-1_1,-1.4177305,4.133613
TCACAAGGTGGTTCTA-1_6,-4.917942,8.385134
TCACAAGTCCGGACGT-1_6,1.5692394,4.1945677
TCACACCAGGGATGTC-1_3,0.8633241,9.333377
TCACACCCACGCAGTC-1_4,3.4049208,4.316796
TCACACCCATCACCAA-1_3,-2.9045107,7.3570375
TCACACCCATCGTGGC-1_3,-4.7733293,8.605701
TCACACCGTCCCGTGA-1_4,-2.4180999,7.095155
TCACACCGTTTATGCG-1_5,-0.27015594,9.527816
TCACACCTCGCCGTGA-1_3,1.5141944,9.029479
TCACACCTCGGTTGTA-1_4,-0.1068112,9.875295
TCACACCTCGTAACTG-1_2,-2.4494169,6.9196086
TCACATTAGTAGTCTC-1_1,-4.880958,7.6003857
TCACATTAGTGGACTG-1_5,0.46834683,5.3785524
TCACATTAGTTCGCAT-1_1,-1.8543735,7.83887
TCACATTCAAACTAGA-1_5,1.063032,4.850455
TCACATTCATAGCACT-1_2,-3.107979,9.923903
TCACATTCATAGGCGA-1_1,-3.4913015,4.496202
TCACATTCATTACGGT-1_1,-1.6372532,10.259003
TCACATTGTCGTCGGT-1_4,-1.374872,4.2086325
TCACATTTCACAACCA-1_4,1.4818472,5.9076953
TCACATTTCCATCGTC-1_1,-3.9593723,7.9093328
TCACATTTCGCAGAGA-1_6,2.550708,10.250594
TCACATTTCTGTCGCT-1_3,0.35232803,6.287456
TCACGCTAGACGGTTG-1_1,0.25584465,6.4622426
TCACGCTAGCGCTTCG-1_5,-1.0434548,6.7122655
TCACGCTAGTGCTCGC-1_4,-0.7699404,4.495752
TCACGCTCACTCAAGT-1_3,-1.1397278,5.216816
TCACGCTGTACGATCT-1_4,-4.5863023,8.228673
TCACGCTGTGAGTAGC-1_5,1.5343561,6.884995
TCACGCTGTTGCCAAT-1_4,-4.664428,8.483254
TCACGCTTCATACGAC-1_1,-0.040729262,7.562188
TCACGCTTCCCTGGTT-1_5,-0.5426611,4.4776306
TCACGGGAGCACTTTG-1_1,-3.5140753,5.270425
TCACGGGAGCCTGAAG-1_6,0.84150106,5.306253
TCACGGGAGGTCACTT-1_2,-4.04881,5.62824
TCACGGGAGTCTCTGA-1_5,-1.4690827,10.937943
TCACGGGCAGCAGTAG-1_1,-1.3970191,7.5059557
TCACGGGCATGACTAC-1_3,1.0968885,10.94262
TCACGGGGTCGGCCTA-1_5,0.7012097,7.1049633
TCACGGGGTCTGATCA-1_4,-4.3422456,6.4675984
TCACGGGGTCTGTGCG-1_1,-3.5401525,5.696717
TCACGGGGTTGAGTCT-1_3,-0.22400102,11.284091
TCACGGGTCCCTGTTG-1_2,-4.228866,5.9053345
TCACGGGTCGGCGATC-1_1,-4.6485333,9.318552
TCACGGGTCTCTCCGA-1_3,-0.6503487,3.096578
TCACTATAGTGGAATT-1_3,0.6928799,8.491914
TCACTATCAAAGCTCT-1_2,-1.6225852,5.004173
TCACTATCAACGGGTA-1_4,-4.0955973,8.400846
TCACTATCACAGCTGC-1_3,-1.315283,7.636374
TCACTATCAGAAGCTG-1_6,-2.081268,8.096662
TCACTATTCAAGAATG-1_3,0.38241023,8.003629
TCACTATTCACCTCGT-1_4,0.24086495,8.440241
TCACTATTCACCTTGC-1_4,-1.0783324,7.4525695
TCACTATTCCCTCGAT-1_4,-2.5659065,6.478318
TCACTATTCGTGTGGC-1_4,-3.1795337,3.7251582
TCACTCGAGAGAGTTT-1_6,-0.98168176,11.831276
TCACTCGAGCTGACTT-1_4,0.055737786,6.0239744
TCACTCGAGTATGAGT-1_5,1.1324518,9.127917
TCACTCGCAAGGCAAC-1_4,-1.52469,6.711649
TCACTCGCACATACGT-1_5,-2.986772,5.1437087
TCACTCGCAGCAGGAT-1_1,-3.4340162,8.159183
TCACTCGGTATACCCA-1_3,-2.7389765,6.6719017
TCACTCGGTCTTGCGG-1_1,-3.0361264,10.894522
TCACTCGGTGCAGGAT-1_5,-4.7133856,7.028085
TCACTCGGTGTGCCTG-1_3,-3.3814874,9.798781
TCACTCGGTTATGACC-1_4,0.8004325,4.1513643
TCACTCGGTTCTTGTT-1_1,-2.049471,7.821505
TCACTCGTCAGCTTCC-1_4,-2.8368971,3.1886504
TCACTCGTCTTACCAT-1_5,2.2660747,10.653875
TCAGCAAAGACTACGG-1_1,-5.6417346,6.8273644
TCAGCAAAGAGGCGGA-1_4,2.6066644,10.3985815
TCAGCAAAGCGTCAGA-1_6,-0.4607349,5.301809
TCAGCAAAGGTACTGG-1_3,0.17932655,9.743105
TCAGCAACAGACAATA-1_4,-4.048845,10.639494
TCAGCAACAGCCTACG-1_6,-2.9667032,9.343021
TCAGCAAGTGCACATT-1_3,-4.723274,9.782362
TCAGCAATCAATCTTC-1_5,-4.255624,5.485944
TCAGCAATCGTTCTGC-1_2,-4.118693,5.6997766
TCAGCCTAGCAACTTC-1_3,-1.3722762,4.2999043
TCAGCCTCAAAGAACT-1_1,-1.6229521,11.765289
TCAGCCTCAAATTGGA-1_1,-2.5258372,5.083167
TCAGCCTCAGGTCCCA-1_4,-1.6999966,6.9314647
TCAGCCTCATCCGATA-1_4,2.129602,5.5941277
TCAGCCTGTAACGGTG-1_5,-2.6395912,4.485679
TCAGCCTGTACAAGTA-1_5,-1.3172793,5.106721
TCAGCCTGTTAAACAG-1_5,-4.2208505,8.039677
TCAGCCTGTTACCTGA-1_6,-2.0841506,3.7600117
TCAGCCTGTTTACTTC-1_6,-2.0700552,9.619173
TCAGCCTTCGCCTTTG-1_3,-2.7672048,8.280411
TCAGCCTTCTAACGGT-1_3,-3.8782108,6.039704
TCAGGGCAGATCACCT-1_2,-2.3015776,5.8929524
TCAGGGCAGGCCACCT-1_3,-1.1988708,10.632842
TCAGGGCCAATTGTGC-1_1,-0.9436112,8.472603
TCAGGGCCACCTATCC-1_2,-0.5299426,3.6673958
TCAGGGCCAGACCGCT-1_5,-4.3782105,4.681366
TCAGGGCGTAGGAGGG-1_4,-3.793579,6.3781366
TCAGGGCGTATGGGAC-1_3,1.4941059,7.692093
TCAGGGCGTTGCAACT-1_4,0.6002594,5.296781
TCAGGGCTCTGCGGCA-1_6,-3.725802,7.177643
TCAGGTAAGTATAGGT-1_3,-3.0450063,5.629699
TCAGGTACACGCCAGT-1_5,2.210668,7.0655627
TCAGGTACACGCTGAC-1_6,0.4794509,5.7291985
TCAGGTACACTGTGTA-1_1,0.20467305,8.017918
TCAGGTAGTACAGTTC-1_2,-1.0818683,9.2531805
TCAGGTAGTACGGTTT-1_1,-3.4545913,3.8572505
TCAGGTAGTCAGCTTA-1_2,3.4948535,4.843134
TCAGGTAGTCCCGGTA-1_5,-2.9684181,4.044062
TCAGGTAGTCCGATCG-1_4,-2.2993436,9.565347
TCAGGTATCACCTTAT-1_6,-0.6287867,4.5472064
TCAGGTATCATTGTGG-1_3,-3.3391688,10.858892
TCAGGTATCTTAGGAC-1_2,-1.440388,7.3385377
TCAGTCCAGACGAAGA-1_6,-2.3268394,10.807172
TCAGTCCAGAGTGAAG-1_1,0.5145496,8.010703
TCAGTCCCAATGAACA-1_5,0.55394685,11.455763
TCAGTCCCAGACCTGC-1_4,-5.4652543,9.307984
TCAGTCCCAGTTAAAG-1_2,-0.5639521,3.413344
TCAGTCCGTATGAGGC-1_4,-3.906295,5.406704
TCAGTCCGTGGGTCAA-1_4,0.07532858,9.5238495
TCAGTCCTCACCTTAT-1_1,4.056364,7.2494116
TCAGTCCTCCAATGCA-1_5,-1.2441317,10.442289
TCAGTGAAGGAGTACC-1_1,-2.0623531,3.8411033
TCAGTGAAGGCCTAAG-1_2,-4.137461,4.27035
TCAGTGAAGGGATCAC-1_1,2.585149,8.25661
TCAGTGACACGAAGAC-1_3,-2.6846929,3.478721
TCAGTGACACGGCACT-1_6,-2.5820715,9.371984
TCAGTGACATGACACT-1_3,-2.7169278,6.7963943
TCAGTGACATGGTGGA-1_1,-4.0843754,5.000576
TCAGTGAGTATTGACC-1_1,-2.6863267,8.8206
TCAGTTTAGACCTCAT-1_5,-3.7526937,6.6838555
TCAGTTTCACCAGCCA-1_3,-0.7243605,5.920071
TCAGTTTCACCGTGAC-1_6,-0.5752232,7.9187074
TCAGTTTGTACCCGAC-1_5,-0.5056642,7.8923755
TCAGTTTGTAGCGTAG-1_5,-0.6869845,7.4777026
TCAGTTTGTATGAGCG-1_3,-2.6806536,10.765743
TCAGTTTTCCCAGTGG-1_3,-4.237502,7.8075333
TCAGTTTTCCTAGCCT-1_4,0.53295827,9.027431
TCAGTTTTCTTAGTTC-1_6,-4.6217604,6.0832405
TCATACTAGAGCTGCA-1_4,0.032790143,4.797609
TCATACTAGCTACTAC-1_1,-1.3656915,6.0410714
TCATACTAGTCATGGG-1_1,-3.5215394,10.0338745
TCATACTCACAGTCCG-1_6,-1.134159,11.585762
TCATACTCATGGGATG-1_2,-2.0293908,9.306148
TCATACTGTCCGAAAG-1_2,-1.8523889,7.143635
TCATACTGTCGTCATA-1_4,0.05536819,12.190279
TCATACTGTCTAACGT-1_3,-2.2274835,3.727064
TCATACTGTCTTCAAG-1_1,-2.4042037,7.4314055
TCATACTGTGATAGTA-1_6,-2.5865695,4.601366
TCATACTGTGCCGAAA-1_6,-5.351439,4.3216586
TCATACTTCATCGGGC-1_2,-2.8315752,9.91271
TCATACTTCTCACTCG-1_1,1.258348,8.453882
TCATATCAGAAGCGCT-1_4,4.215081,7.1386967
TCATATCAGCCATCCG-1_3,-3.610141,5.3483133
TCATATCAGGATTTGA-1_3,-4.9355016,9.156828
TCATATCAGGTCCTGC-1_1,0.6061932,5.598113
TCATATCAGGTGATAT-1_1,0.8362565,8.625564
TCATATCCACCGGAAA-1_5,-0.21359225,5.593662
TCATATCGTACCCACG-1_1,-0.8888807,8.276449
TCATATCGTCCAGCAC-1_5,0.32390434,10.750589
TCATATCGTTTGTTGG-1_1,-1.6398078,6.2903004
TCATATCTCCACTTTA-1_2,-0.7998923,3.6516726
TCATATCTCCCAGGAC-1_6,-0.7322032,4.572562
TCATATCTCCTGGGTG-1_3,-5.4126043,8.0972805
TCATATCTCGACGACC-1_3,-2.540289,10.961075
TCATCATAGAAGTATC-1_6,-2.3272953,6.487726
TCATCATAGGCTTAGG-1_4,-2.4692354,9.767997
TCATCATAGTGAGCCA-1_3,-2.1654873,8.857911
TCATCATAGTGCACCC-1_2,-2.8341858,6.774361
TCATCATAGTGGACGT-1_4,-0.27963707,9.406335
TCATCATCAACAGTGG-1_3,-4.5716944,7.6427093
TCATCATCACCCTGTT-1_2,-3.1663043,4.0819154
TCATCATCACGACTAT-1_3,-2.519164,6.21178
TCATCATCAGCGGTTC-1_1,-4.2306776,9.577912
TCATCATGTACATACC-1_4,-3.422893,7.1124024
TCATCATGTGCATGAG-1_5,0.7613787,5.473086
TCATCATGTTACGATC-1_6,-2.3625813,5.430753
TCATCATGTTGGTAGG-1_3,-3.4678178,3.8369904
TCATCATTCGAATCCA-1_4,0.699479,8.817617
TCATCATTCTGGCTGG-1_1,-3.0222747,4.436889
TCATCCGAGCCGTCGT-1_5,1.7157284,4.7972
TCATCCGAGGATAATC-1_1,0.67459124,4.06837
TCATCCGAGTAGCTCT-1_1,-1.2265394,3.0364563
TCATCCGCACAACATC-1_3,-3.1722975,9.355195
TCATCCGGTTTCGTGA-1_4,-2.7329712,6.3577256
TCATCCGTCATTTGGG-1_2,-3.0302324,8.977623
TCATCCGTCCGGTAAT-1_1,0.2610146,7.3870473
TCATCCGTCGGATACT-1_1,-4.666388,4.7060013
TCATCCGTCTCGCTTG-1_1,-1.2927788,3.643899
TCATGAGAGCTGACTT-1_4,-0.09673379,8.302049
TCATGAGAGGAAGTAG-1_2,2.1412086,9.221899
TCATGAGAGGGAGGGT-1_1,2.9432888,9.468394
TCATGAGCACCTGCAG-1_6,2.3383265,8.040478
TCATGAGGTAACATGA-1_6,-0.034125887,6.572732
TCATGAGGTAAGCAAT-1_3,-3.782111,8.203695
TCATGCCAGGTAGATT-1_2,0.10321499,6.630254
TCATGCCCACCTCGTT-1_3,-3.075484,9.719086
TCATGCCCAGACCATT-1_2,1.0646605,5.6489496
TCATGCCCATACTTTC-1_3,-2.8275175,10.872907
TCATGCCCATGGAATA-1_5,-1.1575345,8.61803
TCATGCCCATTCAGCA-1_5,-2.102584,6.347207
TCATGCCGTCATGACT-1_3,-4.1506658,3.4113443
TCATGCCGTGATACAA-1_1,-0.5980333,9.596335
TCATGGAAGCGCTTCG-1_4,-3.5488467,5.157637
TCATGGACAAAGCTAA-1_5,1.3489795,6.2118573
TCATGGACAATAAGGT-1_2,-2.8343222,12.018328
TCATGGACAGAGAATT-1_5,0.5286867,5.392321
TCATGGACAGCTCCTT-1_4,-1.9829663,4.6097198
TCATGGACAGGATGAC-1_3,-1.1908432,10.159902
TCATGGACAGTCAGAG-1_5,1.7718872,10.383247
TCATGGAGTGCTTATG-1_1,2.1792712,5.382235
TCATGGAGTGGCTTGC-1_1,1.3832558,9.169441
TCATGGATCACCCTCA-1_2,-0.07986014,11.22597
TCATGGATCCAAACCA-1_3,2.789498,9.03214
TCATGGATCCATCCGT-1_2,-0.9164328,10.164679
TCATGGATCGAGCCAC-1_6,-0.9494285,7.134655
TCATGGATCGTCACCT-1_5,-2.661969,6.4105926
TCATGTTAGAAACCAT-1_5,0.35516706,12.903344
TCATGTTAGACCACGA-1_3,-2.6214807,4.3642683
TCATGTTAGCAATAGT-1_3,-3.2747154,4.7177024
TCATGTTAGGTAAGGA-1_3,1.968108,4.114311
TCATGTTAGTGCAGGT-1_6,0.37022477,8.479126
TCATGTTCAAATCGGG-1_4,0.7173783,6.7586665
TCATGTTCAACAGTGG-1_4,-1.0465033,8.985657
TCATGTTCAACGCCCA-1_4,-0.41286463,7.1417756
TCATGTTCAAGCTGTT-1_4,-5.7125063,8.088444
TCATGTTCACTTCTCG-1_4,-1.7202498,7.8170347
TCATGTTCATGATAGA-1_6,-0.25343007,7.3145223
TCATGTTCATGGTGGA-1_4,0.13771379,7.052195
TCATGTTGTAATGATG-1_2,-1.2771311,4.463913
TCATGTTTCTGCCCTA-1_4,-4.62145,8.106722
TCATTACAGATGTAGT-1_1,-3.330536,10.786501
TCATTACAGGCAGGGA-1_1,-0.7518162,4.9474797
TCATTACAGTAGCCAG-1_3,2.1781845,5.8800187
TCATTACCACCAGCGT-1_4,-3.5393069,11.670057
TCATTACCAGCGAGTA-1_5,-2.212753,9.152976
TCATTACGTAAGGAGA-1_2,0.87013817,4.76343
TCATTACGTCAGGAGT-1_5,-0.54891944,9.005576
TCATTACGTCGCACAC-1_1,-1.7436137,8.782738
TCATTACGTGACATCT-1_3,-3.8265085,8.551961
TCATTACGTGTGTCGC-1_3,-0.4906716,12.164521
TCATTACTCGCTCTCA-1_5,-1.6270481,4.552012
TCATTACTCGCTGCGA-1_5,0.05365821,11.3314295
TCATTCAAGATAGTCA-1_1,-2.841515,10.95501
TCATTCAAGCGACCCT-1_5,-5.4788737,5.9469285
TCATTCAAGCGCTGAA-1_1,-4.2732897,9.23304
TCATTCACAAGCTGCC-1_3,-3.0731778,7.4512167
TCATTCACAGTAGATA-1_5,-4.1647596,8.452715
TCATTCACATCGATCA-1_5,0.32833382,7.4557514
TCATTCACATCTCCCA-1_4,0.9443421,5.0169673
TCATTCACATCTGGGC-1_3,-2.2951748,4.8302984
TCATTCAGTAACAGGC-1_3,-1.0067327,3.5475
TCATTCAGTACACGTT-1_4,4.4648666,6.3102365
TCATTCAGTACTCGTA-1_2,-2.5873463,4.49695
TCATTCAGTCCATAGT-1_4,-0.67602795,10.46965
TCATTCAGTGCATTTG-1_1,-3.9567187,4.696844
TCATTCAGTTGTTGTG-1_4,-1.2909623,4.0900784
TCATTCATCAACTGGT-1_4,-2.8314548,8.306509
TCATTCATCACGTCCT-1_6,-2.298431,6.2077055
TCATTCATCCTCATAT-1_5,-0.026790125,10.42265
TCATTCATCGAACGGA-1_3,-1.4732809,7.472973
TCATTGTAGAATCGCG-1_2,-1.8081335,4.5267606
TCATTGTAGTCTCGTA-1_1,-2.468647,11.160619
TCATTGTAGTTATGGA-1_1,1.9979746,9.813029
TCATTGTCATGACACT-1_4,-2.8490415,10.162425
TCATTGTGTCCAGGTC-1_2,-5.350844,7.1788654
TCATTGTGTTGTCATG-1_4,-3.316758,8.938617
TCATTGTGTTGTTGAC-1_4,-0.0983641,4.4140124
TCATTGTTCACCATGA-1_4,-1.878364,8.463074
TCATTGTTCGGCTTGG-1_5,-3.0381556,8.672503
TCATTGTTCTATTTCG-1_5,-0.8052513,10.155657
TCATTTGCAATAACCC-1_3,-3.9967926,8.5198345
TCATTTGCACACAGCC-1_1,-0.2389554,12.475894
TCATTTGCACTAAACC-1_6,-1.6771536,6.6430883
TCATTTGGTCACTACA-1_2,-5.274625,6.1332545
TCATTTGTCAGTGGGA-1_5,1.3076226,10.011166
TCATTTGTCCAGTACA-1_4,0.9704817,6.081479
TCATTTGTCCGTGCGA-1_3,-3.9263132,6.05689
TCATTTGTCGGACGTC-1_1,-5.0474772,7.6817584
TCATTTGTCTTGCAGA-1_1,-2.2086751,4.8391147
TCCACCAAGGCAGCTA-1_4,-2.963001,10.16351
TCCACCAAGTATAGGT-1_5,-1.161893,7.4888606
TCCACCAAGTCACAGG-1_2,-0.4241291,3.0331476
TCCACCACAGCACACC-1_3,0.31304142,9.601271
TCCACCAGTAAGCGGT-1_3,3.329554,4.3309064
TCCACCAGTAATTGGA-1_4,-2.572704,6.7739315
TCCACCATCAGTCACA-1_2,-1.2844858,5.143648
TCCACCATCCAGCACG-1_3,-0.42056203,7.8337107
TCCACCATCGTTCCTG-1_6,-2.1973922,10.899355
TCCACCATCTCGGTCT-1_3,-1.0381279,10.997733
TCCACGTAGCTAATCC-1_5,-0.437449,5.667533
TCCACGTAGGGAGTGG-1_1,-4.037464,6.544615
TCCACGTAGGTAGATT-1_2,-1.9773796,8.150178
TCCACGTAGTAAACAC-1_6,-1.887749,11.872588
TCCACGTGTAATACCC-1_1,-0.14196627,7.106299
TCCACGTGTCGTTGGC-1_2,-2.478224,7.740043
TCCACGTGTGAATTAG-1_4,-4.0878987,7.776052
TCCACGTGTGTTGACT-1_2,-5.1874857,9.480372
TCCACGTTCAACTGGT-1_6,-3.1322296,9.961433
TCCACGTTCGCCCAGA-1_3,-1.9814879,8.927314
TCCACGTTCGTAGCTA-1_2,0.25197583,4.2872186
TCCACGTTCTCTCTAA-1_2,0.028936699,9.553917
TCCAGAAAGTGGACTG-1_1,-4.769522,8.390237
TCCAGAAGTCTCCCTA-1_1,-2.809158,10.031394
TCCAGAAGTTGTGGAG-1_6,-0.68078375,12.068599
TCCAGAATCCATTGGA-1_3,0.50727594,9.709405
TCCAGAATCGCGGTAC-1_5,-1.3767357,3.9365969
TCCAGAATCTCGTTTA-1_4,2.4289174,4.3122153
TCCATCGAGCTTCATG-1_2,-4.597488,8.816339
TCCATCGAGGATGCGT-1_4,-1.2962496,9.966302
TCCATCGAGTTGAAGT-1_4,-4.193099,6.059366
TCCATCGAGTTGGACG-1_6,-1.7997662,3.7805057
TCCATCGCAAACGTGG-1_4,-2.015013,6.1897883
TCCATCGCAAGTTCCA-1_4,-4.41034,7.165683
TCCATCGCAATCGTCA-1_5,-3.7895737,8.457295
TCCATCGGTACAACGG-1_5,2.1787868,10.8880825
TCCATCGGTCCAGCAC-1_5,-3.3505688,8.39741
TCCATCGGTCTTGAAC-1_6,3.4227457,7.0642905
TCCATGCAGAAGGCTC-1_1,-2.4748814,4.833477
TCCATGCAGTGCAACG-1_1,-1.8852895,3.0863993
TCCATGCCACTTCATT-1_1,2.7766733,6.652064
TCCATGCCAGGCACTC-1_3,0.97014827,5.7969007
TCCATGCCAGTATACC-1_2,-0.88465315,3.1047218
TCCATGCGTCCCGGTA-1_4,-0.06492919,6.2188497
TCCATGCTCAACCTTT-1_5,-4.849603,8.422445
TCCATGCTCCGAGATT-1_1,-1.8487142,7.562045
TCCATGCTCGACGACC-1_3,-0.6020643,9.709022
TCCATGCTCTGACCCT-1_1,-1.4592167,8.004518
TCCCACAAGCTACTAC-1_2,-1.4521763,10.204075
TCCCACAAGTGAATAC-1_5,-2.8091106,10.094548
TCCCACACAACGCCCA-1_3,0.10269267,3.7774503
TCCCACACACCCTAGG-1_3,-0.1986844,11.5765505
TCCCACACACCTTCGT-1_4,1.9086269,10.924147
TCCCACACACGCGGTT-1_6,-0.8806027,3.5211303
TCCCACACACGGTGCT-1_1,-3.4836705,8.043695
TCCCACACAGAAGCTG-1_3,-0.6050735,3.327187
TCCCACACAGTGTGCC-1_3,-2.6394725,7.9852586
TCCCACAGTATTCTCT-1_1,-0.9248609,8.763725
TCCCACAGTGGATACG-1_5,-4.456908,9.210083
TCCCACATCGCATTGA-1_1,-1.5358081,10.283789
TCCCAGTAGATTAGAC-1_3,-1.9326643,5.1481695
TCCCAGTAGTATGATG-1_3,-1.937712,3.9028115
TCCCAGTCAAACTCTG-1_6,-0.3733483,10.176247
TCCCAGTCAAAGCTAA-1_4,1.0768168,5.213655
TCCCAGTCAATGGGTG-1_6,-1.8994018,6.1741004
TCCCAGTGTCTAACTG-1_1,-5.281548,9.323406
TCCCAGTGTTATCTTC-1_5,-1.241711,3.5223272
TCCCAGTGTTCCAAAC-1_4,-2.457581,6.794983
TCCCAGTTCAATCGGT-1_3,-2.182072,11.061777
TCCCAGTTCACTACTT-1_3,-5.1930137,7.646579
TCCCAGTTCTGAATCG-1_4,-4.820015,5.676875
TCCCAGTTCTGCAGCG-1_3,-4.9029145,8.591584
TCCCATGCAAGAGAGA-1_1,-1.8854661,11.827642
TCCCATGCAATCGAAA-1_5,0.8243358,9.296312
TCCCATGCACATAGCT-1_3,1.35719,7.891063
TCCCATGCATCATTTC-1_4,-4.0719433,6.489844
TCCCATGCATTCAGCA-1_4,-3.4344516,5.209518
TCCCATGGTTAGAAAC-1_3,-0.029819028,9.006396
TCCCATGTCTAAGAAG-1_6,1.6722759,8.843405
TCCGAAAAGGAACGAA-1_3,-3.1542106,11.62441
TCCGAAACACTGCATA-1_1,0.7838058,8.493828
TCCGAAACACTTCATT-1_3,1.6155574,4.0850763
TCCGAAACAGGATTCT-1_1,-2.1670947,6.3108506
TCCGAAAGTATTCCGA-1_1,-1.1141716,8.409653
TCCGAAAGTGTCTTCC-1_1,-1.2388396,5.494699
TCCGAAAGTTTACGAC-1_6,-5.7681413,6.618658
TCCGAAATCAAGCTTG-1_4,-3.1217606,8.18051
TCCGAAATCACAATGC-1_5,-2.767933,8.910312
TCCGAAATCACTACGA-1_3,0.044066027,11.479987
TCCGAAATCCATACAG-1_5,-2.7980173,7.391484
TCCGAAATCCGCTAGG-1_5,-0.9459222,4.8727336
TCCGATCAGAACCGCA-1_2,-2.9645526,8.184834
TCCGATCAGATGAATC-1_3,-1.1366196,5.6385784
TCCGATCAGGGCGAGA-1_2,-1.3778439,6.357382
TCCGATCCACCTCTGT-1_4,2.0086567,6.22295
TCCGATCGTGCAGGAT-1_1,-0.14912072,10.636463
TCCGATCTCAAACCTG-1_1,0.08654537,8.741765
TCCGATCTCATCGACA-1_3,-3.6046014,8.246858
TCCGATCTCCTGGGTG-1_2,-4.697962,6.8365054
TCCGATCTCTGTTGGA-1_1,-2.1638136,7.5513315
TCCGGGACAAAGGATT-1_3,-0.7612165,5.5627737
TCCGGGAGTAACGTTC-1_2,1.9896896,5.4952564
TCCGGGAGTATACGGG-1_3,-5.6088824,6.4335775
TCCGGGAGTCCCAAAT-1_1,-2.234334,4.7247944
TCCGGGAGTGGCTCTG-1_2,-0.73641634,7.6025767
TCCGTGTCATCCGATA-1_4,-4.326239,8.930087
TCCGTGTGTACAAACA-1_5,1.4363748,10.979968
TCCGTGTTCCTCCACA-1_4,-0.57799137,6.0832343
TCCTAATAGATGTAGT-1_1,-1.3030984,7.0781865
TCCTAATAGCTGACAG-1_5,0.95829356,9.436653
TCCTAATAGGACAGCT-1_1,1.6050534,9.246588
TCCTAATAGTAGAGTT-1_1,-5.5126324,6.119953
TCCTAATAGTCAACAA-1_6,1.8012111,8.860397
TCCTAATAGTTACGGG-1_2,-4.8586082,7.6130285
TCCTAATCACACTGGC-1_3,2.7625525,5.073952
TCCTAATCAGATCATC-1_4,-3.3338337,7.9274793
TCCTAATCAGATCCTA-1_2,-1.5616084,6.129963
TCCTAATCATTAGGAA-1_2,-2.5052443,6.635358
TCCTAATGTATCAGGG-1_3,-1.4752265,5.4586163
TCCTAATGTTCGGTTA-1_3,3.0058508,9.915013
TCCTAATGTTCTCAGA-1_3,-3.4696429,8.439202
TCCTAATTCATTGTTC-1_2,0.9886359,5.3833284
TCCTAATTCCGTATAG-1_2,-4.8920507,9.254408
TCCTCCCAGTAAAGCT-1_3,-2.807433,8.318338
TCCTCCCAGTAGGATT-1_4,-2.7935798,3.723499
TCCTCCCCAACCACAT-1_1,0.3945677,9.392296
TCCTCCCGTCACTACA-1_5,0.30896872,8.1849785
TCCTCCCGTCATCGCG-1_2,-1.8576564,9.595064
TCCTCCCGTCCTGAAT-1_2,-1.290589,9.396238
TCCTCCCGTCTCGGAC-1_1,-2.7885165,11.808182
TCCTCCCTCAAGAGTA-1_6,-1.5441513,8.151133
TCCTCCCTCATTGCTT-1_4,-4.4322243,8.366898
TCCTCCCTCCGCACTT-1_6,-5.037979,8.377641
TCCTCCCTCCGGACTG-1_6,-3.7491531,6.954282
TCCTCCCTCTAGACCA-1_3,-2.4539807,6.632212
TCCTCGACACTCATAG-1_3,-0.70388466,8.909749
TCCTCGAGTCGCAACC-1_3,-1.3657991,9.794345
TCCTCGAGTGACACGA-1_4,-1.9575624,11.057496
TCCTCGAGTTCCAGGC-1_5,-3.4726355,8.238616
TCCTCGAGTTCTTGTT-1_3,-3.2231753,5.49573
TCCTCGAGTTTGTTCT-1_5,-2.039082,5.023605
TCCTCGATCGAGAGAC-1_2,-1.4784548,5.66548
TCCTCTTAGAGCCATG-1_5,-3.3076575,4.2314525
TCCTCTTAGGCCATAG-1_5,-3.7526493,9.242384
TCCTCTTAGGCTGAAC-1_6,-3.2956846,5.6702714
TCCTCTTCAATATCCG-1_2,-3.5804396,3.6536126
TCCTCTTCACTTACAG-1_1,2.9555635,4.147252
TCCTCTTCAGCGAACA-1_2,-0.18417716,10.951012
TCCTCTTCATAGCACT-1_1,0.7728489,7.413868
TCCTCTTGTAGGATAT-1_3,-2.7379246,10.372557
TCCTCTTGTAGTCGGA-1_3,-0.39135215,11.922197
TCCTCTTGTCACAGAG-1_5,-1.1733255,6.197509
TCCTCTTGTCGTCGGT-1_6,-1.8822724,10.823431
TCCTCTTGTGCCGTAC-1_3,1.0810951,4.4422393
TCCTCTTGTTACCTTT-1_2,-3.8037505,11.026193
TCCTCTTGTTCTCCCA-1_2,0.04871153,3.6279507
TCCTCTTGTTGTTGTG-1_3,-0.9915362,3.8002667
TCCTCTTTCCTCTAAT-1_6,1.848797,4.08216
TCCTCTTTCTCAGTCC-1_4,-3.7545326,4.7395816
TCCTGCAAGATTCGCT-1_4,-0.91204786,4.6133256
TCCTGCAAGCGCCTTG-1_6,-2.2923903,9.606288
TCCTGCACAAATGGAT-1_2,0.30472437,3.8067472
TCCTGCACAACCGATT-1_4,-0.45755872,6.36561
TCCTGCACACCTATCC-1_2,-3.7032726,6.8749404
TCCTGCACAGAAATTG-1_3,-0.19841573,11.537202
TCCTGCACAGATCCTA-1_3,-3.5022142,4.3935895
TCCTGCACAGTGAGCA-1_5,-2.0107422,3.3062568
TCCTGCAGTCACTCAA-1_5,0.8025661,7.804064
TCCTGCAGTGCGTGCT-1_1,0.14709823,4.2356224
TCCTGCATCAACTGAC-1_5,-1.9303937,3.673298
TCCTTCTAGGATTTAG-1_2,0.430195,7.1660495
TCCTTCTAGTACCCTA-1_1,-3.606091,3.9724574
TCCTTCTCAAGGAGTC-1_1,0.33829015,7.008548
TCCTTCTCACAAATAG-1_2,-0.2854361,5.5757394
TCCTTCTCAGACTGCC-1_5,1.9655216,4.5847764
TCCTTCTCAGCGTACC-1_1,-1.2473733,8.325024
TCCTTCTGTACTGCCG-1_3,0.22097985,8.727414
TCCTTCTGTCGTCAGC-1_4,-0.2001025,3.4534721
TCCTTCTGTGAAGCTG-1_2,0.18169746,7.977765
TCCTTTCAGCCTTTCC-1_4,-1.7385795,5.6176233
TCCTTTCAGGTCCAGA-1_1,-4.2404556,10.486927
TCCTTTCCAGGCTTGC-1_4,0.03918732,10.240783
TCCTTTCGTCGTGATT-1_5,2.929439,6.6568294
TCCTTTCGTTAAAGTG-1_6,-3.8875039,5.927542
TCCTTTCTCACAAGGG-1_3,-0.5193423,9.788516
TCCTTTCTCAGCGGAA-1_4,-1.5812902,10.902839
TCGAACAAGTGGAAGA-1_1,0.8782489,6.2789316
TCGAACACACCAATTG-1_4,-4.112896,8.108672
TCGAACACACGTCGTG-1_1,-2.2051105,3.822633
TCGAACATCAAATGCC-1_5,-2.9312997,3.3032005
TCGAACATCACTTATC-1_4,0.69782275,6.1622314
TCGAACATCACTTGGA-1_2,-2.1171002,8.111721
TCGAACATCGCCCAGA-1_2,-3.8261688,6.1198378
TCGAACATCTGCACCT-1_4,0.48423252,7.2738533
TCGAAGTAGCATGCAG-1_2,0.7307229,5.788396
TCGAAGTAGCGAGTAC-1_1,1.5854187,4.5525618
TCGAAGTAGGTTTACC-1_3,-3.7426271,8.927682
TCGAAGTCACAGCTGC-1_3,-3.4467769,8.876719
TCGAAGTCATACAGCT-1_5,0.3817692,7.3288336
TCGAAGTCATTGACAC-1_1,-1.6051872,6.5822406
TCGAAGTGTCGCATTA-1_6,1.2519203,10.575169
TCGAAGTTCCGCTGTT-1_3,-3.4917896,5.1301203
TCGACCTAGCAACTTC-1_5,0.5080973,5.6059117
TCGACCTAGGACGCAT-1_6,1.8556582,10.33793
TCGACCTAGGTCCAGA-1_4,2.01391,4.013987
TCGACCTCAGACCATT-1_4,-0.7256075,5.9853344
TCGACCTCAGTTCACA-1_4,0.9585976,5.464006
TCGACCTCATTCGGGC-1_1,-2.5227127,4.700455
TCGACCTGTAGAGATT-1_4,-2.2250133,8.548444
TCGACCTGTATCATGC-1_4,2.706532,4.765953
TCGACCTGTCTCCTGT-1_5,-3.7650697,6.8573427
TCGACCTGTTACCCAA-1_2,0.3998456,7.1130943
TCGACCTGTTCGGACC-1_5,-5.269086,7.7536235
TCGACCTTCAATGTCG-1_1,0.6207905,5.4174175
TCGACCTTCCATTTCA-1_5,-2.6580458,8.184911
TCGACCTTCCCTTGTG-1_2,-0.65282494,8.303496
TCGACCTTCCTACACC-1_4,-2.67102,10.107519
TCGACCTTCGCTACAA-1_4,-1.8030101,5.0373354
TCGACCTTCTCGCCTA-1_4,0.45994595,10.982838
TCGACGGAGTCCGCCA-1_5,-3.928697,6.9221144
TCGACGGGTCTACAGT-1_4,-0.18319346,7.4503374
TCGACGGGTGACTGAG-1_4,-0.75800365,11.327484
TCGACGGGTGCATACT-1_2,-5.268585,6.4526525
TCGACGGGTGGTGATG-1_5,-2.466636,8.903247
TCGACGGTCATTGGTG-1_2,-1.0604281,6.138884
TCGACGGTCCACATAG-1_4,-1.1738373,10.682208
TCGACGGTCGCCTCTA-1_6,0.6262542,4.532298
TCGACGGTCTCAAAGC-1_3,-4.1740346,7.2534437
TCGACGGTCTGCTGAA-1_6,0.4201359,8.196514
TCGATTTAGTTGGGAC-1_2,-2.4011834,4.1745253
TCGATTTCAACAGCTT-1_1,-1.9381882,9.47398
TCGATTTCACCTTCCA-1_4,-0.33991885,10.8089075
TCGATTTGTGCATGAG-1_5,-0.056907643,6.8081446
TCGATTTTCGCTTGCT-1_4,0.114776,4.504432
TCGCACTAGATCGACG-1_5,-2.6825752,9.664777
TCGCACTAGCTCTATG-1_3,-1.6456299,11.685735
TCGCACTAGGAGCTGT-1_2,-3.3502219,7.0751624
TCGCACTAGTTCCTGA-1_2,-3.1432416,10.64825
TCGCACTCACTTGAAC-1_2,-0.63520527,10.092475
TCGCACTCAGGTCCCA-1_4,-0.7184312,11.398831
TCGCACTGTCCATACA-1_5,-2.6299484,5.953778
TCGCACTGTCTTCCGT-1_4,4.339253,7.2823873
TCGCACTGTTTACGTG-1_6,-2.9119377,6.298256
TCGCACTTCAAGTCTG-1_1,-2.6340654,3.073799
TCGCACTTCGAGATGG-1_3,-0.9067425,9.900023
TCGCACTTCGCAATGT-1_1,-3.136052,6.1623573
TCGCAGGAGAGACAAG-1_6,1.4206684,8.091865
TCGCAGGAGGTCCGAA-1_6,2.6864936,3.8540843
TCGCAGGAGTATGCAA-1_1,2.2507217,4.4030776
TCGCAGGCAGGGAGAG-1_1,-5.738856,8.885255
TCGCAGGCAGTTCTAG-1_6,-2.5446668,7.513904
TCGCAGGCATACAGGG-1_6,-0.78412926,9.259415
TCGCAGGGTAATGTGA-1_6,2.6893625,6.887911
TCGCAGGGTTTACACG-1_2,-2.881129,6.6384597
TCGCAGGTCGACGATT-1_5,-0.8532159,7.2327566
TCGCAGGTCGGAACTT-1_2,2.9499602,9.588665
TCGCAGGTCTGACGCG-1_2,2.377157,4.568331
TCGCTCAAGAGGGCGA-1_3,-2.7117722,8.654847
TCGCTCAAGGACAGCT-1_2,-2.5890687,8.810392
TCGCTCAAGGACATCG-1_1,1.3171747,7.7295065
TCGCTCAAGTCGTTAC-1_1,-5.2207923,9.790548
TCGCTCACAATTCTCT-1_6,-1.6321952,8.4631195
TCGCTCAGTGTGCTTA-1_3,-1.0744276,8.894209
TCGCTCAGTTGTGTAC-1_5,-4.765213,8.872756
TCGCTCATCGCACGGT-1_3,-0.65528667,9.243599
TCGCTCATCGCCAACG-1_3,0.64199835,6.377486
TCGCTTGAGGGCTGAT-1_5,-2.1760023,10.914833
TCGCTTGAGGTCCCGT-1_4,-4.8412156,8.848039
TCGCTTGCACACAGAG-1_1,-0.1825653,3.719085
TCGCTTGCATCCAACA-1_5,-0.21389711,5.7165895
TCGCTTGCATCTAGAC-1_6,0.5221509,6.92283
TCGCTTGGTGAATGAT-1_5,1.2325585,8.149237
TCGCTTGGTGGGACAT-1_2,-4.2179656,6.0659685
TCGCTTGGTGTACATC-1_5,0.2754876,7.1828313
TCGCTTGGTTCATCGA-1_5,0.1394848,6.868516
TCGCTTGTCACATCAG-1_1,-0.10386773,3.4819992
TCGCTTGTCCACAAGT-1_4,0.14681949,6.4852724
TCGGATAAGCACACAG-1_4,-5.339385,6.246961
TCGGATAAGCACGTCC-1_6,1.0931284,6.205373
TCGGATAAGCCTATTG-1_2,-0.09993435,9.635252
TCGGATAAGGTCATAA-1_4,-3.1488228,4.1447577
TCGGATAAGTTGGGAC-1_3,-0.81791914,6.877635
TCGGATAGTACCCACG-1_6,2.4926987,5.044486
TCGGATAGTGAATGAT-1_5,-1.6637257,3.889913
TCGGATAGTGAGCTCC-1_1,-3.633103,8.050236
TCGGATATCAGTGTTG-1_2,-5.8254404,7.281028
TCGGATATCGTCTACC-1_3,-0.88269705,5.8529143
TCGGATATCTTCCACG-1_3,2.2438076,8.663662
TCGGGACAGATCCGAG-1_2,-3.3540325,10.321056
TCGGGACAGCCGTTGC-1_2,-4.2355695,5.4280767
TCGGGACCACCTGCAG-1_4,-2.1276276,3.4960284
TCGGGACCACTGAATC-1_5,3.1028829,4.50862
TCGGGACGTACAGTTC-1_4,-5.128806,6.9290447
TCGGGACGTCGCACAC-1_4,-0.83405685,6.152928
TCGGGACTCTATTGTC-1_6,-4.6624346,6.3664446
TCGGGACTCTCAGTCC-1_4,-4.9289517,5.454793
TCGGGCAAGCTAATCC-1_4,2.9207928,4.6755657
TCGGGCAAGTAGGCCA-1_3,0.20239818,6.7527995
TCGGGCACAACTCGAT-1_2,-2.3002286,11.765618
TCGGGCACACAGCATT-1_3,-0.8359338,3.742377
TCGGGCACAGAGGAAA-1_3,-3.5321069,3.5347903
TCGGGCACAGCCCAGT-1_2,-2.0865474,10.180825
TCGGGCAGTGCCTAAT-1_5,-2.2562437,7.904731
TCGGGCAGTTGTTGCA-1_5,0.76412874,6.997603
TCGGGCATCTTTCGAT-1_1,0.072424695,10.152146
TCGGGTGAGCATCCCG-1_1,-4.3492517,4.6838746
TCGGGTGCAATGAACA-1_4,-2.60112,7.829397
TCGGGTGCACACGCCA-1_6,2.562686,9.958904
TCGGGTGCACTGCTTC-1_3,0.59592783,11.42577
TCGGGTGGTCATTCCC-1_5,-4.014835,6.5933423
TCGGTCTAGAGGATCC-1_1,-2.1984048,7.9859896
TCGGTCTAGGATTTCC-1_6,-0.037347622,9.620243
TCGGTCTCACCTCTAC-1_3,-3.8828695,5.188081
TCGGTCTCACGTAGTT-1_5,-3.5595598,7.5028315
TCGGTCTCACTGTTCC-1_3,-2.813182,7.880436
TCGGTCTCAGAGTCTT-1_1,-0.5382135,6.168282
TCGGTCTCATCCGCGA-1_5,0.54991317,4.3866744
TCGGTCTTCCCATACC-1_2,-0.13088171,8.598747
TCGGTCTTCCGTTGAA-1_4,-1.6472296,3.8076625
TCGGTCTTCGGCCAAC-1_2,-2.058962,9.193476
TCGGTCTTCTTACTGT-1_5,-0.49089295,3.4174936
TCGTAGAAGCAGTACG-1_4,3.2917016,5.492477
TCGTAGAAGCCGTTGC-1_6,0.42976397,6.8036685
TCGTAGACAACGATCT-1_4,-1.3312352,10.896339
TCGTAGAGTGTTTGCA-1_1,-3.4058793,6.7964764
TCGTAGAGTTGCGGAA-1_3,-0.5089579,6.1685886
TCGTAGATCAAGGCTT-1_1,-2.734897,3.0670009
TCGTCCAAGGAGCTGT-1_4,-2.0373342,3.1996465
TCGTCCACACGTCGGT-1_2,-5.2246614,4.2495427
TCGTCCAGTACTCGTA-1_2,1.3042918,8.527197
TCGTCCAGTAGCGCTC-1_1,-2.3329117,6.3977127
TCGTCCATCATGCGGC-1_5,-4.078394,10.795438
TCGTCCATCCCAGGAC-1_6,-0.94133,5.589804
TCGTCCATCCTTCACG-1_1,0.23753662,8.485186
TCGTCCATCTACTATC-1_4,2.217156,9.690727
TCGTGCTAGTGGTCAG-1_4,-1.9905511,6.657466
TCGTGCTGTCGTTATG-1_3,-2.8645551,4.917932
TCGTGCTGTGCCCAGT-1_6,-2.3965206,8.083685
TCGTGCTGTTTGTTCT-1_5,-3.6852274,7.306296
TCGTGCTTCGATAACC-1_4,0.74502814,10.242403
TCGTGCTTCTATCGCC-1_4,-0.6271518,4.389117
TCGTGCTTCTGATTCT-1_3,-5.177968,7.114591
TCGTGGGAGACGCTCC-1_2,-2.0615978,4.218778
TCGTGGGAGCGCCTCA-1_1,0.7232506,9.368014
TCGTGGGCATCCTGTC-1_3,0.42641532,4.0762672
TCGTGGGGTCGTGGAA-1_6,-0.024162548,3.2391062
TCGTGGGTCACGACTA-1_1,-0.995316,9.23468
TCGTGGGTCTCCCAAC-1_2,-3.513889,5.6639347
TCTAACTAGACCACGA-1_5,-4.4147277,6.688785
TCTAACTCAAGACCGA-1_5,-1.7417313,8.03816
TCTAACTCATGCCGAC-1_6,-3.884821,6.7099295
TCTAACTTCCAATCCC-1_3,0.70710313,8.031759
TCTAACTTCCATCGTC-1_4,-4.1332397,9.613585
TCTAACTTCCGGTAAT-1_2,-1.7807212,4.30754
TCTAACTTCCTTCTTC-1_3,1.7067535,5.614206
TCTAACTTCGACGTCG-1_1,-0.18621916,8.950482
TCTAACTTCTCCACTG-1_4,-2.7240663,3.7788992
TCTACATAGTTGAATG-1_2,-0.79987955,3.6378396
TCTACATCAACCTAAC-1_1,4.2584147,7.11886
TCTACATCACCTAAAC-1_5,-0.41573763,7.820223
TCTACATCAGTCGTTA-1_3,2.4560852,3.9127095
TCTACATGTACATACC-1_4,-1.269162,8.035671
TCTACATGTTTAGAGA-1_3,-2.082618,7.987095
TCTACATTCAGGGATG-1_1,0.30484238,8.5618725
TCTACATTCCGTTTCG-1_3,-2.5365453,8.652058
TCTACCGAGAAACTGT-1_5,-3.4932363,9.71431
TCTACCGAGCTAGTTC-1_3,-2.3336287,4.132844
TCTACCGCAAACTCTG-1_4,1.8181869,10.464772
TCTACCGCAACCAATC-1_4,-1.8401976,10.106588
TCTACCGCAATAGTGA-1_5,-3.4476404,10.336764
TCTACCGCACCTAAAC-1_2,-2.8007455,4.912442
TCTACCGCACGGTCTG-1_1,1.5823851,5.8923383
TCTACCGGTTAAAGTG-1_5,-3.218841,7.005009
TCTACCGGTTGGAGAC-1_2,0.9481221,8.191073
TCTACCGTCACCATCC-1_2,-0.8965981,4.9441586
TCTACCGTCACTGATG-1_2,-6.011659,7.602637
TCTACCGTCAGACCGC-1_3,-4.555629,3.9021268
TCTACCGTCATGCAGT-1_6,-0.5567293,11.490646
TCTACCGTCCAACACA-1_6,-1.6142323,4.9726205
TCTATACAGACCATGG-1_4,-1.6975237,5.2954745
TCTATACAGATGGCGT-1_4,0.65370756,6.7014027
TCTATACAGTAGATCA-1_3,-1.9272277,7.1614003
TCTATACCAATCGTCA-1_4,-1.4006414,10.715566
TCTATACCAATGAGCG-1_5,-2.5158894,8.211986
TCTATACCACGAAAGC-1_5,-5.480302,9.575091
TCTATACCAGAGACTG-1_3,0.34233323,6.9694963
TCTATACCAGTTGAAA-1_1,-3.9544551,5.565571
TCTATACCATGCCGAC-1_6,-5.1839223,8.866003
TCTATACGTCTGCATA-1_1,-3.1507542,6.723657
TCTATACGTTCGAAGG-1_4,-3.300028,7.3646417
TCTATACTCAAATGCC-1_4,-3.166636,4.303346
TCTATACTCATCCTAT-1_3,-3.8397152,5.742165
TCTATACTCGGTTGTA-1_3,-5.919718,6.90243
TCTATCAAGAGGCCAT-1_1,-1.0763041,4.9251356
TCTATCAAGGTTTGAA-1_3,0.5105203,9.368941
TCTATCACACCGCTAG-1_5,-2.998121,7.208691
TCTATCACACGCAGTC-1_4,-2.1154313,4.849875
TCTATCACACTCAAGT-1_3,-4.2963014,6.416339
TCTATCACAGACACCC-1_1,-1.8496732,3.4217503
TCTATCACATCGCCTT-1_2,-5.777331,5.78025
TCTATCACATGACTGT-1_6,0.026078848,9.650887
TCTATCAGTTGCGAAG-1_5,-0.27523273,5.9665236
TCTATCAGTTGTCTAG-1_5,-2.6447413,5.6713266
TCTATCATCAACACGT-1_4,-2.565806,9.942414
TCTATCATCACCACAA-1_1,-3.5322247,5.1167407
TCTATCATCATCTATC-1_3,-1.5771121,4.06522
TCTATCATCTCAATCT-1_6,-1.5070856,9.6440115
TCTCACGAGACAGCGT-1_6,-1.4121416,11.629075
TCTCACGGTTTGTTGG-1_1,-4.081656,6.023401
TCTCACGTCCGTAGGC-1_1,-1.7113664,5.0881534
TCTCAGCAGAGCCTGA-1_2,-0.08821187,6.4233136
TCTCAGCAGCTACTGT-1_3,-0.8625456,10.266376
TCTCAGCAGGCTAGCA-1_6,-0.13365611,3.2836459
TCTCAGCAGGTAAGTT-1_3,-2.7186375,12.021728
TCTCAGCCAATATCCG-1_3,-0.82288843,9.819733
TCTCAGCCACCGCTAG-1_6,0.16100106,10.063416
TCTCAGCCACTAAACC-1_3,-1.3840133,11.355374
TCTCAGCCATCCGAAT-1_1,-0.961744,9.418591
TCTCAGCCATGCACTA-1_6,-3.4888117,7.092003
TCTCAGCGTATCCTCC-1_4,-0.5291415,9.617664
TCTCAGCGTCCTGTCT-1_3,-0.3711751,7.360793
TCTCAGCGTCTCTCCA-1_4,0.2055867,7.6908913
TCTCAGCTCTTACACT-1_4,-2.2940757,6.727955
TCTCCGAAGACTCTTG-1_2,-3.1714318,8.734624
TCTCCGAAGCGAGAAA-1_5,0.4291014,11.455003
TCTCCGAAGTAGCCAG-1_4,-3.7226079,9.772824
TCTCCGACAATTTCCT-1_1,-0.78703487,8.634251
TCTCCGACATCAGCTA-1_1,-4.290926,6.269844
TCTCCGAGTAACCCGC-1_1,-3.58031,5.782136
TCTCCGAGTATGCTAC-1_6,-0.16092919,12.515967
TCTCCGAGTCACCGCA-1_1,0.32465383,4.9429555
TCTCCGAGTCCTTAAG-1_5,-1.2691823,6.2649536
TCTCCGAGTTACGCCG-1_6,-4.1584845,9.909643
TCTCCGATCAAACCTG-1_6,-0.5413728,4.6775913
TCTCCGATCCAAAGGG-1_2,2.5499947,6.6455126
TCTCCGATCCCATACC-1_5,-0.12287253,4.4268827
TCTCCGATCCTTCTTC-1_5,-2.3216078,8.652117
TCTCTGGAGACATAGT-1_6,2.2045674,8.427851
TCTCTGGAGCGTCTGC-1_4,-3.162363,6.6695504
TCTCTGGAGGGCCAAT-1_1,0.762078,8.692876
TCTCTGGCAGGCAATG-1_6,-3.91758,6.099191
TCTCTGGGTTCCTAAG-1_2,-3.1807144,10.006673
TCTCTGGTCCGTACGG-1_5,-0.991683,9.2639885
TCTGCCAAGAACCGCA-1_2,1.1265162,9.060003
TCTGCCAAGACTTCGT-1_6,1.6387088,8.777451
TCTGCCAAGAGAAGGT-1_6,-0.8546829,3.2430243
TCTGCCAAGAGTTGTA-1_5,-5.0796437,7.5709834
TCTGCCAAGCAATTAG-1_1,-2.6465588,7.2699094
TCTGCCAAGCCATTGT-1_4,-3.6735995,7.6900077
TCTGCCAAGGTCTACT-1_6,-3.3676398,7.615755
TCTGCCACAAGAAACT-1_1,-2.3762062,6.4004602
TCTGCCACAATCGAAA-1_3,-4.6265554,10.2797165
TCTGCCACAGAGACTG-1_6,-0.21510686,8.091163
TCTGCCACAGATCCAT-1_2,0.47701806,9.618286
TCTGCCAGTTACACAC-1_6,-2.6975377,4.435897
TCTGCCATCAAGCCTA-1_4,-2.856211,11.785541
TCTGCCATCACGAGGA-1_4,-1.9881186,6.004188
TCTGCCATCCTACGGG-1_5,-0.1743157,3.8243465
TCTGCCATCTGGTGCG-1_1,-3.3292902,5.5353518
TCTGCCATCTGTAAGC-1_2,-4.9225187,5.3054185
TCTGGCTAGGCATGCA-1_5,-0.84755343,6.0729275
TCTGGCTCAGGCATGA-1_6,1.8352537,10.002607
TCTGGCTCAGTATTCG-1_1,0.25270697,9.777602
TCTGGCTCATGAATCC-1_3,1.0903735,9.807375
TCTGGCTGTACGACAG-1_1,-0.3463233,9.383583
TCTGGCTGTACTTCCC-1_1,0.06434778,8.92697
TCTGGCTGTCAAATCC-1_6,4.4162655,6.4511085
TCTGGCTGTCACGTGC-1_6,0.87215406,7.244684
TCTGGCTGTGGTCTTA-1_5,-2.321458,4.2596993
TCTGGCTTCCGTTTCG-1_2,2.1431313,10.121336
TCTGGCTTCGACCATA-1_4,-0.7748174,7.0803375
TCTGGCTTCGATTCCC-1_1,-1.8740115,5.5422835
TCTGGCTTCGTGCAGC-1_2,-3.6837068,8.926749
TCTGGCTTCTTCCACG-1_5,0.7094703,5.5933723
TCTGTCGAGAATAGTC-1_5,2.599354,8.241416
TCTGTCGAGACGCCCT-1_1,-2.4914162,5.9913826
TCTGTCGAGGTGCATG-1_4,1.7700032,5.6102386
TCTGTCGCACCTCAGG-1_6,0.8667141,9.680731
TCTGTCGCACTGCGTG-1_6,-1.638084,8.863686
TCTGTCGCAGCTTTGA-1_1,-4.184471,8.83161
TCTGTCGCAGGACAGT-1_2,0.098154,5.3466964
TCTGTCGGTGCGGCTT-1_5,-3.5563896,7.5344763
TCTTAGTAGCATCAAA-1_5,0.17389864,10.255676
TCTTAGTAGCGAATGC-1_4,-0.66786456,11.876685
TCTTAGTCAGTCTCTC-1_4,-4.4500303,5.167898
TCTTAGTGTCGAGATG-1_2,2.7416599,3.7339897
TCTTAGTGTTAACAGA-1_4,0.73719573,3.9229958
TCTTAGTTCTGACGCG-1_3,-5.0498676,5.0746
TCTTCCTAGAAGCCAC-1_4,-2.7942412,11.430836
TCTTCCTAGCAAATCA-1_4,-3.6642566,6.670079
TCTTCCTAGGATGTTA-1_3,-1.5236086,10.1466255
TCTTCCTCAAAGAGTT-1_1,-2.0623999,8.26843
TCTTCCTCATACCGTA-1_5,-1.2278789,4.5274034
TCTTCCTCATATAGCC-1_4,-1.734141,6.0650897
TCTTCCTCATGAATCC-1_5,-0.021704447,7.040932
TCTTCCTGTCACTACA-1_5,-1.9479182,11.43664
TCTTCCTGTCGAGCTC-1_1,-5.0702534,9.904181
TCTTCCTGTGCAATAA-1_3,-1.8507035,4.9935627
TCTTCCTGTGGCTGAA-1_3,-1.2585073,7.184882
TCTTCCTGTTTGCCGG-1_1,-0.2713396,8.701371
TCTTCCTTCATGTCTT-1_2,-3.8649502,4.962707
TCTTCCTTCATTTGCT-1_6,-0.99946064,8.124453
TCTTCCTTCCCTGGTT-1_1,-4.906674,5.6911526
TCTTCCTTCGTCTACC-1_5,-3.8600411,6.5468473
TCTTGCGAGCCTGACC-1_3,-5.2680144,9.560222
TCTTGCGAGTACAACA-1_5,-2.6404014,6.8801627
TCTTGCGCACACCAGC-1_6,-2.7027066,10.589218
TCTTGCGCAGAGGTAC-1_3,-5.2041144,8.9904
TCTTGCGCATTCTTCA-1_5,-4.8390727,7.3897095
TCTTGCGGTATGCTTG-1_2,-4.7246537,9.727676
TCTTGCGGTCTCTCAC-1_4,-0.12165357,7.5435085
TCTTGCGGTGCATTAC-1_1,-1.5679485,3.963442
TCTTGCGGTTAGGCCC-1_2,0.7747683,7.982021
TCTTGCGTCAGCATTG-1_1,-4.230084,8.841605
TCTTGCGTCCCATACC-1_4,-4.2510157,6.4561343
TCTTGCGTCTGCTTTA-1_1,-4.3055353,8.974399
TCTTTGAAGGTACAGC-1_2,-3.7133043,9.859334
TCTTTGACACAATGCT-1_3,-5.0219336,7.3457136
TCTTTGACAGAGTGAC-1_1,-3.563151,7.437611
TCTTTGACAGTTGGTT-1_3,-2.8654695,10.968504
TCTTTGAGTCGCCACA-1_2,-1.1227487,8.04552
TCTTTGATCAGGACGA-1_3,-4.0184455,4.5272765
TCTTTGATCATGACAC-1_6,-2.974727,10.690195
TGAACGTAGACTTCGT-1_6,-4.9174767,9.431188
TGAACGTAGTAGATCA-1_4,-2.2947178,5.135364
TGAACGTCACGTCGTG-1_3,-0.8494536,8.171517
TGAACGTCATGAATCC-1_1,0.9484184,11.0737095
TGAACGTGTCGACTGC-1_1,-3.6956859,5.49978
TGAACGTGTTTCGTTT-1_4,-1.8570713,6.9620733
TGAACGTTCAACGAGG-1_3,-4.162484,10.018837
TGAACGTTCATCACTT-1_4,-4.825678,9.071883
TGAACGTTCATTGCCC-1_5,-0.60042155,4.122819
TGAACGTTCTACCTTA-1_1,-0.7886144,7.615669
TGAATCGAGATCCTAC-1_2,-4.9654956,6.249251
TGAATCGAGTAGTCAA-1_3,-4.830427,5.506087
TGAATCGCAGCCGTTG-1_2,-3.7489753,7.2176037
TGAATCGCATTAAGCC-1_4,-1.5504526,9.208457
TGAATCGTCCCAGGAC-1_6,-3.3041105,6.573574
TGAATCGTCCCGGTAG-1_2,-3.2203898,9.924968
TGAATCGTCCCTCGTA-1_3,-3.526421,5.2263517
TGAATCGTCGATACTG-1_1,-2.1916878,11.763866
TGAATCGTCGCCTAGG-1_1,-2.1978774,5.583362
TGAATGCAGCCTTTCC-1_4,-2.1833704,11.093667
TGAATGCCACCTCTAC-1_2,0.24918048,4.4355445
TGAATGCCAGGAAGTC-1_3,0.6450811,4.4111037
TGAATGCCAGGCACAA-1_2,-0.084355086,7.2426457
TGAATGCGTACCGGCT-1_4,-0.16163114,7.8993154
TGAATGCGTCCAGCGT-1_2,2.2111335,8.801505
TGAATGCGTCGTGATT-1_3,-0.664314,4.3735075
TGAATGCTCTGACCCT-1_1,-4.1766706,8.413371
TGACAGTAGCGTTGTT-1_3,-1.9651695,6.591932
TGACAGTAGTGTAGTA-1_5,-3.0278366,9.837636
TGACAGTAGTTGGACG-1_2,-1.639323,7.030481
TGACAGTCACCAATTG-1_3,-0.21787445,10.51872
TGACAGTTCAATCCAG-1_5,3.4726005,4.1378775
TGACAGTTCCACTTTA-1_5,-4.9470434,5.6817474
TGACAGTTCTATCCAT-1_1,-0.32890344,7.333846
TGACCCTAGGGCAGTT-1_3,0.6862206,8.031618
TGACCCTAGGTCGTCC-1_1,-5.314772,7.561822
TGACCCTAGTAGACCG-1_4,-2.2920787,3.52079
TGACCCTCACAATGTC-1_3,-2.0332878,8.688135
TGACCCTCAGCGTACC-1_2,-0.7526256,10.181913
TGACCCTGTATCTTCT-1_2,-2.6324892,7.4349103
TGACCCTGTATGCTAC-1_1,-0.012748694,5.0790696
TGACCCTTCCGGTAGC-1_5,-4.0770397,5.889211
TGACCCTTCGACGACC-1_2,-1.8793107,4.116115
TGACCCTTCTACCCAC-1_5,-0.59898764,11.547795
TGACCCTTCTCAACCC-1_6,3.0084772,5.213561
TGACCCTTCTTCCCGA-1_1,-4.043089,4.9019837
TGACGCGAGTATGCAA-1_5,-4.960505,8.609377
TGACGCGAGTCATAGA-1_6,-3.024208,3.4450293
TGACGCGCAATGTCTG-1_4,0.37273774,4.3470902
TGACGCGCAGACGCTC-1_1,2.421602,9.1418085
TGACGCGCAGATACCT-1_4,0.8523836,8.658487
TGACGCGCAGGCAATG-1_5,-2.6358285,7.324779
TGACGCGCATCACGGC-1_2,-2.7836645,5.8399186
TGACGCGGTACCCACG-1_5,1.6964271,5.211051
TGACGCGGTATTGGCT-1_3,-1.7765496,8.611836
TGACGCGGTTGATGTC-1_1,-0.4402102,7.9322014
TGACGCGGTTTAAGGA-1_3,-5.011905,5.1605835
TGACGCGGTTTGATCG-1_5,-2.4740455,5.523857
TGACGCGTCCTAACAG-1_5,0.6706038,11.529847
TGACGCGTCGCTTGCT-1_1,1.5920329,5.844939
TGACGCGTCTAGCCTC-1_1,-2.68048,8.876184
TGACTCCAGAGTTGTA-1_6,-5.2616296,9.412928
TGACTCCCACAATTCG-1_3,-4.064051,4.357474
TGACTCCCACATATCG-1_5,0.8382138,9.45143
TGACTCCCACCCGTAG-1_5,-5.8641467,6.3744693
TGACTCCCACGCCACA-1_3,-1.1935657,6.686241
TGACTCCCACTTGTGA-1_1,-2.7194445,6.910752
TGACTCCCAGGAGGAG-1_6,-2.659124,3.848375
TGACTCCCATGACTTG-1_5,-3.100775,3.7459037
TGACTCCCATGGGTTT-1_2,2.211366,4.596284
TGACTCCGTAGCCAGA-1_2,0.25252262,12.28392
TGACTCCGTCTTGAAC-1_5,-3.504339,10.350884
TGACTCCGTTTACGTG-1_4,-1.6373799,7.4472284
TGACTCCTCAGTCCGG-1_1,-0.7370772,9.12747
TGACTCCTCATAGCAC-1_5,-2.9441092,6.913277
TGACTCCTCCACGTCT-1_1,-1.3172865,10.59778
TGACTCCTCGAAGCCC-1_6,-3.4281087,6.4749346
TGACTCCTCGACATAC-1_1,-1.9621853,4.8342457
TGACTCCTCTCTCTTC-1_2,-5.643241,8.234575
TGACTCCTCTGCACCT-1_5,-3.3962948,11.095178
TGAGACTAGCGGCTCT-1_2,2.220574,4.7088947
TGAGACTAGTGCCAGA-1_5,-5.598144,4.2195215
TGAGACTCAGCTTCGG-1_2,-1.4369253,6.1321745
TGAGACTCAGGTCCCA-1_4,0.37816843,8.676375
TGAGACTCATGCCGGT-1_5,2.481333,4.6793537
TGAGACTGTCTGTGCG-1_6,-0.0796372,9.094756
TGAGACTGTTGCTAGT-1_4,3.6034777,4.2075233
TGAGACTTCCATCTGC-1_3,-2.413954,6.2103257
TGAGACTTCCCACAGG-1_5,-1.3518035,3.2927368
TGAGACTTCTTGCAGA-1_4,-3.0719302,3.5498946
TGAGCATAGAGAACCC-1_4,-4.5066414,6.1278605
TGAGCATAGGACAAGA-1_6,-1.2848955,9.578609
TGAGCATAGTGACACG-1_6,-0.9750629,4.669877
TGAGCATAGTGGTGAC-1_5,0.2120676,4.560798
TGAGCATCAAAGGGTC-1_2,-6.160716,6.9297595
TGAGCATCAAGACCTT-1_3,-0.5133887,7.1583557
TGAGCATCACCTCTAC-1_1,1.1253924,4.7609563
TGAGCATCAGACAAAT-1_3,-0.785189,9.498421
TGAGCATCATACCAGT-1_4,-0.19323534,3.9411547
TGAGCATGTATCTCGA-1_5,-5.423268,4.2650948
TGAGCATGTTCTTCAT-1_2,-1.9045155,7.771956
TGAGCATTCGTTGTAG-1_1,1.3646027,6.7231374
TGAGCATTCTCCATAT-1_4,4.3501854,7.203406
TGAGCGCAGAAATCCA-1_6,-0.82999444,10.759627
TGAGCGCAGATCCCAT-1_4,2.0186002,7.229025
TGAGCGCAGGACTATA-1_4,-2.5708365,11.44796
TGAGCGCCAGCGCTTG-1_2,-2.6684775,5.26322
TGAGCGCCATTCCTAT-1_3,-0.38454378,9.903953
TGAGCGCGTTGTCTAG-1_4,1.7299141,7.16457
TGAGCGCTCGCTGTTC-1_3,-5.1374354,8.506417
TGAGCGCTCGGAGATG-1_5,-0.7063709,7.610596
TGAGCGCTCGTAACAC-1_4,-0.47267118,9.380972
TGAGCGCTCTAGAGCT-1_3,-0.68254393,7.9304433
TGAGGAGAGATCCGAG-1_5,-3.5482855,11.1828985
TGAGGAGAGGACACTG-1_1,-2.677783,3.3624866
TGAGGAGAGGATTACA-1_3,0.63454634,7.2772565
TGAGGAGAGGTGCATG-1_4,1.2569681,10.062576
TGAGGAGCAACGAGGT-1_6,-0.7085793,10.042124
TGAGGAGGTATGACAA-1_1,-2.5881333,8.005714
TGAGGAGTCATATGGC-1_4,-5.2168093,7.3745565
TGAGGAGTCTCTATAC-1_3,-2.6136992,8.627379
TGAGGAGTCTGAGATC-1_1,-2.6101296,4.43099
TGAGGAGTCTTCACGC-1_1,-2.5810091,7.8236065
TGAGGGAAGCCAAGGT-1_3,-0.58864415,6.7565217
TGAGGGAAGGTGATCG-1_6,3.4572058,4.296692
TGAGGGAAGTAGTCAA-1_3,-4.473651,10.124834
TGAGGGACAACACACT-1_2,-5.2099595,4.8508835
TGAGGGAGTCAAAGAT-1_2,1.7621218,9.539234
TGAGGGAGTCATCACA-1_4,-2.4845488,5.213674
TGAGGGAGTGAGATCG-1_4,-4.719209,6.885105
TGAGGGAGTGTCTTGA-1_5,-0.7105151,11.952011
TGAGGGATCCTAGAGT-1_5,-1.2477612,6.082069
TGAGGGATCCTATGGA-1_4,0.6645244,10.911357
TGAGGTTAGGTAGTCG-1_5,-3.3659508,10.006622
TGAGGTTCAAGAGGCT-1_3,-0.7429459,5.7228856
TGAGGTTCAGAGGACT-1_2,0.41065207,7.9419775
TGAGGTTCAGGAACCA-1_3,-0.69035655,4.00912
TGAGGTTGTAGGCTGA-1_6,-1.4242107,6.628659
TGAGGTTGTATCGCAT-1_5,0.13787422,11.224176
TGAGGTTGTGCCCACA-1_3,-1.3237399,8.347835
TGAGGTTTCCACGTGG-1_2,4.06087,7.1059017
TGAGGTTTCGAATCCA-1_3,-3.4337375,4.1485877
TGAGGTTTCTCTATGT-1_4,-1.7827971,5.1670747
TGAGTCAAGCAGGCTA-1_1,-2.9299152,5.8398776
TGAGTCAAGCTCGACC-1_4,0.8691356,9.124188
TGAGTCACAACCAACT-1_2,-3.1660373,5.792427
TGAGTCACACAGGATG-1_5,-1.9478744,11.052749
TGAGTCAGTGCCTTTC-1_6,-2.6992228,4.40902
TGAGTCAGTGTCCACG-1_5,0.14908588,7.516876
TGAGTCATCAACTTTC-1_1,-4.241758,6.115709
TGAGTCATCAATCCAG-1_5,-2.128359,4.5016084
TGAGTCATCATTACTC-1_3,-2.6322334,10.487018
TGAGTCATCATTCCTA-1_3,-2.7700138,4.4411116
TGAGTCATCCAACTGA-1_4,3.01579,3.9396386
TGAGTCATCCATTTGT-1_5,-2.0022304,10.257771
TGAGTCATCTTCTTCC-1_3,-3.1364436,5.9089446
TGATCAGAGAATTTGG-1_6,0.19489811,6.915294
TGATCAGAGCACGGAT-1_5,0.9490165,6.1441817
TGATCAGAGGCGTTAG-1_4,-1.3778105,7.18916
TGATCAGCACTACCCT-1_2,-0.50832087,5.7898455
TGATCAGCAGTCAACT-1_2,0.39461395,6.494667
TGATCAGCATTGCTGA-1_3,-3.8065567,11.533876
TGATCAGCATTGCTTT-1_3,1.5572525,10.34713
TGATCAGGTCATCACA-1_5,-1.8082309,9.190718
TGATCAGGTCCAAAGG-1_5,-5.844458,6.399719
TGATCAGGTGCCGTAC-1_2,-1.3567004,10.597604
TGATCAGGTGTGCTTA-1_1,-5.877589,5.7885633
TGATCAGGTGTTCCTC-1_2,0.7622004,8.618523
TGATCAGTCCAACACA-1_2,-1.5156529,3.4947052
TGATCAGTCTCGCTCA-1_4,-2.3401284,7.8137283
TGATCTTAGTTACGAA-1_2,-0.7502662,8.454283
TGATCTTTCGCGTGCA-1_3,0.77906835,7.783451
TGATCTTTCTGGCTGG-1_2,-0.020530622,10.009132
TGATGCAAGTACTGGG-1_1,0.08494221,5.4447575
TGATGCAAGTATGGAT-1_1,-0.024550607,6.669884
TGATGCACATGGAAGC-1_2,-0.4801781,5.7383685
TGATGCAGTCACCACG-1_4,0.28295174,7.3810525
TGATGCAGTGATCATC-1_3,0.7404139,9.666519
TGATGCAGTTCAGCGC-1_2,2.0900972,10.637894
TGATGCATCATCACTT-1_2,0.4924649,6.3120437
TGATGGTAGGTGAGAA-1_3,0.9309041,5.6235685
TGATGGTAGTCAGGGT-1_4,2.5373938,8.1988325
TGATGGTCACCAGTAT-1_4,-5.1301765,9.515822
TGATGGTCACGTAGTT-1_5,-4.3756714,6.7654862
TGATGGTTCATCAGTG-1_3,-4.1024446,9.613641
TGATGGTTCTGCCTGT-1_3,-1.8641526,2.987105
TGATGGTTCTGGGCAC-1_5,-0.7709622,7.5659537
TGATTCTAGAGTAACT-1_1,-5.0993505,7.9743824
TGATTCTCAACGATCT-1_3,-2.6798923,6.8936253
TGATTCTCAATAGGGC-1_1,1.0127137,10.032965
TGATTCTGTGGATCGA-1_6,0.7366691,7.336202
TGATTCTTCGAAGCAG-1_5,1.7796137,8.470911
TGATTCTTCGAGAACG-1_4,-1.0568786,4.2014704
TGATTTCAGAAATTGC-1_5,-1.6814013,9.859997
TGATTTCAGTTGCGCC-1_5,0.1999714,5.4248633
TGATTTCCAAATCCCA-1_4,-3.7769036,5.345186
TGATTTCCACAGTACT-1_6,-0.6554733,8.807021
TGATTTCCACCGTACG-1_5,-3.230495,7.3253417
TGATTTCCACTGAATC-1_2,0.1059708,11.045243
TGATTTCCACTGTTCC-1_1,2.0827138,8.213675
TGATTTCCACTTCATT-1_4,1.0894847,7.2716937
TGATTTCCAGACAAGC-1_6,-3.3497357,3.8457098
TGATTTCCATCGTGCG-1_2,-1.9880749,6.5922956
TGATTTCGTGCTGATT-1_5,-3.6944122,9.100889
TGATTTCGTTGTCATG-1_3,-4.049403,7.8402524
TGATTTCTCACTGATG-1_4,-1.0977561,4.196387
TGATTTCTCCATTGCC-1_6,-1.4048223,6.076445
TGCACGGAGGTCGTAG-1_4,1.1085985,10.580784
TGCACGGCACATATCG-1_3,-3.3727736,3.6854057
TGCACGGCAGTATGAA-1_4,-2.1987689,4.232889
TGCACGGCATTGACCA-1_4,-1.3884748,5.4853325
TGCACGGGTCACTTCC-1_2,0.8285632,4.1560135
TGCACGGGTCGCTTGG-1_2,0.021656165,4.77765
TGCACGGTCACTTATC-1_2,1.9968272,9.885545
TGCACGGTCCATTTCA-1_2,-2.7633605,11.136245
TGCACGGTCGATACTG-1_5,-5.9216247,6.294193
TGCAGATAGAGAGGGC-1_5,-2.7150295,9.0955515
TGCAGATAGCCGATTT-1_4,1.0751766,11.205161
TGCAGATAGTGTAGAT-1_1,0.60419184,6.4792347
TGCAGATCACAATGCT-1_3,-3.2118666,5.147064
TGCAGATCACTCCGGA-1_2,1.4775245,3.93102
TGCAGATCACTGCGAC-1_3,-2.5681956,6.521962
TGCAGATCAGTATGAA-1_4,-0.5453333,6.84466
TGCAGATGTACGCTTA-1_1,-0.04514016,10.704771
TGCAGATGTCGAGTGA-1_4,-5.475396,5.4020886
TGCAGATGTCGTCGGT-1_2,1.019461,11.103651
TGCAGATGTGAGAGGG-1_5,0.56625026,6.6489596
TGCAGATGTTCTCCCA-1_3,-2.2917292,9.490751
TGCAGATTCAAATGCC-1_4,-1.1090314,7.7224627
TGCAGATTCGCAGTCG-1_4,-3.795495,4.228995
TGCAGATTCGTAGAGG-1_2,-0.28569126,4.5318127
TGCAGATTCGTGGTAT-1_5,-1.9606307,4.098316
TGCAGATTCTAAGAAG-1_4,-0.4639274,8.389414
TGCAGATTCTCCATAT-1_3,-2.8883374,7.3235044
TGCAGGCCAAAGGCGT-1_5,-3.8896916,9.969973
TGCAGGCCACCAGTTA-1_1,-2.1204138,3.7004316
TGCAGGCCAGCAGGAT-1_6,0.115665674,5.4107385
TGCAGGCCATGAAAGT-1_5,-2.7611542,7.133297
TGCAGGCGTGGTTCTA-1_6,-4.6052904,8.062498
TGCAGGCTCAAGCCTA-1_2,-0.025130944,7.288112
TGCAGGCTCGGAATTC-1_3,-4.389856,9.203626
TGCAGTAAGTTGCATC-1_4,-0.9676771,8.119926
TGCAGTACAATCTCTT-1_2,-2.3818827,4.4719205
TGCAGTACAATGAAAC-1_1,-1.7373433,6.441246
TGCAGTACACCGTGCA-1_3,-2.761205,5.9686174
TGCAGTACAGGTACGA-1_5,-1.7833478,11.641269
TGCAGTAGTACTGTTG-1_4,-4.2090645,3.7124243
TGCAGTAGTCTCGGAC-1_3,-2.4280665,6.6660724
TGCAGTAGTGAGACCA-1_1,-2.02969,6.674307
TGCAGTAGTGAGGCAT-1_5,-3.532919,10.195371
TGCAGTAGTTGGACCC-1_1,1.1579899,4.7991138
TGCAGTATCCGCCTAT-1_4,-1.8810513,4.2213855
TGCAGTATCGGAATGG-1_2,-5.291331,8.703445
TGCATCCAGCATGCGA-1_6,-2.8914137,7.4676933
TGCATCCAGCCTGAAG-1_1,2.0504005,10.476669
TGCATCCAGTAAAGCT-1_3,0.10852151,5.344875
TGCATCCAGTAGGATT-1_2,-4.5910273,6.765306
TGCATCCAGTGCACCC-1_2,-3.2316914,4.166321
TGCATCCCAAGCTACT-1_5,-4.366702,5.968863
TGCATCCCAGCTCCTT-1_4,-2.5524006,4.3121295
TGCATCCGTATATGGA-1_1,-5.9170775,7.2571707
TGCATCCGTTCGGGTC-1_4,-0.5388305,3.800031
TGCATCCGTTCGTTCC-1_5,-1.0948559,7.702333
TGCATCCGTTGATGTC-1_1,-2.513887,7.887529
TGCATCCTCACTTTGT-1_4,-0.5957759,5.757997
TGCATCCTCAGGTAAA-1_6,-1.6681304,3.1734684
TGCATCCTCGAAGTGG-1_1,1.428277,10.70842
TGCATGAAGACCTCCG-1_4,-2.6034079,8.66233
TGCATGAAGCCTCGTG-1_1,-0.5493922,9.9119005
TGCATGAAGTATGATG-1_4,-4.965777,9.755732
TGCATGACATGCGGTC-1_3,-2.258959,11.656474
TGCATGAGTGCCCAGT-1_4,0.6278283,10.270195
TGCATGAGTGCCGTTG-1_1,0.2826134,5.7822504
TGCATGAGTTAGGAGC-1_6,0.99655724,7.622949
TGCATGAGTTTCGTTT-1_1,-0.22063257,11.655641
TGCCGAGAGGACACTG-1_1,-0.2855031,11.668887
TGCCGAGAGTTAGTGA-1_3,-0.8419022,4.053236
TGCCGAGCAAGCGCTC-1_2,1.5060402,7.9509134
TGCCGAGCATATCTGG-1_6,-2.935068,8.580718
TGCCGAGGTAGGGTAC-1_4,0.1474429,9.958321
TGCCGAGGTTCTTAGG-1_2,-0.91555464,9.613973
TGCCGAGTCCTTCTTC-1_3,-1.6744486,5.202958
TGCCGAGTCGACGTCG-1_2,-0.5217459,10.743922
TGCGACGAGGCCCACT-1_4,-1.8146627,3.8831983
TGCGACGCAACCGACC-1_3,-4.4777746,9.451538
TGCGACGCACTCAGAT-1_2,-0.7291265,8.664409
TGCGACGCATCCGCGA-1_1,0.5640801,10.323846
TGCGACGCATGTGCTA-1_6,-5.1053295,8.778152
TGCGACGGTCGCTCGA-1_4,-4.469363,6.2664037
TGCGACGTCGAGTGAG-1_2,-0.8997084,5.426621
TGCGACGTCTAACGGT-1_4,3.837794,7.1509576
TGCGATAAGAGTCGAC-1_1,1.2559754,7.4512215
TGCGATAAGCCATTGT-1_5,-1.3357078,8.02904
TGCGATAAGTGCACTT-1_6,-1.6267296,8.096669
TGCGATACAACCCTCT-1_4,-3.9409275,4.563522
TGCGATACAGCTGTGC-1_1,-1.9845624,7.716802
TGCGATACAGTCCCGA-1_5,-0.5377706,6.260337
TGCGATACATCAGTCA-1_4,-2.404954,8.68444
TGCGATAGTATGAAGT-1_3,2.5876431,5.2834344
TGCGATAGTTAAGACA-1_4,-3.6341884,10.202806
TGCGATATCCATCTCG-1_5,0.21546513,9.368184
TGCGATATCGCGTTTC-1_2,-2.0206108,7.3529263
TGCGATATCGGCATAT-1_6,-4.5873194,10.06168
TGCGATATCGGCCTTT-1_1,-3.497692,8.88872
TGCGGCAAGGATACGC-1_5,-1.9527171,6.765734
TGCGGCAAGGTGCGAT-1_4,-0.82806927,10.46932
TGCGGCACAATGTGGG-1_3,-3.317213,7.834365
TGCGGCATCATTTGCT-1_1,1.2642472,7.000277
TGCGGCATCGAGAGCA-1_3,-1.6382526,9.327697
TGCGGCATCTCTCCGA-1_6,-1.8735899,8.6892605
TGCGGGTAGACATACA-1_2,-1.1756139,8.150014
TGCGGGTAGGACAAGA-1_5,-2.517925,8.036636
TGCGGGTAGTCATCCA-1_4,2.7547312,5.945889
TGCGGGTCAAATTGCC-1_2,-1.3083607,8.628016
TGCGGGTCAACGAGGT-1_6,-2.6087267,6.974006
TGCGGGTCACTCATAG-1_5,-2.1354594,5.3861585
TGCGGGTCACTGCGTG-1_3,-2.6032903,3.2858174
TGCGGGTCAGGACTAG-1_1,1.962162,6.5008297
TGCGGGTGTTCCGCGA-1_4,-1.6613472,4.458557
TGCTCCAAGCGACTTT-1_6,-3.48218,5.127808
TGCTCCACAATATCCG-1_5,-3.256771,11.539494
TGCTCCACAATGAACA-1_6,-2.3780754,7.956803
TGCTCCACAGGCTTGC-1_6,-4.1089225,5.0308366
TGCTCCAGTACAAAGT-1_2,-3.3762217,7.9688067
TGCTCCAGTAGCTGCC-1_1,0.59722275,6.0086284
TGCTCCAGTGGACCAA-1_3,-1.4442809,7.7097406
TGCTCCATCAAGCGTT-1_1,-0.030535346,9.992256
TGCTCCATCCGATAAC-1_3,-0.86916864,8.531969
TGCTCCATCCTACAAG-1_6,-0.22929518,5.287568
TGCTCCATCCTGTAGA-1_4,0.55769795,7.0901814
TGCTCCATCGAGCCTG-1_4,-2.4665792,4.835535
TGCTCCATCGATACTG-1_1,-3.551119,5.9377217
TGCTCCATCGGTCTAA-1_1,-2.805687,7.143584
TGCTCGTAGGATTACA-1_3,-3.98659,7.901468
TGCTCGTAGGTTCATC-1_6,-5.689595,6.884246
TGCTCGTAGTGCGACA-1_6,0.047645915,4.4981465
TGCTCGTCAATGAGCG-1_2,3.362099,5.556071
TGCTCGTCACTATCGA-1_4,1.1710799,10.452449
TGCTCGTGTCTCACGG-1_1,-1.3857183,10.765923
TGCTCGTGTGCGGCTT-1_6,0.40366036,10.838505
TGCTCGTGTTGCTCAA-1_2,1.2797484,10.777524
TGCTCGTTCATGGATC-1_4,-0.30964094,3.3647277
TGCTCGTTCCGACATA-1_4,-2.648224,11.224232
TGCTCGTTCTCGGTAA-1_4,-5.292167,6.3825383
TGCTGAAAGGATCATA-1_1,-0.783902,9.956027
TGCTGAAAGTACCATC-1_3,-1.6765238,4.558693
TGCTGAAAGTCACTAC-1_2,-2.6324975,5.3604746
TGCTGAACAACTTGGT-1_6,-0.5805241,12.350699
TGCTGAACACATTACG-1_1,-1.8061508,11.004133
TGCTGAACATCTCGTC-1_5,-3.4238243,6.4903393
TGCTGAAGTCGCATGC-1_2,-0.01594571,4.439053
TGCTGAAGTGAATGTA-1_6,-2.316824,7.457326
TGCTGAAGTTTCCCAC-1_1,-1.6009134,5.4512734
TGCTGAATCATAAGGA-1_2,-2.6462502,6.2607727
TGCTGAATCCATTCAT-1_5,-0.6810366,10.399331
TGCTTCGAGGGCCAAT-1_3,0.13673607,5.9782624
TGCTTCGCACTAACCA-1_1,0.82106256,6.9876637
TGCTTCGCAGGCGAAT-1_2,-0.891641,3.0571012
TGCTTCGGTAACCCTA-1_6,-3.3941145,6.6116996
TGCTTCGGTCTTGGTA-1_1,-4.919472,9.446325
TGCTTCGTCATCGCTC-1_3,-3.137021,5.9930525
TGCTTGCAGGTTCACT-1_3,-2.7409413,7.9334984
TGCTTGCCAACTGCTA-1_3,-4.1558404,9.607425
TGCTTGCCAATTCTTC-1_2,-0.44765282,4.790649
TGCTTGCGTAGTCACT-1_5,1.3439339,6.269077
TGCTTGCGTTAAGACA-1_3,-1.3376654,9.02086
TGCTTGCTCGCTCCTA-1_4,-1.1581845,10.160981
TGCTTGCTCTCCAAGA-1_1,0.26717356,11.927751
TGCTTGCTCTTTCCGG-1_4,-1.6118314,4.4630275
TGGAACTAGATTGCGG-1_4,-2.7907557,5.519994
TGGAACTAGGGAGGCA-1_3,-0.8379689,4.1171813
TGGAACTCAAATTGCC-1_3,-1.946273,4.2175574
TGGAACTCACAGTCCG-1_1,-3.2180183,10.593015
TGGAACTCATTGCTTT-1_4,-2.61633,6.751176
TGGAACTGTGTTGCCG-1_5,-2.0983348,3.1410367
TGGAACTGTTGACTAC-1_1,0.6459269,9.97738
TGGAACTTCAGCAATC-1_3,-6.3352337,7.115579
TGGAACTTCGGATTAC-1_5,-2.7506075,5.0351367
TGGAACTTCGGCTCTT-1_3,1.0316839,4.658247
TGGAACTTCTACACTT-1_3,-0.24739242,6.8341837
TGGAGAGCATGACAGG-1_1,-0.5111962,4.456753
TGGAGAGCATGACTTG-1_4,-1.3667191,7.563616
TGGAGAGGTTGGCCGT-1_2,-4.78349,6.0211725
TGGAGAGGTTTAGAGA-1_1,-2.4296532,10.560492
TGGAGAGTCAGCAGAG-1_2,-1.7252808,4.401758
TGGAGAGTCAGGTGTT-1_4,-0.6319298,8.878345
TGGAGAGTCTAGGCAT-1_3,-0.9501946,8.307922
TGGAGAGTCTTGGAAC-1_1,-5.129606,6.1081367
TGGAGAGTCTTTGCTA-1_2,-2.7322092,10.107465
TGGAGGAAGCCTTGAT-1_4,2.2096972,5.540101
TGGAGGACAAGAGGCT-1_5,0.895317,5.583358
TGGAGGACAGCTGAAG-1_3,-3.060709,4.1304574
TGGAGGACAGGTTCAT-1_6,-2.6602383,5.2467394
TGGAGGACATAAGATG-1_3,1.6588984,8.003923
TGGAGGACATCACCAA-1_1,1.5099589,5.773868
TGGAGGAGTAAGGAGA-1_4,-1.2343689,5.335293
TGGAGGAGTCTACGTA-1_6,0.10839817,7.3568263
TGGAGGAGTTCCCAAA-1_1,1.4662789,10.467721
TGGAGGATCGAAATCC-1_6,0.6986111,3.0581346
TGGAGGATCGACCACG-1_1,0.3638105,10.037031
TGGAGGATCGGACCAC-1_4,-2.3926876,10.171327
TGGATCAAGCCTCTCT-1_4,2.298173,10.323633
TGGATCAAGGACATCG-1_4,-3.9837003,7.2076488
TGGATCACACAACGTT-1_5,-0.5108326,4.5128756
TGGATCACACAATTCG-1_5,0.9356323,6.383565
TGGATCACAGTAGAAT-1_3,1.3660237,6.854647
TGGATCAGTTCTATCT-1_3,2.4199305,6.190762
TGGATCATCTGTAACG-1_5,-0.22933993,5.9864545
TGGATGTAGTGTGTTC-1_6,0.6713031,10.782899
TGGATGTAGTTGAAGT-1_6,-1.1160544,4.944584
TGGATGTCAAGTGTCT-1_4,-0.8067258,3.6968174
TGGATGTCACTAGGTT-1_3,-3.082644,6.0368276
TGGATGTGTACTCGCG-1_4,-0.09116797,11.587724
TGGATGTGTCGATTTG-1_3,-2.8842354,4.875873
TGGATGTGTCGCGTCA-1_6,-2.3198752,9.185261
TGGATGTTCCATCTGC-1_4,-2.136743,5.2420135
TGGATGTTCCGAAGGA-1_5,-2.0486505,3.18197
TGGATGTTCCGGTAGC-1_4,-1.1792432,3.071535
TGGATGTTCGGTAACT-1_4,-0.06592339,4.517358
TGGCGTGAGACTCAAA-1_4,-3.8592587,7.6675434
TGGCGTGAGCAACAAT-1_6,-1.185153,4.709027
TGGCGTGAGCTTTGTG-1_4,-2.6329145,6.257203
TGGCGTGAGGAGGGTG-1_3,-1.5982711,7.3650355
TGGCGTGCACACCGAC-1_6,-1.8528994,4.1864457
TGGCGTGCACGCGTGT-1_1,-2.8782985,6.4943943
TGGCGTGCATTCATCT-1_5,-2.0526114,7.4172416
TGGCGTGGTCCGAAAG-1_5,0.13336292,10.567466
TGGCGTGGTCCTATAG-1_5,0.79288954,8.688353
TGGCGTGTCCCGAATA-1_4,1.4753857,10.216449
TGGCGTGTCGTCAACA-1_4,-3.4042523,8.488108
TGGCGTGTCTACTCAT-1_1,2.0439305,9.395557
TGGGAAGAGAGAGCAA-1_2,4.480113,7.241433
TGGGAAGAGATTGACA-1_2,0.51306915,9.10049
TGGGAAGAGGTACAAT-1_5,-3.9045093,4.61741
TGGGAAGAGTCGCTAT-1_4,-3.4917116,7.9597793
TGGGAAGCAGGCAATG-1_1,-5.7785993,6.047153
TGGGAAGCATGGGAAC-1_4,-2.9215302,3.7415297
TGGGAAGGTATCCCTC-1_3,-3.3812182,10.924527
TGGGAAGGTTAGAGTA-1_6,1.8670887,9.138741
TGGGAAGTCATGACAC-1_1,-0.60085607,10.343278
TGGGAAGTCGAGTCTA-1_3,-3.9141717,9.411571
TGGGAGAAGAAGCCAC-1_1,-5.7816353,6.4914875
TGGGAGAAGTTCATGC-1_4,-2.3538988,9.096876
TGGGAGACAAATTAGG-1_5,-0.8908976,8.100214
TGGGAGACAGCTTTCC-1_4,1.377689,9.237824
TGGGAGAGTCATCAGT-1_5,-0.50788367,4.706462
TGGGAGAGTCTCTCAC-1_3,2.0447803,4.827272
TGGGAGATCGCGTCGA-1_6,-5.111219,5.8866186
TGGGAGATCGTGTTCC-1_6,-3.6644926,6.676105
TGGGAGATCTAGACCA-1_6,1.6635555,8.828338
TGGGATTAGCCATTGT-1_1,-5.3051453,9.089186
TGGGATTAGTTTGCTG-1_5,-1.7057137,7.257036
TGGGATTCACCTTCCA-1_1,-1.0731246,7.631885
TGGGATTCAGTTAGGG-1_6,1.510352,7.1084094
TGGGATTGTAGTGGCA-1_4,-0.103496775,6.3698564
TGGGATTGTATCGCTA-1_1,0.3234447,7.305848
TGGGATTGTCTCTCTG-1_4,0.5933481,9.23607
TGGGATTGTGGTATGG-1_4,-4.4081893,4.6448073
TGGGATTGTTAAGCAA-1_5,0.88629574,10.455878
TGGGATTTCATTCGTT-1_5,-3.2987294,4.7360954
TGGGATTTCGCCTCTA-1_1,0.021665242,5.6991935
TGGGATTTCGGATTAC-1_3,0.8913227,8.292609
TGGGCGTAGGATGTTA-1_4,-0.11032332,7.156851
TGGGCGTAGTCTCGTA-1_6,4.731823,6.2993526
TGGGCGTAGTGGTGGT-1_1,0.6952685,9.43016
TGGGCGTCAGAGTGAC-1_5,-3.585254,9.035873
TGGGCGTCAGTACTAC-1_3,-2.453402,3.3109899
TGGGCGTCATCCTCAC-1_3,-2.69539,11.2480345
TGGGCGTGTCCACGCA-1_4,0.25517553,10.203207
TGGGCGTGTGTTTGCA-1_3,-3.2616062,6.517203
TGGGCGTTCACAACCA-1_2,-5.4006677,6.0070004
TGGGCGTTCCTTGGAA-1_5,0.48463064,4.886557
TGGGCGTTCCTTTGAT-1_5,-5.3080835,6.000818
TGGGCGTTCGAGCCAC-1_3,-1.921109,7.9932284
TGGGCTGAGGATAATC-1_3,2.6037796,9.578025
TGGGCTGAGGCCATAG-1_1,-3.891095,5.3707075
TGGGCTGCAACCAATC-1_1,-2.921848,11.636685
TGGGCTGCATCCCGTT-1_3,-1.5082158,11.442956
TGGGCTGGTACGTACT-1_3,-4.2695026,8.679783
TGGGCTGGTAGGAGGG-1_2,-4.691125,4.3056483
TGGGCTGGTCTCTCTG-1_2,0.24128206,5.4439073
TGGGCTGGTGGCTCTG-1_2,-2.2601538,10.719035
TGGGCTGGTTTCGTAG-1_2,-4.796351,7.256713
TGGGCTGTCAATCCAG-1_4,-1.4795713,10.358588
TGGGCTGTCATGCATG-1_1,-0.3416837,9.041364
TGGGCTGTCGCAGTTA-1_5,3.0548005,4.2598906
TGGGTTAAGCGAACTG-1_2,0.8563465,6.883952
TGGGTTAAGCTGGCCT-1_4,-0.699687,3.2019901
TGGGTTACAAGTGGCA-1_1,-1.0459812,6.5538626
TGGGTTACACTGGCGT-1_4,-3.5858574,4.731062
TGGGTTACAGCACAGA-1_3,-0.9891195,8.584459
TGGGTTACAGCCGTTG-1_2,-5.9263477,6.639099
TGGGTTACAGTTCTAG-1_5,-5.8766537,8.203188
TGGGTTAGTATACGGG-1_1,-0.9561028,3.456558
TGGGTTATCTCTTGCG-1_1,-5.6404176,7.1481085
TGGTACAAGCCGTTGC-1_2,-4.1276317,6.6110187
TGGTACACACACCAGC-1_4,-3.0759938,7.7015023
TGGTACAGTCAACACT-1_4,-1.2405566,5.418873
TGGTACAGTGAGCGAT-1_4,-0.40158936,6.4075804
TGGTACAGTGTAAATG-1_5,-4.660575,7.9619856
TGGTACATCCGTTGGG-1_4,2.0966778,6.564619
TGGTAGTAGAAACTGT-1_5,-4.269348,8.689592
TGGTAGTAGCGTCTCG-1_6,-3.0416968,6.2439885
TGGTAGTAGTCTGGAG-1_3,0.10236582,4.053343
TGGTAGTAGTGATCGG-1_3,-0.1704282,12.5300455
TGGTAGTCAAGTCATC-1_5,-4.06673,6.2795343
TGGTAGTCAGTAGAAT-1_4,-0.70407695,4.318711
TGGTAGTCAGTTTGGT-1_1,-5.2582755,7.751266
TGGTAGTTCACCTCAC-1_5,-1.2237931,10.585215
TGGTAGTTCATTATCC-1_1,0.0490291,8.646646
TGGTAGTTCCATCGTC-1_2,-4.3194714,5.647328
TGGTAGTTCGATACTG-1_4,-1.7959594,6.095951
TGGTAGTTCGCTTACC-1_3,0.5472926,7.391009
TGGTGATAGCTGTACT-1_1,1.0717751,10.135954
TGGTGATCAGTAGTGG-1_4,-1.2476784,11.086691
TGGTGATCATCGTTCC-1_4,2.2461402,6.1491857
TGGTGATTCAGTCACA-1_5,-3.3658035,10.774953
TGGTGATTCGTAACAC-1_5,-3.4918518,8.671311
TGGTGATTCTCTATAC-1_5,-4.7546053,6.122598
TGGTTAGAGTTGCTCA-1_1,-1.3976091,9.827511
TGGTTAGCACACGGTC-1_3,-1.8932106,6.301787
TGGTTAGCACTGGATT-1_4,-0.43298328,5.000561
TGGTTAGGTAACACGG-1_6,-2.808913,3.435195
TGGTTAGGTCGATGCC-1_3,-4.4914837,7.0555034
TGGTTAGTCAGAGCAG-1_2,-2.4655135,8.347339
TGGTTAGTCCATCTCG-1_2,0.0844544,9.275168
TGGTTAGTCTAGTTCT-1_2,-5.558353,6.8603845
TGTAACGAGCGCATCC-1_3,-3.4998965,10.490525
TGTAACGAGCGGCTCT-1_3,-5.993006,6.210493
TGTAACGAGCTGTTCA-1_5,-4.6275024,4.8195662
TGTAACGAGGCGCTCT-1_4,-0.92323434,7.219769
TGTAACGAGGTTATAG-1_6,-1.483522,9.136361
TGTAACGCAATCTCGA-1_3,-2.125264,4.7394404
TGTAACGTCGGCCTTT-1_2,-3.3194091,3.028156
TGTAACGTCGGCTTGG-1_4,-4.677185,5.9662285
TGTAACGTCTAGGCAT-1_3,2.2043252,10.006536
TGTAAGCAGTGCACTT-1_4,-0.66463155,6.13796
TGTAAGCCACTTCATT-1_6,-1.6540927,4.2900553
TGTAAGCGTAGAGCTG-1_4,-0.484741,8.84796
TGTAAGCGTGAGACCA-1_4,-5.7457643,8.52474
TGTAAGCGTGCGTTTA-1_6,-1.6168394,6.7941017
TGTAAGCTCAACGAGG-1_3,-1.4020984,8.36493
TGTAAGCTCAGCAATC-1_1,-2.415667,9.636912
TGTAAGCTCCGCACTT-1_1,0.43421885,4.5968456
TGTAAGCTCGTTAGAC-1_5,0.57159597,9.020135
TGTAAGCTCTTGAACG-1_6,-3.1238122,7.41135
TGTACAGGTCCAGAAG-1_5,-0.6215898,7.286373
TGTACAGTCCCAGGAC-1_1,-3.2645512,9.5032
TGTACAGTCCCGTTGT-1_4,-0.9540873,5.604873
TGTACAGTCCGTGTGG-1_3,-1.7435113,7.3935
TGTACAGTCGGCCTTT-1_5,-4.7439804,4.9910808
TGTAGACAGACTACCT-1_3,-1.2052732,8.9552355
TGTAGACAGCCTCACG-1_5,2.4747303,10.151491
TGTAGACAGCGTCGAA-1_4,-3.2611697,4.64833
TGTAGACCACGAGGTA-1_1,-0.69285893,9.279305
TGTAGACCACTTCATT-1_3,0.91761106,7.3550153
TGTAGACGTCACGTGC-1_6,0.61114776,9.605312
TGTAGACTCCTCTCGA-1_3,-0.09272693,6.672886
TGTAGACTCGTGGCTG-1_3,-1.3575642,11.781322
TGTAGACTCTTCGCTG-1_4,-4.7163987,10.417539
TGTAGACTCTTCTAAC-1_1,1.2159384,7.6046257
TGTCAGAAGCAACAGC-1_1,0.90847766,5.0009046
TGTCAGAAGTATCCTG-1_5,-3.9844806,6.0933204
TGTCAGAAGTGCTCGC-1_6,0.52546424,9.142623
TGTCAGAAGTGGATTA-1_1,-0.2613292,5.253682
TGTCAGACAATCTCTT-1_6,-0.44269836,8.318744
TGTCAGACACACTTAG-1_1,-4.157558,3.714301
TGTCAGACACGGTGCT-1_2,-0.17021309,9.158436
TGTCAGACAGTCGAGA-1_1,-2.722609,6.2831254
TGTCAGATCACCTCAC-1_4,4.4144464,7.238279
TGTCAGATCTCGGCTT-1_6,2.0894554,9.940222
TGTCCACAGGGACAGG-1_3,1.7534523,6.677698
TGTCCACCAAGTAGTA-1_4,0.49257028,5.9552155
TGTCCACCACTGCATA-1_5,-1.6663438,6.231425
TGTCCACGTGAGAGGG-1_2,2.4219348,4.915713
TGTCCACTCACCTCAC-1_2,-1.5786133,5.7484245
TGTCCACTCAGCGCAC-1_4,-3.9677272,5.89005
TGTCCCAAGACCATGG-1_5,-2.1768186,8.020824
TGTCCCAAGCTCGACC-1_4,-4.411828,7.280814
TGTCCCAAGTCATGCT-1_6,-1.9616866,4.889384
TGTCCCAAGTGAGTGC-1_5,-1.3051472,3.5999863
TGTCCCACACTCTGCT-1_2,0.34851745,5.2506785
TGTCCCACACTTACAG-1_3,3.2328768,4.5582
TGTCCCACAGCTGTGC-1_4,1.5461843,6.6982207
TGTCCCAGTATGGGAC-1_2,-0.25951102,5.876964
TGTCCCAGTGAGTGAC-1_4,-5.8939686,8.055069
TGTCCCAGTGTCGCTG-1_5,-0.37095875,6.203627
TGTCCCATCACGTCCT-1_2,2.1076462,9.324161
TGTCCCATCATAGACC-1_3,0.65162367,4.6584454
TGTCCCATCTTAGTTC-1_2,-1.0741557,12.315387
TGTCCTGAGAAGGGAT-1_5,-1.6595005,7.520059
TGTCCTGAGAGGCGTT-1_4,0.7498511,4.8185997
TGTCCTGAGGTAAAGG-1_4,-2.0355492,5.898232
TGTCCTGAGGTAAGAG-1_1,0.99710596,10.115855
TGTCCTGCAAACCACT-1_4,-5.259988,9.445132
TGTCCTGCAGTGCCTG-1_2,-2.619934,9.641114
TGTCCTGCATGACAGG-1_6,4.333029,7.1053243
TGTCCTGGTACGATTC-1_3,1.9692931,8.287442
TGTCCTGGTCAATGGG-1_3,-2.5853884,6.84695
TGTCCTGGTTTACTGG-1_2,-3.88814,8.690068
TGTCCTGTCAGTGGGA-1_4,-3.4095955,5.7420483
TGTCCTGTCCACAGGC-1_4,-3.850627,3.84069
TGTCCTGTCCGCGATG-1_4,1.4561757,9.413349
TGTGAGTAGATTGACA-1_3,-4.206843,9.163602
TGTGAGTAGCCTTGAT-1_1,-3.1254306,7.094758
TGTGAGTAGTCGGCAA-1_3,-0.5813254,8.882402
TGTGAGTAGTCTGCAT-1_5,-5.4024963,6.667223
TGTGAGTCAACAGCCC-1_6,-0.7136336,5.3253894
TGTGAGTGTCCTTAAG-1_1,0.44237277,9.767332
TGTGAGTGTGACGTCC-1_1,-3.1648846,5.24476
TGTGAGTTCAGTCACA-1_5,-1.6822976,10.285888
TGTGAGTTCCGACAGC-1_5,-2.0735312,3.8011885
TGTGATGAGACTCGAG-1_4,1.949461,7.6540947
TGTGATGAGGACATCG-1_2,-1.5801805,5.928678
TGTGATGAGGTTCCAT-1_4,-0.5842624,7.4416504
TGTGATGAGTCTGTAC-1_4,-1.9538003,9.915655
TGTGATGCAATACGCT-1_5,-4.6167226,8.50768
TGTGATGCACCAGGTC-1_3,0.24014372,7.388774
TGTGATGCATAGCTGT-1_4,0.565639,10.815151
TGTGATGGTGCCCAGT-1_5,-4.3523703,9.247104
TGTGATGTCTCCAAGA-1_5,-2.400528,7.442312
TGTGATGTCTGATGGT-1_5,-4.0560455,10.773879
TGTGCGGCAAGACGGT-1_3,-3.1902096,7.755402
TGTGCGGCACAAAGCG-1_3,-2.0402284,5.723973
TGTGCGGCACCGTACG-1_6,0.32098323,7.113973
TGTGCGGCACTCTGCT-1_4,-2.8858232,4.634111
TGTGCGGGTTGGACCC-1_6,-4.632798,9.801649
TGTGCGGTCATGCTAG-1_6,0.32792366,8.331059
TGTGCGGTCTCAGGCG-1_4,-2.396023,7.898267
TGTGGCGAGACTCTTG-1_2,-2.4731984,9.298832
TGTGGCGAGCTGAGCA-1_3,-4.3945084,5.2398396
TGTGGCGAGGTCGTCC-1_3,0.5802285,8.5353775
TGTGGCGCATAGGTAA-1_3,-1.6014049,10.000125
TGTGGCGGTACCGCGT-1_1,-4.4748187,9.494687
TGTGGCGGTAGACACG-1_1,0.037433144,8.298655
TGTGGCGGTATGCTTG-1_4,2.181795,9.972121
TGTGGCGTCGTAGGGA-1_3,-3.261954,6.6940866
TGTGGCGTCGTCAAAC-1_2,-3.5600376,9.479009
TGTGGCGTCTTCACGC-1_6,-0.93275154,11.190447
TGTGTGAAGCGTATGG-1_3,-1.1754717,7.8931565
TGTGTGACAACAACAA-1_2,-3.993492,7.980112
TGTGTGACACTAAACC-1_3,-1.1856276,7.3677917
TGTGTGAGTCAAGTTC-1_2,-0.5981036,5.5380588
TGTTACTAGAGTTGCG-1_4,-1.8072258,5.0751033
TGTTACTAGTTGGCTT-1_5,1.5349575,11.064403
TGTTACTCAACGTTAC-1_4,-0.83702224,3.8305163
TGTTACTCAACTCGTA-1_1,-1.066448,4.281006
TGTTACTCAAGACAAT-1_4,-2.455377,6.307602
TGTTACTCACACCGCA-1_1,-1.9787186,7.087534
TGTTACTCAGCACAGA-1_4,-3.0512757,8.331448
TGTTACTGTGCATTTG-1_2,0.3808554,11.722129
TGTTACTGTTGCTCGG-1_1,-1.692836,4.737622
TGTTACTTCAGAGTGG-1_2,-4.7474394,9.096064
TGTTACTTCGGTCAGC-1_3,1.6474912,9.6390915
TGTTCATAGTAGGAAG-1_2,-1.4620086,4.8538127
TGTTCATAGTCTAGAA-1_1,-3.2541454,11.073423
TGTTCATCATAATCGC-1_6,-0.70091057,7.364139
TGTTCATCATGGAAGC-1_3,-3.664265,4.8868866
TGTTCATGTAGCACAG-1_6,-0.21256843,11.926402
TGTTCATTCACGATCA-1_6,0.8664678,6.604314
TGTTCATTCCTTCTTC-1_3,-1.6930823,10.607387
TGTTCCGAGGCCCGTT-1_5,0.3110204,8.709212
TGTTCCGAGGTATAGT-1_4,-0.32582325,7.516507
TGTTCCGCAACTTGGT-1_6,1.7855586,10.286803
TGTTCCGCACAAGCTT-1_5,-1.9666299,8.102878
TGTTCCGCACCAGGTC-1_5,-2.1957223,9.049606
TGTTCCGGTACCGTCG-1_5,-1.7105846,4.3964562
TGTTCCGGTAGCGTCC-1_5,-3.190974,3.2591166
TGTTCCGTCGCTTGCT-1_3,2.27144,4.464541
TGTTCCGTCTCACTCG-1_5,-0.03403021,9.600866
TGTTCCGTCTGTCGCT-1_5,-0.9129391,4.2495866
TGTTCTAAGCAGTACG-1_2,-6.2588615,6.936341
TGTTCTAAGGGACAGG-1_5,-0.24699618,8.69654
TGTTCTACAGCTGTCG-1_2,-2.530498,8.2685375
TGTTCTATCACAGAGG-1_3,-1.4316163,6.4812016
TGTTCTATCCGAGCTG-1_6,-3.356152,3.5797987
TGTTCTATCGGTAACT-1_5,-0.64912796,10.380338
TGTTGAGAGACTGTTC-1_5,-4.981241,7.9003053
TGTTGAGAGATAGTCA-1_1,-3.9514518,10.079448
TGTTGAGCAGAGGACT-1_4,-0.9015591,7.67936
TGTTGAGCATCGGAGA-1_6,2.929251,7.123571
TGTTGAGGTCATAACC-1_4,-1.6161314,10.734935
TGTTGAGGTCTACAGT-1_2,-2.2722714,8.65972
TGTTGAGGTGTCGATT-1_3,-0.48374707,8.057876
TGTTGAGTCAGGGATG-1_6,1.3983549,6.1637697
TGTTGAGTCTCCGAGG-1_1,-2.2820082,8.354475
TGTTGAGTCTCTCTTC-1_4,-0.6585217,3.1658974
TGTTGGAAGCCAACCC-1_5,1.659273,6.8183846
TGTTGGAAGCGTTAGG-1_2,-1.9790473,9.690688
TGTTGGAAGCTCCATA-1_6,-2.2746973,4.287141
TGTTGGAAGGCGTTAG-1_5,-3.13288,4.0295033
TGTTGGACAAAGCTAA-1_1,-0.031555444,5.1983685
TGTTGGACAAATCAAG-1_1,0.952284,8.787949
TGTTGGACAATCCTTT-1_4,-0.20990916,4.8962073
TGTTGGAGTGTGCTTA-1_4,-1.4033513,7.343633
TGTTGGATCTTGGGCG-1_5,-2.3228571,7.043088
TGTTTGTAGTAGCTCT-1_2,0.8295316,9.694997
TGTTTGTCACAATGAA-1_2,-2.964954,5.717194
TGTTTGTCAGCAGATG-1_1,-1.546724,6.7305274
TGTTTGTCAGTGGTGA-1_4,-1.0624053,3.256585
TGTTTGTGTGGTAATA-1_4,-1.5180192,11.526048
TGTTTGTTCCCAATAG-1_5,-0.8332904,11.957042
TGTTTGTTCCTAAGTG-1_1,-0.23589495,4.322661
TGTTTGTTCGACGATT-1_1,1.601081,10.114868
TGTTTGTTCGGACAAG-1_3,-2.323772,6.515366
TTAATCCAGAATACAC-1_1,-1.2450551,8.44876
TTAATCCAGCGTACAG-1_6,0.54492676,9.608566
TTAATCCAGTTAACAG-1_5,-4.2688556,5.5090938
TTAATCCCACAGTCCG-1_2,2.5978594,6.730736
TTAATCCCAGAGTGTG-1_4,3.082075,3.9958997
TTAATCCGTAGGCAAC-1_2,1.690271,10.846301
TTAATCCGTGTCCATA-1_1,-1.9996533,9.891385
TTAATCCGTGTGTGGA-1_1,-1.8463368,2.8267121
TTAATCCGTTGCCGAC-1_5,-3.586118,7.09493
TTAATCCTCAGACCTA-1_3,-2.6798685,3.4035323
TTAATCCTCCTGTTGC-1_4,-2.3216627,4.278788
TTACAGGAGAATTGCA-1_5,1.913985,5.029942
TTACAGGAGCATCAAA-1_6,-2.174889,4.774221
TTACAGGAGTAAACAC-1_5,-0.12818955,6.9838486
TTACAGGCACTGGCCA-1_2,-2.6554234,4.040508
TTACAGGCAGGGTCTC-1_5,0.9949015,5.0470204
TTACAGGCAGTCTTCC-1_2,-2.1584425,9.387049
TTACAGGGTAACTGCT-1_1,-3.7125995,11.2434635
TTACAGGGTGACTAAA-1_2,-3.675627,8.262826
TTACAGGGTGTGTACT-1_1,-3.9950795,5.82615
TTACAGGGTTAGCTAC-1_2,1.7339562,4.2973313
TTACAGGGTTTCGCTC-1_2,-1.2412027,4.80992
TTACAGGTCAATCGGT-1_4,0.9022793,6.245724
TTACAGGTCAGGAACG-1_2,-0.69191927,7.1189957
TTACAGGTCCACAGGC-1_2,-3.6110532,7.54272
TTACCATAGAAATCCA-1_1,-2.045385,3.7150643
TTACCATAGTCACTAC-1_6,-1.3837382,3.46516
TTACCATCACTTGAAC-1_5,-3.1828406,4.601703
TTACCATGTAGCTTTG-1_1,-1.546836,4.384815
TTACCATGTGGCATCC-1_1,-0.13199663,3.108521
TTACCATTCAACTACG-1_2,0.124192186,10.083635
TTACCATTCCCGAACG-1_1,-0.4822125,11.549418
TTACCATTCCTAGCGG-1_3,0.77038395,5.3750243
TTACCATTCTCCAATT-1_4,-2.7381697,9.7688265
TTACCATTCTGGAGAG-1_4,-1.9626662,5.6485915
TTACCATTCTGGCCAG-1_5,0.9679713,10.364572
TTACCGCAGCACTCGC-1_3,-3.111376,11.8980055
TTACCGCAGCCACCGT-1_5,0.73185927,7.249004
TTACCGCAGGAAAGTG-1_4,-5.503276,6.9358916
TTACCGCAGGTGCTTT-1_5,-0.033366617,12.495347
TTACCGCAGTGTTCCA-1_1,-3.7854502,5.178734
TTACCGCCACACCAGC-1_4,-0.29349807,5.0378747
TTACCGCCACTACCCT-1_4,1.9427694,9.480142
TTACCGCCATACAGCT-1_6,-4.937636,6.6193457
TTACCGCGTACGTGAG-1_3,-4.700837,5.912572
TTACCGCGTACTTGTG-1_4,-1.8959765,10.702684
TTACCGCGTCTGTCCT-1_4,-3.2629378,7.7098937
TTACCGCGTGAATATG-1_5,-3.1039958,7.521335
TTACCGCGTGTGGACA-1_5,-2.922657,4.6636534
TTACCGCTCTTTGGAG-1_3,-1.561252,4.070242
TTACGCCAGAGAATCT-1_4,-0.9318455,6.953931
TTACGCCAGGATTTGA-1_4,0.5654555,6.67791
TTACGCCAGGCAGTCA-1_4,-4.6169667,4.559325
TTACGCCAGGCGTTGA-1_4,-1.3983878,10.2446
TTACGCCAGGTTAGTA-1_6,2.1166906,6.2369895
TTACGCCAGTGGCCTC-1_2,-1.635959,5.054198
TTACGCCCAACATCGT-1_1,-4.089625,6.4787645
TTACGCCCACAGCTGC-1_3,-0.6260502,8.01157
TTACGCCCAGCGGTCT-1_5,-1.3742841,10.6032295
TTACGCCCATAGGTAA-1_2,2.6383827,4.9861393
TTACGCCCATCTAGAC-1_5,-2.3317351,4.910112
TTACGCCCATTGACAC-1_4,-0.91366845,10.200098
TTACGCCGTGAGACCA-1_5,-4.681464,8.091589
TTACGCCGTTCTGACA-1_5,-2.5383434,7.5808725
TTACGCCGTTGGATCT-1_5,-2.815397,6.910337
TTACGTTAGGCTTCCG-1_6,-0.23681873,5.815434
TTACGTTCAAGCGCAA-1_4,-5.767628,7.7939353
TTACGTTCAAGTTGGG-1_1,0.10007375,10.276297
TTACGTTCACTCTGCT-1_6,-3.915613,3.7587261
TTACGTTCATCCTTGC-1_2,-3.5140998,5.9900103
TTACGTTGTGTCCGTG-1_6,-0.93865806,8.837202
TTACTGTAGAACAGGA-1_1,-1.9156481,10.446029
TTACTGTAGCCATTCA-1_2,-2.0260363,6.4505377
TTACTGTAGTATAACG-1_1,2.803416,9.271595
TTACTGTCACAAATCC-1_2,1.0153595,8.643248
TTACTGTCACCTATCC-1_3,-2.9334283,4.605822
TTACTGTCAGCTATTG-1_1,0.7706977,9.1607485
TTACTGTGTCACCCTT-1_4,0.45618272,6.877006
TTACTGTGTGGTACAG-1_2,-0.45135915,8.99602
TTACTGTGTTCGTACA-1_3,-2.199322,11.58024
TTACTGTGTTCTCCCA-1_2,-3.8473442,7.417342
TTACTGTGTTTCGGCG-1_5,2.5215192,3.93016
TTACTGTTCACTGTCC-1_4,-4.262898,7.1081653
TTACTGTTCAGCTTGA-1_1,-3.9569836,6.487593
TTACTGTTCAGTCAGT-1_2,-1.4470652,2.9218771
TTAGGCAAGAGTATAC-1_2,-2.4694283,7.0199876
TTAGGCACAACACGAG-1_4,-2.7969685,2.9762304
TTAGGCACAGCAGTGA-1_2,-0.41964203,9.623298
TTAGGCAGTACGCGTC-1_1,2.0376644,5.880919
TTAGGCAGTCCTGTCT-1_2,-1.0690262,5.504311
TTAGGCAGTTCTCCAC-1_5,-4.4430866,8.501283
TTAGGCATCAAGGAGC-1_6,-0.7797926,5.7132974
TTAGGCATCACCCTGT-1_4,-2.972234,6.6927953
TTAGGCATCCACCCTA-1_6,0.23980363,4.8050284
TTAGGCATCGGCGATC-1_2,-0.11694058,7.994555
TTAGGCATCGTCGGGT-1_4,-1.1290107,3.67655
TTAGGCATCTGTACAG-1_4,-4.1807046,6.268235
TTAGGCATCTTGGGCG-1_5,-1.1312623,5.3257365
TTAGGGTAGACAACAT-1_3,-4.1663313,7.6780143
TTAGGGTAGCGTCTGC-1_3,-0.81775,10.831155
TTAGGGTAGTCTCGTA-1_1,-1.994969,5.5132184
TTAGGGTCATAGATGA-1_1,-1.9605372,4.8858056
TTAGGGTCATGGCCCA-1_2,-3.376932,4.6560907
TTAGGGTCATTAAAGG-1_4,-0.26784468,8.625238
TTAGTCTAGCATACTC-1_3,-2.920533,7.6060987
TTAGTCTAGGGACAGG-1_3,-1.3327184,11.060371
TTAGTCTAGTGCAAAT-1_2,1.0331641,7.8849583
TTAGTCTCAACAGATA-1_3,-4.6635723,8.957579
TTAGTCTCAACTGGTT-1_5,-0.44088647,4.4525595
TTAGTCTCAGCGTAGA-1_6,-5.50674,8.043819
TTAGTCTCATTGTCGA-1_5,-0.63346547,9.593632
TTAGTCTGTAGGATAT-1_3,2.22136,9.809493
TTAGTCTGTCGCTCGA-1_3,-2.3790176,10.490752
TTAGTCTGTGCATTAC-1_2,-2.9696553,6.6894584
TTAGTCTGTTTAGTCG-1_3,-0.9782776,11.729496
TTAGTCTTCTTGGAAC-1_6,0.33946174,12.814473
TTAGTCTTCTTGGGCG-1_2,-3.5893426,9.170689
TTATTGCAGCTCTATG-1_5,-3.5802526,7.52273
TTATTGCAGGTAGCAC-1_4,1.2426109,5.8790545
TTATTGCCACATATGC-1_2,-0.45718318,5.0749063
TTATTGCCACCAGTAT-1_3,0.92897093,9.235364
TTATTGCCAGCAGTCC-1_4,-3.7338545,7.984616
TTATTGCGTGCTTCAA-1_4,-0.68753666,11.011652
TTATTGCGTTGAGTCT-1_6,-2.9416049,7.822452
TTATTGCTCAGCATTG-1_3,1.7111977,6.5579276
TTCAATCAGCCATTCA-1_2,1.302368,7.48301
TTCAATCAGGTAAAGG-1_3,-4.292083,8.528182
TTCAATCAGGTTGAGC-1_5,-1.3018544,10.012022
TTCAATCAGTTAGAAC-1_2,2.7424521,4.7152486
TTCAATCCAAAGGCAC-1_4,-2.3292534,7.5343704
TTCAATCCAAGATCCT-1_6,-3.5587506,9.670803
TTCAATCCACAGACGA-1_2,1.0172338,8.711582
TTCAATCCACTTGAGT-1_4,-2.5291145,6.7583013
TTCAATCCAGATTCGT-1_4,1.4846252,8.633096
TTCAATCTCCGCATAA-1_3,0.118811026,10.071017
TTCAATCTCTAGCAAC-1_5,-0.65478975,5.7549953
TTCAATCTCTTAAGGC-1_4,0.24873897,7.461364
TTCACCGAGAACTGAT-1_6,-0.32035407,9.744654
TTCACCGAGACTGAGC-1_3,-6.0791483,6.6394043
TTCACCGAGCCAACCC-1_1,-4.9030175,5.585303
TTCACCGAGGTGCAGT-1_1,-0.91012794,9.758019
TTCACCGAGGTTCACT-1_5,-4.2128897,7.0160213
TTCACCGAGTGGATAT-1_4,-3.47972,5.092035
TTCACCGAGTGTTGAA-1_4,-1.0400645,11.185798
TTCACCGCAAGACGGT-1_2,-1.2584236,10.76858
TTCACCGCAGGATTCT-1_2,0.6304236,7.2212367
TTCACCGCATCATCTT-1_2,-0.7683942,5.0189176
TTCACCGCATCTGTTT-1_4,-0.26135385,5.2332244
TTCACCGGTCTTGGTA-1_2,-1.7375478,4.6297445
TTCACCGGTGCAAGAC-1_5,-1.3876758,3.274096
TTCACCGGTGGATCGA-1_6,-2.2738147,10.8953
TTCACCGGTTACCCTC-1_2,-0.2990236,4.8986692
TTCACCGGTTGAATCC-1_1,-0.65212435,11.378301
TTCACCGGTTTCTTAC-1_1,-0.3421423,7.586244
TTCACCGTCTCACTCG-1_4,-3.5981328,10.033001
TTCACGCAGCGATGGT-1_4,2.7402067,8.415986
TTCACGCCAATTCTTC-1_2,0.538065,3.761163
TTCACGCCACTGAGGA-1_3,-4.6066146,8.568998
TTCACGCCAGACCCGT-1_5,-0.2973747,3.5504692
TTCACGCCAGGACTAG-1_5,-2.9119682,9.042268
TTCACGCCATGCCGGT-1_2,-0.2543326,10.041502
TTCACGCGTTCCTTGC-1_6,-2.0922208,11.621521
TTCACGCTCACTTGGA-1_4,-0.9820516,7.8934565
TTCACGCTCAGCCTTC-1_4,-0.7097155,5.5273476
TTCACGCTCGACCACG-1_6,-2.6292124,3.9047186
TTCACGCTCGTAGCCG-1_3,-2.3061028,9.747191
TTCACGCTCTAGATCG-1_2,1.8951228,6.117893
TTCACGCTCTAGTGTG-1_2,-2.7698543,7.506671
TTCACGCTCTGGACCG-1_2,-2.4983213,8.371423
TTCAGGACAAACACCT-1_2,0.30146858,4.4019194
TTCAGGACACGGATCC-1_4,-2.2072487,2.9143724
TTCAGGACAGGGTCTC-1_4,-3.0946088,8.176532
TTCAGGACATCTTCGC-1_4,0.64135545,9.973269
TTCAGGACATTGCCGG-1_2,-4.93286,5.059035
TTCAGGAGTACCTTCC-1_5,-3.2046483,6.1687407
TTCAGGAGTGATACTC-1_4,-1.0649468,8.187111
TTCAGGAGTTAGGCTT-1_6,-2.342488,11.831889
TTCAGGAGTTGATGTC-1_6,-5.597833,9.442843
TTCAGGATCCACGTGG-1_1,0.4390226,8.249953
TTCAGGATCTGTCTCG-1_3,-3.7489338,5.6785727
TTCATGTAGGGCCCTT-1_2,-2.40472,6.354953
TTCATGTAGTGCACCC-1_2,-0.18274304,9.746615
TTCATGTCACAAAGTA-1_3,0.010987989,4.755168
TTCATGTCATGGTGGA-1_1,-2.350998,10.358239
TTCATGTGTACACGTT-1_2,-1.5977173,10.038167
TTCATGTGTCTCCTGT-1_5,-2.8563986,4.0929775
TTCATGTGTGGCTAGA-1_3,2.277777,10.5228
TTCATGTGTTACGGAG-1_2,0.22540982,3.6065657
TTCATTGAGAAACTGT-1_3,4.8533,6.879124
TTCATTGAGACCAAGC-1_1,0.57187223,5.7637157
TTCATTGAGATCGCCC-1_3,-0.402088,7.1077805
TTCATTGAGCCTGCCA-1_4,-5.135737,6.435728
TTCATTGAGGCTCAAG-1_1,0.8581485,7.2172422
TTCATTGCAGATGCGA-1_4,0.49635202,5.8276634
TTCATTGCAGTCGCTG-1_5,0.36538795,10.201976
TTCATTGGTCTGCGCA-1_1,-2.2828248,5.2879143
TTCATTGTCCTAGCCT-1_1,-1.3235693,10.289105
TTCATTGTCGCAGTGC-1_6,0.11784576,7.5514665
TTCATTGTCGCTCATC-1_6,0.67731917,5.3079515
TTCATTGTCGGCCTTT-1_3,-2.8438244,5.3354907
TTCCAATAGCCGTTGC-1_3,-1.4886025,8.344873
TTCCAATAGGCCGCTT-1_4,-3.9166682,6.3791027
TTCCAATAGTAATCCC-1_4,-2.9974012,5.4696813
TTCCAATCACACGTGC-1_4,-4.413224,9.870222
TTCCAATCACTTCAAG-1_2,2.407795,9.566471
TTCCAATCATCCTTGC-1_4,-1.2095331,6.9481797
TTCCAATCATGAGTAA-1_4,-3.147535,8.090244
TTCCAATGTACAGAAT-1_4,-2.6527324,4.1846104
TTCCAATGTCCGGATC-1_6,-2.1431496,6.17943
TTCCAATTCATCCTGC-1_6,-0.25582728,8.9801655
TTCCAATTCTCTAAGG-1_4,-1.983988,6.935419
TTCCAATTCTGGCTGG-1_2,0.64267427,10.479087
TTCCAATTCTGTCCCA-1_5,-4.9821987,8.035515
TTCCACGAGACATGCG-1_4,-0.47833022,9.57167
TTCCACGCACAGCTGC-1_1,-4.419155,10.11181
TTCCACGCACCTCTAC-1_2,-3.259033,5.170466
TTCCACGCACGACGTC-1_4,-0.9253288,5.9026012
TTCCACGCATAGTCGT-1_5,-3.16217,6.102968
TTCCACGGTATACCTG-1_2,-1.8752073,7.8045144
TTCCACGGTGCTGCAC-1_4,-1.7419192,11.307928
TTCCACGGTGGATGAC-1_5,-3.3233435,4.858954
TTCCACGGTGTGTACT-1_6,-0.3546946,9.798655
TTCCACGGTTGACTAC-1_1,-0.37885815,4.2324967
TTCCACGGTTGTACGT-1_4,-1.9049381,3.6809359
TTCCACGTCCAAATGC-1_4,-2.9412177,9.644554
TTCCACGTCTATGCCC-1_2,-1.0427309,3.5615668
TTCCGGTAGATTTGCC-1_3,0.94246244,6.6606617
TTCCGGTAGCTCGGCT-1_4,-3.3999894,7.471896
TTCCGGTAGTTGCTGT-1_4,2.2404876,10.502827
TTCCGGTCAAAGGGTC-1_2,-0.40513617,6.416609
TTCCGGTCAAGAGTTA-1_6,-1.3310037,7.1648717
TTCCGGTCACGCCAGT-1_2,-1.8948145,10.6450615
TTCCGGTCACTGTGTA-1_4,-1.2023656,6.7751446
TTCCGGTCATCAACCA-1_5,-2.7097669,3.8857496
TTCCGGTCATTCTCCG-1_4,-1.5093665,4.7222137
TTCCGGTGTACATACC-1_3,-2.4842086,4.274504
TTCCGGTGTCAACCAT-1_4,-4.9910307,4.6430783
TTCCGGTGTCCACATA-1_4,-1.5358158,5.4872246
TTCCGGTGTTCTCCCA-1_2,-1.5404315,7.3625813
TTCCGGTTCGTTCTCG-1_6,-2.3219798,9.945073
TTCCGTGAGGACCCAA-1_2,-1.636863,3.3653877
TTCCGTGAGGATCATA-1_3,0.5071704,7.832778
TTCCGTGAGGTCGCCT-1_5,1.0869673,6.904367
TTCCGTGCAGTTTGGT-1_5,0.29879233,10.829947
TTCCGTGCATTAAGCC-1_4,-0.034450132,8.624925
TTCCTAACAACTGCCG-1_6,1.9383552,7.5454526
TTCCTAACAATACCTG-1_2,-1.5679474,9.765103
TTCCTAACACCAATTG-1_2,2.2935255,5.872557
TTCCTAAGTAGCACGA-1_4,2.2549706,9.930349
TTCCTAAGTGAGGCAT-1_5,-4.068019,5.6560946
TTCCTAATCGCTTTAT-1_4,-2.7108667,3.1972659
TTCCTAATCTTTACAC-1_6,4.701137,6.543418
TTCCTCTAGACCACGA-1_5,-4.3133264,6.2034163
TTCCTCTAGAGCAACC-1_5,-0.27747196,3.3864517
TTCCTCTCAAGTCGTT-1_2,-1.2918988,9.1446495
TTCCTCTCACTCCGAG-1_5,-1.4688288,10.3397045
TTCCTCTCAGGTTCCG-1_6,1.1689744,5.1525064
TTCCTCTGTCTGGTTA-1_4,-1.626736,3.8627224
TTCCTCTGTCTTCCGT-1_5,-1.9663484,7.2347116
TTCCTCTTCAAGTAAG-1_2,-2.5492823,6.9962463
TTCCTCTTCACGAACT-1_4,-1.9646814,10.375118
TTCCTCTTCCACTGAA-1_3,-0.70770395,5.9011416
TTCCTCTTCGCCAGAC-1_1,-0.71983194,7.1643925
TTCCTCTTCTTGAACG-1_5,-1.5693147,6.858552
TTCCTTCAGCCAGACA-1_2,1.5803081,3.8260062
TTCCTTCAGGAAAGAC-1_2,-2.387436,3.4565508
TTCCTTCAGGATATGT-1_2,1.0795993,10.184173
TTCCTTCAGGCTCACC-1_4,0.7459231,7.9873376
TTCCTTCCAACGGCCT-1_3,-4.7276406,7.001147
TTCCTTCCACATTCGA-1_3,-2.9273515,8.742919
TTCCTTCCACGATTCA-1_3,-1.6720183,6.111906
TTCCTTCCAGCGAACA-1_4,0.07271275,6.5838795
TTCCTTCGTCAGCTTA-1_5,-2.0486104,6.978638
TTCCTTCGTCGAGTTT-1_2,-3.1886318,7.37672
TTCCTTCGTGGGACAT-1_4,-0.815465,4.1785398
TTCCTTCGTTGCTCAA-1_4,3.1554468,5.5332885
TTCCTTCTCCCGAGAC-1_2,-2.6379573,9.150881
TTCCTTCTCTGGTGGC-1_1,0.13091317,4.6150346
TTCGATTAGACTTAAG-1_3,0.30315867,7.579847
TTCGATTAGGCCCAAA-1_2,-0.35337123,4.9231386
TTCGATTAGTGGCCTC-1_3,-0.16544926,8.394191
TTCGATTCAAGCGGAT-1_6,-4.6370525,7.5970926
TTCGATTCAGGAGGTT-1_6,-3.2305338,9.601749
TTCGATTCATATCTCT-1_4,-0.918783,5.1945496
TTCGATTGTACTCGCG-1_3,1.3191171,5.1356845
TTCGATTGTTCTCCAC-1_2,0.0015281079,8.53242
TTCGATTTCACCTTGC-1_4,-5.5324397,9.301982
TTCGATTTCAGATTGC-1_6,0.5241978,8.614129
TTCGATTTCGGCTGGT-1_1,-4.9091363,5.933683
TTCGATTTCGTCCTCA-1_1,-3.377917,4.60019
TTCGATTTCGTCTACC-1_6,1.9309688,8.729723
TTCGATTTCTCCCATG-1_5,-4.1756096,8.36088
TTCGATTTCTGCTAGA-1_3,-1.046842,3.43621
TTCGCTGAGACCCTTA-1_4,-0.8972941,11.818582
TTCGCTGAGCCTCACG-1_1,-0.57783276,2.859443
TTCGCTGAGCGCAATG-1_3,0.58528143,8.644372
TTCGCTGAGTAGCATA-1_1,-0.23225065,6.849677
TTCGCTGAGTCATTGC-1_4,-2.9177485,3.3842974
TTCGCTGAGTGCAAAT-1_5,-3.6077604,8.9409075
TTCGCTGCAACCCTCT-1_6,0.19974756,8.47718
TTCGCTGCAGAAGCTG-1_1,-0.6460745,5.9636364
TTCGCTGCATTCCTAT-1_2,-0.9596652,11.865532
TTCGCTGGTAATTGGA-1_3,-0.48031735,8.008052
TTCGCTGGTAGGTCAG-1_5,-3.6747284,11.12216
TTCGCTGGTCCCTCAT-1_5,0.06172538,3.4696548
TTCGCTGGTCGAGCTC-1_3,-4.926707,8.058555
TTCGCTGTCACATCAG-1_3,-2.6428566,6.811362
TTCGCTGTCGCCTATC-1_1,-1.3033915,12.06823
TTCGCTGTCTACGCAA-1_4,-2.9960544,6.6203504
TTCGCTGTCTTACTGT-1_4,-0.9005092,9.430494
TTCGGTCAGCTACGTT-1_2,-4.6518464,10.377235
TTCGGTCAGGATACCG-1_3,-3.5381563,10.427084
TTCGGTCCAAATACAG-1_2,-0.024739152,7.870891
TTCGGTCCACGGTCTG-1_2,-4.6268153,9.681732
TTCGGTCCAGAAGCTG-1_5,-0.22249694,3.3583052
TTCGGTCCAGCTGTGC-1_5,-2.1984093,4.0448866
TTCGGTCGTAGGCTGA-1_5,-2.22827,7.2730036
TTCGGTCGTGACCGTC-1_3,0.88141036,5.63567
TTCGGTCTCCGAACGC-1_3,0.41132894,5.6869082
TTCGGTCTCTCTTAAC-1_1,-0.52250165,12.0628805
TTCTAACAGAGTTGAT-1_5,0.7605517,6.5271673
TTCTAACAGTAGTCTC-1_4,-1.5582825,5.5595617
TTCTAACAGTGACCTT-1_1,-2.007732,5.459
TTCTAACAGTTTGAGA-1_5,-1.572503,5.427276
TTCTAACCAACTGATC-1_2,-1.2432888,8.166829
TTCTAACCACCAGCCA-1_5,-2.216435,4.8948336
TTCTAACCAGCTACAT-1_6,0.70490235,10.645998
TTCTAACCAGCTCGGT-1_4,1.415922,9.329033
TTCTAACCATGATGCT-1_4,-5.248476,8.948955
TTCTAACGTACCGTCG-1_4,-3.1713085,7.1047688
TTCTAACTCAAGCCGC-1_5,-4.1284337,11.144774
TTCTAACTCCCTCGAT-1_3,-0.37005556,6.330178
TTCTAACTCCTCACTG-1_3,0.9095744,7.821034
TTCTAACTCTGCTAGA-1_5,-0.16534898,8.008989
TTCTAGTAGGAGTCTG-1_3,2.1792998,10.227129
TTCTAGTAGGCCACCT-1_2,-5.0597873,5.2430854
TTCTAGTCAAGCGCTC-1_5,0.1880258,11.298755
TTCTAGTCAGACATCT-1_1,-2.1774263,6.1372533
TTCTAGTCAGAGGACT-1_5,-3.233408,10.387232
TTCTAGTCAGCATTGT-1_5,0.70189583,5.385005
TTCTAGTCATTCAGCA-1_4,0.7124852,3.8924963
TTCTAGTGTAGGCTGA-1_5,1.1731501,6.3073716
TTCTAGTGTGAGTGAC-1_3,-1.1345255,11.220967
TTCTAGTTCTATCGTT-1_2,-0.28816923,9.366222
TTCTAGTTCTCTTCAA-1_5,-3.3755896,6.193362
TTCTCTCAGCCTCTCT-1_5,0.87519556,8.458347
TTCTCTCAGCGGTAGT-1_1,-0.9261476,7.024699
TTCTCTCAGTGACACG-1_3,1.4644349,7.770037
TTCTCTCCAACTGAAA-1_2,-1.953665,9.340258
TTCTCTCCAATGAAAC-1_4,-1.744265,10.310682
TTCTCTCCAGGCTCTG-1_2,-1.8296864,6.128128
TTCTCTCGTAGGATAT-1_6,-0.76995426,11.106442
TTCTCTCGTCCAACGC-1_2,-0.22257861,3.486472
TTCTCTCGTGCTCCGA-1_5,0.6151436,5.8809876
TTCTCTCGTTGGGTTT-1_1,-0.2764396,7.68811
TTCTCTCTCATATGGC-1_4,0.020443492,8.241176
TTCTGTAAGAGCAGAA-1_4,2.2352142,9.381502
TTCTGTAAGCGCACAA-1_4,-4.6255546,8.536773
TTCTGTAAGTGGTTAA-1_1,-0.19961625,7.820493
TTCTGTAAGTGTAGAT-1_2,-3.8159397,9.555381
TTCTGTACACAGCTTA-1_2,-3.5696084,8.924098
TTCTGTACAGATTAAG-1_5,-1.3309807,6.6330576
TTCTGTACATCCCACT-1_1,1.7233691,9.736905
TTCTGTAGTCACCTTC-1_1,-1.3750311,4.483681
TTCTGTAGTCGCTTGG-1_6,-3.0867486,4.0706496
TTCTGTAGTCTGATCA-1_1,-1.1128181,2.90029
TTCTGTATCATTGCCC-1_6,-1.7022359,6.5171976
TTCTGTATCTTGATTC-1_5,-1.000366,10.956566
TTCTTCCAGTAGTGCG-1_6,0.92266595,9.774612
TTCTTCCCAAATGCTC-1_2,-3.6138325,6.492406
TTCTTCCCACGTATAC-1_3,-3.3477993,6.935902
TTCTTCCGTTGGTAGG-1_5,-2.6897955,10.594372
TTCTTCCTCAGACCGC-1_3,0.7014033,5.617195
TTCTTCCTCCAAGAGG-1_2,-5.362581,6.045375
TTCTTCCTCCATCTGC-1_5,-1.539561,4.328979
TTCTTCCTCCTGTAGA-1_4,-3.6423273,6.1459374
TTCTTCCTCGCTTAAG-1_3,-1.405551,11.955282
TTCTTCCTCGTCAACA-1_1,-1.4011284,10.895158
TTCTTGAAGAGGTGCT-1_6,-0.7453339,5.6420975
TTCTTGAAGATGCTGG-1_3,-2.668968,10.766556
TTCTTGAAGCGTGCTC-1_4,-1.2719213,6.4668074
TTCTTGAAGCTCTGTA-1_2,1.9845281,10.449312
TTCTTGACAGAGATTA-1_3,-5.081106,5.4130564
TTCTTGACAGCTGTGC-1_3,-2.76133,10.421609
TTCTTGAGTAGGTGCA-1_1,-2.505563,9.209695
TTCTTGAGTGGATCAG-1_3,-4.61136,8.464211
TTCTTGATCCGTGTAA-1_1,-0.88655,11.124713
TTGAACGAGCAGTACG-1_4,-1.5805689,3.5368738
TTGAACGCACTACCCT-1_1,-0.5753785,10.56017
TTGAACGTCAAATGCC-1_4,-2.0650272,3.7721794
TTGAACGTCCCGTAAA-1_2,0.95950514,4.751479
TTGAACGTCGATTGAC-1_5,-0.9367263,11.366418
TTGAACGTCTTAGCCC-1_5,-1.1642551,7.6028366
TTGAACGTCTTCGATT-1_3,-0.49833843,5.5453563
TTGACCCAGAGATGCC-1_1,0.07103907,6.978844
TTGACCCAGCTCGGCT-1_2,-3.9488132,8.606462
TTGACCCAGGGAGGTG-1_2,-1.4729908,2.9105928
TTGACCCCACGAAGAC-1_2,-1.3852448,5.555821
TTGACCCCACTACCCT-1_5,-3.0893521,5.9188004
TTGACCCCATCCGATA-1_4,-3.2348685,4.088588
TTGACCCGTCCATAGT-1_4,-3.5624197,4.571677
TTGACCCGTCTAACGT-1_4,-0.75979114,4.885169
TTGACCCGTTATGACC-1_3,-3.217612,5.001445
TTGACCCGTTCTTAGG-1_5,-1.1390591,11.781357
TTGACCCTCGAAGGAC-1_6,1.6090467,6.1751447
TTGACCCTCTAGCAAC-1_3,-3.1036181,4.821316
TTGACCCTCTGGTGCG-1_4,-2.2712467,3.6834066
TTGACCCTCTTAGGAC-1_3,-2.078044,6.885113
TTGAGTGCAACTGGTT-1_2,-1.0302451,8.040123
TTGAGTGCAATGTCTG-1_6,-3.2111793,9.56796
TTGAGTGCATTCAGGT-1_4,2.2797158,4.8165603
TTGAGTGTCATTCGTT-1_5,-4.103392,8.566651
TTGAGTGTCGTCCTTG-1_2,-0.46039543,7.7177796
TTGATGGAGGCATCGA-1_2,-1.4627606,9.301335
TTGATGGCAAACAGGC-1_1,1.2071228,8.125759
TTGATGGGTTGGACCC-1_6,-1.114069,11.014691
TTGATGGTCGGTGAAG-1_3,-2.5288801,8.054465
TTGCATTAGAACGCGT-1_6,1.5280478,10.345526
TTGCATTAGCTGACTT-1_5,0.31818527,12.954724
TTGCATTCAAGTTTGC-1_2,1.594876,3.5804276
TTGCATTCACTGCTTC-1_1,-2.9043338,11.145927
TTGCATTCAGACTGCC-1_4,-1.6611025,8.927737
TTGCATTCAGTTCCAA-1_5,-1.6580501,12.13371
TTGCATTGTATCTCGA-1_6,-1.183327,10.325003
TTGCATTGTGCATCTA-1_5,2.1911018,7.7605915
TTGCATTTCGAACCAT-1_2,-0.91016406,4.876462
TTGCATTTCGCATAGT-1_2,0.5009469,7.3221865
TTGCATTTCGCATGAT-1_3,-0.8180345,9.643313
TTGCATTTCGCTGCGA-1_1,0.98203534,8.882615
TTGCATTTCTCTTGCG-1_2,-2.792191,4.2569356
TTGCATTTCTGTCGCT-1_4,-2.5094676,3.9441075
TTGCCTGAGCGCACAA-1_5,-1.8384147,8.650361
TTGCCTGAGTAAGACT-1_6,-0.4621472,7.5560436
TTGCCTGAGTCCCGAC-1_1,-4.154126,8.895367
TTGCCTGCAAGTGCTT-1_4,-0.8630791,10.545333
TTGCCTGCAATGAAAC-1_6,-1.127403,3.8547726
TTGCCTGCAGGTTACT-1_4,-2.505964,8.041588
TTGCCTGCAGTCCCGA-1_5,0.44476283,6.567447
TTGCCTGGTCTAGGTT-1_3,-1.0675108,7.7639728
TTGCCTGGTCTTCATT-1_6,-1.5178577,7.669131
TTGCCTGGTGGGCTTC-1_4,-1.0025462,6.813553
TTGCCTGTCACTTTGT-1_5,2.6308,7.6169853
TTGCCTGTCTAAACGC-1_4,2.8950574,6.8005977
TTGCCTGTCTTGGATG-1_1,-0.7396726,7.749867
TTGCGTCAGGTGCAGT-1_3,-2.9158933,5.169239
TTGCGTCAGTCACACT-1_6,1.1485089,10.398769
TTGCGTCAGTCTGGTT-1_6,-2.1962519,9.074425
TTGCGTCCACCATAAC-1_1,0.4977234,7.2390833
TTGCGTCGTACCCGCA-1_1,-0.7685715,7.5215683
TTGCGTCGTCAGGTAG-1_4,0.7678946,7.4382315
TTGCGTCGTCGAATTC-1_6,2.0175774,4.2518864
TTGCGTCTCACAACCA-1_3,-4.971134,7.901718
TTGCGTCTCACGGACC-1_1,2.424679,10.450411
TTGCGTCTCAGAACCT-1_4,-1.1739624,6.5401254
TTGCGTCTCTGGTCAA-1_1,4.582735,6.593194
TTGCTGCAGAACTCCT-1_1,-4.082788,6.8054895
TTGCTGCAGACCAAAT-1_2,-1.1161728,11.351383
TTGCTGCAGCATCCCG-1_6,-1.279167,3.113526
TTGCTGCAGGCTTAAA-1_3,-1.7044972,9.998557
TTGCTGCAGTGCCCGT-1_2,-2.6651013,4.7629356
TTGCTGCCACAACGTT-1_1,-1.9265924,8.7579975
TTGCTGCCACCACTGG-1_6,-1.7730289,5.6865244
TTGCTGCCAGCTACCG-1_5,-4.4195633,7.0517416
TTGCTGCCATTGTAGC-1_5,-0.08182472,3.7498088
TTGCTGCGTGTAGTGG-1_1,-1.908981,8.826518
TTGCTGCTCTATTTCG-1_2,-4.2152286,7.6612277
TTGCTGCTCTTCGGTC-1_1,1.7721678,6.52346
TTGGATGAGATGAAGG-1_6,-3.7447944,5.2680783
TTGGATGAGCGCTGCT-1_2,-1.5931556,9.45249
TTGGATGCAAATGGTA-1_4,-2.9382389,7.750641
TTGGATGCAAGTGCTT-1_2,-1.0249457,4.853586
TTGGATGCAGTTTCGA-1_3,-2.3159502,3.3228378
TTGGATGCATACTGTG-1_1,-3.225945,8.913732
TTGGATGGTACGCGTC-1_5,-5.5605836,4.715608
TTGGATGGTTTACACG-1_3,-3.31068,3.9560819
TTGGATGTCATCCCGT-1_3,-0.23936523,7.321792
TTGGATGTCATGACAC-1_2,-3.3493154,7.4165664
TTGGATGTCCATCACC-1_1,-0.996743,6.255423
TTGGATGTCGCAATTG-1_2,-3.3641863,5.7515635
TTGGATGTCGCAGTCG-1_6,2.5216541,5.6275945
TTGGATGTCGCTTTAT-1_6,1.9736289,10.827884
TTGGATGTCTGTGCTC-1_4,0.051694233,7.172227
TTGGGATAGACGAGCT-1_1,-2.0423331,6.215829
TTGGGATAGGGCAACT-1_4,-3.017792,5.1564837
TTGGGATCAAATAAGC-1_5,-1.2467031,7.4132147
TTGGGATCATGAGAAT-1_4,-2.486861,8.851986
TTGGGATTCCACTGGG-1_5,-2.198624,8.125378
TTGGGATTCGAACGGA-1_3,-1.408067,4.0098424
TTGGGCGCACTCAGAT-1_2,0.43317112,7.993409
TTGGGCGCACTTGGGC-1_2,-2.9488997,8.209233
TTGGGCGCATACGCAT-1_3,-1.7059361,6.3322034
TTGGGCGGTACCATAC-1_1,-3.5134995,10.804696
TTGGGCGGTAGCGTAG-1_1,0.13550632,8.863666
TTGGGCGGTATGAGCG-1_4,1.7152101,7.927688
TTGGGCGGTATTGGCT-1_2,-3.2537777,6.0338206
TTGGGCGGTCACTAGT-1_2,-5.5515513,7.628221
TTGGGCGGTGGGTATG-1_4,-0.8698069,6.0492997
TTGGGTAAGGTCTGGA-1_2,0.215511,8.249972
TTGGGTACACGGTGAA-1_3,-0.48329353,7.685862
TTGGGTACAGACCTGC-1_1,-2.9274862,3.9994068
TTGGGTACAGTCGGTC-1_4,-2.1701846,3.4782045
TTGGGTACATATACCG-1_5,-3.3221774,6.4260488
TTGGGTACATATTCGG-1_2,-2.1343324,4.332581
TTGGGTAGTACTGAGG-1_4,-1.1594698,10.072901
TTGGGTAGTGTTCAGT-1_1,0.539226,4.608098
TTGGGTATCCCTTTGG-1_4,0.64497215,5.739909
TTGGGTATCGCTTACC-1_6,-5.036957,9.288144
TTGGGTATCTTAGTTC-1_1,-2.9949958,3.1357272
TTGGTTTAGCCTCTCT-1_1,-3.5087621,8.177403
TTGGTTTAGTGTTGTC-1_5,2.435271,8.418051
TTGGTTTAGTTCATGC-1_1,-1.1614544,11.533644
TTGGTTTCAATAGTCC-1_3,-1.1465247,4.1991744
TTGGTTTCACGTGAGA-1_3,-3.6133726,5.587188
TTGGTTTCAGACGCTC-1_4,-3.5661745,7.9859543
TTGGTTTCATGACTAC-1_6,-4.6288424,4.1925707
TTGGTTTGTAACAGTA-1_6,-2.2234848,4.8851776
TTGGTTTGTACCTGTA-1_1,-3.6942132,4.839332
TTGGTTTGTACTCCCT-1_5,-1.8023839,9.667564
TTGGTTTGTGCTCTTC-1_1,-4.3094945,6.944949
TTGGTTTGTGGCACTC-1_6,-1.383543,5.619328
TTGGTTTGTGTCATTG-1_4,0.79455596,7.6168175
TTGGTTTTCTTGATTC-1_4,-1.3931828,5.511444
TTGTGGAAGACTTGTC-1_1,-0.66947687,6.0410295
TTGTGGAAGCACTAAA-1_3,2.563467,6.4775476
TTGTGGAAGCTAAGTA-1_5,1.9952935,5.2299213
TTGTGGAAGGTAGCCA-1_2,-5.417538,6.7947607
TTGTGGAAGTCGGGAT-1_5,-3.8342168,10.106934
TTGTGGACACTGGATT-1_5,-2.308781,7.7969213
TTGTGGACAGACAAAT-1_1,-2.2470655,6.2579713
TTGTGGACAGAGGACT-1_5,-0.3740414,7.4927235
TTGTGGACAGGTCCGT-1_4,-3.5045288,6.9595585
TTGTGGACATCGTCCT-1_5,-0.76374704,7.5639496
TTGTGGAGTACGAGCA-1_4,-0.48197487,8.854842
TTGTGGAGTGGCTTGC-1_6,1.7439476,8.095111
TTGTGGAGTTCTCCTG-1_4,-2.6146011,6.1309867
TTGTGGATCAAGCCGC-1_1,-1.6330965,4.87822
TTGTGGATCATGAGGG-1_5,-3.486254,10.977223
TTGTGGATCATGGTAC-1_4,-1.8946037,4.303486
TTGTGGATCTCTATGT-1_6,-1.7723652,9.980174
TTGTGGATCTGGGATT-1_4,2.8585353,4.103458
TTGTGTTAGCGCTTCG-1_5,-2.6526299,7.3561015
TTGTGTTAGCTATCCA-1_2,-2.2066374,4.791769
TTGTGTTAGCTGAAGC-1_1,-1.7078111,10.314411
TTGTGTTCATGACTAC-1_2,-4.8155093,7.2256365
TTGTGTTGTGCATGAG-1_6,0.57810533,3.2887094
TTGTTCAAGCAAGTGC-1_1,-3.2968898,6.6687846
TTGTTCAAGTACCGGA-1_2,1.1838952,4.749898
TTGTTCAGTGTGGTCC-1_4,-2.3978286,3.167286
TTGTTCATCATTACCT-1_5,-2.8728676,4.956854
TTGTTCATCTGGAGAG-1_6,2.0095134,10.609511
TTGTTGTAGCCTCTGG-1_5,-4.225683,7.2818217
TTGTTGTAGCTGGCCT-1_4,0.8966407,10.071037
TTGTTGTCAGCAAGAC-1_3,0.63986796,3.8192008
TTGTTGTCAGCTGTTA-1_2,-0.49512377,10.681421
TTGTTGTGTGTAAACA-1_3,-1.4022949,10.630506
TTGTTGTTCAGACTGT-1_1,-0.80963695,6.5355024
TTGTTGTTCGCTAAAC-1_1,-0.08971544,9.757761
TTGTTTGAGTCGGCCT-1_3,2.947179,4.9049935
TTGTTTGAGTGCGTCC-1_6,0.0050813574,9.214035
TTGTTTGCAAACTAGA-1_3,-4.2153087,7.0570836
TTGTTTGCAACGACTT-1_3,-2.1973884,5.9426494
TTGTTTGCAAGGCGTA-1_2,0.16135952,9.411885
TTGTTTGCACGACCTG-1_3,2.0740333,4.6693616
TTGTTTGCATACCACA-1_6,1.9623823,10.601741
TTGTTTGGTCCAAATC-1_2,-1.5827066,4.6843133
TTGTTTGGTGGGACAT-1_5,-2.1319237,8.834576
TTGTTTGGTTTACGAC-1_6,-2.3712401,3.6696382
TTGTTTGTCATCGGGC-1_4,0.4676386,9.627318
TTGTTTGTCCAGCAAT-1_1,-1.9098266,10.812625
TTGTTTGTCCTACCAC-1_4,-2.9980085,11.763255
TTGTTTGTCTAGTTCT-1_2,-3.2884023,6.6915336
TTTACCAAGAGCCGTA-1_3,-0.04592807,9.141648
TTTACCAAGATACATG-1_4,-0.031724952,3.5779247
TTTACCAAGATGCCGA-1_5,-1.0005631,8.427764
TTTACCAAGCCGATCC-1_5,-0.65640914,7.3860126
TTTACCAAGCGAAACC-1_6,-1.0002055,3.0749633
TTTACCAAGCGGACAT-1_3,-3.04897,10.397035
TTTACCAAGCTTTCTT-1_2,-2.0587661,6.853897
TTTACCAAGTGCGCTC-1_5,-0.8152339,4.721218
TTTACCAAGTTATGGA-1_1,2.3370876,6.011769
TTTACCACAATACCCA-1_4,-2.0770807,8.533176
TTTACCACATCTATCT-1_3,-4.1452985,7.4205313
TTTACCACATGCTGCG-1_3,-3.2215643,4.9290433
TTTACCATCACCTGTC-1_2,-1.7635803,5.171083
TTTACCATCATTTGCT-1_1,-0.09094584,8.540137
TTTACCATCGCAACAT-1_3,-4.6805987,7.9622583
TTTACCATCTGTCGCT-1_1,-1.065929,7.7128005
TTTACGTAGCAATTCC-1_3,-2.4624457,9.016883
TTTACGTCAGCCCACA-1_5,-0.23381098,4.074125
TTTACGTGTATGTCCA-1_4,-4.2885237,4.3567963
TTTACGTGTCAGTCTA-1_3,-4.2195754,10.291014
TTTACGTGTCTTACTT-1_4,-4.755345,6.9290605
TTTACGTTCCCGTGTT-1_4,-2.6300974,9.730836
TTTACGTTCTCAAAGC-1_4,-1.2442908,6.4928536
TTTACGTTCTCACCCA-1_4,-1.721304,6.647013
TTTACGTTCTTCTCAA-1_2,-5.5593157,5.9553895
TTTACTGAGACCTCAT-1_2,-4.4255605,4.833571
TTTACTGAGCACCGAA-1_2,-1.6025001,5.841442
TTTACTGAGCCAAGTG-1_4,2.5130875,9.298519
TTTACTGCACTCACTC-1_4,-2.2782373,9.328527
TTTACTGCAGGTCAAG-1_4,0.36555496,9.303004
TTTACTGCAGTCGGTC-1_4,-5.419108,6.210183
TTTACTGCATATGGCT-1_1,-2.0947332,6.1187224
TTTACTGGTCCAGCGT-1_3,0.0886625,4.98355
TTTACTGGTCTTGCGG-1_5,-4.41715,6.462599
TTTACTGGTGAGATAT-1_6,-0.345062,4.3465424
TTTACTGGTTCCCAAA-1_3,1.0499918,9.320615
TTTACTGTCAAATAGG-1_2,-4.628367,5.1815205
TTTACTGTCAGTAGGG-1_6,-0.48451176,8.185295
TTTACTGTCGCCGTGA-1_4,-0.10345127,7.4793334
TTTAGTCAGATTAGTG-1_4,-0.5166526,12.048021
TTTAGTCAGGTGCTGA-1_1,-0.092539124,8.400798
TTTAGTCCAAATGCTC-1_6,-3.6684027,9.76725
TTTAGTCCAAGACGGT-1_1,-2.117097,10.477127
TTTAGTCGTACTTGTG-1_3,0.070022374,9.676699
TTTAGTCGTGGTCTTA-1_4,-1.4614156,5.9677873
TTTAGTCTCTACGGTA-1_3,-1.9805064,8.524386
TTTAGTCTCTTCCTAA-1_5,-0.6875274,10.741424
TTTATGCAGACCAAGC-1_4,-5.1035013,8.947403
TTTATGCAGACTGGGT-1_2,-0.57679164,4.6019826
TTTATGCAGGTTACAA-1_4,-0.28658465,9.961656
TTTATGCCAACACGTT-1_2,-1.5295205,4.184192
TTTATGCCAGAACTTC-1_3,-2.3859224,6.845987
TTTATGCCAGCTACCG-1_2,0.43823487,13.261527
TTTATGCCAGCTACTA-1_3,0.45148444,4.665049
TTTATGCCATATCGGT-1_3,-0.85549533,9.172996
TTTATGCGTAACGGTG-1_5,-1.2164173,5.292378
TTTATGCGTCGATTTG-1_5,-2.7880585,2.9975123
TTTATGCGTCGCAACC-1_4,0.9906448,6.7467303
TTTATGCGTTTCGTGA-1_5,-5.0120435,9.149074
TTTATGCTCCCAGTGG-1_3,-0.5181934,9.946654
TTTATGCTCGCAGTCG-1_2,-4.9331684,9.908518
TTTATGCTCGCCAGAC-1_2,-2.8505101,10.754742
TTTATGCTCTTAATCC-1_3,0.4867587,8.009249
TTTCACAAGTGGACTG-1_1,2.0700366,7.833612
TTTCACACACACACGC-1_3,1.7592475,8.649366
TTTCACACACACAGCC-1_2,0.015458661,4.982798
TTTCACACACTTGAAC-1_6,-2.3254075,5.54789
TTTCACATCGTCGCTT-1_4,0.5322791,7.564996
TTTCACATCTCGAGTA-1_4,2.3643198,5.3695655
TTTCACATCTCGGCTT-1_5,-0.47077715,4.3271947
TTTCACATCTGCGAGC-1_6,-0.68496037,8.321879
TTTCACATCTTGGATG-1_6,-5.293835,9.877557
TTTCAGTAGACCAACG-1_2,-1.1514935,5.6807103
TTTCAGTCAATAACGA-1_3,-2.9268155,10.65469
TTTCAGTCAATACGCT-1_2,-2.1318705,5.7259173
TTTCAGTCACATTACG-1_6,-2.148762,12.121409
TTTCAGTCAGACATCT-1_4,-1.2747581,4.8718185
TTTCAGTCAGCGGTTC-1_1,0.26225615,7.66288
TTTCAGTCATAAGCAA-1_5,-2.6480155,9.219172
TTTCAGTCATTAGGAA-1_2,-4.232915,8.91103
TTTCAGTTCAACGAGG-1_1,1.965609,6.4514275
TTTCAGTTCCGAGGCT-1_2,-2.0426228,3.3159096
TTTCAGTTCGATACTG-1_4,0.09569157,9.942511
TTTCAGTTCTAAGCCA-1_4,-1.1199117,8.6516285
TTTCATGAGTTACGTC-1_4,2.1919448,4.1826115
TTTCATGCAAGTTCCA-1_3,-1.069771,8.933087
TTTCATGCAGCAGACA-1_6,0.9886849,9.637417
TTTCATGGTCGTGGAA-1_5,-2.4704075,3.2895865
TTTCATGGTCTCTCCA-1_1,-3.1441722,7.8835955
TTTCATGGTTTGCAGT-1_3,-0.478223,8.100098
TTTCATGTCATCGACA-1_1,-0.8778584,9.71275
TTTCCTCAGCTAAATG-1_4,-4.4335613,5.6079206
TTTCCTCAGTACTGTC-1_3,1.7694272,5.6029825
TTTCCTCCACAAGCTT-1_2,-0.3029125,9.532857
TTTCCTCCAGAATCGG-1_2,-0.06566916,5.440017
TTTCCTCCATCCGAAT-1_4,1.1891118,7.300433
TTTCCTCGTAGACTGG-1_1,-3.2364624,7.869701
TTTCCTCGTGAAAGTT-1_4,-3.3219175,6.5995283
TTTCCTCGTTTGAACC-1_3,-4.181897,7.0677047
TTTCCTCTCATGGATC-1_4,-5.8925653,6.3259783
TTTCCTCTCATTATCC-1_4,0.049927384,10.697505
TTTCCTCTCATTCATC-1_4,1.1484246,5.767741
TTTCCTCTCCGAAATC-1_2,-3.3212676,7.4972982
TTTCGATAGAGTCGAC-1_4,-1.3699588,7.3722444
TTTCGATAGCACTCAT-1_6,-2.99486,6.296701
TTTCGATAGCTCCACG-1_1,-2.3832903,3.5640686
TTTCGATAGGGTTGCA-1_1,-3.6478999,7.167562
TTTCGATCAAGACGGT-1_5,1.7599801,8.475546
TTTCGATCATCAGCGC-1_4,-4.9368434,8.360484
TTTCGATGTCGCTTGG-1_4,-1.756108,5.400583
TTTCGATGTCGTCGGT-1_5,-3.0220864,11.345728
TTTCGATTCGCTTGAA-1_1,-4.0682664,10.063027
TTTCGATTCGGATAAA-1_4,-0.81148267,6.0418234
TTTGACTCAACCTAAC-1_5,1.9317424,11.113379
TTTGACTCAAGGAGTC-1_3,1.1486712,10.013362
TTTGACTCACACAGCC-1_5,-0.0041616797,4.5302186
TTTGACTCATGCGGTC-1_6,-2.024668,6.5222554
TTTGACTGTCGCACAC-1_2,-2.2357903,4.0983367
TTTGACTGTCGCATGC-1_3,-1.5134188,7.6084814
TTTGACTGTCTTCTAT-1_5,-2.5401092,9.478032
TTTGACTTCAAGGTGG-1_4,0.77044594,7.3739867
TTTGACTTCGGATAAA-1_3,-2.106254,10.831878
TTTGATCAGCGCTGCT-1_5,-4.2322645,10.23548
TTTGATCAGTATAGGT-1_4,-1.500654,9.422267
TTTGATCAGTATCCTG-1_5,0.81048506,9.736137
TTTGATCAGTCACACT-1_4,-2.6996312,9.465459
TTTGATCAGTCTTGGT-1_2,-3.6905606,9.538608
TTTGATCCACTAGGTT-1_3,-1.933779,4.2715926
TTTGATCGTCGAACGA-1_4,-3.0723944,7.8232775
TTTGATCGTCGTTATG-1_4,-2.6922002,3.5215878
TTTGATCTCTTGTTAC-1_5,-2.4437947,6.140367
TTTGGAGAGCGGGTAT-1_3,-3.273246,3.4673393
TTTGGAGAGGGCTAAC-1_6,-2.0874598,9.818698
TTTGGAGCAAGTGGCA-1_2,-0.5370936,9.139472
TTTGGAGCACTATCGA-1_4,-5.6456547,9.0679865
TTTGGAGCATTAAGCC-1_1,-0.8146659,5.4949183
TTTGGAGGTCAGCTTA-1_5,-1.9285434,9.527323
TTTGGAGGTCGAACGA-1_4,-2.1261303,3.3001513
TTTGGAGTCAGCTCTC-1_3,2.2544785,6.019345
TTTGGAGTCCCGAGAC-1_5,-0.11607859,5.5860343
TTTGGAGTCTTACCAT-1_3,-5.1294575,5.804473
TTTGGTTGTACGTGAG-1_1,-1.3429779,5.634138
TTTGGTTGTAGGACCA-1_4,0.16682822,7.9599705
TTTGGTTGTATACAGA-1_2,-1.5600017,9.6641
TTTGGTTGTCCCAAAT-1_3,-0.97120047,6.9112062
TTTGGTTTCACTTCTA-1_4,0.47749647,11.522657
TTTGGTTTCATGACAC-1_2,2.5151734,6.208721
TTTGGTTTCATTACGG-1_1,-0.343066,6.5275965
TTTGGTTTCGAGGCAA-1_5,-2.6179447,5.027107
TTTGTTGAGGACAACC-1_4,0.23354182,5.9680314
TTTGTTGAGGCGACAT-1_1,3.3865988,4.04288
TTTGTTGAGGTTACAA-1_1,-1.1910192,11.179348
TTTGTTGAGTGGAAGA-1_1,-3.4711404,10.862999
TTTGTTGCACACACTA-1_5,-1.5579195,6.138629
TTTGTTGCAGGCACTC-1_5,2.049921,3.8784065
TTTGTTGCATATCTGG-1_2,-2.7241175,4.001172
TTTGTTGCATCAGTCA-1_4,-5.1838403,9.56029
TTTGTTGCATGACAGG-1_6,0.042833976,12.518177
TTTGTTGGTCACAATC-1_4,-3.0891738,3.5295298
TTTGTTGGTCGAGTGA-1_1,-1.9751859,3.7441866
TTTGTTGGTCGGCCTA-1_1,0.5013873,6.931306
TTTGTTGGTTTCGATG-1_4,-3.7157056,7.5245514
TTTGTTGTCCATAGAC-1_1,-3.597715,8.369689
TTTGTTGTCGGTCTGG-1_5,-2.375469,2.8513353
TTTGTTGTCTTGCGCT-1_2,-1.2021173,4.7365932
